sweep,run_id,variant,variant_index,is_baseline,season,prior_season,start_gw,weeks,bank_up_to,infeasible,policy_points,hold_points,moves,hits,policy_per_gw,hold_per_gw,frozen_points,frozen_per_gw,frozen_captain_points,frozen_captain_per_gw,weekly_points,weekly_per_gw,hold_fixedcap_points,hold_fixedcap_per_gw,hold_nocap_points,hold_nocap_per_gw,decision_weeks,consulted_weeks,weighed_weeks,banked_weeks,free_at_decision,band_ready_weeks,band_moves,band_run_moves,band_worse_moves,band_exposure,ftv_weeks,ftv_priced_weeks,ftv_gate_calls,ftv_flips,ftv_mean_charge,ftv_mean_load,wc_trig_offered,wc_trig_weeks,wc_trig_weighed,wc_trig_gw,wc_trig_value,wc_trig_bar,bb_trig_offered,bb_trig_weeks,bb_trig_weighed,bb_trig_gw,bb_trig_value,bb_trig_bar,fh_trig_offered,fh_trig_weeks,fh_trig_weighed,fh_trig_gw,fh_trig_value,fh_trig_bar,prep_weeks,prep_credit_weeks,prep_bench_sum,prep_captain_sum,dose_act_doubles,dose_act_blanks,dose_late_doubles,dose_late_blanks,floor_flips_le28,floor_flips_gt28,bench_boost_gw,bench_boost_pts,triple_captain_gw,triple_captain_pts,bench_boost_oracle_gw,bench_boost_oracle_pts,bench_boost_median_pts,bench_boost_threshold_pts,bench_boost_bar_pts,triple_captain_oracle_gw,triple_captain_oracle_pts,triple_captain_median_pts,triple_captain_threshold_pts,triple_captain_bar_pts,hold_xpoints,hold_xpoints_per_gw,policy_xpoints,policy_xpoints_per_gw,setting,min_expected_minutes,squad_hash,oracle,oracle_kind
TestDiagAnchoredChipDecomposition#1,1787687750-1468413,"wildcard, fixed offset (control)",0,true,2020-21,2019-20,1,38,5,false,2107,1628,46,2,55.44736842105263,42.8421052631579,,,,,,,1628,42.8421052631579,1388,36.526315789473685,36,0,,,1.4722222222222223,32,33,9,12,-2,0,,,,,,0,0,0,,,,0,0,0,,,,0,0,0,,,,0,,,,43,40,43,40,0,0,0,0,0,0,,,,,,,,,,,1629.8410135822319,42.8905529890061,2159.7278049756414,56.834942236201094,,55,98b82c09e797,-,none
TestDiagAnchoredChipDecomposition#1,1787687750-1468413,"wildcard, fixed offset (control)",0,true,2021-22,2020-21,1,38,5,false,2193,1896,52,7,57.71052631578947,49.89473684210526,,,,,,,1941,51.078947368421055,1646,43.31578947368421,36,0,,,1.3333333333333333,32,39,17,12,0,0,,,,,,0,0,0,,,,0,0,0,,,,0,0,0,,,,0,,,,61,61,61,61,0,0,0,0,0,0,,,,,,,,,,,1900.8006137807054,50.02106878370277,2233.885115052138,58.7864503961089,,55,afeb5fe71ddc,-,none
TestDiagAnchoredChipDecomposition#1,1787687750-1468413,"wildcard, fixed offset (control)",0,true,2022-23,2021-22,1,38,5,false,2112,1842,47,1,55.578947368421055,48.473684210526315,,,,,,,1845,48.55263157894737,1582,41.63157894736842,36,0,,,1.4166666666666667,32,34,15,4,22,0,,,,,,0,0,0,,,,0,0,0,,,,0,0,0,,,,0,,,,42,22,42,22,0,0,0,0,0,0,,,,,,,,,,,1851.9591496843016,48.73576709695531,2119.811529447774,55.784513932836155,,55,fe5b3efc1102,-,none
TestDiagAnchoredChipDecomposition#1,1787687750-1468413,"wildcard, fixed offset (control)",0,true,2023-24,2022-23,1,38,5,false,2236,1806,47,3,58.8421052631579,47.526315789473685,,,,,,,1780,46.8421052631579,1569,41.28947368421053,36,0,,,1.4722222222222223,32,34,12,7,11,0,,,,,,0,0,0,,,,0,0,0,,,,0,0,0,,,,0,,,,23,23,23,21,0,0,0,0,0,0,,,,,,,,,,,1847.281228959663,48.61266391999113,2248.5864014454023,59.173326353826376,,55,7df5f95f1759,-,none
TestDiagAnchoredChipDecomposition#1,1787687750-1468413,"wildcard, fixed offset (control)",0,true,2024-25,2023-24,1,38,5,false,2362,1908,47,2,62.1578947368421,50.21052631578947,,,,,,,1890,49.73684210526316,1708,44.94736842105263,36,0,,,1.4166666666666667,32,35,15,12,11,0,,,,,,0,0,0,,,,0,0,0,,,,0,0,0,,,,0,,,,10,10,10,10,0,0,0,0,0,0,,,,,,,,,,,1984.839567078322,52.23262018627163,2302.7419048790025,60.59847118102638,,55,d0f719155ebc,-,none
TestDiagAnchoredChipDecomposition#1,1787687750-1468413,"wildcard, fixed offset (control)",0,true,2025-26,2024-25,1,38,5,false,2118,1523,42,2,55.73684210526316,40.078947368421055,,,,,,,1529,40.23684210526316,1375,36.18421052631579,36,0,,,3.0277777777777777,32,27,5,9,-10,0,,,,,,0,0,0,,,,0,0,0,,,,0,0,0,,,,0,,,,10,10,10,10,0,0,0,0,0,0,,,,,,,,,,,1583.8646329653097,41.680648235929205,2046.320884304549,53.85054958696182,,55,cdb305de770a,-,none
TestDiagAnchoredChipDecomposition#1,1787687750-1468413,"wildcard, fixed offset (control)",0,true,2020-21,2019-20,6,33,5,false,1813,1613,40,3,54.93939393939394,48.878787878787875,,,,,,,1616,48.96969696969697,1430,43.333333333333336,31,0,,,1.6451612903225807,31,34,8,14,-4,0,,,,,,0,0,0,,,,0,0,0,,,,0,0,0,,,,0,,,,43,40,43,40,0,0,0,0,0,0,,,,,,,,,,,1684.09280283701,51.03311523748515,1897.0609617527202,57.486695810688495,,55,4b8efe4c64ac,-,none
TestDiagAnchoredChipDecomposition#1,1787687750-1468413,"wildcard, fixed offset (control)",0,true,2021-22,2020-21,6,33,5,false,1825,1577,48,8,55.303030303030305,47.78787878787879,,,,,,,1600,48.484848484848484,1355,41.06060606060606,31,0,,,1.2903225806451613,31,39,15,11,7,0,,,,,,0,0,0,,,,0,0,0,,,,0,0,0,,,,0,,,,61,61,61,61,0,0,0,0,0,0,,,,,,,,,,,1697.4573396224507,51.43810120068032,1922.9463030749357,58.27110009317987,,55,f9ab0649ed9b,-,none
TestDiagAnchoredChipDecomposition#1,1787687750-1468413,"wildcard, fixed offset (control)",0,true,2022-23,2021-22,6,33,5,false,1768,1558,42,3,53.57575757575758,47.21212121212121,,,,,,,1506,45.63636363636363,1379,41.78787878787879,31,0,,,1.3225806451612903,31,34,16,8,10,0,,,,,,0,0,0,,,,0,0,0,,,,0,0,0,,,,0,,,,42,22,42,16,0,0,0,0,0,0,,,,,,,,,,,1553.0492825250883,47.06209947045722,1808.3812910208865,54.799433061238986,,55,8eeb264adf2d,-,none
TestDiagAnchoredChipDecomposition#1,1787687750-1468413,"wildcard, fixed offset (control)",0,true,2023-24,2022-23,6,33,5,false,2076,1657,41,0,62.90909090909091,50.21212121212121,,,,,,,1635,49.54545454545455,1417,42.93939393939394,31,0,,,1.8709677419354838,31,32,14,6,20,0,,,,,,0,0,0,,,,0,0,0,,,,0,0,0,,,,0,,,,23,21,21,21,0,0,0,0,0,0,,,,,,,,,,,1654.2916352626007,50.13004955341214,2069.6386932858018,62.71632403896369,,55,e4d98525659c,-,none
TestDiagAnchoredChipDecomposition#1,1787687750-1468413,"wildcard, fixed offset (control)",0,true,2024-25,2023-24,6,33,5,false,1979,1762,41,2,59.96969696969697,53.39393939393939,,,,,,,1659,50.27272727272727,1503,45.54545454545455,31,0,,,1.7741935483870968,31,33,20,7,24,0,,,,,,0,0,0,,,,0,0,0,,,,0,0,0,,,,0,,,,10,10,10,10,0,0,0,0,0,0,,,,,,,,,,,1774.8051976947927,53.781975687720994,1987.6171715484804,60.230823380256986,,55,5f44285da178,-,none
TestDiagAnchoredChipDecomposition#1,1787687750-1468413,"wildcard, fixed offset (control)",0,true,2025-26,2024-25,6,33,5,false,1859,1744,36,1,56.333333333333336,52.84848484848485,,,,,,,1666,50.484848484848484,1521,46.09090909090909,31,0,,,3.3548387096774195,31,29,8,8,-3,0,,,,,,0,0,0,,,,0,0,0,,,,0,0,0,,,,0,,,,10,10,10,10,0,0,0,0,0,0,,,,,,,,,,,1684.66381809842,51.05041873025515,1821.9622288240878,55.21097663103296,,55,0dc2d2b17e58,-,none
TestDiagAnchoredChipDecomposition#1,1787687750-1468413,"wildcard, fixed offset (control)",0,true,2020-21,2019-20,11,28,5,false,1647,1470,35,1,58.82142857142857,52.5,,,,,,,1471,52.535714285714285,1296,46.285714285714285,26,0,,,2.269230769230769,26,27,6,17,-17,0,,,,,,0,0,0,,,,0,0,0,,,,0,0,0,,,,0,,,,43,38,43,38,0,0,0,0,0,0,,,,,,,,,,,1497.7056209445889,53.48948646230674,1656.199527029317,59.14998310818989,,55,0b19fd9cb5d8,-,none
TestDiagAnchoredChipDecomposition#1,1787687750-1468413,"wildcard, fixed offset (control)",0,true,2021-22,2020-21,11,28,5,false,1652,1607,37,5,59,57.392857142857146,,,,,,,1635,58.392857142857146,1447,51.67857142857143,26,0,,,1.0769230769230769,26,32,11,9,0,0,,,,,,0,0,0,,,,0,0,0,,,,0,0,0,,,,0,,,,61,61,61,59,0,0,0,0,0,0,,,,,,,,,,,1600.0342377478514,57.144079919566124,1707.8532771252428,60.9947598973301,,55,b9a408253035,-,none
TestDiagAnchoredChipDecomposition#1,1787687750-1468413,"wildcard, fixed offset (control)",0,true,2022-23,2021-22,11,28,5,false,1617,1522,38,3,57.75,54.357142857142854,,,,,,,1424,50.857142857142854,1338,47.785714285714285,26,0,,,1.3846153846153846,26,29,10,9,2,0,,,,,,0,0,0,,,,0,0,0,,,,0,0,0,,,,0,,,,42,16,42,14,0,0,0,0,0,0,,,,,,,,,,,1479.5001593995037,52.83929140712513,1618.216465929706,57.793445211775214,,55,97ce7fa5cdc4,-,none
TestDiagAnchoredChipDecomposition#1,1787687750-1468413,"wildcard, fixed offset (control)",0,true,2023-24,2022-23,11,28,5,false,1682,1438,38,3,60.07142857142857,51.357142857142854,,,,,,,1415,50.535714285714285,1257,44.892857142857146,26,0,,,1.5,26,30,11,9,7,0,,,,,,0,0,0,,,,0,0,0,,,,0,0,0,,,,0,,,,21,21,21,21,0,0,0,0,0,0,,,,,,,,,,,1421.482920429,50.76724715817857,1721.7883602024046,61.49244143580017,,55,025d70cb5565,-,none
TestDiagAnchoredChipDecomposition#1,1787687750-1468413,"wildcard, fixed offset (control)",0,true,2024-25,2023-24,11,28,5,false,1819,1704,33,1,64.96428571428571,60.857142857142854,,,,,,,1704,60.857142857142854,1435,51.25,26,0,,,1.8461538461538463,26,26,11,9,7,0,,,,,,0,0,0,,,,0,0,0,,,,0,0,0,,,,0,,,,10,10,10,8,0,0,0,0,0,0,,,,,,,,,,,1656.4013083792024,59.15718958497151,1764.9277669109922,63.033134532535435,,55,d7639030dcde,-,none
TestDiagAnchoredChipDecomposition#1,1787687750-1468413,"wildcard, fixed offset (control)",0,true,2025-26,2024-25,11,28,5,false,1522,1497,29,1,54.357142857142854,53.464285714285715,,,,,,,1469,52.464285714285715,1312,46.857142857142854,26,0,,,2.730769230769231,26,22,6,11,-9,0,,,,,,0,0,0,,,,0,0,0,,,,0,0,0,,,,0,,,,10,10,10,10,0,0,0,0,0,0,,,,,,,,,,,1497.3270878420508,53.47596742293039,1529.7691982500412,54.634614223215756,,55,b5c18c2f39b5,-,none
TestDiagAnchoredChipDecomposition#1,1787687750-1468413,"wildcard, fixed offset (control)",0,true,2020-21,2019-20,16,23,5,false,1315,1197,28,1,57.17391304347826,52.04347826086956,,,,,,,1165,50.65217391304348,1052,45.73913043478261,21,0,,,1.5238095238095237,21,22,9,6,6,0,,,,,,0,0,0,,,,0,0,0,,,,0,0,0,,,,0,,,,43,34,32,23,0,0,0,0,0,0,,,,,,,,,,,1237.3135049055645,53.796239343720195,1357.845343738933,59.036754075605785,,55,622ca390c425,-,none
TestDiagAnchoredChipDecomposition#1,1787687750-1468413,"wildcard, fixed offset (control)",0,true,2021-22,2020-21,16,23,5,false,1365,1260,38,8,59.34782608695652,54.78260869565217,,,,,,,1278,55.56521739130435,1153,50.130434782608695,21,0,,,1.1428571428571428,21,30,12,7,11,0,,,,,,0,0,0,,,,0,0,0,,,,0,0,0,,,,0,,,,61,57,61,27,0,0,0,0,0,0,,,,,,,,,,,1299.404660675238,56.495854811966865,1386.748729118683,60.293423005160136,,55,88076620b267,-,none
TestDiagAnchoredChipDecomposition#1,1787687750-1468413,"wildcard, fixed offset (control)",0,true,2022-23,2021-22,16,23,5,false,1422,1105,31,1,61.82608695652174,48.04347826086956,,,,,,,1044,45.391304347826086,937,40.73913043478261,21,0,,,2.1904761904761907,21,23,9,5,6,0,,,,,,0,0,0,,,,0,0,0,,,,0,0,0,,,,0,,,,42,14,36,14,0,0,0,0,0,0,,,,,,,,,,,1119.7112697104055,48.68309868306111,1414.0141543681898,61.47887627687782,,55,f8a4e38b18ca,-,none
TestDiagAnchoredChipDecomposition#1,1787687750-1468413,"wildcard, fixed offset (control)",0,true,2023-24,2022-23,16,23,5,false,1419,1084,31,2,61.69565217391305,47.130434782608695,,,,,,,1084,47.130434782608695,933,40.56521739130435,21,0,,,1.619047619047619,21,24,8,4,10,0,,,,,,0,0,0,,,,0,0,0,,,,0,0,0,,,,0,,,,21,21,21,17,0,0,0,0,0,0,,,,,,,,,,,1099.691923459973,47.81269232434665,1423.33040769985,61.883930769558695,,55,36f167db5055,-,none
TestDiagAnchoredChipDecomposition#1,1787687750-1468413,"wildcard, fixed offset (control)",0,true,2024-25,2023-24,16,23,5,false,1383,1336,26,0,60.130434782608695,58.08695652173913,,,,,,,1336,58.08695652173913,1143,49.69565217391305,21,0,,,2.3333333333333335,21,17,9,5,10,0,,,,,,0,0,0,,,,0,0,0,,,,0,0,0,,,,0,,,,10,8,10,8,0,0,0,0,0,0,,,,,,,,,,,1343.592503938876,58.41706538864678,1414.2643467722662,61.48975420748984,,55,35d18512b286,-,none
TestDiagAnchoredChipDecomposition#1,1787687750-1468413,"wildcard, fixed offset (control)",0,true,2025-26,2024-25,16,23,5,false,1326,1239,30,2,57.65217391304348,53.869565217391305,,,,,,,1240,53.91304347826087,1078,46.869565217391305,21,0,,,1.6666666666666667,21,23,6,7,-5,0,,,,,,0,0,0,,,,0,0,0,,,,0,0,0,,,,0,,,,10,10,10,10,0,0,0,0,0,0,,,,,,,,,,,1200.4366802788975,52.19289914256076,1267.6261232331324,55.11417927100575,,55,79c6b1beebb5,-,none
TestDiagAnchoredChipDecomposition#1,1787687750-1468413,"wildcard, fixed offset (control)",0,true,2020-21,2019-20,21,18,5,false,1037,942,25,2,57.611111111111114,52.333333333333336,,,,,,,963,53.5,845,46.94444444444444,16,0,,,1.375,16,18,5,8,-8,0,,,,,,0,0,0,,,,0,0,0,,,,0,0,0,,,,0,,,,32,23,26,23,0,0,0,0,0,0,,,,,,,,,,,965.0577004029183,53.614316689051016,1068.0801197555516,59.33778443086398,,55,3828563d2a28,-,none
TestDiagAnchoredChipDecomposition#1,1787687750-1468413,"wildcard, fixed offset (control)",0,true,2021-22,2020-21,21,18,5,false,1036,953,28,2,57.55555555555556,52.94444444444444,,,,,,,971,53.94444444444444,864,48,16,0,,,1.1875,16,20,7,5,1,0,,,,,,0,0,0,,,,0,0,0,,,,0,0,0,,,,0,,,,59,25,51,19,0,0,0,0,0,0,,,,,,,,,,,1010.4492908798748,56.136071715548596,1094.0700730557737,60.781670725320765,,55,a131d6c7c832,-,none
TestDiagAnchoredChipDecomposition#1,1787687750-1468413,"wildcard, fixed offset (control)",0,true,2022-23,2021-22,21,18,5,false,1243,1122,24,0,69.05555555555556,62.333333333333336,,,,,,,1112,61.77777777777778,973,54.05555555555556,16,0,,,2.3125,16,17,9,1,9,0,,,,,,0,0,0,,,,0,0,0,,,,0,0,0,,,,0,,,,36,14,28,10,0,0,0,0,0,0,,,,,,,,,,,1102.1881119797733,61.23267288776518,1223.7408371199206,67.98560206221781,,55,89fb3cc109c9,-,none
TestDiagAnchoredChipDecomposition#1,1787687750-1468413,"wildcard, fixed offset (control)",0,true,2023-24,2022-23,21,18,5,false,1176,914,26,2,65.33333333333333,50.77777777777778,,,,,,,904,50.22222222222222,795,44.166666666666664,16,0,,,1.75,16,19,8,5,7,0,,,,,,0,0,0,,,,0,0,0,,,,0,0,0,,,,0,,,,21,17,17,17,0,0,0,0,0,0,,,,,,,,,,,992.2159009248605,55.1231056069367,1142.5842837085636,63.47690465047575,,55,5c9bee1e51ad,-,none
TestDiagAnchoredChipDecomposition#1,1787687750-1468413,"wildcard, fixed offset (control)",0,true,2024-25,2023-24,21,18,5,false,1049,1047,23,0,58.27777777777778,58.166666666666664,,,,,,,1047,58.166666666666664,912,50.666666666666664,16,0,,,2.125,16,15,7,4,3,0,,,,,,0,0,0,,,,0,0,0,,,,0,0,0,,,,0,,,,10,8,6,8,0,0,0,0,0,0,,,,,,,,,,,1083.1214825517532,60.17341569731962,1080.3252459197613,60.01806921776452,,55,0f4f24f82c7f,-,none
TestDiagAnchoredChipDecomposition#1,1787687750-1468413,"wildcard, fixed offset (control)",0,true,2025-26,2024-25,21,18,5,false,1055,960,20,0,58.611111111111114,53.333333333333336,,,,,,,937,52.05555555555556,851,47.27777777777778,16,0,,,2.875,16,14,3,7,-5,0,,,,,,0,0,0,,,,0,0,0,,,,0,0,0,,,,0,,,,10,10,10,10,0,0,0,0,0,0,,,,,,,,,,,945.3521895380395,52.51956608544664,1019.2819950953277,56.62677750529598,,55,5f242414233f,-,none
TestDiagAnchoredChipDecomposition#1,1787687750-1468413,"wildcard, fixed offset (control)",0,true,2020-21,2019-20,26,13,5,false,654,652,17,1,50.30769230769231,50.15384615384615,,,,,,,660,50.76923076923077,593,45.61538461538461,11,0,,,2,11,9,1,7,-9,0,,,,,,0,0,0,,,,0,0,0,,,,0,0,0,,,,0,,,,12,23,10,11,0,0,0,0,0,0,,,,,,,,,,,692.6716675241399,53.28243596339538,715.9212818909872,55.07086783776825,,55,9e10f072ee0b,-,none
TestDiagAnchoredChipDecomposition#1,1787687750-1468413,"wildcard, fixed offset (control)",0,true,2021-22,2020-21,26,13,5,false,723,636,21,1,55.61538461538461,48.92307692307692,,,,,,,634,48.76923076923077,578,44.46153846153846,11,0,,,1.3636363636363635,11,13,5,0,8,0,,,,,,0,0,0,,,,0,0,0,,,,0,0,0,,,,0,,,,43,19,28,4,0,0,0,0,0,0,,,,,,,,,,,683.4259804919013,52.571229268607794,818.5225057466303,62.96326967281771,,55,1283622164da,-,none
TestDiagAnchoredChipDecomposition#1,1787687750-1468413,"wildcard, fixed offset (control)",0,true,2022-23,2021-22,26,13,5,false,881,812,18,0,67.76923076923077,62.46153846153846,,,,,,,808,62.15384615384615,696,53.53846153846154,11,0,,,1.6363636363636365,11,12,4,3,-3,0,,,,,,0,0,0,,,,0,0,0,,,,0,0,0,,,,0,,,,28,10,12,4,0,0,0,0,0,0,,,,,,,,,,,799.3800118635701,61.49077014335155,866.5585286518753,66.65834835783656,,55,485d7e3d0d70,-,none
TestDiagAnchoredChipDecomposition#1,1787687750-1468413,"wildcard, fixed offset (control)",0,true,2023-24,2022-23,26,13,5,false,788,620,22,1,60.61538461538461,47.69230769230769,,,,,,,622,47.84615384615385,551,42.38461538461539,11,0,,,1.4545454545454546,11,13,3,2,-1,0,,,,,,0,0,0,,,,0,0,0,,,,0,0,0,,,,0,,,,17,13,15,1,0,0,0,0,0,0,,,,,,,,,,,642.2998216821011,49.40767859093085,755.9809622943426,58.15238171494943,,55,72c93b86408c,-,none
TestDiagAnchoredChipDecomposition#1,1787687750-1468413,"wildcard, fixed offset (control)",0,true,2024-25,2023-24,26,13,5,false,752,707,16,1,57.84615384615385,54.38461538461539,,,,,,,707,54.38461538461539,634,48.76923076923077,11,0,,,2.272727272727273,11,9,5,3,4,0,,,,,,0,0,0,,,,0,0,0,,,,0,0,0,,,,0,,,,6,8,6,4,0,0,0,0,0,0,,,,,,,,,,,740.0878334123199,56.92983333940923,770.4592687801214,59.26609759847088,,55,ecd4bb429175,-,none
TestDiagAnchoredChipDecomposition#1,1787687750-1468413,"wildcard, fixed offset (control)",0,true,2025-26,2024-25,26,13,5,false,742,722,17,0,57.07692307692308,55.53846153846154,,,,,,,723,55.61538461538461,621,47.76923076923077,11,0,,,2.090909090909091,11,8,1,5,-6,0,,,,,,0,0,0,,,,0,0,0,,,,0,0,0,,,,0,,,,8,10,8,10,0,0,0,0,0,0,,,,,,,,,,,694.5126727817831,53.42405175244485,692.8308927781491,53.29468405985762,,55,e11437c54d5d,-,none
TestDiagAnchoredChipDecomposition#1,1787687750-1468413,"wildcard, anchored (4gw sight)",1,false,2020-21,2019-20,1,38,5,false,2202,1628,52,8,57.94736842105263,42.8421052631579,,,,,,,1628,42.8421052631579,1388,36.526315789473685,36,0,,,1.3611111111111112,32,39,9,14,-8,0,,,,,,0,0,0,,,,0,0,0,,,,0,0,0,,,,0,,,,43,40,43,40,0,0,0,0,0,0,,,,,,,,,,,1629.8410135822319,42.8905529890061,2186.952977571371,57.551394146615024,,55,98b82c09e797,-,none
TestDiagAnchoredChipDecomposition#1,1787687750-1468413,"wildcard, anchored (4gw sight)",1,false,2021-22,2020-21,1,38,5,false,2157,1896,49,4,56.76315789473684,49.89473684210526,,,,,,,1941,51.078947368421055,1646,43.31578947368421,36,0,,,1.1666666666666667,32,36,17,13,7,0,,,,,,0,0,0,,,,0,0,0,,,,0,0,0,,,,0,,,,61,61,61,61,0,0,0,0,0,0,,,,,,,,,,,1900.8006137807054,50.02106878370277,2205.0722934725372,58.028218249277295,,55,afeb5fe71ddc,-,none
TestDiagAnchoredChipDecomposition#1,1787687750-1468413,"wildcard, anchored (4gw sight)",1,false,2022-23,2021-22,1,38,5,false,2108,1842,44,1,55.473684210526315,48.473684210526315,,,,,,,1845,48.55263157894737,1582,41.63157894736842,36,0,,,1.8888888888888888,32,33,12,8,5,0,,,,,,0,0,0,,,,0,0,0,,,,0,0,0,,,,0,,,,42,22,42,22,0,0,0,0,0,0,,,,,,,,,,,1851.9591496843016,48.73576709695531,2096.502367011343,55.171114921351126,,55,fe5b3efc1102,-,none
TestDiagAnchoredChipDecomposition#1,1787687750-1468413,"wildcard, anchored (4gw sight)",1,false,2023-24,2022-23,1,38,5,false,2325,1806,49,5,61.18421052631579,47.526315789473685,,,,,,,1780,46.8421052631579,1569,41.28947368421053,36,0,,,1.2777777777777777,32,36,12,8,13,0,,,,,,0,0,0,,,,0,0,0,,,,0,0,0,,,,0,,,,23,23,23,21,0,0,0,0,0,0,,,,,,,,,,,1847.281228959663,48.61266391999113,2324.648227337761,61.17495335099371,,55,7df5f95f1759,-,none
TestDiagAnchoredChipDecomposition#1,1787687750-1468413,"wildcard, anchored (4gw sight)",1,false,2024-25,2023-24,1,38,5,false,2298,1908,46,4,60.473684210526315,50.21052631578947,,,,,,,1890,49.73684210526316,1708,44.94736842105263,36,0,,,1.8333333333333333,32,35,14,10,5,0,,,,,,0,0,0,,,,0,0,0,,,,0,0,0,,,,0,,,,10,10,10,10,0,0,0,0,0,0,,,,,,,,,,,1984.839567078322,52.23262018627163,2233.974909652206,58.78881341190016,,55,d0f719155ebc,-,none
TestDiagAnchoredChipDecomposition#1,1787687750-1468413,"wildcard, anchored (4gw sight)",1,false,2025-26,2024-25,1,38,5,false,2124,1523,46,3,55.89473684210526,40.078947368421055,,,,,,,1529,40.23684210526316,1375,36.18421052631579,36,0,,,1.3333333333333333,32,33,9,11,-1,0,,,,,,0,0,0,,,,0,0,0,,,,0,0,0,,,,0,,,,10,10,10,10,0,0,0,0,0,0,,,,,,,,,,,1583.8646329653097,41.680648235929205,2028.1591927029117,53.37261033428715,,55,cdb305de770a,-,none
TestDiagAnchoredChipDecomposition#1,1787687750-1468413,"wildcard, anchored (4gw sight)",1,false,2020-21,2019-20,6,33,5,false,1844,1613,38,2,55.878787878787875,48.878787878787875,,,,,,,1616,48.96969696969697,1430,43.333333333333336,31,0,,,1.6451612903225807,31,32,9,11,-4,0,,,,,,0,0,0,,,,0,0,0,,,,0,0,0,,,,0,,,,43,40,43,40,0,0,0,0,0,0,,,,,,,,,,,1684.09280283701,51.03311523748515,1924.4190557920037,58.31572896339405,,55,4b8efe4c64ac,-,none
TestDiagAnchoredChipDecomposition#1,1787687750-1468413,"wildcard, anchored (4gw sight)",1,false,2021-22,2020-21,6,33,5,false,1806,1577,49,9,54.72727272727273,47.78787878787879,,,,,,,1600,48.484848484848484,1355,41.06060606060606,31,0,,,1.2903225806451613,31,41,13,14,-3,0,,,,,,0,0,0,,,,0,0,0,,,,0,0,0,,,,0,,,,61,61,61,61,0,0,0,0,0,0,,,,,,,,,,,1697.4573396224507,51.43810120068032,1900.3388970484375,57.586027183285985,,55,f9ab0649ed9b,-,none
TestDiagAnchoredChipDecomposition#1,1787687750-1468413,"wildcard, anchored (4gw sight)",1,false,2022-23,2021-22,6,33,5,false,1873,1558,39,0,56.75757575757576,47.21212121212121,,,,,,,1506,45.63636363636363,1379,41.78787878787879,31,0,,,1.6774193548387097,31,32,16,9,11,0,,,,,,0,0,0,,,,0,0,0,,,,0,0,0,,,,0,,,,42,22,42,16,0,0,0,0,0,0,,,,,,,,,,,1553.0492825250883,47.06209947045722,1849.7185361197364,56.052076852113224,,55,8eeb264adf2d,-,none
TestDiagAnchoredChipDecomposition#1,1787687750-1468413,"wildcard, anchored (4gw sight)",1,false,2023-24,2022-23,6,33,5,false,2074,1657,40,0,62.84848484848485,50.21212121212121,,,,,,,1635,49.54545454545455,1417,42.93939393939394,31,0,,,2.064516129032258,31,31,15,6,23,0,,,,,,0,0,0,,,,0,0,0,,,,0,0,0,,,,0,,,,23,21,21,21,0,0,0,0,0,0,,,,,,,,,,,1654.2916352626007,50.13004955341214,2086.9035251479772,63.23950076205992,,55,e4d98525659c,-,none
TestDiagAnchoredChipDecomposition#1,1787687750-1468413,"wildcard, anchored (4gw sight)",1,false,2024-25,2023-24,6,33,5,false,1991,1762,36,1,60.333333333333336,53.39393939393939,,,,,,,1659,50.27272727272727,1503,45.54545454545455,31,0,,,2.806451612903226,31,29,15,6,13,0,,,,,,0,0,0,,,,0,0,0,,,,0,0,0,,,,0,,,,10,10,10,10,0,0,0,0,0,0,,,,,,,,,,,1774.8051976947927,53.781975687720994,2027.670939351639,61.44457391974663,,55,5f44285da178,-,none
TestDiagAnchoredChipDecomposition#1,1787687750-1468413,"wildcard, anchored (4gw sight)",1,false,2025-26,2024-25,6,33,5,false,1858,1744,41,1,56.303030303030305,52.84848484848485,,,,,,,1666,50.484848484848484,1521,46.09090909090909,31,0,,,2.064516129032258,31,31,7,12,-13,0,,,,,,0,0,0,,,,0,0,0,,,,0,0,0,,,,0,,,,10,10,10,10,0,0,0,0,0,0,,,,,,,,,,,1684.66381809842,51.05041873025515,1812.600853237282,54.92729858294794,,55,0dc2d2b17e58,-,none
TestDiagAnchoredChipDecomposition#1,1787687750-1468413,"wildcard, anchored (4gw sight)",1,false,2020-21,2019-20,11,28,5,false,1647,1470,35,1,58.82142857142857,52.5,,,,,,,1471,52.535714285714285,1296,46.285714285714285,26,0,,,2.269230769230769,26,27,6,17,-17,0,,,,,,0,0,0,,,,0,0,0,,,,0,0,0,,,,0,,,,43,38,43,38,0,0,0,0,0,0,,,,,,,,,,,1497.7056209445889,53.48948646230674,1656.199527029317,59.14998310818989,,55,0b19fd9cb5d8,-,none
TestDiagAnchoredChipDecomposition#1,1787687750-1468413,"wildcard, anchored (4gw sight)",1,false,2021-22,2020-21,11,28,5,false,1573,1607,42,7,56.17857142857143,57.392857142857146,,,,,,,1635,58.392857142857146,1447,51.67857142857143,26,0,,,1.1153846153846154,26,34,13,8,8,0,,,,,,0,0,0,,,,0,0,0,,,,0,0,0,,,,0,,,,61,61,61,59,0,0,0,0,0,0,,,,,,,,,,,1600.0342377478514,57.144079919566124,1635.037105063544,58.394182323698,,55,b9a408253035,-,none
TestDiagAnchoredChipDecomposition#1,1787687750-1468413,"wildcard, anchored (4gw sight)",1,false,2022-23,2021-22,11,28,5,false,1665,1522,37,2,59.464285714285715,54.357142857142854,,,,,,,1424,50.857142857142854,1338,47.785714285714285,26,0,,,1.5384615384615385,26,29,16,5,16,0,,,,,,0,0,0,,,,0,0,0,,,,0,0,0,,,,0,,,,42,16,42,14,0,0,0,0,0,0,,,,,,,,,,,1479.5001593995037,52.83929140712513,1650.10968655655,58.93248880559107,,55,97ce7fa5cdc4,-,none
TestDiagAnchoredChipDecomposition#1,1787687750-1468413,"wildcard, anchored (4gw sight)",1,false,2023-24,2022-23,11,28,5,false,1697,1438,31,1,60.607142857142854,51.357142857142854,,,,,,,1415,50.535714285714285,1257,44.892857142857146,26,0,,,1.5769230769230769,26,27,8,7,8,0,,,,,,0,0,0,,,,0,0,0,,,,0,0,0,,,,0,,,,21,21,21,21,0,0,0,0,0,0,,,,,,,,,,,1421.482920429,50.76724715817857,1745.5834915657765,62.34226755592059,,55,025d70cb5565,-,none
TestDiagAnchoredChipDecomposition#1,1787687750-1468413,"wildcard, anchored (4gw sight)",1,false,2024-25,2023-24,11,28,5,false,1811,1704,31,1,64.67857142857143,60.857142857142854,,,,,,,1704,60.857142857142854,1435,51.25,26,0,,,1.7692307692307692,26,25,8,11,-1,0,,,,,,0,0,0,,,,0,0,0,,,,0,0,0,,,,0,,,,10,10,10,8,0,0,0,0,0,0,,,,,,,,,,,1656.4013083792024,59.15718958497151,1746.2041058198351,62.3644323507084,,55,d7639030dcde,-,none
TestDiagAnchoredChipDecomposition#1,1787687750-1468413,"wildcard, anchored (4gw sight)",1,false,2025-26,2024-25,11,28,5,false,1519,1497,35,0,54.25,53.464285714285715,,,,,,,1469,52.464285714285715,1312,46.857142857142854,26,0,,,2.230769230769231,26,25,7,10,-8,0,,,,,,0,0,0,,,,0,0,0,,,,0,0,0,,,,0,,,,10,10,10,10,0,0,0,0,0,0,,,,,,,,,,,1497.3270878420508,53.47596742293039,1527.9515455587102,54.56969805566822,,55,b5c18c2f39b5,-,none
TestDiagAnchoredChipDecomposition#1,1787687750-1468413,"wildcard, anchored (4gw sight)",1,false,2020-21,2019-20,16,23,5,false,1332,1197,26,1,57.91304347826087,52.04347826086956,,,,,,,1165,50.65217391304348,1052,45.73913043478261,21,0,,,1.4761904761904763,21,22,7,7,-1,0,,,,,,0,0,0,,,,0,0,0,,,,0,0,0,,,,0,,,,43,34,32,23,0,0,0,0,0,0,,,,,,,,,,,1237.3135049055645,53.796239343720195,1364.0196518610949,59.30520225483021,,55,622ca390c425,-,none
TestDiagAnchoredChipDecomposition#1,1787687750-1468413,"wildcard, anchored (4gw sight)",1,false,2021-22,2020-21,16,23,5,false,1249,1260,36,6,54.30434782608695,54.78260869565217,,,,,,,1278,55.56521739130435,1153,50.130434782608695,21,0,,,1.1428571428571428,21,28,9,8,-1,0,,,,,,0,0,0,,,,0,0,0,,,,0,0,0,,,,0,,,,61,57,61,27,0,0,0,0,0,0,,,,,,,,,,,1299.404660675238,56.495854811966865,1323.0150899188545,57.52239521386324,,55,88076620b267,-,none
TestDiagAnchoredChipDecomposition#1,1787687750-1468413,"wildcard, anchored (4gw sight)",1,false,2022-23,2021-22,16,23,5,false,1404,1105,31,1,61.04347826086956,48.04347826086956,,,,,,,1044,45.391304347826086,937,40.73913043478261,21,0,,,2.0476190476190474,21,23,10,5,9,0,,,,,,0,0,0,,,,0,0,0,,,,0,0,0,,,,0,,,,42,14,36,14,0,0,0,0,0,0,,,,,,,,,,,1119.7112697104055,48.68309868306111,1409.3612683984043,61.27657688688714,,55,f8a4e38b18ca,-,none
TestDiagAnchoredChipDecomposition#1,1787687750-1468413,"wildcard, anchored (4gw sight)",1,false,2023-24,2022-23,16,23,5,false,1432,1084,32,3,62.26086956521739,47.130434782608695,,,,,,,1084,47.130434782608695,933,40.56521739130435,21,0,,,1.5714285714285714,21,25,11,3,16,0,,,,,,0,0,0,,,,0,0,0,,,,0,0,0,,,,0,,,,21,21,21,17,0,0,0,0,0,0,,,,,,,,,,,1099.691923459973,47.81269232434665,1448.7088756933042,62.98734242144801,,55,36f167db5055,-,none
TestDiagAnchoredChipDecomposition#1,1787687750-1468413,"wildcard, anchored (4gw sight)",1,false,2024-25,2023-24,16,23,5,false,1416,1336,28,2,61.56521739130435,58.08695652173913,,,,,,,1336,58.08695652173913,1143,49.69565217391305,21,0,,,2.1904761904761907,21,21,9,7,7,0,,,,,,0,0,0,,,,0,0,0,,,,0,0,0,,,,0,,,,10,8,10,8,0,0,0,0,0,0,,,,,,,,,,,1343.592503938876,58.41706538864678,1411.268982686262,61.359520986359215,,55,35d18512b286,-,none
TestDiagAnchoredChipDecomposition#1,1787687750-1468413,"wildcard, anchored (4gw sight)",1,false,2025-26,2024-25,16,23,5,false,1344,1239,33,1,58.43478260869565,53.869565217391305,,,,,,,1240,53.91304347826087,1078,46.869565217391305,21,0,,,1.6666666666666667,21,21,4,8,-9,0,,,,,,0,0,0,,,,0,0,0,,,,0,0,0,,,,0,,,,10,10,10,10,0,0,0,0,0,0,,,,,,,,,,,1200.4366802788975,52.19289914256076,1238.985589023796,53.86893865320852,,55,79c6b1beebb5,-,none
TestDiagAnchoredChipDecomposition#1,1787687750-1468413,"wildcard, anchored (4gw sight)",1,false,2020-21,2019-20,21,18,5,false,1076,942,23,2,59.77777777777778,52.333333333333336,,,,,,,963,53.5,845,46.94444444444444,16,0,,,1.3125,16,18,7,8,-2,0,,,,,,0,0,0,,,,0,0,0,,,,0,0,0,,,,0,,,,32,23,26,23,0,0,0,0,0,0,,,,,,,,,,,965.0577004029183,53.614316689051016,1108.079937974605,61.55999655414472,,55,3828563d2a28,-,none
TestDiagAnchoredChipDecomposition#1,1787687750-1468413,"wildcard, anchored (4gw sight)",1,false,2021-22,2020-21,21,18,5,false,1050,953,25,1,58.333333333333336,52.94444444444444,,,,,,,971,53.94444444444444,864,48,16,0,,,1.25,16,18,10,3,10,0,,,,,,0,0,0,,,,0,0,0,,,,0,0,0,,,,0,,,,59,25,51,19,0,0,0,0,0,0,,,,,,,,,,,1010.4492908798748,56.136071715548596,1112.1776821599904,61.78764900888835,,55,a131d6c7c832,-,none
TestDiagAnchoredChipDecomposition#1,1787687750-1468413,"wildcard, anchored (4gw sight)",1,false,2022-23,2021-22,21,18,5,false,1243,1122,24,0,69.05555555555556,62.333333333333336,,,,,,,1112,61.77777777777778,973,54.05555555555556,16,0,,,2.3125,16,17,9,1,9,0,,,,,,0,0,0,,,,0,0,0,,,,0,0,0,,,,0,,,,36,14,28,10,0,0,0,0,0,0,,,,,,,,,,,1102.1881119797733,61.23267288776518,1223.7408371199206,67.98560206221781,,55,89fb3cc109c9,-,none
TestDiagAnchoredChipDecomposition#1,1787687750-1468413,"wildcard, anchored (4gw sight)",1,false,2023-24,2022-23,21,18,5,false,1232,914,24,0,68.44444444444444,50.77777777777778,,,,,,,904,50.22222222222222,795,44.166666666666664,16,0,,,2.125,16,17,8,1,13,0,,,,,,0,0,0,,,,0,0,0,,,,0,0,0,,,,0,,,,21,17,17,17,0,0,0,0,0,0,,,,,,,,,,,992.2159009248605,55.1231056069367,1186.8722090659764,65.9373449481098,,55,5c9bee1e51ad,-,none
TestDiagAnchoredChipDecomposition#1,1787687750-1468413,"wildcard, anchored (4gw sight)",1,false,2024-25,2023-24,21,18,5,false,1059,1047,22,0,58.833333333333336,58.166666666666664,,,,,,,1047,58.166666666666664,912,50.666666666666664,16,0,,,2.3125,16,15,7,1,7,0,,,,,,0,0,0,,,,0,0,0,,,,0,0,0,,,,0,,,,10,8,6,8,0,0,0,0,0,0,,,,,,,,,,,1083.1214825517532,60.17341569731962,1056.9021709104277,58.71678727280154,,55,0f4f24f82c7f,-,none
TestDiagAnchoredChipDecomposition#1,1787687750-1468413,"wildcard, anchored (4gw sight)",1,false,2025-26,2024-25,21,18,5,false,1030,960,25,0,57.22222222222222,53.333333333333336,,,,,,,937,52.05555555555556,851,47.27777777777778,16,0,,,2.6875,16,15,2,10,-17,0,,,,,,0,0,0,,,,0,0,0,,,,0,0,0,,,,0,,,,10,10,10,10,0,0,0,0,0,0,,,,,,,,,,,945.3521895380395,52.51956608544664,993.8551424103639,55.21417457835355,,55,5f242414233f,-,none
TestDiagAnchoredChipDecomposition#1,1787687750-1468413,"wildcard, anchored (4gw sight)",1,false,2020-21,2019-20,26,13,5,false,673,652,20,1,51.76923076923077,50.15384615384615,,,,,,,660,50.76923076923077,593,45.61538461538461,11,0,,,1.2727272727272727,11,12,2,7,-7,0,,,,,,0,0,0,,,,0,0,0,,,,0,0,0,,,,0,,,,12,23,10,11,0,0,0,0,0,0,,,,,,,,,,,692.6716675241399,53.28243596339538,734.5257625413825,56.5019817339525,,55,9e10f072ee0b,-,none
TestDiagAnchoredChipDecomposition#1,1787687750-1468413,"wildcard, anchored (4gw sight)",1,false,2021-22,2020-21,26,13,5,false,751,636,21,2,57.76923076923077,48.92307692307692,,,,,,,634,48.76923076923077,578,44.46153846153846,11,0,,,1.6363636363636365,11,14,6,2,7,0,,,,,,0,0,0,,,,0,0,0,,,,0,0,0,,,,0,,,,43,19,28,4,0,0,0,0,0,0,,,,,,,,,,,683.4259804919013,52.571229268607794,825.1961327235251,63.476625594117316,,55,1283622164da,-,none
TestDiagAnchoredChipDecomposition#1,1787687750-1468413,"wildcard, anchored (4gw sight)",1,false,2022-23,2021-22,26,13,5,false,860,812,13,0,66.15384615384616,62.46153846153846,,,,,,,808,62.15384615384615,696,53.53846153846154,11,0,,,3.1818181818181817,11,11,4,2,2,0,,,,,,0,0,0,,,,0,0,0,,,,0,0,0,,,,0,,,,28,10,12,4,0,0,0,0,0,0,,,,,,,,,,,799.3800118635701,61.49077014335155,861.9448571851597,66.30345055270459,,55,485d7e3d0d70,-,none
TestDiagAnchoredChipDecomposition#1,1787687750-1468413,"wildcard, anchored (4gw sight)",1,false,2023-24,2022-23,26,13,5,false,788,620,22,1,60.61538461538461,47.69230769230769,,,,,,,622,47.84615384615385,551,42.38461538461539,11,0,,,1.4545454545454546,11,13,3,2,-1,0,,,,,,0,0,0,,,,0,0,0,,,,0,0,0,,,,0,,,,17,13,15,1,0,0,0,0,0,0,,,,,,,,,,,642.2998216821011,49.40767859093085,755.9809622943426,58.15238171494943,,55,72c93b86408c,-,none
TestDiagAnchoredChipDecomposition#1,1787687750-1468413,"wildcard, anchored (4gw sight)",1,false,2024-25,2023-24,26,13,5,false,718,707,15,1,55.23076923076923,54.38461538461539,,,,,,,707,54.38461538461539,634,48.76923076923077,11,0,,,2,11,10,6,3,3,0,,,,,,0,0,0,,,,0,0,0,,,,0,0,0,,,,0,,,,6,8,6,4,0,0,0,0,0,0,,,,,,,,,,,740.0878334123199,56.92983333940923,756.3860219556744,58.18354015043649,,55,ecd4bb429175,-,none
TestDiagAnchoredChipDecomposition#1,1787687750-1468413,"wildcard, anchored (4gw sight)",1,false,2025-26,2024-25,26,13,5,false,755,722,20,0,58.07692307692308,55.53846153846154,,,,,,,723,55.61538461538461,621,47.76923076923077,11,0,,,1.4545454545454546,11,11,1,8,-11,0,,,,,,0,0,0,,,,0,0,0,,,,0,0,0,,,,0,,,,8,10,8,10,0,0,0,0,0,0,,,,,,,,,,,694.5126727817831,53.42405175244485,707.9735365953071,54.459502815023626,,55,e11437c54d5d,-,none
TestDiagAnchoredChipDecomposition#2,1787687750-1468413,"bench boost, fixed offset (control)",0,true,2020-21,2019-20,1,38,5,false,2141,1628,41,6,56.3421052631579,42.8421052631579,,,,,,,1628,42.8421052631579,1388,36.526315789473685,37,0,,,1.3243243243243243,33,36,6,14,-9,0,,,,,,0,0,0,,,,0,0,0,,,,0,0,0,,,,0,,,,43,40,43,40,0,0,7,0,0,0,,,,,,,,,,,1629.8410135822319,42.8905529890061,2129.177615341798,56.03098987741574,,55,98b82c09e797,-,none
TestDiagAnchoredChipDecomposition#2,1787687750-1468413,"bench boost, fixed offset (control)",0,true,2021-22,2020-21,1,38,5,false,2266,1896,43,6,59.63157894736842,49.89473684210526,,,,,,,1941,51.078947368421055,1646,43.31578947368421,37,0,,,1.135135135135135,33,38,14,15,-2,0,,,,,,0,0,0,,,,0,0,0,,,,0,0,0,,,,0,,,,61,61,61,61,0,0,7,0,0,0,,,,,,,,,,,1900.8006137807054,50.02106878370277,2271.518670835736,59.77680712725621,,55,afeb5fe71ddc,-,none
TestDiagAnchoredChipDecomposition#2,1787687750-1468413,"bench boost, fixed offset (control)",0,true,2022-23,2021-22,1,38,5,false,2145,1842,41,4,56.44736842105263,48.473684210526315,,,,,,,1845,48.55263157894737,1582,41.63157894736842,37,0,,,1.5675675675675675,33,37,14,8,13,0,,,,,,0,0,0,,,,0,0,0,,,,0,0,0,,,,0,,,,42,22,42,22,0,0,7,0,0,0,,,,,,,,,,,1851.9591496843016,48.73576709695531,2129.0838127710967,56.028521388713074,,55,fe5b3efc1102,-,none
TestDiagAnchoredChipDecomposition#2,1787687750-1468413,"bench boost, fixed offset (control)",0,true,2023-24,2022-23,1,38,5,false,2322,1806,42,5,61.10526315789474,47.526315789473685,,,,,,,1780,46.8421052631579,1569,41.28947368421053,37,0,,,1.2162162162162162,33,36,14,9,13,0,,,,,,0,0,0,,,,0,0,0,,,,0,0,0,,,,0,,,,23,23,23,21,0,0,7,9,0,0,,,,,,,,,,,1847.281228959663,48.61266391999113,2353.1186573762807,61.92417519411265,,55,7df5f95f1759,-,none
TestDiagAnchoredChipDecomposition#2,1787687750-1468413,"bench boost, fixed offset (control)",0,true,2024-25,2023-24,1,38,5,false,2274,1908,40,4,59.8421052631579,50.21052631578947,,,,,,,1890,49.73684210526316,1708,44.94736842105263,37,0,,,1.5135135135135136,33,37,17,10,9,0,,,,,,0,0,0,,,,0,0,0,,,,0,0,0,,,,0,,,,10,10,10,10,0,0,7,3,0,0,,,,,,,,,,,1984.839567078322,52.23262018627163,2251.491436167744,59.249774635993255,,55,d0f719155ebc,-,none
TestDiagAnchoredChipDecomposition#2,1787687750-1468413,"bench boost, fixed offset (control)",0,true,2025-26,2024-25,1,38,5,false,2102,1523,38,3,55.31578947368421,40.078947368421055,,,,,,,1529,40.23684210526316,1375,36.18421052631579,37,0,,,1.2162162162162162,33,33,10,9,4,0,,,,,,0,0,0,,,,0,0,0,,,,0,0,0,,,,0,,,,10,10,10,10,0,0,7,3,0,0,,,,,,,,,,,1583.8646329653097,41.680648235929205,2026.9006268408707,53.33949018002291,,55,cdb305de770a,-,none
TestDiagAnchoredChipDecomposition#2,1787687750-1468413,"bench boost, fixed offset (control)",0,true,2020-21,2019-20,6,33,5,false,1837,1613,32,2,55.666666666666664,48.878787878787875,,,,,,,1616,48.96969696969697,1430,43.333333333333336,32,0,,,1.625,32,32,11,11,-3,0,,,,,,0,0,0,,,,0,0,0,,,,0,0,0,,,,0,,,,43,40,43,40,0,0,12,6,0,0,,,,,,,,,,,1684.09280283701,51.03311523748515,1925.2654308346048,58.34137669195772,,55,4b8efe4c64ac,-,none
TestDiagAnchoredChipDecomposition#2,1787687750-1468413,"bench boost, fixed offset (control)",0,true,2021-22,2020-21,6,33,5,false,1844,1577,40,8,55.878787878787875,47.78787878787879,,,,,,,1600,48.484848484848484,1355,41.06060606060606,32,0,,,1.34375,32,40,15,13,2,0,,,,,,0,0,0,,,,0,0,0,,,,0,0,0,,,,0,,,,61,61,61,61,0,0,12,7,0,0,,,,,,,,,,,1697.4573396224507,51.43810120068032,1942.922613036429,58.87644281928573,,55,f9ab0649ed9b,-,none
TestDiagAnchoredChipDecomposition#2,1787687750-1468413,"bench boost, fixed offset (control)",0,true,2022-23,2021-22,6,33,5,false,1878,1558,35,4,56.90909090909091,47.21212121212121,,,,,,,1506,45.63636363636363,1379,41.78787878787879,32,0,,,1.78125,32,35,16,6,12,0,,,,,,0,0,0,,,,0,0,0,,,,0,0,0,,,,0,,,,42,22,42,16,0,0,12,9,0,0,,,,,,,,,,,1553.0492825250883,47.06209947045722,1846.4511385270775,55.953064803850836,,55,8eeb264adf2d,-,none
TestDiagAnchoredChipDecomposition#2,1787687750-1468413,"bench boost, fixed offset (control)",0,true,2023-24,2022-23,6,33,5,false,2049,1657,32,0,62.09090909090909,50.21212121212121,,,,,,,1635,49.54545454545455,1417,42.93939393939394,32,0,,,1.9375,32,32,13,4,18,0,,,,,,0,0,0,,,,0,0,0,,,,0,0,0,,,,0,,,,23,21,21,21,0,0,12,1,0,0,,,,,,,,,,,1654.2916352626007,50.13004955341214,2071.515734114538,62.773204064076914,,55,e4d98525659c,-,none
TestDiagAnchoredChipDecomposition#2,1787687750-1468413,"bench boost, fixed offset (control)",0,true,2024-25,2023-24,6,33,5,false,1982,1762,29,1,60.06060606060606,53.39393939393939,,,,,,,1659,50.27272727272727,1503,45.54545454545455,32,0,,,2.71875,32,29,15,7,10,0,,,,,,0,0,0,,,,0,0,0,,,,0,0,0,,,,0,,,,10,10,10,10,0,0,12,6,0,0,,,,,,,,,,,1774.8051976947927,53.781975687720994,2045.0742081239828,61.97194570072675,,55,5f44285da178,-,none
TestDiagAnchoredChipDecomposition#2,1787687750-1468413,"bench boost, fixed offset (control)",0,true,2025-26,2024-25,6,33,5,false,1862,1744,32,2,56.42424242424242,52.84848484848485,,,,,,,1666,50.484848484848484,1521,46.09090909090909,32,0,,,1.96875,32,32,9,12,-12,0,,,,,,0,0,0,,,,0,0,0,,,,0,0,0,,,,0,,,,10,10,10,10,0,0,12,3,0,0,,,,,,,,,,,1684.66381809842,51.05041873025515,1813.4833895351253,54.95404210712501,,55,0dc2d2b17e58,-,none
TestDiagAnchoredChipDecomposition#2,1787687750-1468413,"bench boost, fixed offset (control)",0,true,2020-21,2019-20,11,28,5,false,1690,1470,27,1,60.357142857142854,52.5,,,,,,,1471,52.535714285714285,1296,46.285714285714285,27,0,,,1.6296296296296295,27,27,7,11,-5,0,,,,,,0,0,0,,,,0,0,0,,,,0,0,0,,,,0,,,,43,38,43,38,0,0,17,1,0,0,,,,,,,,,,,1497.7056209445889,53.48948646230674,1668.0691527415584,59.573898312198516,,55,0b19fd9cb5d8,-,none
TestDiagAnchoredChipDecomposition#2,1787687750-1468413,"bench boost, fixed offset (control)",0,true,2021-22,2020-21,11,28,5,false,1616,1607,34,7,57.714285714285715,57.392857142857146,,,,,,,1635,58.392857142857146,1447,51.67857142857143,27,0,,,1.0740740740740742,27,34,12,7,6,0,,,,,,0,0,0,,,,0,0,0,,,,0,0,0,,,,0,,,,61,61,61,59,0,0,17,0,0,0,,,,,,,,,,,1600.0342377478514,57.144079919566124,1689.5089203137418,60.33960429691935,,55,b9a408253035,-,none
TestDiagAnchoredChipDecomposition#2,1787687750-1468413,"bench boost, fixed offset (control)",0,true,2022-23,2021-22,11,28,5,false,1687,1522,27,1,60.25,54.357142857142854,,,,,,,1424,50.857142857142854,1338,47.785714285714285,27,0,,,1.7037037037037037,27,27,11,5,9,0,,,,,,0,0,0,,,,0,0,0,,,,0,0,0,,,,0,,,,42,16,42,14,0,0,17,2,0,0,,,,,,,,,,,1479.5001593995037,52.83929140712513,1651.1867308843787,58.9709546744421,,55,97ce7fa5cdc4,-,none
TestDiagAnchoredChipDecomposition#2,1787687750-1468413,"bench boost, fixed offset (control)",0,true,2023-24,2022-23,11,28,5,false,1652,1438,27,1,59,51.357142857142854,,,,,,,1415,50.535714285714285,1257,44.892857142857146,27,0,,,1.5185185185185186,27,27,11,10,9,0,,,,,,0,0,0,,,,0,0,0,,,,0,0,0,,,,0,,,,21,21,21,21,0,0,17,0,0,0,,,,,,,,,,,1421.482920429,50.76724715817857,1728.2213706904452,61.72219181037304,,55,025d70cb5565,-,none
TestDiagAnchoredChipDecomposition#2,1787687750-1468413,"bench boost, fixed offset (control)",0,true,2024-25,2023-24,11,28,5,false,1798,1704,27,1,64.21428571428571,60.857142857142854,,,,,,,1704,60.857142857142854,1435,51.25,27,0,,,1.5555555555555556,27,27,10,10,2,0,,,,,,0,0,0,,,,0,0,0,,,,0,0,0,,,,0,,,,10,10,10,8,0,0,17,5,0,0,,,,,,,,,,,1656.4013083792024,59.15718958497151,1748.6569757882787,62.45203484958138,,55,d7639030dcde,-,none
TestDiagAnchoredChipDecomposition#2,1787687750-1468413,"bench boost, fixed offset (control)",0,true,2025-26,2024-25,11,28,5,false,1511,1497,27,2,53.964285714285715,53.464285714285715,,,,,,,1469,52.464285714285715,1312,46.857142857142854,27,0,,,2.111111111111111,27,27,9,9,-4,0,,,,,,0,0,0,,,,0,0,0,,,,0,0,0,,,,0,,,,10,10,10,10,0,0,17,2,0,0,,,,,,,,,,,1497.3270878420508,53.47596742293039,1535.8989647357903,54.85353445484965,,55,b5c18c2f39b5,-,none
TestDiagAnchoredChipDecomposition#2,1787687750-1468413,"bench boost, fixed offset (control)",0,true,2020-21,2019-20,16,23,5,false,1351,1197,24,4,58.73913043478261,52.04347826086956,,,,,,,1165,50.65217391304348,1052,45.73913043478261,22,0,,,1.5909090909090908,22,24,7,8,2,0,,,,,,0,0,0,,,,0,0,0,,,,0,0,0,,,,0,,,,43,34,32,23,0,0,22,8,0,0,,,,,,,,,,,1237.3135049055645,53.796239343720195,1378.6159771265638,59.939825092459294,,55,622ca390c425,-,none
TestDiagAnchoredChipDecomposition#2,1787687750-1468413,"bench boost, fixed offset (control)",0,true,2021-22,2020-21,16,23,5,false,1321,1260,25,4,57.43478260869565,54.78260869565217,,,,,,,1278,55.56521739130435,1153,50.130434782608695,22,0,,,1.1818181818181819,22,25,6,6,-1,0,,,,,,0,0,0,,,,0,0,0,,,,0,0,0,,,,0,,,,61,57,61,27,0,0,22,0,0,0,,,,,,,,,,,1299.404660675238,56.495854811966865,1410.0025027408135,61.30445664090494,,55,88076620b267,-,none
TestDiagAnchoredChipDecomposition#2,1787687750-1468413,"bench boost, fixed offset (control)",0,true,2022-23,2021-22,16,23,5,false,1410,1105,25,3,61.30434782608695,48.04347826086956,,,,,,,1044,45.391304347826086,937,40.73913043478261,22,0,,,1.3636363636363635,22,25,10,3,12,0,,,,,,0,0,0,,,,0,0,0,,,,0,0,0,,,,0,,,,42,14,36,14,0,0,22,4,0,0,,,,,,,,,,,1119.7112697104055,48.68309868306111,1399.0259407442456,60.8272148149672,,55,f8a4e38b18ca,-,none
TestDiagAnchoredChipDecomposition#2,1787687750-1468413,"bench boost, fixed offset (control)",0,true,2023-24,2022-23,16,23,5,false,1381,1084,24,2,60.04347826086956,47.130434782608695,,,,,,,1084,47.130434782608695,933,40.56521739130435,22,0,,,1.4090909090909092,22,24,10,3,12,0,,,,,,0,0,0,,,,0,0,0,,,,0,0,0,,,,0,,,,21,21,21,17,0,0,22,0,0,0,,,,,,,,,,,1099.691923459973,47.81269232434665,1433.4898934725584,62.32564754228515,,55,36f167db5055,-,none
TestDiagAnchoredChipDecomposition#2,1787687750-1468413,"bench boost, fixed offset (control)",0,true,2024-25,2023-24,16,23,5,false,1414,1336,21,2,61.47826086956522,58.08695652173913,,,,,,,1336,58.08695652173913,1143,49.69565217391305,22,0,,,1.8636363636363635,22,21,9,8,4,0,,,,,,0,0,0,,,,0,0,0,,,,0,0,0,,,,0,,,,10,8,10,8,0,0,22,5,0,0,,,,,,,,,,,1343.592503938876,58.41706538864678,1423.7365748934517,61.90159021275877,,55,35d18512b286,-,none
TestDiagAnchoredChipDecomposition#2,1787687750-1468413,"bench boost, fixed offset (control)",0,true,2025-26,2024-25,16,23,5,false,1375,1239,23,2,59.78260869565217,53.869565217391305,,,,,,,1240,53.91304347826087,1078,46.869565217391305,22,0,,,1.4545454545454546,22,23,5,5,-3,0,,,,,,0,0,0,,,,0,0,0,,,,0,0,0,,,,0,,,,10,10,10,10,0,0,22,5,0,0,,,,,,,,,,,1200.4366802788975,52.19289914256076,1270.517874916894,55.23990760508235,,55,79c6b1beebb5,-,none
TestDiagAnchoredChipDecomposition#2,1787687750-1468413,"bench boost, fixed offset (control)",0,true,2020-21,2019-20,21,18,5,false,1058,942,18,2,58.77777777777778,52.333333333333336,,,,,,,963,53.5,845,46.94444444444444,17,0,,,1.3529411764705883,17,18,7,7,-5,0,,,,,,0,0,0,,,,0,0,0,,,,0,0,0,,,,0,,,,32,23,26,23,0,0,27,1,0,0,,,,,,,,,,,965.0577004029183,53.614316689051016,1080.7058124872947,60.03921180484971,,55,3828563d2a28,-,none
TestDiagAnchoredChipDecomposition#2,1787687750-1468413,"bench boost, fixed offset (control)",0,true,2021-22,2020-21,21,18,5,false,1092,953,20,3,60.666666666666664,52.94444444444444,,,,,,,971,53.94444444444444,864,48,17,0,,,1.1176470588235294,17,20,9,5,5,0,,,,,,0,0,0,,,,0,0,0,,,,0,0,0,,,,0,,,,59,25,51,19,0,0,27,0,0,0,,,,,,,,,,,1010.4492908798748,56.136071715548596,1114.6502513376984,61.925013963205465,,55,a131d6c7c832,-,none
TestDiagAnchoredChipDecomposition#2,1787687750-1468413,"bench boost, fixed offset (control)",0,true,2022-23,2021-22,21,18,5,false,1173,1122,17,1,65.16666666666667,62.333333333333336,,,,,,,1112,61.77777777777778,973,54.05555555555556,17,0,,,1.9411764705882353,17,17,8,2,7,0,,,,,,0,0,0,,,,0,0,0,,,,0,0,0,,,,0,,,,36,14,28,10,0,0,27,12,0,0,,,,,,,,,,,1102.1881119797733,61.23267288776518,1193.5056223319282,66.30586790732934,,55,89fb3cc109c9,-,none
TestDiagAnchoredChipDecomposition#2,1787687750-1468413,"bench boost, fixed offset (control)",0,true,2023-24,2022-23,21,18,5,false,1143,914,17,0,63.5,50.77777777777778,,,,,,,904,50.22222222222222,795,44.166666666666664,17,0,,,1.4705882352941178,17,17,7,2,7,0,,,,,,0,0,0,,,,0,0,0,,,,0,0,0,,,,0,,,,21,17,17,17,0,0,27,10,0,0,,,,,,,,,,,992.2159009248605,55.1231056069367,1162.934130611,64.60745170061111,,55,5c9bee1e51ad,-,none
TestDiagAnchoredChipDecomposition#2,1787687750-1468413,"bench boost, fixed offset (control)",0,true,2024-25,2023-24,21,18,5,false,1066,1047,14,0,59.22222222222222,58.166666666666664,,,,,,,1047,58.166666666666664,912,50.666666666666664,17,0,,,2.0588235294117645,17,14,5,3,3,0,,,,,,0,0,0,,,,0,0,0,,,,0,0,0,,,,0,,,,10,8,6,8,0,0,27,4,0,0,,,,,,,,,,,1083.1214825517532,60.17341569731962,1088.7785448714765,60.48769693730425,,55,0f4f24f82c7f,-,none
TestDiagAnchoredChipDecomposition#2,1787687750-1468413,"bench boost, fixed offset (control)",0,true,2025-26,2024-25,21,18,5,false,1069,960,17,0,59.388888888888886,53.333333333333336,,,,,,,937,52.05555555555556,851,47.27777777777778,17,0,,,2.235294117647059,17,17,5,7,-8,0,,,,,,0,0,0,,,,0,0,0,,,,0,0,0,,,,0,,,,10,10,10,10,0,0,27,10,0,0,,,,,,,,,,,945.3521895380395,52.51956608544664,1028.605335975743,57.144740887541275,,55,5f242414233f,-,none
TestDiagAnchoredChipDecomposition#2,1787687750-1468413,"bench boost, fixed offset (control)",0,true,2020-21,2019-20,26,13,5,false,669,652,12,1,51.46153846153846,50.15384615384615,,,,,,,660,50.76923076923077,593,45.61538461538461,12,0,,,1.25,12,12,2,7,-7,0,,,,,,0,0,0,,,,0,0,0,,,,0,0,0,,,,0,,,,12,23,10,11,0,0,32,0,0,0,,,,,,,,,,,692.6716675241399,53.28243596339538,729.98937804177,56.15302908013616,,55,9e10f072ee0b,-,none
TestDiagAnchoredChipDecomposition#2,1787687750-1468413,"bench boost, fixed offset (control)",0,true,2021-22,2020-21,26,13,5,false,767,636,13,1,59,48.92307692307692,,,,,,,634,48.76923076923077,578,44.46153846153846,12,0,,,1.1666666666666667,12,13,5,0,8,0,,,,,,0,0,0,,,,0,0,0,,,,0,0,0,,,,0,,,,43,19,28,4,0,0,32,0,0,0,,,,,,,,,,,683.4259804919013,52.571229268607794,834.9659059324603,64.22814661018926,,55,1283622164da,-,none
TestDiagAnchoredChipDecomposition#2,1787687750-1468413,"bench boost, fixed offset (control)",0,true,2022-23,2021-22,26,13,5,false,896,812,11,0,68.92307692307692,62.46153846153846,,,,,,,808,62.15384615384615,696,53.53846153846154,12,0,,,1.5833333333333333,12,11,6,2,3,0,,,,,,0,0,0,,,,0,0,0,,,,0,0,0,,,,0,,,,28,10,12,4,0,0,32,1,0,0,,,,,,,,,,,799.3800118635701,61.49077014335155,866.3346693980724,66.64112841523634,,55,485d7e3d0d70,-,none
TestDiagAnchoredChipDecomposition#2,1787687750-1468413,"bench boost, fixed offset (control)",0,true,2023-24,2022-23,26,13,5,false,810,620,13,1,62.30769230769231,47.69230769230769,,,,,,,622,47.84615384615385,551,42.38461538461539,12,0,,,1.4166666666666667,12,13,5,2,4,0,,,,,,0,0,0,,,,0,0,0,,,,0,0,0,,,,0,,,,17,13,15,1,0,0,32,3,0,0,,,,,,,,,,,642.2998216821011,49.40767859093085,780.482599409311,60.03712303148546,,55,72c93b86408c,-,none
TestDiagAnchoredChipDecomposition#2,1787687750-1468413,"bench boost, fixed offset (control)",0,true,2024-25,2023-24,26,13,5,false,723,707,12,1,55.61538461538461,54.38461538461539,,,,,,,707,54.38461538461539,634,48.76923076923077,12,0,,,1.4166666666666667,12,12,7,3,5,0,,,,,,0,0,0,,,,0,0,0,,,,0,0,0,,,,0,,,,6,8,6,4,0,0,32,2,0,0,,,,,,,,,,,740.0878334123199,56.92983333940923,766.1654256401905,58.935801972322345,,55,ecd4bb429175,-,none
TestDiagAnchoredChipDecomposition#2,1787687750-1468413,"bench boost, fixed offset (control)",0,true,2025-26,2024-25,26,13,5,false,774,722,11,0,59.53846153846154,55.53846153846154,,,,,,,723,55.61538461538461,621,47.76923076923077,12,0,,,1.3333333333333333,12,11,3,5,-4,0,,,,,,0,0,0,,,,0,0,0,,,,0,0,0,,,,0,,,,8,10,8,10,0,0,32,1,0,0,,,,,,,,,,,694.5126727817831,53.42405175244485,727.8990376570102,55.99223366592386,,55,e11437c54d5d,-,none
TestDiagAnchoredChipDecomposition#2,1787687750-1468413,"bench boost, anchored (4gw sight)",1,false,2020-21,2019-20,1,38,5,false,2151,1628,41,6,56.60526315789474,42.8421052631579,,,,,,,1628,42.8421052631579,1388,36.526315789473685,37,0,,,1.3243243243243243,33,36,6,14,-9,0,,,,,,0,0,0,,,,0,0,0,,,,0,0,0,,,,0,,,,43,40,43,40,0,0,19,10,0,0,,,,,,,,,,,1629.8410135822319,42.8905529890061,2139.1324041763346,56.29295800464038,,55,98b82c09e797,-,none
TestDiagAnchoredChipDecomposition#2,1787687750-1468413,"bench boost, anchored (4gw sight)",1,false,2021-22,2020-21,1,38,5,false,2281,1896,43,6,60.026315789473685,49.89473684210526,,,,,,,1941,51.078947368421055,1646,43.31578947368421,37,0,,,1.135135135135135,33,38,14,15,-2,0,,,,,,0,0,0,,,,0,0,0,,,,0,0,0,,,,0,,,,61,61,61,61,0,0,26,15,0,0,,,,,,,,,,,1900.8006137807054,50.02106878370277,2290.3455931021317,60.2722524500561,,55,afeb5fe71ddc,-,none
TestDiagAnchoredChipDecomposition#2,1787687750-1468413,"bench boost, anchored (4gw sight)",1,false,2022-23,2021-22,1,38,5,false,2151,1842,41,4,56.60526315789474,48.473684210526315,,,,,,,1845,48.55263157894737,1582,41.63157894736842,37,0,,,1.5675675675675675,33,37,14,8,13,0,,,,,,0,0,0,,,,0,0,0,,,,0,0,0,,,,0,,,,42,22,42,22,0,0,20,6,0,0,,,,,,,,,,,1851.9591496843016,48.73576709695531,2141.6041116950546,56.35800293934354,,55,fe5b3efc1102,-,none
TestDiagAnchoredChipDecomposition#2,1787687750-1468413,"bench boost, anchored (4gw sight)",1,false,2023-24,2022-23,1,38,5,false,2314,1806,42,5,60.89473684210526,47.526315789473685,,,,,,,1780,46.8421052631579,1569,41.28947368421053,37,0,,,1.2162162162162162,33,36,14,9,13,0,,,,,,0,0,0,,,,0,0,0,,,,0,0,0,,,,0,,,,23,23,23,21,0,0,25,1,0,0,,,,,,,,,,,1847.281228959663,48.61266391999113,2346.377098033275,61.746765737717766,,55,7df5f95f1759,-,none
TestDiagAnchoredChipDecomposition#2,1787687750-1468413,"bench boost, anchored (4gw sight)",1,false,2024-25,2023-24,1,38,5,false,2272,1908,40,4,59.78947368421053,50.21052631578947,,,,,,,1890,49.73684210526316,1708,44.94736842105263,37,0,,,1.5135135135135136,33,37,17,10,9,0,,,,,,0,0,0,,,,0,0,0,,,,0,0,0,,,,0,,,,10,10,10,10,0,0,33,1,0,0,,,,,,,,,,,1984.839567078322,52.23262018627163,2250.6870195361575,59.228605777267305,,55,d0f719155ebc,-,none
TestDiagAnchoredChipDecomposition#2,1787687750-1468413,"bench boost, anchored (4gw sight)",1,false,2025-26,2024-25,1,38,5,false,2102,1523,38,3,55.31578947368421,40.078947368421055,,,,,,,1529,40.23684210526316,1375,36.18421052631579,37,0,,,1.2162162162162162,33,33,10,9,4,0,,,,,,0,0,0,,,,0,0,0,,,,0,0,0,,,,0,,,,10,10,10,10,0,0,33,3,0,0,,,,,,,,,,,1583.8646329653097,41.680648235929205,2025.6620100990317,53.3068950026061,,55,cdb305de770a,-,none
TestDiagAnchoredChipDecomposition#2,1787687750-1468413,"bench boost, anchored (4gw sight)",1,false,2020-21,2019-20,6,33,5,false,1851,1613,32,2,56.09090909090909,48.878787878787875,,,,,,,1616,48.96969696969697,1430,43.333333333333336,32,0,,,1.625,32,32,11,11,-3,0,,,,,,0,0,0,,,,0,0,0,,,,0,0,0,,,,0,,,,43,40,43,40,0,0,19,20,0,0,,,,,,,,,,,1684.09280283701,51.03311523748515,1939.6116166484928,58.776109595408876,,55,4b8efe4c64ac,-,none
TestDiagAnchoredChipDecomposition#2,1787687750-1468413,"bench boost, anchored (4gw sight)",1,false,2021-22,2020-21,6,33,5,false,1842,1577,40,8,55.81818181818182,47.78787878787879,,,,,,,1600,48.484848484848484,1355,41.06060606060606,32,0,,,1.34375,32,40,15,13,2,0,,,,,,0,0,0,,,,0,0,0,,,,0,0,0,,,,0,,,,61,61,61,61,0,0,26,5,0,0,,,,,,,,,,,1697.4573396224507,51.43810120068032,1943.4451745301549,58.8922780160653,,55,f9ab0649ed9b,-,none
TestDiagAnchoredChipDecomposition#2,1787687750-1468413,"bench boost, anchored (4gw sight)",1,false,2022-23,2021-22,6,33,5,false,1872,1558,35,4,56.72727272727273,47.21212121212121,,,,,,,1506,45.63636363636363,1379,41.78787878787879,32,0,,,1.78125,32,35,16,6,12,0,,,,,,0,0,0,,,,0,0,0,,,,0,0,0,,,,0,,,,42,22,42,16,0,0,20,3,0,0,,,,,,,,,,,1553.0492825250883,47.06209947045722,1844.5995261706364,55.896955338504135,,55,8eeb264adf2d,-,none
TestDiagAnchoredChipDecomposition#2,1787687750-1468413,"bench boost, anchored (4gw sight)",1,false,2023-24,2022-23,6,33,5,false,2061,1657,32,0,62.45454545454545,50.21212121212121,,,,,,,1635,49.54545454545455,1417,42.93939393939394,32,0,,,1.9375,32,32,13,4,18,0,,,,,,0,0,0,,,,0,0,0,,,,0,0,0,,,,0,,,,23,21,21,21,0,0,25,13,0,0,,,,,,,,,,,1654.2916352626007,50.13004955341214,2085.6654558048613,63.20198350923822,,55,e4d98525659c,-,none
TestDiagAnchoredChipDecomposition#2,1787687750-1468413,"bench boost, anchored (4gw sight)",1,false,2024-25,2023-24,6,33,5,false,1991,1762,29,1,60.333333333333336,53.39393939393939,,,,,,,1659,50.27272727272727,1503,45.54545454545455,32,0,,,2.71875,32,29,15,7,10,0,,,,,,0,0,0,,,,0,0,0,,,,0,0,0,,,,0,,,,10,10,10,10,0,0,33,15,0,0,,,,,,,,,,,1774.8051976947927,53.781975687720994,2049.955840512682,62.11987395492975,,55,5f44285da178,-,none
TestDiagAnchoredChipDecomposition#2,1787687750-1468413,"bench boost, anchored (4gw sight)",1,false,2025-26,2024-25,6,33,5,false,1862,1744,32,2,56.42424242424242,52.84848484848485,,,,,,,1666,50.484848484848484,1521,46.09090909090909,32,0,,,1.96875,32,32,9,12,-12,0,,,,,,0,0,0,,,,0,0,0,,,,0,0,0,,,,0,,,,10,10,10,10,0,0,33,3,0,0,,,,,,,,,,,1684.66381809842,51.05041873025515,1814.1593474548654,54.97452568045047,,55,0dc2d2b17e58,-,none
TestDiagAnchoredChipDecomposition#2,1787687750-1468413,"bench boost, anchored (4gw sight)",1,false,2020-21,2019-20,11,28,5,false,1692,1470,27,1,60.42857142857143,52.5,,,,,,,1471,52.535714285714285,1296,46.285714285714285,27,0,,,1.6296296296296295,27,27,7,11,-5,0,,,,,,0,0,0,,,,0,0,0,,,,0,0,0,,,,0,,,,43,38,43,38,0,0,19,3,0,0,,,,,,,,,,,1497.7056209445889,53.48948646230674,1670.5424000710432,59.66222857396583,,55,0b19fd9cb5d8,-,none
TestDiagAnchoredChipDecomposition#2,1787687750-1468413,"bench boost, anchored (4gw sight)",1,false,2021-22,2020-21,11,28,5,false,1632,1607,34,7,58.285714285714285,57.392857142857146,,,,,,,1635,58.392857142857146,1447,51.67857142857143,27,0,,,1.0740740740740742,27,34,12,7,6,0,,,,,,0,0,0,,,,0,0,0,,,,0,0,0,,,,0,,,,61,61,61,59,0,0,26,16,0,0,,,,,,,,,,,1600.0342377478514,57.144079919566124,1709.2989935463834,61.04639262665655,,55,b9a408253035,-,none
TestDiagAnchoredChipDecomposition#2,1787687750-1468413,"bench boost, anchored (4gw sight)",1,false,2022-23,2021-22,11,28,5,false,1685,1522,27,1,60.17857142857143,54.357142857142854,,,,,,,1424,50.857142857142854,1338,47.785714285714285,27,0,,,1.7037037037037037,27,27,11,5,9,0,,,,,,0,0,0,,,,0,0,0,,,,0,0,0,,,,0,,,,42,16,42,14,0,0,20,0,0,0,,,,,,,,,,,1479.5001593995037,52.83929140712513,1652.376995689404,59.01346413176443,,55,97ce7fa5cdc4,-,none
TestDiagAnchoredChipDecomposition#2,1787687750-1468413,"bench boost, anchored (4gw sight)",1,false,2023-24,2022-23,11,28,5,false,1667,1438,27,1,59.535714285714285,51.357142857142854,,,,,,,1415,50.535714285714285,1257,44.892857142857146,27,0,,,1.5185185185185186,27,27,11,10,9,0,,,,,,0,0,0,,,,0,0,0,,,,0,0,0,,,,0,,,,21,21,21,21,0,0,25,15,0,0,,,,,,,,,,,1421.482920429,50.76724715817857,1746.0566665322742,62.35916666186694,,55,025d70cb5565,-,none
TestDiagAnchoredChipDecomposition#2,1787687750-1468413,"bench boost, anchored (4gw sight)",1,false,2024-25,2023-24,11,28,5,false,1800,1704,27,1,64.28571428571429,60.857142857142854,,,,,,,1704,60.857142857142854,1435,51.25,27,0,,,1.5555555555555556,27,27,10,10,2,0,,,,,,0,0,0,,,,0,0,0,,,,0,0,0,,,,0,,,,10,10,10,8,0,0,33,7,0,0,,,,,,,,,,,1656.4013083792024,59.15718958497151,1746.2829980405193,62.367249930018545,,55,d7639030dcde,-,none
TestDiagAnchoredChipDecomposition#2,1787687750-1468413,"bench boost, anchored (4gw sight)",1,false,2025-26,2024-25,11,28,5,false,1510,1497,27,2,53.92857142857143,53.464285714285715,,,,,,,1469,52.464285714285715,1312,46.857142857142854,27,0,,,2.111111111111111,27,27,9,9,-4,0,,,,,,0,0,0,,,,0,0,0,,,,0,0,0,,,,0,,,,10,10,10,10,0,0,33,1,0,0,,,,,,,,,,,1497.3270878420508,53.47596742293039,1534.1421214946029,54.79079005337867,,55,b5c18c2f39b5,-,none
TestDiagAnchoredChipDecomposition#2,1787687750-1468413,"bench boost, anchored (4gw sight)",1,false,2020-21,2019-20,16,23,5,false,1358,1197,24,4,59.04347826086956,52.04347826086956,,,,,,,1165,50.65217391304348,1052,45.73913043478261,22,0,,,1.5909090909090908,22,24,7,8,2,0,,,,,,0,0,0,,,,0,0,0,,,,0,0,0,,,,0,,,,43,34,32,23,0,0,19,15,0,0,,,,,,,,,,,1237.3135049055645,53.796239343720195,1388.1003360139703,60.35218852234653,,55,622ca390c425,-,none
TestDiagAnchoredChipDecomposition#2,1787687750-1468413,"bench boost, anchored (4gw sight)",1,false,2021-22,2020-21,16,23,5,false,1325,1260,25,4,57.608695652173914,54.78260869565217,,,,,,,1278,55.56521739130435,1153,50.130434782608695,22,0,,,1.1818181818181819,22,25,6,6,-1,0,,,,,,0,0,0,,,,0,0,0,,,,0,0,0,,,,0,,,,61,57,61,27,0,0,26,4,0,0,,,,,,,,,,,1299.404660675238,56.495854811966865,1415.2770074136445,61.53378293102802,,55,88076620b267,-,none
TestDiagAnchoredChipDecomposition#2,1787687750-1468413,"bench boost, anchored (4gw sight)",1,false,2022-23,2021-22,16,23,5,false,1414,1105,25,3,61.47826086956522,48.04347826086956,,,,,,,1044,45.391304347826086,937,40.73913043478261,22,0,,,1.3636363636363635,22,25,10,3,12,0,,,,,,0,0,0,,,,0,0,0,,,,0,0,0,,,,0,,,,42,14,36,14,0,0,20,8,0,0,,,,,,,,,,,1119.7112697104055,48.68309868306111,1409.8137211389624,61.29624874517228,,55,f8a4e38b18ca,-,none
TestDiagAnchoredChipDecomposition#2,1787687750-1468413,"bench boost, anchored (4gw sight)",1,false,2023-24,2022-23,16,23,5,false,1381,1084,24,2,60.04347826086956,47.130434782608695,,,,,,,1084,47.130434782608695,933,40.56521739130435,22,0,,,1.4090909090909092,22,24,10,3,12,0,,,,,,0,0,0,,,,0,0,0,,,,0,0,0,,,,0,,,,21,21,21,17,0,0,25,0,0,0,,,,,,,,,,,1099.691923459973,47.81269232434665,1434.1489621920412,62.35430270400179,,55,36f167db5055,-,none
TestDiagAnchoredChipDecomposition#2,1787687750-1468413,"bench boost, anchored (4gw sight)",1,false,2024-25,2023-24,16,23,5,false,1420,1336,21,2,61.73913043478261,58.08695652173913,,,,,,,1336,58.08695652173913,1143,49.69565217391305,22,0,,,1.8636363636363635,22,21,9,8,4,0,,,,,,0,0,0,,,,0,0,0,,,,0,0,0,,,,0,,,,10,8,10,8,0,0,33,11,0,0,,,,,,,,,,,1343.592503938876,58.41706538864678,1431.1685625989116,62.22472011299616,,55,35d18512b286,-,none
TestDiagAnchoredChipDecomposition#2,1787687750-1468413,"bench boost, anchored (4gw sight)",1,false,2025-26,2024-25,16,23,5,false,1370,1239,23,2,59.56521739130435,53.869565217391305,,,,,,,1240,53.91304347826087,1078,46.869565217391305,22,0,,,1.4545454545454546,22,23,5,5,-3,0,,,,,,0,0,0,,,,0,0,0,,,,0,0,0,,,,0,,,,10,10,10,10,0,0,33,0,0,0,,,,,,,,,,,1200.4366802788975,52.19289914256076,1270.263545560224,55.22884980696626,,55,79c6b1beebb5,-,none
TestDiagAnchoredChipDecomposition#2,1787687750-1468413,"bench boost, anchored (4gw sight)",1,false,2020-21,2019-20,21,18,5,false,1060,942,18,2,58.888888888888886,52.333333333333336,,,,,,,963,53.5,845,46.94444444444444,17,0,,,1.3529411764705883,17,18,7,7,-5,0,,,,,,0,0,0,,,,0,0,0,,,,0,0,0,,,,0,,,,32,23,26,23,0,0,26,3,0,0,,,,,,,,,,,965.0577004029183,53.614316689051016,1085.017738892273,60.27876327179294,,55,3828563d2a28,-,none
TestDiagAnchoredChipDecomposition#2,1787687750-1468413,"bench boost, anchored (4gw sight)",1,false,2021-22,2020-21,21,18,5,false,1096,953,20,3,60.888888888888886,52.94444444444444,,,,,,,971,53.94444444444444,864,48,17,0,,,1.1176470588235294,17,20,9,5,5,0,,,,,,0,0,0,,,,0,0,0,,,,0,0,0,,,,0,,,,59,25,51,19,0,0,26,4,0,0,,,,,,,,,,,1010.4492908798748,56.136071715548596,1120.1869079750961,62.23260599861645,,55,a131d6c7c832,-,none
TestDiagAnchoredChipDecomposition#2,1787687750-1468413,"bench boost, anchored (4gw sight)",1,false,2022-23,2021-22,21,18,5,false,1186,1122,17,1,65.88888888888889,62.333333333333336,,,,,,,1112,61.77777777777778,973,54.05555555555556,17,0,,,1.9411764705882353,17,17,8,2,7,0,,,,,,0,0,0,,,,0,0,0,,,,0,0,0,,,,0,,,,36,14,28,10,0,0,29,25,0,0,,,,,,,,,,,1102.1881119797733,61.23267288776518,1211.6853228500624,67.31585126944792,,55,89fb3cc109c9,-,none
TestDiagAnchoredChipDecomposition#2,1787687750-1468413,"bench boost, anchored (4gw sight)",1,false,2023-24,2022-23,21,18,5,false,1151,914,17,0,63.94444444444444,50.77777777777778,,,,,,,904,50.22222222222222,795,44.166666666666664,17,0,,,1.4705882352941178,17,17,7,2,7,0,,,,,,0,0,0,,,,0,0,0,,,,0,0,0,,,,0,,,,21,17,17,17,0,0,25,18,0,0,,,,,,,,,,,992.2159009248605,55.1231056069367,1173.2597433420117,65.18109685233398,,55,5c9bee1e51ad,-,none
TestDiagAnchoredChipDecomposition#2,1787687750-1468413,"bench boost, anchored (4gw sight)",1,false,2024-25,2023-24,21,18,5,false,1077,1047,14,0,59.833333333333336,58.166666666666664,,,,,,,1047,58.166666666666664,912,50.666666666666664,17,0,,,2.0588235294117645,17,14,5,3,3,0,,,,,,0,0,0,,,,0,0,0,,,,0,0,0,,,,0,,,,10,8,6,8,0,0,33,15,0,0,,,,,,,,,,,1083.1214825517532,60.17341569731962,1094.6313815648218,60.81285453137899,,55,0f4f24f82c7f,-,none
TestDiagAnchoredChipDecomposition#2,1787687750-1468413,"bench boost, anchored (4gw sight)",1,false,2025-26,2024-25,21,18,5,false,1077,960,17,0,59.833333333333336,53.333333333333336,,,,,,,937,52.05555555555556,851,47.27777777777778,17,0,,,2.235294117647059,17,17,5,7,-8,0,,,,,,0,0,0,,,,0,0,0,,,,0,0,0,,,,0,,,,10,10,10,10,0,0,33,18,0,0,,,,,,,,,,,945.3521895380395,52.51956608544664,1041.2230449164406,57.84572471758003,,55,5f242414233f,-,none
TestDiagAnchoredChipDecomposition#2,1787687750-1468413,"bench boost, anchored (4gw sight)",1,false,2020-21,2019-20,26,13,5,false,674,652,12,1,51.84615384615385,50.15384615384615,,,,,,,660,50.76923076923077,593,45.61538461538461,12,0,,,1.25,12,12,2,7,-7,0,,,,,,0,0,0,,,,0,0,0,,,,0,0,0,,,,0,,,,12,23,10,11,0,0,35,5,0,0,,,,,,,,,,,692.6716675241399,53.28243596339538,741.4929176601951,57.03791674309193,,55,9e10f072ee0b,-,none
TestDiagAnchoredChipDecomposition#2,1787687750-1468413,"bench boost, anchored (4gw sight)",1,false,2021-22,2020-21,26,13,5,false,771,636,13,1,59.30769230769231,48.92307692307692,,,,,,,634,48.76923076923077,578,44.46153846153846,12,0,,,1.1666666666666667,12,13,5,0,8,0,,,,,,0,0,0,,,,0,0,0,,,,0,0,0,,,,0,,,,43,19,28,4,0,0,28,4,0,0,,,,,,,,,,,683.4259804919013,52.571229268607794,837.5510669288832,64.42700514837563,,55,1283622164da,-,none
TestDiagAnchoredChipDecomposition#2,1787687750-1468413,"bench boost, anchored (4gw sight)",1,false,2022-23,2021-22,26,13,5,false,923,812,11,0,71,62.46153846153846,,,,,,,808,62.15384615384615,696,53.53846153846154,12,0,,,1.5833333333333333,12,11,6,2,3,0,,,,,,0,0,0,,,,0,0,0,,,,0,0,0,,,,0,,,,28,10,12,4,0,0,29,28,0,0,,,,,,,,,,,799.3800118635701,61.49077014335155,889.8860839826086,68.4527756909699,,55,485d7e3d0d70,-,none
TestDiagAnchoredChipDecomposition#2,1787687750-1468413,"bench boost, anchored (4gw sight)",1,false,2023-24,2022-23,26,13,5,false,810,620,13,1,62.30769230769231,47.69230769230769,,,,,,,622,47.84615384615385,551,42.38461538461539,12,0,,,1.4166666666666667,12,13,5,2,4,0,,,,,,0,0,0,,,,0,0,0,,,,0,0,0,,,,0,,,,17,13,15,1,0,0,34,3,0,0,,,,,,,,,,,642.2998216821011,49.40767859093085,776.783717258081,59.752593635237,,55,72c93b86408c,-,none
TestDiagAnchoredChipDecomposition#2,1787687750-1468413,"bench boost, anchored (4gw sight)",1,false,2024-25,2023-24,26,13,5,false,734,707,12,1,56.46153846153846,54.38461538461539,,,,,,,707,54.38461538461539,634,48.76923076923077,12,0,,,1.4166666666666667,12,12,7,3,5,0,,,,,,0,0,0,,,,0,0,0,,,,0,0,0,,,,0,,,,6,8,6,4,0,0,33,13,0,0,,,,,,,,,,,740.0878334123199,56.92983333940923,774.7166275313731,59.59358673318255,,55,ecd4bb429175,-,none
TestDiagAnchoredChipDecomposition#2,1787687750-1468413,"bench boost, anchored (4gw sight)",1,false,2025-26,2024-25,26,13,5,false,787,722,11,0,60.53846153846154,55.53846153846154,,,,,,,723,55.61538461538461,621,47.76923076923077,12,0,,,1.3333333333333333,12,11,3,5,-4,0,,,,,,0,0,0,,,,0,0,0,,,,0,0,0,,,,0,,,,8,10,8,10,0,0,33,14,0,0,,,,,,,,,,,694.5126727817831,53.42405175244485,744.2746770485107,57.25189823450083,,55,e11437c54d5d,-,none
TestDiagAnchoredChipDecomposition#3,1787687750-1468413,"free hit, fixed offset (control)",0,true,2020-21,2019-20,1,38,5,false,2168,1628,37,1,57.05263157894737,42.8421052631579,,,,,,,1628,42.8421052631579,1388,36.526315789473685,36,0,,,1.25,32,32,7,12,-8,0,,,,,,0,0,0,,,,0,0,0,,,,0,0,0,,,,0,,,,43,40,43,40,0,0,0,0,0,0,,,,,,,,,,,1629.8410135822319,42.8905529890061,2154.9929671439086,56.71034124062917,,55,98b82c09e797,-,none
TestDiagAnchoredChipDecomposition#3,1787687750-1468413,"free hit, fixed offset (control)",0,true,2021-22,2020-21,1,38,5,false,2248,1896,43,6,59.1578947368421,49.89473684210526,,,,,,,1941,51.078947368421055,1646,43.31578947368421,36,0,,,1.1388888888888888,32,38,14,12,-1,0,,,,,,0,0,0,,,,0,0,0,,,,0,0,0,,,,0,,,,61,61,61,61,0,0,0,0,0,0,,,,,,,,,,,1900.8006137807054,50.02106878370277,2282.3462020771126,60.061742159924016,,55,afeb5fe71ddc,-,none
TestDiagAnchoredChipDecomposition#3,1787687750-1468413,"free hit, fixed offset (control)",0,true,2022-23,2021-22,1,38,5,false,2109,1842,38,3,55.5,48.473684210526315,,,,,,,1845,48.55263157894737,1582,41.63157894736842,36,0,,,1.6666666666666667,32,34,18,8,14,0,,,,,,0,0,0,,,,0,0,0,,,,0,0,0,,,,0,,,,42,22,42,22,0,0,0,0,0,0,,,,,,,,,,,1851.9591496843016,48.73576709695531,2145.7011044067563,56.4658185370199,,55,fe5b3efc1102,-,none
TestDiagAnchoredChipDecomposition#3,1787687750-1468413,"free hit, fixed offset (control)",0,true,2023-24,2022-23,1,38,5,false,2304,1806,42,5,60.63157894736842,47.526315789473685,,,,,,,1780,46.8421052631579,1569,41.28947368421053,36,0,,,1.2222222222222223,32,36,14,9,13,0,,,,,,0,0,0,,,,0,0,0,,,,0,0,0,,,,0,,,,23,23,23,21,0,0,0,0,0,0,,,,,,,,,,,1847.281228959663,48.61266391999113,2343.8365177811284,61.67990836266127,,55,7df5f95f1759,-,none
TestDiagAnchoredChipDecomposition#3,1787687750-1468413,"free hit, fixed offset (control)",0,true,2024-25,2023-24,1,38,5,false,2321,1908,39,4,61.078947368421055,50.21052631578947,,,,,,,1890,49.73684210526316,1708,44.94736842105263,36,0,,,1.8888888888888888,32,36,14,14,6,0,,,,,,0,0,0,,,,0,0,0,,,,0,0,0,,,,0,,,,10,10,10,10,0,0,0,0,0,0,,,,,,,,,,,1984.839567078322,52.23262018627163,2250.36862775976,59.22022704630947,,55,d0f719155ebc,-,none
TestDiagAnchoredChipDecomposition#3,1787687750-1468413,"free hit, fixed offset (control)",0,true,2025-26,2024-25,1,38,5,false,2097,1523,38,3,55.18421052631579,40.078947368421055,,,,,,,1529,40.23684210526316,1375,36.18421052631579,36,0,,,1.2222222222222223,32,33,10,9,4,0,,,,,,0,0,0,,,,0,0,0,,,,0,0,0,,,,0,,,,10,10,10,10,0,0,0,0,0,0,,,,,,,,,,,1583.8646329653097,41.680648235929205,2024.2959108527493,53.27094502244077,,55,cdb305de770a,-,none
TestDiagAnchoredChipDecomposition#3,1787687750-1468413,"free hit, fixed offset (control)",0,true,2020-21,2019-20,6,33,5,false,1778,1613,33,2,53.878787878787875,48.878787878787875,,,,,,,1616,48.96969696969697,1430,43.333333333333336,31,0,,,1.4516129032258065,31,33,7,9,-4,0,,,,,,0,0,0,,,,0,0,0,,,,0,0,0,,,,0,,,,43,40,43,40,0,0,0,0,0,0,,,,,,,,,,,1684.09280283701,51.03311523748515,1882.2260917913522,57.03715429670764,,55,4b8efe4c64ac,-,none
TestDiagAnchoredChipDecomposition#3,1787687750-1468413,"free hit, fixed offset (control)",0,true,2021-22,2020-21,6,33,5,false,1894,1577,38,6,57.39393939393939,47.78787878787879,,,,,,,1600,48.484848484848484,1355,41.06060606060606,31,0,,,1.4516129032258065,31,38,12,10,-1,0,,,,,,0,0,0,,,,0,0,0,,,,0,0,0,,,,0,,,,61,61,61,61,0,0,0,0,0,0,,,,,,,,,,,1697.4573396224507,51.43810120068032,1980.684974438051,60.02075680115306,,55,f9ab0649ed9b,-,none
TestDiagAnchoredChipDecomposition#3,1787687750-1468413,"free hit, fixed offset (control)",0,true,2022-23,2021-22,6,33,5,false,1884,1558,33,2,57.09090909090909,47.21212121212121,,,,,,,1506,45.63636363636363,1379,41.78787878787879,31,0,,,2,31,33,16,5,13,0,,,,,,0,0,0,,,,0,0,0,,,,0,0,0,,,,0,,,,42,22,42,16,0,0,0,0,0,0,,,,,,,,,,,1553.0492825250883,47.06209947045722,1880.8117094230217,56.994294224940056,,55,8eeb264adf2d,-,none
TestDiagAnchoredChipDecomposition#3,1787687750-1468413,"free hit, fixed offset (control)",0,true,2023-24,2022-23,6,33,5,false,2060,1657,32,0,62.42424242424242,50.21212121212121,,,,,,,1635,49.54545454545455,1417,42.93939393939394,31,0,,,1.935483870967742,31,32,13,4,18,0,,,,,,0,0,0,,,,0,0,0,,,,0,0,0,,,,0,,,,23,21,21,21,0,0,0,0,0,0,,,,,,,,,,,1654.2916352626007,50.13004955341214,2076.649403285868,62.92876979654146,,55,e4d98525659c,-,none
TestDiagAnchoredChipDecomposition#3,1787687750-1468413,"free hit, fixed offset (control)",0,true,2024-25,2023-24,6,33,5,false,1981,1762,33,2,60.03030303030303,53.39393939393939,,,,,,,1659,50.27272727272727,1503,45.54545454545455,31,0,,,1.7419354838709677,31,33,12,7,15,0,,,,,,0,0,0,,,,0,0,0,,,,0,0,0,,,,0,,,,10,10,10,10,0,0,0,0,0,0,,,,,,,,,,,1774.8051976947927,53.781975687720994,2006.5283684864853,60.80388995413592,,55,5f44285da178,-,none
TestDiagAnchoredChipDecomposition#3,1787687750-1468413,"free hit, fixed offset (control)",0,true,2025-26,2024-25,6,33,5,false,1870,1744,32,2,56.666666666666664,52.84848484848485,,,,,,,1666,50.484848484848484,1521,46.09090909090909,31,0,,,2,31,32,9,12,-12,0,,,,,,0,0,0,,,,0,0,0,,,,0,0,0,,,,0,,,,10,10,10,10,0,0,0,0,0,0,,,,,,,,,,,1684.66381809842,51.05041873025515,1817.7799766445728,55.084241716502206,,55,0dc2d2b17e58,-,none
TestDiagAnchoredChipDecomposition#3,1787687750-1468413,"free hit, fixed offset (control)",0,true,2020-21,2019-20,11,28,5,false,1738,1470,26,0,62.07142857142857,52.5,,,,,,,1471,52.535714285714285,1296,46.285714285714285,26,0,,,1.5,26,26,7,12,-5,0,,,,,,0,0,0,,,,0,0,0,,,,0,0,0,,,,0,,,,43,38,43,38,0,0,0,0,0,0,,,,,,,,,,,1497.7056209445889,53.48948646230674,1689.402947845526,60.33581956591164,,55,0b19fd9cb5d8,-,none
TestDiagAnchoredChipDecomposition#3,1787687750-1468413,"free hit, fixed offset (control)",0,true,2021-22,2020-21,11,28,5,false,1605,1607,32,4,57.32142857142857,57.392857142857146,,,,,,,1635,58.392857142857146,1447,51.67857142857143,26,0,,,1.1153846153846154,26,32,12,7,4,0,,,,,,0,0,0,,,,0,0,0,,,,0,0,0,,,,0,,,,61,61,61,59,0,0,0,0,0,0,,,,,,,,,,,1600.0342377478514,57.144079919566124,1672.9018757816543,59.74649556363051,,55,b9a408253035,-,none
TestDiagAnchoredChipDecomposition#3,1787687750-1468413,"free hit, fixed offset (control)",0,true,2022-23,2021-22,11,28,5,false,1691,1522,27,1,60.392857142857146,54.357142857142854,,,,,,,1424,50.857142857142854,1338,47.785714285714285,26,0,,,1.7692307692307692,26,27,11,5,10,0,,,,,,0,0,0,,,,0,0,0,,,,0,0,0,,,,0,,,,42,16,42,14,0,0,0,0,0,0,,,,,,,,,,,1479.5001593995037,52.83929140712513,1656.0591099640285,59.144968213001015,,55,97ce7fa5cdc4,-,none
TestDiagAnchoredChipDecomposition#3,1787687750-1468413,"free hit, fixed offset (control)",0,true,2023-24,2022-23,11,28,5,false,1680,1438,27,1,60,51.357142857142854,,,,,,,1415,50.535714285714285,1257,44.892857142857146,26,0,,,2.1538461538461537,26,27,8,9,0,0,,,,,,0,0,0,,,,0,0,0,,,,0,0,0,,,,0,,,,21,21,21,21,0,0,0,0,0,0,,,,,,,,,,,1421.482920429,50.76724715817857,1719.1918088345137,61.39970745837549,,55,025d70cb5565,-,none
TestDiagAnchoredChipDecomposition#3,1787687750-1468413,"free hit, fixed offset (control)",0,true,2024-25,2023-24,11,28,5,false,1800,1704,22,0,64.28571428571429,60.857142857142854,,,,,,,1704,60.857142857142854,1435,51.25,26,0,,,2.923076923076923,26,22,8,9,4,0,,,,,,0,0,0,,,,0,0,0,,,,0,0,0,,,,0,,,,10,10,10,8,0,0,0,0,0,0,,,,,,,,,,,1656.4013083792024,59.15718958497151,1779.9572282001545,63.569901007148374,,55,d7639030dcde,-,none
TestDiagAnchoredChipDecomposition#3,1787687750-1468413,"free hit, fixed offset (control)",0,true,2025-26,2024-25,11,28,5,false,1466,1497,25,0,52.357142857142854,53.464285714285715,,,,,,,1469,52.464285714285715,1312,46.857142857142854,26,0,,,2.6538461538461537,26,25,10,9,-4,0,,,,,,0,0,0,,,,0,0,0,,,,0,0,0,,,,0,,,,10,10,10,10,0,0,0,0,0,0,,,,,,,,,,,1497.3270878420508,53.47596742293039,1511.6325491068699,53.98687675381678,,55,b5c18c2f39b5,-,none
TestDiagAnchoredChipDecomposition#3,1787687750-1468413,"free hit, fixed offset (control)",0,true,2020-21,2019-20,16,23,5,false,1365,1197,24,3,59.34782608695652,52.04347826086956,,,,,,,1165,50.65217391304348,1052,45.73913043478261,21,0,,,1.4761904761904763,21,24,10,9,7,0,,,,,,0,0,0,,,,0,0,0,,,,0,0,0,,,,0,,,,43,34,32,23,0,0,0,0,0,0,,,,,,,,,,,1237.3135049055645,53.796239343720195,1387.4530950191124,60.32404760952663,,55,622ca390c425,-,none
TestDiagAnchoredChipDecomposition#3,1787687750-1468413,"free hit, fixed offset (control)",0,true,2021-22,2020-21,16,23,5,false,1326,1260,26,4,57.65217391304348,54.78260869565217,,,,,,,1278,55.56521739130435,1153,50.130434782608695,21,0,,,1.2380952380952381,21,26,9,6,5,0,,,,,,0,0,0,,,,0,0,0,,,,0,0,0,,,,0,,,,61,57,61,27,0,0,0,0,0,0,,,,,,,,,,,1299.404660675238,56.495854811966865,1430.326463468932,62.18810710734487,,55,88076620b267,-,none
TestDiagAnchoredChipDecomposition#3,1787687750-1468413,"free hit, fixed offset (control)",0,true,2022-23,2021-22,16,23,5,false,1392,1105,24,2,60.52173913043478,48.04347826086956,,,,,,,1044,45.391304347826086,937,40.73913043478261,21,0,,,1.7142857142857142,21,24,12,6,12,0,,,,,,0,0,0,,,,0,0,0,,,,0,0,0,,,,0,,,,42,14,36,14,0,0,0,0,0,0,,,,,,,,,,,1119.7112697104055,48.68309868306111,1397.2859286702255,60.751562116096764,,55,f8a4e38b18ca,-,none
TestDiagAnchoredChipDecomposition#3,1787687750-1468413,"free hit, fixed offset (control)",0,true,2023-24,2022-23,16,23,5,false,1363,1084,24,2,59.26086956521739,47.130434782608695,,,,,,,1084,47.130434782608695,933,40.56521739130435,21,0,,,1.4761904761904763,21,24,11,3,14,0,,,,,,0,0,0,,,,0,0,0,,,,0,0,0,,,,0,,,,21,21,21,17,0,0,0,0,0,0,,,,,,,,,,,1099.691923459973,47.81269232434665,1423.7396123185601,61.90172227472001,,55,36f167db5055,-,none
TestDiagAnchoredChipDecomposition#3,1787687750-1468413,"free hit, fixed offset (control)",0,true,2024-25,2023-24,16,23,5,false,1398,1336,21,2,60.78260869565217,58.08695652173913,,,,,,,1336,58.08695652173913,1143,49.69565217391305,21,0,,,1.9523809523809523,21,21,9,9,3,0,,,,,,0,0,0,,,,0,0,0,,,,0,0,0,,,,0,,,,10,8,10,8,0,0,0,0,0,0,,,,,,,,,,,1343.592503938876,58.41706538864678,1417.4115659385957,61.626589823417206,,55,35d18512b286,-,none
TestDiagAnchoredChipDecomposition#3,1787687750-1468413,"free hit, fixed offset (control)",0,true,2025-26,2024-25,16,23,5,false,1357,1239,23,2,59,53.869565217391305,,,,,,,1240,53.91304347826087,1078,46.869565217391305,21,0,,,1.5238095238095237,21,23,5,5,-3,0,,,,,,0,0,0,,,,0,0,0,,,,0,0,0,,,,0,,,,10,10,10,10,0,0,0,0,0,0,,,,,,,,,,,1200.4366802788975,52.19289914256076,1261.4415570047036,54.845285087161024,,55,79c6b1beebb5,-,none
TestDiagAnchoredChipDecomposition#3,1787687750-1468413,"free hit, fixed offset (control)",0,true,2020-21,2019-20,21,18,5,false,1066,942,17,2,59.22222222222222,52.333333333333336,,,,,,,963,53.5,845,46.94444444444444,16,0,,,1.5625,16,17,6,7,-5,0,,,,,,0,0,0,,,,0,0,0,,,,0,0,0,,,,0,,,,32,23,26,23,0,0,0,0,0,0,,,,,,,,,,,965.0577004029183,53.614316689051016,1085.0624141276492,60.28124522931384,,55,3828563d2a28,-,none
TestDiagAnchoredChipDecomposition#3,1787687750-1468413,"free hit, fixed offset (control)",0,true,2021-22,2020-21,21,18,5,false,1064,953,20,2,59.111111111111114,52.94444444444444,,,,,,,971,53.94444444444444,864,48,16,0,,,1.1875,16,20,11,6,4,0,,,,,,0,0,0,,,,0,0,0,,,,0,0,0,,,,0,,,,59,25,51,19,0,0,0,0,0,0,,,,,,,,,,,1010.4492908798748,56.136071715548596,1086.4732787757082,60.35962659865046,,55,a131d6c7c832,-,none
TestDiagAnchoredChipDecomposition#3,1787687750-1468413,"free hit, fixed offset (control)",0,true,2022-23,2021-22,21,18,5,false,1144,1122,17,1,63.55555555555556,62.333333333333336,,,,,,,1112,61.77777777777778,973,54.05555555555556,16,0,,,1.9375,16,17,8,2,7,0,,,,,,0,0,0,,,,0,0,0,,,,0,0,0,,,,0,,,,36,14,28,10,0,0,0,0,0,0,,,,,,,,,,,1102.1881119797733,61.23267288776518,1183.2686117968067,65.7371450998226,,55,89fb3cc109c9,-,none
TestDiagAnchoredChipDecomposition#3,1787687750-1468413,"free hit, fixed offset (control)",0,true,2023-24,2022-23,21,18,5,false,1136,914,18,1,63.111111111111114,50.77777777777778,,,,,,,904,50.22222222222222,795,44.166666666666664,16,0,,,1.5625,16,18,7,3,5,0,,,,,,0,0,0,,,,0,0,0,,,,0,0,0,,,,0,,,,21,17,17,17,0,0,0,0,0,0,,,,,,,,,,,992.2159009248605,55.1231056069367,1155.6084067679437,64.20046704266355,,55,5c9bee1e51ad,-,none
TestDiagAnchoredChipDecomposition#3,1787687750-1468413,"free hit, fixed offset (control)",0,true,2024-25,2023-24,21,18,5,false,1068,1047,13,0,59.333333333333336,58.166666666666664,,,,,,,1047,58.166666666666664,912,50.666666666666664,16,0,,,2.375,16,13,4,2,4,0,,,,,,0,0,0,,,,0,0,0,,,,0,0,0,,,,0,,,,10,8,6,8,0,0,0,0,0,0,,,,,,,,,,,1083.1214825517532,60.17341569731962,1086.8526941418777,60.38070523010432,,55,0f4f24f82c7f,-,none
TestDiagAnchoredChipDecomposition#3,1787687750-1468413,"free hit, fixed offset (control)",0,true,2025-26,2024-25,21,18,5,false,1066,960,17,0,59.22222222222222,53.333333333333336,,,,,,,937,52.05555555555556,851,47.27777777777778,16,0,,,2.3125,16,17,5,7,-8,0,,,,,,0,0,0,,,,0,0,0,,,,0,0,0,,,,0,,,,10,10,10,10,0,0,0,0,0,0,,,,,,,,,,,945.3521895380395,52.51956608544664,1028.0098015513029,57.11165564173905,,55,5f242414233f,-,none
TestDiagAnchoredChipDecomposition#3,1787687750-1468413,"free hit, fixed offset (control)",0,true,2020-21,2019-20,26,13,5,false,676,652,10,1,52,50.15384615384615,,,,,,,660,50.76923076923077,593,45.61538461538461,11,0,,,1.5454545454545454,11,10,2,7,-7,0,,,,,,0,0,0,,,,0,0,0,,,,0,0,0,,,,0,,,,12,23,10,11,0,0,0,0,0,0,,,,,,,,,,,692.6716675241399,53.28243596339538,731.2241719166234,56.248013224355645,,55,9e10f072ee0b,-,none
TestDiagAnchoredChipDecomposition#3,1787687750-1468413,"free hit, fixed offset (control)",0,true,2021-22,2020-21,26,13,5,false,764,636,12,1,58.76923076923077,48.92307692307692,,,,,,,634,48.76923076923077,578,44.46153846153846,11,0,,,1.3636363636363635,11,12,5,0,8,0,,,,,,0,0,0,,,,0,0,0,,,,0,0,0,,,,0,,,,43,19,28,4,0,0,0,0,0,0,,,,,,,,,,,683.4259804919013,52.571229268607794,831.9636920389295,63.99720707991765,,55,1283622164da,-,none
TestDiagAnchoredChipDecomposition#3,1787687750-1468413,"free hit, fixed offset (control)",0,true,2022-23,2021-22,26,13,5,false,879,812,12,0,67.61538461538461,62.46153846153846,,,,,,,808,62.15384615384615,696,53.53846153846154,11,0,,,1.6363636363636365,11,12,5,3,0,0,,,,,,0,0,0,,,,0,0,0,,,,0,0,0,,,,0,,,,28,10,12,4,0,0,0,0,0,0,,,,,,,,,,,799.3800118635701,61.49077014335155,873.4891272955809,67.19147133042931,,55,485d7e3d0d70,-,none
TestDiagAnchoredChipDecomposition#3,1787687750-1468413,"free hit, fixed offset (control)",0,true,2023-24,2022-23,26,13,5,false,813,620,13,1,62.53846153846154,47.69230769230769,,,,,,,622,47.84615384615385,551,42.38461538461539,11,0,,,1.4545454545454546,11,13,5,2,4,0,,,,,,0,0,0,,,,0,0,0,,,,0,0,0,,,,0,,,,17,13,15,1,0,0,0,0,0,0,,,,,,,,,,,642.2998216821011,49.40767859093085,781.5372321844961,60.11824862957663,,55,72c93b86408c,-,none
TestDiagAnchoredChipDecomposition#3,1787687750-1468413,"free hit, fixed offset (control)",0,true,2024-25,2023-24,26,13,5,false,721,707,10,1,55.46153846153846,54.38461538461539,,,,,,,707,54.38461538461539,634,48.76923076923077,11,0,,,1.7272727272727273,11,10,6,3,4,0,,,,,,0,0,0,,,,0,0,0,,,,0,0,0,,,,0,,,,6,8,6,4,0,0,0,0,0,0,,,,,,,,,,,740.0878334123199,56.92983333940923,761.6949667616162,58.591920520124326,,55,ecd4bb429175,-,none
TestDiagAnchoredChipDecomposition#3,1787687750-1468413,"free hit, fixed offset (control)",0,true,2025-26,2024-25,26,13,5,false,777,722,9,0,59.76923076923077,55.53846153846154,,,,,,,723,55.61538461538461,621,47.76923076923077,11,0,,,1.6363636363636365,11,9,2,5,-5,0,,,,,,0,0,0,,,,0,0,0,,,,0,0,0,,,,0,,,,8,10,8,10,0,0,0,0,0,0,,,,,,,,,,,694.5126727817831,53.42405175244485,729.5913643293371,56.12241264071824,,55,e11437c54d5d,-,none
TestDiagAnchoredChipDecomposition#3,1787687750-1468413,"free hit, anchored (4gw sight)",1,false,2020-21,2019-20,1,38,5,false,2158,1628,41,6,56.78947368421053,42.8421052631579,,,,,,,1628,42.8421052631579,1388,36.526315789473685,36,0,,,1.3333333333333333,32,36,6,14,-9,0,,,,,,0,0,0,,,,0,0,0,,,,0,0,0,,,,0,,,,43,40,43,40,0,0,0,0,0,0,,,,,,,,,,,1629.8410135822319,42.8905529890061,2145.9427435707116,56.47217746238715,,55,98b82c09e797,-,none
TestDiagAnchoredChipDecomposition#3,1787687750-1468413,"free hit, anchored (4gw sight)",1,false,2021-22,2020-21,1,38,5,false,2250,1896,43,6,59.21052631578947,49.89473684210526,,,,,,,1941,51.078947368421055,1646,43.31578947368421,36,0,,,1.1388888888888888,32,38,16,12,9,0,,,,,,0,0,0,,,,0,0,0,,,,0,0,0,,,,0,,,,61,61,61,61,0,0,0,0,0,0,,,,,,,,,,,1900.8006137807054,50.02106878370277,2268.669123723209,59.701819045347605,,55,afeb5fe71ddc,-,none
TestDiagAnchoredChipDecomposition#3,1787687750-1468413,"free hit, anchored (4gw sight)",1,false,2022-23,2021-22,1,38,5,false,2161,1842,41,4,56.86842105263158,48.473684210526315,,,,,,,1845,48.55263157894737,1582,41.63157894736842,36,0,,,1.5833333333333333,32,37,14,8,13,0,,,,,,0,0,0,,,,0,0,0,,,,0,0,0,,,,0,,,,42,22,42,22,0,0,0,0,0,0,,,,,,,,,,,1851.9591496843016,48.73576709695531,2132.1259240616487,56.10857694899075,,55,fe5b3efc1102,-,none
TestDiagAnchoredChipDecomposition#3,1787687750-1468413,"free hit, anchored (4gw sight)",1,false,2023-24,2022-23,1,38,5,false,2328,1806,42,5,61.26315789473684,47.526315789473685,,,,,,,1780,46.8421052631579,1569,41.28947368421053,36,0,,,1.25,32,36,15,9,13,0,,,,,,0,0,0,,,,0,0,0,,,,0,0,0,,,,0,,,,23,23,23,21,0,0,0,0,0,0,,,,,,,,,,,1847.281228959663,48.61266391999113,2357.9559023066704,62.051471113333434,,55,7df5f95f1759,-,none
TestDiagAnchoredChipDecomposition#3,1787687750-1468413,"free hit, anchored (4gw sight)",1,false,2024-25,2023-24,1,38,5,false,2324,1908,40,4,61.1578947368421,50.21052631578947,,,,,,,1890,49.73684210526316,1708,44.94736842105263,36,0,,,1.5277777777777777,32,37,16,10,7,0,,,,,,0,0,0,,,,0,0,0,,,,0,0,0,,,,0,,,,10,10,10,10,0,0,0,0,0,0,,,,,,,,,,,1984.839567078322,52.23262018627163,2261.2823940069215,59.50743142123478,,55,d0f719155ebc,-,none
TestDiagAnchoredChipDecomposition#3,1787687750-1468413,"free hit, anchored (4gw sight)",1,false,2025-26,2024-25,1,38,5,false,2154,1523,39,3,56.68421052631579,40.078947368421055,,,,,,,1529,40.23684210526316,1375,36.18421052631579,36,0,,,1.1944444444444444,32,34,11,9,5,0,,,,,,0,0,0,,,,0,0,0,,,,0,0,0,,,,0,,,,10,10,10,10,0,0,0,0,0,0,,,,,,,,,,,1583.8646329653097,41.680648235929205,2040.1655391459012,53.68856681962898,,55,cdb305de770a,-,none
TestDiagAnchoredChipDecomposition#3,1787687750-1468413,"free hit, anchored (4gw sight)",1,false,2020-21,2019-20,6,33,5,false,1872,1613,35,4,56.72727272727273,48.878787878787875,,,,,,,1616,48.96969696969697,1430,43.333333333333336,31,0,,,1.5161290322580645,31,35,10,13,-6,0,,,,,,0,0,0,,,,0,0,0,,,,0,0,0,,,,0,,,,43,40,43,40,0,0,0,0,0,0,,,,,,,,,,,1684.09280283701,51.03311523748515,1939.8523397129827,58.78340423372675,,55,4b8efe4c64ac,-,none
TestDiagAnchoredChipDecomposition#3,1787687750-1468413,"free hit, anchored (4gw sight)",1,false,2021-22,2020-21,6,33,5,false,1875,1577,39,7,56.81818181818182,47.78787878787879,,,,,,,1600,48.484848484848484,1355,41.06060606060606,31,0,,,1.3548387096774193,31,39,14,10,2,0,,,,,,0,0,0,,,,0,0,0,,,,0,0,0,,,,0,,,,61,61,61,61,0,0,0,0,0,0,,,,,,,,,,,1697.4573396224507,51.43810120068032,1969.803670149327,59.69102030755536,,55,f9ab0649ed9b,-,none
TestDiagAnchoredChipDecomposition#3,1787687750-1468413,"free hit, anchored (4gw sight)",1,false,2022-23,2021-22,6,33,5,false,1816,1558,32,0,55.03030303030303,47.21212121212121,,,,,,,1506,45.63636363636363,1379,41.78787878787879,31,0,,,2.2580645161290325,31,32,19,7,17,0,,,,,,0,0,0,,,,0,0,0,,,,0,0,0,,,,0,,,,42,22,42,16,0,0,0,0,0,0,,,,,,,,,,,1553.0492825250883,47.06209947045722,1844.363857835245,55.889813873795305,,55,8eeb264adf2d,-,none
TestDiagAnchoredChipDecomposition#3,1787687750-1468413,"free hit, anchored (4gw sight)",1,false,2023-24,2022-23,6,33,5,false,2091,1657,32,0,63.36363636363637,50.21212121212121,,,,,,,1635,49.54545454545455,1417,42.93939393939394,31,0,,,1.967741935483871,31,32,13,3,19,0,,,,,,0,0,0,,,,0,0,0,,,,0,0,0,,,,0,,,,23,21,21,21,0,0,0,0,0,0,,,,,,,,,,,1654.2916352626007,50.13004955341214,2101.462216562702,63.68067322917279,,55,e4d98525659c,-,none
TestDiagAnchoredChipDecomposition#3,1787687750-1468413,"free hit, anchored (4gw sight)",1,false,2024-25,2023-24,6,33,5,false,1998,1762,28,1,60.54545454545455,53.39393939393939,,,,,,,1659,50.27272727272727,1503,45.54545454545455,31,0,,,2.967741935483871,31,28,15,7,9,0,,,,,,0,0,0,,,,0,0,0,,,,0,0,0,,,,0,,,,10,10,10,10,0,0,0,0,0,0,,,,,,,,,,,1774.8051976947927,53.781975687720994,2050.298784369353,62.1302661930107,,55,5f44285da178,-,none
TestDiagAnchoredChipDecomposition#3,1787687750-1468413,"free hit, anchored (4gw sight)",1,false,2025-26,2024-25,6,33,5,false,1859,1744,32,1,56.333333333333336,52.84848484848485,,,,,,,1666,50.484848484848484,1521,46.09090909090909,31,0,,,2,31,32,9,11,-12,0,,,,,,0,0,0,,,,0,0,0,,,,0,0,0,,,,0,,,,10,10,10,10,0,0,0,0,0,0,,,,,,,,,,,1684.66381809842,51.05041873025515,1809.6796995128582,54.838778773116914,,55,0dc2d2b17e58,-,none
TestDiagAnchoredChipDecomposition#3,1787687750-1468413,"free hit, anchored (4gw sight)",1,false,2020-21,2019-20,11,28,5,false,1606,1470,28,2,57.357142857142854,52.5,,,,,,,1471,52.535714285714285,1296,46.285714285714285,26,0,,,1.8076923076923077,26,28,3,13,-13,0,,,,,,0,0,0,,,,0,0,0,,,,0,0,0,,,,0,,,,43,38,43,38,0,0,0,0,0,0,,,,,,,,,,,1497.7056209445889,53.48948646230674,1634.8272680180066,58.38668814350024,,55,0b19fd9cb5d8,-,none
TestDiagAnchoredChipDecomposition#3,1787687750-1468413,"free hit, anchored (4gw sight)",1,false,2021-22,2020-21,11,28,5,false,1617,1607,34,7,57.75,57.392857142857146,,,,,,,1635,58.392857142857146,1447,51.67857142857143,26,0,,,1.1923076923076923,26,34,10,7,3,0,,,,,,0,0,0,,,,0,0,0,,,,0,0,0,,,,0,,,,61,61,61,59,0,0,0,0,0,0,,,,,,,,,,,1600.0342377478514,57.144079919566124,1684.7105189930949,60.16823282118196,,55,b9a408253035,-,none
TestDiagAnchoredChipDecomposition#3,1787687750-1468413,"free hit, anchored (4gw sight)",1,false,2022-23,2021-22,11,28,5,false,1713,1522,27,1,61.17857142857143,54.357142857142854,,,,,,,1424,50.857142857142854,1338,47.785714285714285,26,0,,,1.7307692307692308,26,27,11,5,9,0,,,,,,0,0,0,,,,0,0,0,,,,0,0,0,,,,0,,,,42,16,42,14,0,0,0,0,0,0,,,,,,,,,,,1479.5001593995037,52.83929140712513,1667.9092550485977,59.56818768030706,,55,97ce7fa5cdc4,-,none
TestDiagAnchoredChipDecomposition#3,1787687750-1468413,"free hit, anchored (4gw sight)",1,false,2023-24,2022-23,11,28,5,false,1689,1438,28,1,60.32142857142857,51.357142857142854,,,,,,,1415,50.535714285714285,1257,44.892857142857146,26,0,,,1.5,26,28,11,10,5,0,,,,,,0,0,0,,,,0,0,0,,,,0,0,0,,,,0,,,,21,21,21,21,0,0,0,0,0,0,,,,,,,,,,,1421.482920429,50.76724715817857,1760.9569469808396,62.891319535029986,,55,025d70cb5565,-,none
TestDiagAnchoredChipDecomposition#3,1787687750-1468413,"free hit, anchored (4gw sight)",1,false,2024-25,2023-24,11,28,5,false,1832,1704,27,1,65.42857142857143,60.857142857142854,,,,,,,1704,60.857142857142854,1435,51.25,26,0,,,1.6153846153846154,26,27,11,10,4,0,,,,,,0,0,0,,,,0,0,0,,,,0,0,0,,,,0,,,,10,10,10,8,0,0,0,0,0,0,,,,,,,,,,,1656.4013083792024,59.15718958497151,1759.6385229402656,62.84423296215234,,55,d7639030dcde,-,none
TestDiagAnchoredChipDecomposition#3,1787687750-1468413,"free hit, anchored (4gw sight)",1,false,2025-26,2024-25,11,28,5,false,1526,1497,26,1,54.5,53.464285714285715,,,,,,,1469,52.464285714285715,1312,46.857142857142854,26,0,,,2.1923076923076925,26,26,9,9,-3,0,,,,,,0,0,0,,,,0,0,0,,,,0,0,0,,,,0,,,,10,10,10,10,0,0,0,0,0,0,,,,,,,,,,,1497.3270878420508,53.47596742293039,1545.1396314264778,55.18355826523135,,55,b5c18c2f39b5,-,none
TestDiagAnchoredChipDecomposition#3,1787687750-1468413,"free hit, anchored (4gw sight)",1,false,2020-21,2019-20,16,23,5,false,1360,1197,24,4,59.130434782608695,52.04347826086956,,,,,,,1165,50.65217391304348,1052,45.73913043478261,21,0,,,1.619047619047619,21,24,7,8,2,0,,,,,,0,0,0,,,,0,0,0,,,,0,0,0,,,,0,,,,43,34,32,23,0,0,0,0,0,0,,,,,,,,,,,1237.3135049055645,53.796239343720195,1396.6108575474054,60.72221119771328,,55,622ca390c425,-,none
TestDiagAnchoredChipDecomposition#3,1787687750-1468413,"free hit, anchored (4gw sight)",1,false,2021-22,2020-21,16,23,5,false,1285,1260,27,4,55.869565217391305,54.78260869565217,,,,,,,1278,55.56521739130435,1153,50.130434782608695,21,0,,,1.1428571428571428,21,27,10,8,3,0,,,,,,0,0,0,,,,0,0,0,,,,0,0,0,,,,0,,,,61,57,61,27,0,0,0,0,0,0,,,,,,,,,,,1299.404660675238,56.495854811966865,1361.4231857221077,59.19231242270034,,55,88076620b267,-,none
TestDiagAnchoredChipDecomposition#3,1787687750-1468413,"free hit, anchored (4gw sight)",1,false,2022-23,2021-22,16,23,5,false,1366,1105,24,2,59.391304347826086,48.04347826086956,,,,,,,1044,45.391304347826086,937,40.73913043478261,21,0,,,1.5238095238095237,21,24,10,5,8,0,,,,,,0,0,0,,,,0,0,0,,,,0,0,0,,,,0,,,,42,14,36,14,0,0,0,0,0,0,,,,,,,,,,,1119.7112697104055,48.68309868306111,1371.2805489778066,59.62089343381768,,55,f8a4e38b18ca,-,none
TestDiagAnchoredChipDecomposition#3,1787687750-1468413,"free hit, anchored (4gw sight)",1,false,2023-24,2022-23,16,23,5,false,1429,1084,25,3,62.130434782608695,47.130434782608695,,,,,,,1084,47.130434782608695,933,40.56521739130435,21,0,,,1.4761904761904763,21,25,12,3,14,0,,,,,,0,0,0,,,,0,0,0,,,,0,0,0,,,,0,,,,21,21,21,17,0,0,0,0,0,0,,,,,,,,,,,1099.691923459973,47.81269232434665,1471.1217412437093,63.96181483668301,,55,36f167db5055,-,none
TestDiagAnchoredChipDecomposition#3,1787687750-1468413,"free hit, anchored (4gw sight)",1,false,2024-25,2023-24,16,23,5,false,1462,1336,21,0,63.56521739130435,58.08695652173913,,,,,,,1336,58.08695652173913,1143,49.69565217391305,21,0,,,1.6666666666666667,21,21,11,5,12,0,,,,,,0,0,0,,,,0,0,0,,,,0,0,0,,,,0,,,,10,8,10,8,0,0,0,0,0,0,,,,,,,,,,,1343.592503938876,58.41706538864678,1436.8846209788296,62.4732443903839,,55,35d18512b286,-,none
TestDiagAnchoredChipDecomposition#3,1787687750-1468413,"free hit, anchored (4gw sight)",1,false,2025-26,2024-25,16,23,5,false,1371,1239,23,2,59.608695652173914,53.869565217391305,,,,,,,1240,53.91304347826087,1078,46.869565217391305,21,0,,,1.5238095238095237,21,23,6,5,-1,0,,,,,,0,0,0,,,,0,0,0,,,,0,0,0,,,,0,,,,10,10,10,10,0,0,0,0,0,0,,,,,,,,,,,1200.4366802788975,52.19289914256076,1263.1659365419632,54.92025811052014,,55,79c6b1beebb5,-,none
TestDiagAnchoredChipDecomposition#3,1787687750-1468413,"free hit, anchored (4gw sight)",1,false,2020-21,2019-20,21,18,5,false,1053,942,18,2,58.5,52.333333333333336,,,,,,,963,53.5,845,46.94444444444444,16,0,,,1.4375,16,18,10,6,-2,0,,,,,,0,0,0,,,,0,0,0,,,,0,0,0,,,,0,,,,32,23,26,23,0,0,0,0,0,0,,,,,,,,,,,965.0577004029183,53.614316689051016,1070.3355888227281,59.46308826792934,,55,3828563d2a28,-,none
TestDiagAnchoredChipDecomposition#3,1787687750-1468413,"free hit, anchored (4gw sight)",1,false,2021-22,2020-21,21,18,5,false,1055,953,20,2,58.611111111111114,52.94444444444444,,,,,,,971,53.94444444444444,864,48,16,0,,,1.1875,16,20,8,5,2,0,,,,,,0,0,0,,,,0,0,0,,,,0,0,0,,,,0,,,,59,25,51,19,0,0,0,0,0,0,,,,,,,,,,,1010.4492908798748,56.136071715548596,1101.4935225840863,61.1940845880048,,55,a131d6c7c832,-,none
TestDiagAnchoredChipDecomposition#3,1787687750-1468413,"free hit, anchored (4gw sight)",1,false,2022-23,2021-22,21,18,5,false,1220,1122,17,0,67.77777777777777,62.333333333333336,,,,,,,1112,61.77777777777778,973,54.05555555555556,16,0,,,2.4375,16,17,8,2,6,0,,,,,,0,0,0,,,,0,0,0,,,,0,0,0,,,,0,,,,36,14,28,10,0,0,0,0,0,0,,,,,,,,,,,1102.1881119797733,61.23267288776518,1202.7412876648689,66.81896042582605,,55,89fb3cc109c9,-,none
TestDiagAnchoredChipDecomposition#3,1787687750-1468413,"free hit, anchored (4gw sight)",1,false,2023-24,2022-23,21,18,5,false,1152,914,18,1,64,50.77777777777778,,,,,,,904,50.22222222222222,795,44.166666666666664,16,0,,,1.5625,16,18,6,2,6,0,,,,,,0,0,0,,,,0,0,0,,,,0,0,0,,,,0,,,,21,17,17,17,0,0,0,0,0,0,,,,,,,,,,,992.2159009248605,55.1231056069367,1177.5802390150911,65.42112438972728,,55,5c9bee1e51ad,-,none
TestDiagAnchoredChipDecomposition#3,1787687750-1468413,"free hit, anchored (4gw sight)",1,false,2024-25,2023-24,21,18,5,false,1095,1047,14,0,60.833333333333336,58.166666666666664,,,,,,,1047,58.166666666666664,912,50.666666666666664,16,0,,,2.1875,16,14,7,3,5,0,,,,,,0,0,0,,,,0,0,0,,,,0,0,0,,,,0,,,,10,8,6,8,0,0,0,0,0,0,,,,,,,,,,,1083.1214825517532,60.17341569731962,1105.036573173859,61.39092073188106,,55,0f4f24f82c7f,-,none
TestDiagAnchoredChipDecomposition#3,1787687750-1468413,"free hit, anchored (4gw sight)",1,false,2025-26,2024-25,21,18,5,false,1072,960,15,0,59.55555555555556,53.333333333333336,,,,,,,937,52.05555555555556,851,47.27777777777778,16,0,,,2.5,16,15,3,7,-10,0,,,,,,0,0,0,,,,0,0,0,,,,0,0,0,,,,0,,,,10,10,10,10,0,0,0,0,0,0,,,,,,,,,,,945.3521895380395,52.51956608544664,1030.611106996156,57.25617261089755,,55,5f242414233f,-,none
TestDiagAnchoredChipDecomposition#3,1787687750-1468413,"free hit, anchored (4gw sight)",1,false,2020-21,2019-20,26,13,5,false,714,652,13,2,54.92307692307692,50.15384615384615,,,,,,,660,50.76923076923077,593,45.61538461538461,11,0,,,1.2727272727272727,11,13,3,7,-5,0,,,,,,0,0,0,,,,0,0,0,,,,0,0,0,,,,0,,,,12,23,10,11,0,0,0,0,0,0,,,,,,,,,,,692.6716675241399,53.28243596339538,763.6009835612672,58.738537197020555,,55,9e10f072ee0b,-,none
TestDiagAnchoredChipDecomposition#3,1787687750-1468413,"free hit, anchored (4gw sight)",1,false,2021-22,2020-21,26,13,5,false,801,636,13,1,61.61538461538461,48.92307692307692,,,,,,,634,48.76923076923077,578,44.46153846153846,11,0,,,1.1818181818181819,11,13,5,0,8,0,,,,,,0,0,0,,,,0,0,0,,,,0,0,0,,,,0,,,,43,19,28,4,0,0,0,0,0,0,,,,,,,,,,,683.4259804919013,52.571229268607794,864.2838157673643,66.48337044364341,,55,1283622164da,-,none
TestDiagAnchoredChipDecomposition#3,1787687750-1468413,"free hit, anchored (4gw sight)",1,false,2022-23,2021-22,26,13,5,false,931,812,11,0,71.61538461538461,62.46153846153846,,,,,,,808,62.15384615384615,696,53.53846153846154,11,0,,,1.6363636363636365,11,11,6,2,3,0,,,,,,0,0,0,,,,0,0,0,,,,0,0,0,,,,0,,,,28,10,12,4,0,0,0,0,0,0,,,,,,,,,,,799.3800118635701,61.49077014335155,890.7661876561626,68.52047597355097,,55,485d7e3d0d70,-,none
TestDiagAnchoredChipDecomposition#3,1787687750-1468413,"free hit, anchored (4gw sight)",1,false,2023-24,2022-23,26,13,5,false,818,620,13,1,62.92307692307692,47.69230769230769,,,,,,,622,47.84615384615385,551,42.38461538461539,11,0,,,1.3636363636363635,11,13,5,2,4,0,,,,,,0,0,0,,,,0,0,0,,,,0,0,0,,,,0,,,,17,13,15,1,0,0,0,0,0,0,,,,,,,,,,,642.2998216821011,49.40767859093085,786.1157241042122,60.47044031570863,,55,72c93b86408c,-,none
TestDiagAnchoredChipDecomposition#3,1787687750-1468413,"free hit, anchored (4gw sight)",1,false,2024-25,2023-24,26,13,5,false,746,707,11,0,57.38461538461539,54.38461538461539,,,,,,,707,54.38461538461539,634,48.76923076923077,11,0,,,1.5454545454545454,11,11,7,3,4,0,,,,,,0,0,0,,,,0,0,0,,,,0,0,0,,,,0,,,,6,8,6,4,0,0,0,0,0,0,,,,,,,,,,,740.0878334123199,56.92983333940923,780.12225641133,60.009404339333074,,55,ecd4bb429175,-,none
TestDiagAnchoredChipDecomposition#3,1787687750-1468413,"free hit, anchored (4gw sight)",1,false,2025-26,2024-25,26,13,5,false,793,722,10,0,61,55.53846153846154,,,,,,,723,55.61538461538461,621,47.76923076923077,11,0,,,1.5454545454545454,11,10,3,5,-3,0,,,,,,0,0,0,,,,0,0,0,,,,0,0,0,,,,0,,,,8,10,8,10,0,0,0,0,0,0,,,,,,,,,,,694.5126727817831,53.42405175244485,734.3354929574966,56.48734561211513,,55,e11437c54d5d,-,none
TestDiagAnchoredChipDecomposition#4,1787687750-1468413,"triple captain, fixed offset (control)",0,true,2020-21,2019-20,1,38,5,false,2157,1628,41,6,56.76315789473684,42.8421052631579,,,,,,,1628,42.8421052631579,1388,36.526315789473685,37,0,,,1.3243243243243243,33,36,6,14,-9,0,,,,,,0,0,0,,,,0,0,0,,,,0,0,0,,,,0,,,,43,40,43,40,0,0,0,0,14,16,,,,,,,,,,,1629.8410135822319,42.8905529890061,2134.9857740629704,56.18383615955185,,55,98b82c09e797,-,none
TestDiagAnchoredChipDecomposition#4,1787687750-1468413,"triple captain, fixed offset (control)",0,true,2021-22,2020-21,1,38,5,false,2281,1896,43,6,60.026315789473685,49.89473684210526,,,,,,,1941,51.078947368421055,1646,43.31578947368421,37,0,,,1.135135135135135,33,38,14,15,-2,0,,,,,,0,0,0,,,,0,0,0,,,,0,0,0,,,,0,,,,61,61,61,61,0,0,0,0,14,15,,,,,,,,,,,1900.8006137807054,50.02106878370277,2284.957242644504,60.13045375380273,,55,afeb5fe71ddc,-,none
TestDiagAnchoredChipDecomposition#4,1787687750-1468413,"triple captain, fixed offset (control)",0,true,2022-23,2021-22,1,38,5,false,2146,1842,41,4,56.473684210526315,48.473684210526315,,,,,,,1845,48.55263157894737,1582,41.63157894736842,37,0,,,1.5675675675675675,33,37,14,8,13,0,,,,,,0,0,0,,,,0,0,0,,,,0,0,0,,,,0,,,,42,22,42,22,0,0,0,0,14,1,,,,,,,,,,,1851.9591496843016,48.73576709695531,2129.731888115468,56.045576003038626,,55,fe5b3efc1102,-,none
TestDiagAnchoredChipDecomposition#4,1787687750-1468413,"triple captain, fixed offset (control)",0,true,2023-24,2022-23,1,38,5,false,2318,1806,42,5,61,47.526315789473685,,,,,,,1780,46.8421052631579,1569,41.28947368421053,37,0,,,1.2162162162162162,33,36,14,9,13,0,,,,,,0,0,0,,,,0,0,0,,,,0,0,0,,,,0,,,,23,23,23,21,0,0,0,0,14,5,,,,,,,,,,,1847.281228959663,48.61266391999113,2352.4554231358165,61.90672166146886,,55,7df5f95f1759,-,none
TestDiagAnchoredChipDecomposition#4,1787687750-1468413,"triple captain, fixed offset (control)",0,true,2024-25,2023-24,1,38,5,false,2271,1908,40,4,59.76315789473684,50.21052631578947,,,,,,,1890,49.73684210526316,1708,44.94736842105263,37,0,,,1.5135135135135136,33,37,17,10,9,0,,,,,,0,0,0,,,,0,0,0,,,,0,0,0,,,,0,,,,10,10,10,10,0,0,0,0,0,0,,,,,,,,,,,1984.839567078322,52.23262018627163,2247.2356208177816,59.13777949520478,,55,d0f719155ebc,-,none
TestDiagAnchoredChipDecomposition#4,1787687750-1468413,"triple captain, fixed offset (control)",0,true,2025-26,2024-25,1,38,5,false,2099,1523,38,3,55.23684210526316,40.078947368421055,,,,,,,1529,40.23684210526316,1375,36.18421052631579,37,0,,,1.2162162162162162,33,33,10,9,4,0,,,,,,0,0,0,,,,0,0,0,,,,0,0,0,,,,0,,,,10,10,10,10,0,0,0,0,0,0,,,,,,,,,,,1583.8646329653097,41.680648235929205,2020.731301295924,53.17713950778747,,55,cdb305de770a,-,none
TestDiagAnchoredChipDecomposition#4,1787687750-1468413,"triple captain, fixed offset (control)",0,true,2020-21,2019-20,6,33,5,false,1839,1613,32,2,55.72727272727273,48.878787878787875,,,,,,,1616,48.96969696969697,1430,43.333333333333336,32,0,,,1.625,32,32,11,11,-3,0,,,,,,0,0,0,,,,0,0,0,,,,0,0,0,,,,0,,,,43,40,43,40,0,0,0,0,19,8,,,,,,,,,,,1684.09280283701,51.03311523748515,1930.844538448873,58.510440559056754,,55,4b8efe4c64ac,-,none
TestDiagAnchoredChipDecomposition#4,1787687750-1468413,"triple captain, fixed offset (control)",0,true,2021-22,2020-21,6,33,5,false,1837,1577,40,8,55.666666666666664,47.78787878787879,,,,,,,1600,48.484848484848484,1355,41.06060606060606,32,0,,,1.34375,32,40,15,13,2,0,,,,,,0,0,0,,,,0,0,0,,,,0,0,0,,,,0,,,,61,61,61,61,0,0,0,0,19,0,,,,,,,,,,,1697.4573396224507,51.43810120068032,1936.9085178927571,58.694197511901734,,55,f9ab0649ed9b,-,none
TestDiagAnchoredChipDecomposition#4,1787687750-1468413,"triple captain, fixed offset (control)",0,true,2022-23,2021-22,6,33,5,false,1885,1558,35,4,57.121212121212125,47.21212121212121,,,,,,,1506,45.63636363636363,1379,41.78787878787879,32,0,,,1.78125,32,35,16,6,12,0,,,,,,0,0,0,,,,0,0,0,,,,0,0,0,,,,0,,,,42,22,42,16,0,0,0,0,19,16,,,,,,,,,,,1553.0492825250883,47.06209947045722,1848.720212487391,56.02182462083003,,55,8eeb264adf2d,-,none
TestDiagAnchoredChipDecomposition#4,1787687750-1468413,"triple captain, fixed offset (control)",0,true,2023-24,2022-23,6,33,5,false,2051,1657,32,0,62.15151515151515,50.21212121212121,,,,,,,1635,49.54545454545455,1417,42.93939393939394,32,0,,,1.9375,32,32,13,4,18,0,,,,,,0,0,0,,,,0,0,0,,,,0,0,0,,,,0,,,,23,21,21,21,0,0,0,0,19,3,,,,,,,,,,,1654.2916352626007,50.13004955341214,2074.9869057598976,62.87839108363326,,55,e4d98525659c,-,none
TestDiagAnchoredChipDecomposition#4,1787687750-1468413,"triple captain, fixed offset (control)",0,true,2024-25,2023-24,6,33,5,false,1976,1762,29,1,59.878787878787875,53.39393939393939,,,,,,,1659,50.27272727272727,1503,45.54545454545455,32,0,,,2.71875,32,29,15,7,10,0,,,,,,0,0,0,,,,0,0,0,,,,0,0,0,,,,0,,,,10,10,10,10,0,0,0,0,0,0,,,,,,,,,,,1774.8051976947927,53.781975687720994,2036.651181571714,61.71670247187012,,55,5f44285da178,-,none
TestDiagAnchoredChipDecomposition#4,1787687750-1468413,"triple captain, fixed offset (control)",0,true,2025-26,2024-25,6,33,5,false,1859,1744,32,2,56.333333333333336,52.84848484848485,,,,,,,1666,50.484848484848484,1521,46.09090909090909,32,0,,,1.96875,32,32,9,12,-12,0,,,,,,0,0,0,,,,0,0,0,,,,0,0,0,,,,0,,,,10,10,10,10,0,0,0,0,0,0,,,,,,,,,,,1684.66381809842,51.05041873025515,1809.2286386517571,54.82511026217446,,55,0dc2d2b17e58,-,none
TestDiagAnchoredChipDecomposition#4,1787687750-1468413,"triple captain, fixed offset (control)",0,true,2020-21,2019-20,11,28,5,false,1698,1470,27,1,60.642857142857146,52.5,,,,,,,1471,52.535714285714285,1296,46.285714285714285,27,0,,,1.6296296296296295,27,27,7,11,-5,0,,,,,,0,0,0,,,,0,0,0,,,,0,0,0,,,,0,,,,43,38,43,38,0,0,0,0,24,9,,,,,,,,,,,1497.7056209445889,53.48948646230674,1671.5931482754122,59.69975529555044,,55,0b19fd9cb5d8,-,none
TestDiagAnchoredChipDecomposition#4,1787687750-1468413,"triple captain, fixed offset (control)",0,true,2021-22,2020-21,11,28,5,false,1622,1607,34,7,57.92857142857143,57.392857142857146,,,,,,,1635,58.392857142857146,1447,51.67857142857143,27,0,,,1.0740740740740742,27,34,12,7,6,0,,,,,,0,0,0,,,,0,0,0,,,,0,0,0,,,,0,,,,61,61,61,59,0,0,0,0,24,6,,,,,,,,,,,1600.0342377478514,57.144079919566124,1694.634660465705,60.522666445203754,,55,b9a408253035,-,none
TestDiagAnchoredChipDecomposition#4,1787687750-1468413,"triple captain, fixed offset (control)",0,true,2022-23,2021-22,11,28,5,false,1691,1522,27,1,60.392857142857146,54.357142857142854,,,,,,,1424,50.857142857142854,1338,47.785714285714285,27,0,,,1.7037037037037037,27,27,11,5,9,0,,,,,,0,0,0,,,,0,0,0,,,,0,0,0,,,,0,,,,42,16,42,14,0,0,0,0,24,6,,,,,,,,,,,1479.5001593995037,52.83929140712513,1653.1721806821377,59.04186359579063,,55,97ce7fa5cdc4,-,none
TestDiagAnchoredChipDecomposition#4,1787687750-1468413,"triple captain, fixed offset (control)",0,true,2023-24,2022-23,11,28,5,false,1667,1438,27,1,59.535714285714285,51.357142857142854,,,,,,,1415,50.535714285714285,1257,44.892857142857146,27,0,,,1.5185185185185186,27,27,11,10,9,0,,,,,,0,0,0,,,,0,0,0,,,,0,0,0,,,,0,,,,21,21,21,21,0,0,0,0,24,15,,,,,,,,,,,1421.482920429,50.76724715817857,1743.9484892894754,62.28387461748127,,55,025d70cb5565,-,none
TestDiagAnchoredChipDecomposition#4,1787687750-1468413,"triple captain, fixed offset (control)",0,true,2024-25,2023-24,11,28,5,false,1793,1704,27,1,64.03571428571429,60.857142857142854,,,,,,,1704,60.857142857142854,1435,51.25,27,0,,,1.5555555555555556,27,27,10,10,2,0,,,,,,0,0,0,,,,0,0,0,,,,0,0,0,,,,0,,,,10,10,10,8,0,0,0,0,0,0,,,,,,,,,,,1656.4013083792024,59.15718958497151,1740.2503337356918,62.151797633417566,,55,d7639030dcde,-,none
TestDiagAnchoredChipDecomposition#4,1787687750-1468413,"triple captain, fixed offset (control)",0,true,2025-26,2024-25,11,28,5,false,1509,1497,27,2,53.892857142857146,53.464285714285715,,,,,,,1469,52.464285714285715,1312,46.857142857142854,27,0,,,2.111111111111111,27,27,9,9,-4,0,,,,,,0,0,0,,,,0,0,0,,,,0,0,0,,,,0,,,,10,10,10,10,0,0,0,0,0,0,,,,,,,,,,,1497.3270878420508,53.47596742293039,1530.5888898871515,54.663888924541126,,55,b5c18c2f39b5,-,none
TestDiagAnchoredChipDecomposition#4,1787687750-1468413,"triple captain, fixed offset (control)",0,true,2020-21,2019-20,16,23,5,false,1350,1197,24,4,58.69565217391305,52.04347826086956,,,,,,,1165,50.65217391304348,1052,45.73913043478261,22,0,,,1.5909090909090908,22,24,7,8,2,0,,,,,,0,0,0,,,,0,0,0,,,,0,0,0,,,,0,,,,43,34,32,23,0,0,0,0,29,7,,,,,,,,,,,1237.3135049055645,53.796239343720195,1377.9954107443195,59.9128439454052,,55,622ca390c425,-,none
TestDiagAnchoredChipDecomposition#4,1787687750-1468413,"triple captain, fixed offset (control)",0,true,2021-22,2020-21,16,23,5,false,1331,1260,25,4,57.869565217391305,54.78260869565217,,,,,,,1278,55.56521739130435,1153,50.130434782608695,22,0,,,1.1818181818181819,22,25,6,6,-1,0,,,,,,0,0,0,,,,0,0,0,,,,0,0,0,,,,0,,,,61,57,61,27,0,0,0,0,29,10,,,,,,,,,,,1299.404660675238,56.495854811966865,1422.876964393022,61.86421584317487,,55,88076620b267,-,none
TestDiagAnchoredChipDecomposition#4,1787687750-1468413,"triple captain, fixed offset (control)",0,true,2022-23,2021-22,16,23,5,false,1413,1105,25,3,61.43478260869565,48.04347826086956,,,,,,,1044,45.391304347826086,937,40.73913043478261,22,0,,,1.3636363636363635,22,25,10,3,12,0,,,,,,0,0,0,,,,0,0,0,,,,0,0,0,,,,0,,,,42,14,36,14,0,0,0,0,29,7,,,,,,,,,,,1119.7112697104055,48.68309868306111,1397.4219193061128,60.75747475243969,,55,f8a4e38b18ca,-,none
TestDiagAnchoredChipDecomposition#4,1787687750-1468413,"triple captain, fixed offset (control)",0,true,2023-24,2022-23,16,23,5,false,1383,1084,24,2,60.130434782608695,47.130434782608695,,,,,,,1084,47.130434782608695,933,40.56521739130435,22,0,,,1.4090909090909092,22,24,10,3,12,0,,,,,,0,0,0,,,,0,0,0,,,,0,0,0,,,,0,,,,21,21,21,17,0,0,0,0,29,2,,,,,,,,,,,1099.691923459973,47.81269232434665,1435.8740109058974,62.42930482199554,,55,36f167db5055,-,none
TestDiagAnchoredChipDecomposition#4,1787687750-1468413,"triple captain, fixed offset (control)",0,true,2024-25,2023-24,16,23,5,false,1409,1336,21,2,61.26086956521739,58.08695652173913,,,,,,,1336,58.08695652173913,1143,49.69565217391305,22,0,,,1.8636363636363635,22,21,9,8,4,0,,,,,,0,0,0,,,,0,0,0,,,,0,0,0,,,,0,,,,10,8,10,8,0,0,0,0,0,0,,,,,,,,,,,1343.592503938876,58.41706538864678,1418.9192408095394,61.69214090476258,,55,35d18512b286,-,none
TestDiagAnchoredChipDecomposition#4,1787687750-1468413,"triple captain, fixed offset (control)",0,true,2025-26,2024-25,16,23,5,false,1370,1239,23,2,59.56521739130435,53.869565217391305,,,,,,,1240,53.91304347826087,1078,46.869565217391305,22,0,,,1.4545454545454546,22,23,5,5,-3,0,,,,,,0,0,0,,,,0,0,0,,,,0,0,0,,,,0,,,,10,10,10,10,0,0,0,0,0,0,,,,,,,,,,,1200.4366802788975,52.19289914256076,1266.5311995526126,55.06657389359185,,55,79c6b1beebb5,-,none
TestDiagAnchoredChipDecomposition#4,1787687750-1468413,"triple captain, fixed offset (control)",0,true,2020-21,2019-20,21,18,5,false,1059,942,18,2,58.833333333333336,52.333333333333336,,,,,,,963,53.5,845,46.94444444444444,17,0,,,1.3529411764705883,17,18,7,7,-5,0,,,,,,0,0,0,,,,0,0,0,,,,0,0,0,,,,0,,,,32,23,26,23,0,0,0,0,34,2,,,,,,,,,,,965.0577004029183,53.614316689051016,1083.3993498985585,60.18885277214214,,55,3828563d2a28,-,none
TestDiagAnchoredChipDecomposition#4,1787687750-1468413,"triple captain, fixed offset (control)",0,true,2021-22,2020-21,21,18,5,false,1098,953,20,3,61,52.94444444444444,,,,,,,971,53.94444444444444,864,48,17,0,,,1.1176470588235294,17,20,9,5,5,0,,,,,,0,0,0,,,,0,0,0,,,,0,0,0,,,,0,,,,59,25,51,19,0,0,0,0,34,6,,,,,,,,,,,1010.4492908798748,56.136071715548596,1119.3919267066424,62.188440372591245,,55,a131d6c7c832,-,none
TestDiagAnchoredChipDecomposition#4,1787687750-1468413,"triple captain, fixed offset (control)",0,true,2022-23,2021-22,21,18,5,false,1179,1122,17,1,65.5,62.333333333333336,,,,,,,1112,61.77777777777778,973,54.05555555555556,17,0,,,1.9411764705882353,17,17,8,2,7,0,,,,,,0,0,0,,,,0,0,0,,,,0,0,0,,,,0,,,,36,14,28,10,0,0,0,0,34,18,,,,,,,,,,,1102.1881119797733,61.23267288776518,1204.1958755265423,66.89977086258568,,55,89fb3cc109c9,-,none
TestDiagAnchoredChipDecomposition#4,1787687750-1468413,"triple captain, fixed offset (control)",0,true,2023-24,2022-23,21,18,5,false,1153,914,17,0,64.05555555555556,50.77777777777778,,,,,,,904,50.22222222222222,795,44.166666666666664,17,0,,,1.4705882352941178,17,17,7,2,7,0,,,,,,0,0,0,,,,0,0,0,,,,0,0,0,,,,0,,,,21,17,17,17,0,0,0,0,34,20,,,,,,,,,,,992.2159009248605,55.1231056069367,1166.8554424696379,64.82530235942433,,55,5c9bee1e51ad,-,none
TestDiagAnchoredChipDecomposition#4,1787687750-1468413,"triple captain, fixed offset (control)",0,true,2024-25,2023-24,21,18,5,false,1062,1047,14,0,59,58.166666666666664,,,,,,,1047,58.166666666666664,912,50.666666666666664,17,0,,,2.0588235294117645,17,14,5,3,3,0,,,,,,0,0,0,,,,0,0,0,,,,0,0,0,,,,0,,,,10,8,6,8,0,0,0,0,0,0,,,,,,,,,,,1083.1214825517532,60.17341569731962,1080.5277203935384,60.02931779964102,,55,0f4f24f82c7f,-,none
TestDiagAnchoredChipDecomposition#4,1787687750-1468413,"triple captain, fixed offset (control)",0,true,2025-26,2024-25,21,18,5,false,1059,960,17,0,58.833333333333336,53.333333333333336,,,,,,,937,52.05555555555556,851,47.27777777777778,17,0,,,2.235294117647059,17,17,5,7,-8,0,,,,,,0,0,0,,,,0,0,0,,,,0,0,0,,,,0,,,,10,10,10,10,0,0,0,0,0,0,,,,,,,,,,,945.3521895380395,52.51956608544664,1021.0890015787045,56.72716675437247,,55,5f242414233f,-,none
TestDiagAnchoredChipDecomposition#4,1787687750-1468413,"triple captain, fixed offset (control)",0,true,2020-21,2019-20,26,13,5,false,669,652,12,1,51.46153846153846,50.15384615384615,,,,,,,660,50.76923076923077,593,45.61538461538461,12,0,,,1.25,12,12,2,7,-7,0,,,,,,0,0,0,,,,0,0,0,,,,0,0,0,,,,0,,,,12,23,10,11,0,0,0,0,0,0,,,,,,,,,,,692.6716675241399,53.28243596339538,729.98937804177,56.15302908013616,,55,9e10f072ee0b,-,none
TestDiagAnchoredChipDecomposition#4,1787687750-1468413,"triple captain, fixed offset (control)",0,true,2021-22,2020-21,26,13,5,false,779,636,13,1,59.92307692307692,48.92307692307692,,,,,,,634,48.76923076923077,578,44.46153846153846,12,0,,,1.1666666666666667,12,13,5,0,8,0,,,,,,0,0,0,,,,0,0,0,,,,0,0,0,,,,0,,,,43,19,28,4,0,0,0,0,38,12,,,,,,,,,,,683.4259804919013,52.571229268607794,848.9152044974787,65.30116957672914,,55,1283622164da,-,none
TestDiagAnchoredChipDecomposition#4,1787687750-1468413,"triple captain, fixed offset (control)",0,true,2022-23,2021-22,26,13,5,false,911,812,11,0,70.07692307692308,62.46153846153846,,,,,,,808,62.15384615384615,696,53.53846153846154,12,0,,,1.5833333333333333,12,11,6,2,3,0,,,,,,0,0,0,,,,0,0,0,,,,0,0,0,,,,0,,,,28,10,12,4,0,0,0,0,38,16,,,,,,,,,,,799.3800118635701,61.49077014335155,874.3091494469347,67.25454995745652,,55,485d7e3d0d70,-,none
TestDiagAnchoredChipDecomposition#4,1787687750-1468413,"triple captain, fixed offset (control)",0,true,2023-24,2022-23,26,13,5,false,817,620,13,1,62.84615384615385,47.69230769230769,,,,,,,622,47.84615384615385,551,42.38461538461539,12,0,,,1.4166666666666667,12,13,5,2,4,0,,,,,,0,0,0,,,,0,0,0,,,,0,0,0,,,,0,,,,17,13,15,1,0,0,0,0,38,10,,,,,,,,,,,642.2998216821011,49.40767859093085,782.5119945810966,60.19323035239204,,55,72c93b86408c,-,none
TestDiagAnchoredChipDecomposition#4,1787687750-1468413,"triple captain, fixed offset (control)",0,true,2024-25,2023-24,26,13,5,false,721,707,12,1,55.46153846153846,54.38461538461539,,,,,,,707,54.38461538461539,634,48.76923076923077,12,0,,,1.4166666666666667,12,12,7,3,5,0,,,,,,0,0,0,,,,0,0,0,,,,0,0,0,,,,0,,,,6,8,6,4,0,0,0,0,0,0,,,,,,,,,,,740.0878334123199,56.92983333940923,760.9534013696627,58.534877028435595,,55,ecd4bb429175,-,none
TestDiagAnchoredChipDecomposition#4,1787687750-1468413,"triple captain, fixed offset (control)",0,true,2025-26,2024-25,26,13,5,false,773,722,11,0,59.46153846153846,55.53846153846154,,,,,,,723,55.61538461538461,621,47.76923076923077,12,0,,,1.3333333333333333,12,11,3,5,-4,0,,,,,,0,0,0,,,,0,0,0,,,,0,0,0,,,,0,,,,8,10,8,10,0,0,0,0,0,0,,,,,,,,,,,694.5126727817831,53.42405175244485,726.8357864254831,55.91044510965254,,55,e11437c54d5d,-,none
TestDiagAnchoredChipDecomposition#4,1787687750-1468413,"triple captain, anchored (4gw sight)",1,false,2020-21,2019-20,1,38,5,false,2147,1628,41,6,56.5,42.8421052631579,,,,,,,1628,42.8421052631579,1388,36.526315789473685,37,0,,,1.3243243243243243,33,36,6,14,-9,0,,,,,,0,0,0,,,,0,0,0,,,,0,0,0,,,,0,,,,43,40,43,40,0,0,0,0,26,6,,,,,,,,,,,1629.8410135822319,42.8905529890061,2134.885128527737,56.18118759283518,,55,98b82c09e797,-,none
TestDiagAnchoredChipDecomposition#4,1787687750-1468413,"triple captain, anchored (4gw sight)",1,false,2021-22,2020-21,1,38,5,false,2276,1896,43,6,59.89473684210526,49.89473684210526,,,,,,,1941,51.078947368421055,1646,43.31578947368421,37,0,,,1.135135135135135,33,38,14,15,-2,0,,,,,,0,0,0,,,,0,0,0,,,,0,0,0,,,,0,,,,61,61,61,61,0,0,0,0,22,10,,,,,,,,,,,1900.8006137807054,50.02106878370277,2278.801660896271,59.96846476042819,,55,afeb5fe71ddc,-,none
TestDiagAnchoredChipDecomposition#4,1787687750-1468413,"triple captain, anchored (4gw sight)",1,false,2022-23,2021-22,1,38,5,false,2152,1842,41,4,56.63157894736842,48.473684210526315,,,,,,,1845,48.55263157894737,1582,41.63157894736842,37,0,,,1.5675675675675675,33,37,14,8,13,0,,,,,,0,0,0,,,,0,0,0,,,,0,0,0,,,,0,,,,42,22,42,22,0,0,0,0,29,7,,,,,,,,,,,1851.9591496843016,48.73576709695531,2132.6266034223854,56.12175272164172,,55,fe5b3efc1102,-,none
TestDiagAnchoredChipDecomposition#4,1787687750-1468413,"triple captain, anchored (4gw sight)",1,false,2023-24,2022-23,1,38,5,false,2316,1806,42,5,60.94736842105263,47.526315789473685,,,,,,,1780,46.8421052631579,1569,41.28947368421053,37,0,,,1.2162162162162162,33,36,14,9,13,0,,,,,,0,0,0,,,,0,0,0,,,,0,0,0,,,,0,,,,23,23,23,21,0,0,0,0,34,3,,,,,,,,,,,1847.281228959663,48.61266391999113,2352.735419575034,61.914089988816684,,55,7df5f95f1759,-,none
TestDiagAnchoredChipDecomposition#4,1787687750-1468413,"triple captain, anchored (4gw sight)",1,false,2024-25,2023-24,1,38,5,false,2271,1908,40,4,59.76315789473684,50.21052631578947,,,,,,,1890,49.73684210526316,1708,44.94736842105263,37,0,,,1.5135135135135136,33,37,17,10,9,0,,,,,,0,0,0,,,,0,0,0,,,,0,0,0,,,,0,,,,10,10,10,10,0,0,0,0,0,0,,,,,,,,,,,1984.839567078322,52.23262018627163,2247.2356208177816,59.13777949520478,,55,d0f719155ebc,-,none
TestDiagAnchoredChipDecomposition#4,1787687750-1468413,"triple captain, anchored (4gw sight)",1,false,2025-26,2024-25,1,38,5,false,2099,1523,38,3,55.23684210526316,40.078947368421055,,,,,,,1529,40.23684210526316,1375,36.18421052631579,37,0,,,1.2162162162162162,33,33,10,9,4,0,,,,,,0,0,0,,,,0,0,0,,,,0,0,0,,,,0,,,,10,10,10,10,0,0,0,0,0,0,,,,,,,,,,,1583.8646329653097,41.680648235929205,2020.731301295924,53.17713950778747,,55,cdb305de770a,-,none
TestDiagAnchoredChipDecomposition#4,1787687750-1468413,"triple captain, anchored (4gw sight)",1,false,2020-21,2019-20,6,33,5,false,1836,1613,32,2,55.63636363636363,48.878787878787875,,,,,,,1616,48.96969696969697,1430,43.333333333333336,32,0,,,1.625,32,32,11,11,-3,0,,,,,,0,0,0,,,,0,0,0,,,,0,0,0,,,,0,,,,43,40,43,40,0,0,0,0,26,5,,,,,,,,,,,1684.09280283701,51.03311523748515,1931.0510207073069,58.51669759719112,,55,4b8efe4c64ac,-,none
TestDiagAnchoredChipDecomposition#4,1787687750-1468413,"triple captain, anchored (4gw sight)",1,false,2021-22,2020-21,6,33,5,false,1847,1577,40,8,55.96969696969697,47.78787878787879,,,,,,,1600,48.484848484848484,1355,41.06060606060606,32,0,,,1.34375,32,40,15,13,2,0,,,,,,0,0,0,,,,0,0,0,,,,0,0,0,,,,0,,,,61,61,61,61,0,0,0,0,22,10,,,,,,,,,,,1697.4573396224507,51.43810120068032,1944.1915079532923,58.9148941804028,,55,f9ab0649ed9b,-,none
TestDiagAnchoredChipDecomposition#4,1787687750-1468413,"triple captain, anchored (4gw sight)",1,false,2022-23,2021-22,6,33,5,false,1876,1558,35,4,56.84848484848485,47.21212121212121,,,,,,,1506,45.63636363636363,1379,41.78787878787879,32,0,,,1.78125,32,35,16,6,12,0,,,,,,0,0,0,,,,0,0,0,,,,0,0,0,,,,0,,,,42,22,42,16,0,0,0,0,29,7,,,,,,,,,,,1553.0492825250883,47.06209947045722,1844.0966727384205,55.88171735570971,,55,8eeb264adf2d,-,none
TestDiagAnchoredChipDecomposition#4,1787687750-1468413,"triple captain, anchored (4gw sight)",1,false,2023-24,2022-23,6,33,5,false,2057,1657,32,0,62.333333333333336,50.21212121212121,,,,,,,1635,49.54545454545455,1417,42.93939393939394,32,0,,,1.9375,32,32,13,4,18,0,,,,,,0,0,0,,,,0,0,0,,,,0,0,0,,,,0,,,,23,21,21,21,0,0,0,0,34,9,,,,,,,,,,,1654.2916352626007,50.13004955341214,2079.242648600507,63.00735298789415,,55,e4d98525659c,-,none
TestDiagAnchoredChipDecomposition#4,1787687750-1468413,"triple captain, anchored (4gw sight)",1,false,2024-25,2023-24,6,33,5,false,1976,1762,29,1,59.878787878787875,53.39393939393939,,,,,,,1659,50.27272727272727,1503,45.54545454545455,32,0,,,2.71875,32,29,15,7,10,0,,,,,,0,0,0,,,,0,0,0,,,,0,0,0,,,,0,,,,10,10,10,10,0,0,0,0,0,0,,,,,,,,,,,1774.8051976947927,53.781975687720994,2036.651181571714,61.71670247187012,,55,5f44285da178,-,none
TestDiagAnchoredChipDecomposition#4,1787687750-1468413,"triple captain, anchored (4gw sight)",1,false,2025-26,2024-25,6,33,5,false,1859,1744,32,2,56.333333333333336,52.84848484848485,,,,,,,1666,50.484848484848484,1521,46.09090909090909,32,0,,,1.96875,32,32,9,12,-12,0,,,,,,0,0,0,,,,0,0,0,,,,0,0,0,,,,0,,,,10,10,10,10,0,0,0,0,0,0,,,,,,,,,,,1684.66381809842,51.05041873025515,1809.2286386517571,54.82511026217446,,55,0dc2d2b17e58,-,none
TestDiagAnchoredChipDecomposition#4,1787687750-1468413,"triple captain, anchored (4gw sight)",1,false,2020-21,2019-20,11,28,5,false,1695,1470,27,1,60.535714285714285,52.5,,,,,,,1471,52.535714285714285,1296,46.285714285714285,27,0,,,1.6296296296296295,27,27,7,11,-5,0,,,,,,0,0,0,,,,0,0,0,,,,0,0,0,,,,0,,,,43,38,43,38,0,0,0,0,26,6,,,,,,,,,,,1497.7056209445889,53.48948646230674,1672.1955638987056,59.721270139239486,,55,0b19fd9cb5d8,-,none
TestDiagAnchoredChipDecomposition#4,1787687750-1468413,"triple captain, anchored (4gw sight)",1,false,2021-22,2020-21,11,28,5,false,1626,1607,34,7,58.07142857142857,57.392857142857146,,,,,,,1635,58.392857142857146,1447,51.67857142857143,27,0,,,1.0740740740740742,27,34,12,7,6,0,,,,,,0,0,0,,,,0,0,0,,,,0,0,0,,,,0,,,,61,61,61,59,0,0,0,0,22,10,,,,,,,,,,,1600.0342377478514,57.144079919566124,1696.7919103742772,60.599711084795615,,55,b9a408253035,-,none
TestDiagAnchoredChipDecomposition#4,1787687750-1468413,"triple captain, anchored (4gw sight)",1,false,2022-23,2021-22,11,28,5,false,1692,1522,27,1,60.42857142857143,54.357142857142854,,,,,,,1424,50.857142857142854,1338,47.785714285714285,27,0,,,1.7037037037037037,27,27,11,5,9,0,,,,,,0,0,0,,,,0,0,0,,,,0,0,0,,,,0,,,,42,16,42,14,0,0,0,0,29,7,,,,,,,,,,,1479.5001593995037,52.83929140712513,1652.0942593127209,59.00336640402575,,55,97ce7fa5cdc4,-,none
TestDiagAnchoredChipDecomposition#4,1787687750-1468413,"triple captain, anchored (4gw sight)",1,false,2023-24,2022-23,11,28,5,false,1672,1438,27,1,59.714285714285715,51.357142857142854,,,,,,,1415,50.535714285714285,1257,44.892857142857146,27,0,,,1.5185185185185186,27,27,11,10,9,0,,,,,,0,0,0,,,,0,0,0,,,,0,0,0,,,,0,,,,21,21,21,21,0,0,0,0,34,20,,,,,,,,,,,1421.482920429,50.76724715817857,1742.8020757693141,62.242931277475506,,55,025d70cb5565,-,none
TestDiagAnchoredChipDecomposition#4,1787687750-1468413,"triple captain, anchored (4gw sight)",1,false,2024-25,2023-24,11,28,5,false,1793,1704,27,1,64.03571428571429,60.857142857142854,,,,,,,1704,60.857142857142854,1435,51.25,27,0,,,1.5555555555555556,27,27,10,10,2,0,,,,,,0,0,0,,,,0,0,0,,,,0,0,0,,,,0,,,,10,10,10,8,0,0,0,0,0,0,,,,,,,,,,,1656.4013083792024,59.15718958497151,1740.2503337356918,62.151797633417566,,55,d7639030dcde,-,none
TestDiagAnchoredChipDecomposition#4,1787687750-1468413,"triple captain, anchored (4gw sight)",1,false,2025-26,2024-25,11,28,5,false,1509,1497,27,2,53.892857142857146,53.464285714285715,,,,,,,1469,52.464285714285715,1312,46.857142857142854,27,0,,,2.111111111111111,27,27,9,9,-4,0,,,,,,0,0,0,,,,0,0,0,,,,0,0,0,,,,0,,,,10,10,10,10,0,0,0,0,0,0,,,,,,,,,,,1497.3270878420508,53.47596742293039,1530.5888898871515,54.663888924541126,,55,b5c18c2f39b5,-,none
TestDiagAnchoredChipDecomposition#4,1787687750-1468413,"triple captain, anchored (4gw sight)",1,false,2020-21,2019-20,16,23,5,false,1349,1197,24,4,58.65217391304348,52.04347826086956,,,,,,,1165,50.65217391304348,1052,45.73913043478261,22,0,,,1.5909090909090908,22,24,7,8,2,0,,,,,,0,0,0,,,,0,0,0,,,,0,0,0,,,,0,,,,43,34,32,23,0,0,0,0,26,6,,,,,,,,,,,1237.3135049055645,53.796239343720195,1377.7164528240191,59.90071534017475,,55,622ca390c425,-,none
TestDiagAnchoredChipDecomposition#4,1787687750-1468413,"triple captain, anchored (4gw sight)",1,false,2021-22,2020-21,16,23,5,false,1331,1260,25,4,57.869565217391305,54.78260869565217,,,,,,,1278,55.56521739130435,1153,50.130434782608695,22,0,,,1.1818181818181819,22,25,6,6,-1,0,,,,,,0,0,0,,,,0,0,0,,,,0,0,0,,,,0,,,,61,57,61,27,0,0,0,0,22,10,,,,,,,,,,,1299.404660675238,56.495854811966865,1417.2854928013487,61.62110838266734,,55,88076620b267,-,none
TestDiagAnchoredChipDecomposition#4,1787687750-1468413,"triple captain, anchored (4gw sight)",1,false,2022-23,2021-22,16,23,5,false,1413,1105,25,3,61.43478260869565,48.04347826086956,,,,,,,1044,45.391304347826086,937,40.73913043478261,22,0,,,1.3636363636363635,22,25,10,3,12,0,,,,,,0,0,0,,,,0,0,0,,,,0,0,0,,,,0,,,,42,14,36,14,0,0,0,0,29,7,,,,,,,,,,,1119.7112697104055,48.68309868306111,1397.4219193061128,60.75747475243969,,55,f8a4e38b18ca,-,none
TestDiagAnchoredChipDecomposition#4,1787687750-1468413,"triple captain, anchored (4gw sight)",1,false,2023-24,2022-23,16,23,5,false,1384,1084,24,2,60.17391304347826,47.130434782608695,,,,,,,1084,47.130434782608695,933,40.56521739130435,22,0,,,1.4090909090909092,22,24,10,3,12,0,,,,,,0,0,0,,,,0,0,0,,,,0,0,0,,,,0,,,,21,21,21,17,0,0,0,0,34,3,,,,,,,,,,,1099.691923459973,47.81269232434665,1441.1018881730547,62.65660383361107,,55,36f167db5055,-,none
TestDiagAnchoredChipDecomposition#4,1787687750-1468413,"triple captain, anchored (4gw sight)",1,false,2024-25,2023-24,16,23,5,false,1409,1336,21,2,61.26086956521739,58.08695652173913,,,,,,,1336,58.08695652173913,1143,49.69565217391305,22,0,,,1.8636363636363635,22,21,9,8,4,0,,,,,,0,0,0,,,,0,0,0,,,,0,0,0,,,,0,,,,10,8,10,8,0,0,0,0,0,0,,,,,,,,,,,1343.592503938876,58.41706538864678,1418.9192408095394,61.69214090476258,,55,35d18512b286,-,none
TestDiagAnchoredChipDecomposition#4,1787687750-1468413,"triple captain, anchored (4gw sight)",1,false,2025-26,2024-25,16,23,5,false,1370,1239,23,2,59.56521739130435,53.869565217391305,,,,,,,1240,53.91304347826087,1078,46.869565217391305,22,0,,,1.4545454545454546,22,23,5,5,-3,0,,,,,,0,0,0,,,,0,0,0,,,,0,0,0,,,,0,,,,10,10,10,10,0,0,0,0,0,0,,,,,,,,,,,1200.4366802788975,52.19289914256076,1266.5311995526126,55.06657389359185,,55,79c6b1beebb5,-,none
TestDiagAnchoredChipDecomposition#4,1787687750-1468413,"triple captain, anchored (4gw sight)",1,false,2020-21,2019-20,21,18,5,false,1066,942,18,2,59.22222222222222,52.333333333333336,,,,,,,963,53.5,845,46.94444444444444,17,0,,,1.3529411764705883,17,18,7,7,-5,0,,,,,,0,0,0,,,,0,0,0,,,,0,0,0,,,,0,,,,32,23,26,23,0,0,0,0,24,9,,,,,,,,,,,965.0577004029183,53.614316689051016,1083.041560179096,60.168975565505335,,55,3828563d2a28,-,none
TestDiagAnchoredChipDecomposition#4,1787687750-1468413,"triple captain, anchored (4gw sight)",1,false,2021-22,2020-21,21,18,5,false,1102,953,20,3,61.22222222222222,52.94444444444444,,,,,,,971,53.94444444444444,864,48,17,0,,,1.1176470588235294,17,20,9,5,5,0,,,,,,0,0,0,,,,0,0,0,,,,0,0,0,,,,0,,,,59,25,51,19,0,0,0,0,22,10,,,,,,,,,,,1010.4492908798748,56.136071715548596,1121.9332413982338,62.3296245221241,,55,a131d6c7c832,-,none
TestDiagAnchoredChipDecomposition#4,1787687750-1468413,"triple captain, anchored (4gw sight)",1,false,2022-23,2021-22,21,18,5,false,1172,1122,17,1,65.11111111111111,62.333333333333336,,,,,,,1112,61.77777777777778,973,54.05555555555556,17,0,,,1.9411764705882353,17,17,8,2,7,0,,,,,,0,0,0,,,,0,0,0,,,,0,0,0,,,,0,,,,36,14,28,10,0,0,0,0,25,11,,,,,,,,,,,1102.1881119797733,61.23267288776518,1196.522456749229,66.4734698194016,,55,89fb3cc109c9,-,none
TestDiagAnchoredChipDecomposition#4,1787687750-1468413,"triple captain, anchored (4gw sight)",1,false,2023-24,2022-23,21,18,5,false,1153,914,17,0,64.05555555555556,50.77777777777778,,,,,,,904,50.22222222222222,795,44.166666666666664,17,0,,,1.4705882352941178,17,17,7,2,7,0,,,,,,0,0,0,,,,0,0,0,,,,0,0,0,,,,0,,,,21,17,17,17,0,0,0,0,34,20,,,,,,,,,,,992.2159009248605,55.1231056069367,1166.8554424696379,64.82530235942433,,55,5c9bee1e51ad,-,none
TestDiagAnchoredChipDecomposition#4,1787687750-1468413,"triple captain, anchored (4gw sight)",1,false,2024-25,2023-24,21,18,5,false,1062,1047,14,0,59,58.166666666666664,,,,,,,1047,58.166666666666664,912,50.666666666666664,17,0,,,2.0588235294117645,17,14,5,3,3,0,,,,,,0,0,0,,,,0,0,0,,,,0,0,0,,,,0,,,,10,8,6,8,0,0,0,0,0,0,,,,,,,,,,,1083.1214825517532,60.17341569731962,1080.5277203935384,60.02931779964102,,55,0f4f24f82c7f,-,none
TestDiagAnchoredChipDecomposition#4,1787687750-1468413,"triple captain, anchored (4gw sight)",1,false,2025-26,2024-25,21,18,5,false,1059,960,17,0,58.833333333333336,53.333333333333336,,,,,,,937,52.05555555555556,851,47.27777777777778,17,0,,,2.235294117647059,17,17,5,7,-8,0,,,,,,0,0,0,,,,0,0,0,,,,0,0,0,,,,0,,,,10,10,10,10,0,0,0,0,0,0,,,,,,,,,,,945.3521895380395,52.51956608544664,1021.0890015787045,56.72716675437247,,55,5f242414233f,-,none
TestDiagAnchoredChipDecomposition#4,1787687750-1468413,"triple captain, anchored (4gw sight)",1,false,2020-21,2019-20,26,13,5,false,669,652,12,1,51.46153846153846,50.15384615384615,,,,,,,660,50.76923076923077,593,45.61538461538461,12,0,,,1.25,12,12,2,7,-7,0,,,,,,0,0,0,,,,0,0,0,,,,0,0,0,,,,0,,,,12,23,10,11,0,0,0,0,0,0,,,,,,,,,,,692.6716675241399,53.28243596339538,729.98937804177,56.15302908013616,,55,9e10f072ee0b,-,none
TestDiagAnchoredChipDecomposition#4,1787687750-1468413,"triple captain, anchored (4gw sight)",1,false,2021-22,2020-21,26,13,5,false,770,636,13,1,59.23076923076923,48.92307692307692,,,,,,,634,48.76923076923077,578,44.46153846153846,12,0,,,1.1666666666666667,12,13,5,0,8,0,,,,,,0,0,0,,,,0,0,0,,,,0,0,0,,,,0,,,,43,19,28,4,0,0,0,0,36,3,,,,,,,,,,,683.4259804919013,52.571229268607794,840.4592143463112,64.65070879587009,,55,1283622164da,-,none
TestDiagAnchoredChipDecomposition#4,1787687750-1468413,"triple captain, anchored (4gw sight)",1,false,2022-23,2021-22,26,13,5,false,895,812,11,0,68.84615384615384,62.46153846153846,,,,,,,808,62.15384615384615,696,53.53846153846154,12,0,,,1.5833333333333333,12,11,6,2,3,0,,,,,,0,0,0,,,,0,0,0,,,,0,0,0,,,,0,,,,28,10,12,4,0,0,0,0,27,0,,,,,,,,,,,799.3800118635701,61.49077014335155,872.2759040017186,67.09814646167067,,55,485d7e3d0d70,-,none
TestDiagAnchoredChipDecomposition#4,1787687750-1468413,"triple captain, anchored (4gw sight)",1,false,2023-24,2022-23,26,13,5,false,811,620,13,1,62.38461538461539,47.69230769230769,,,,,,,622,47.84615384615385,551,42.38461538461539,12,0,,,1.4166666666666667,12,13,5,2,4,0,,,,,,0,0,0,,,,0,0,0,,,,0,0,0,,,,0,,,,17,13,15,1,0,0,0,0,37,4,,,,,,,,,,,642.2998216821011,49.40767859093085,780.750810795215,60.057754676555,,55,72c93b86408c,-,none
TestDiagAnchoredChipDecomposition#4,1787687750-1468413,"triple captain, anchored (4gw sight)",1,false,2024-25,2023-24,26,13,5,false,721,707,12,1,55.46153846153846,54.38461538461539,,,,,,,707,54.38461538461539,634,48.76923076923077,12,0,,,1.4166666666666667,12,12,7,3,5,0,,,,,,0,0,0,,,,0,0,0,,,,0,0,0,,,,0,,,,6,8,6,4,0,0,0,0,0,0,,,,,,,,,,,740.0878334123199,56.92983333940923,760.9534013696627,58.534877028435595,,55,ecd4bb429175,-,none
TestDiagAnchoredChipDecomposition#4,1787687750-1468413,"triple captain, anchored (4gw sight)",1,false,2025-26,2024-25,26,13,5,false,773,722,11,0,59.46153846153846,55.53846153846154,,,,,,,723,55.61538461538461,621,47.76923076923077,12,0,,,1.3333333333333333,12,11,3,5,-4,0,,,,,,0,0,0,,,,0,0,0,,,,0,0,0,,,,0,,,,8,10,8,10,0,0,0,0,0,0,,,,,,,,,,,694.5126727817831,53.42405175244485,726.8357864254831,55.91044510965254,,55,e11437c54d5d,-,none
