sweep,arm,season,start_gw,gw,n_moves,hit_net,out_played,wildcard_after,in_ids,hit,hold_net,hold_out_played,hold_weeks,out_was_captain
HITTUNE,"mgh3, flat (shipped)",2020-21,1,24,1,16,false,false,164,false,0,false,2,false
HITTUNE,"mgh3, flat (shipped)",2020-21,1,28,2,30,false,false,12|570,false,45,false,11,false
HITTUNE,"mgh3, flat (shipped)",2020-21,1,30,1,1,true,false,102,false,1,true,5,false
HITTUNE,"mgh3, flat (shipped)",2020-21,1,34,1,16,true,false,370,false,16,true,5,false
HITTUNE,"mgh3, flat (shipped)",2020-21,1,15,2,-8,false,false,308|224,false,5,false,7,false
HITTUNE,"mgh3, flat (shipped)",2020-21,1,17,2,13,true,false,272|344,true,38,false,4,true
HITTUNE,"mgh3, flat (shipped)",2020-21,1,4,2,20,true,false,514|519,false,97,true,35,false
HITTUNE,"mgh3, flat (shipped)",2020-21,1,8,2,29,false,false,202|494,true,151,false,31,false
HITTUNE,"mgh3, flat (shipped)",2020-21,1,20,1,-3,true,false,390,false,-15,true,11,false
HITTUNE,"mgh3, flat (shipped)",2020-21,1,29,1,-7,true,false,435,false,-5,true,3,false
HITTUNE,"mgh3, flat (shipped)",2020-21,1,36,2,-1,true,false,254|68,true,22,true,3,false
HITTUNE,"mgh3, flat (shipped)",2020-21,1,2,2,16,false,false,157|461,false,19,false,11,false
HITTUNE,"mgh3, flat (shipped)",2020-21,1,5,1,18,true,false,37,false,2,false,2,false
HITTUNE,"mgh3, flat (shipped)",2020-21,1,11,2,12,false,false,388|557,true,38,false,23,false
HITTUNE,"mgh3, flat (shipped)",2020-21,1,12,2,12,true,false,254|558,true,21,true,27,false
HITTUNE,"mgh3, flat (shipped)",2020-21,1,22,2,-25,true,false,259|37,false,23,true,17,false
HITTUNE,"mgh3, flat (shipped)",2020-21,1,23,1,29,true,false,271,false,29,true,5,false
HITTUNE,"mgh3, flat (shipped)",2020-21,1,6,1,-13,true,false,155,false,-10,true,2,false
HITTUNE,"mgh3, flat (shipped)",2020-21,1,31,1,-13,true,false,306,false,-13,true,5,false
HITTUNE,"mgh3, flat (shipped)",2020-21,1,33,1,-1,true,false,224,false,9,true,3,false
HITTUNE,"mgh3, flat (shipped)",2020-21,1,9,1,23,true,false,96,false,25,true,30,false
HITTUNE,"mgh3, flat (shipped)",2020-21,1,10,1,-15,true,false,272,false,14,true,2,true
HITTUNE,"mgh3, flat (shipped)",2020-21,1,21,1,27,true,false,276,false,0,false,1,true
HITTUNE,"mgh3, flat (shipped)",2020-21,1,26,2,48,false,false,388|373,false,54,true,13,false
HITTUNE,"mgh3, flat (shipped)",2020-21,1,32,1,24,true,false,155,false,21,true,7,false
HITTUNE,"mgh3, flat (shipped)",2020-21,1,7,1,-8,true,false,141,false,-26,true,4,false
HITTUNE,"mgh3, flat (shipped)",2020-21,1,35,1,-5,true,false,300,false,-5,true,4,false
HITTUNE,"mgh3, flat (shipped)",2020-21,1,16,2,46,false,false,277|302,true,153,true,23,true
HITTUNE,"mgh3, flat (shipped)",2020-21,1,13,1,5,true,false,325,false,-44,true,15,false
HITTUNE,"mgh3, flat (shipped)",2020-21,1,18,2,32,true,false,506|556,true,31,true,11,false
HITTUNE,"mgh3, flat (shipped)",2021-22,1,9,1,-2,true,false,96,false,-4,true,4,false
HITTUNE,"mgh3, flat (shipped)",2021-22,1,13,2,-12,true,false,230|482,false,-13,true,6,false
HITTUNE,"mgh3, flat (shipped)",2021-22,1,13,1,-14,true,false,142,false,-39,true,12,false
HITTUNE,"mgh3, flat (shipped)",2021-22,1,15,1,28,false,false,262,false,34,false,6,false
HITTUNE,"mgh3, flat (shipped)",2021-22,1,23,1,-11,true,false,679,false,-2,true,3,false
HITTUNE,"mgh3, flat (shipped)",2021-22,1,30,1,12,true,false,138,false,-7,true,9,false
HITTUNE,"mgh3, flat (shipped)",2021-22,1,35,2,-25,true,false,237|505,false,-21,false,4,false
HITTUNE,"mgh3, flat (shipped)",2021-22,1,31,1,17,true,false,341,false,17,true,6,false
HITTUNE,"mgh3, flat (shipped)",2021-22,1,32,2,18,true,false,265|259,true,10,true,7,false
HITTUNE,"mgh3, flat (shipped)",2021-22,1,5,1,18,false,false,413,false,0,false,1,false
HITTUNE,"mgh3, flat (shipped)",2021-22,1,17,1,15,false,false,422,false,15,false,6,false
HITTUNE,"mgh3, flat (shipped)",2021-22,1,18,1,10,false,false,556,false,4,false,21,false
HITTUNE,"mgh3, flat (shipped)",2021-22,1,37,1,6,true,false,154,false,6,true,2,false
HITTUNE,"mgh3, flat (shipped)",2021-22,1,2,2,12,true,false,177|77,false,15,true,19,false
HITTUNE,"mgh3, flat (shipped)",2021-22,1,12,1,14,true,false,420,false,80,true,18,false
HITTUNE,"mgh3, flat (shipped)",2021-22,1,19,2,0,true,false,76|359,true,-1,true,20,false
HITTUNE,"mgh3, flat (shipped)",2021-22,1,25,1,-7,true,false,584,false,0,true,10,false
HITTUNE,"mgh3, flat (shipped)",2021-22,1,27,1,9,true,false,22,false,20,true,12,false
HITTUNE,"mgh3, flat (shipped)",2021-22,1,33,1,21,true,false,315,false,21,true,6,false
HITTUNE,"mgh3, flat (shipped)",2021-22,1,38,1,6,true,false,359,false,6,false,1,false
HITTUNE,"mgh3, flat (shipped)",2021-22,1,8,1,14,false,false,413,false,47,true,16,false
HITTUNE,"mgh3, flat (shipped)",2021-22,1,24,2,5,true,false,357|196,true,79,true,15,false
HITTUNE,"mgh3, flat (shipped)",2021-22,1,28,1,0,true,false,23,false,26,true,11,false
HITTUNE,"mgh3, flat (shipped)",2021-22,1,3,1,23,true,false,256,false,7,true,36,false
HITTUNE,"mgh3, flat (shipped)",2021-22,1,7,1,7,true,false,399,false,7,true,5,false
HITTUNE,"mgh3, flat (shipped)",2021-22,1,16,1,3,true,false,315,false,1,true,6,false
HITTUNE,"mgh3, flat (shipped)",2021-22,1,21,2,7,true,false,240|91,false,-6,true,7,false
HITTUNE,"mgh3, flat (shipped)",2021-22,1,26,1,13,true,false,267,false,19,true,6,false
HITTUNE,"mgh3, flat (shipped)",2021-22,1,36,1,5,true,false,234,false,-4,true,3,false
HITTUNE,"mgh3, flat (shipped)",2021-22,1,6,1,-7,true,false,78,false,-1,true,10,false
HITTUNE,"mgh3, flat (shipped)",2021-22,1,14,1,10,true,false,475,false,19,true,15,false
HITTUNE,"mgh3, flat (shipped)",2021-22,1,4,1,-8,true,false,262,false,-3,true,9,false
HITTUNE,"mgh3, flat (shipped)",2021-22,1,22,1,-7,true,false,468,false,-40,true,11,false
HITTUNE,"mgh3, flat (shipped)",2021-22,1,29,1,2,true,false,559,false,6,true,10,false
HITTUNE,"mgh3, flat (shipped)",2022-23,1,15,2,3,true,false,465|210,false,-15,true,5,false
HITTUNE,"mgh3, flat (shipped)",2022-23,1,22,1,12,true,false,705,false,19,true,8,false
HITTUNE,"mgh3, flat (shipped)",2022-23,1,27,1,2,true,false,124,false,5,true,12,false
HITTUNE,"mgh3, flat (shipped)",2022-23,1,35,1,-6,true,false,302,false,-2,false,1,false
HITTUNE,"mgh3, flat (shipped)",2022-23,1,19,2,-2,true,false,301|7,true,-31,true,20,true
HITTUNE,"mgh3, flat (shipped)",2022-23,1,30,2,-12,true,false,335|40,false,-36,true,9,false
HITTUNE,"mgh3, flat (shipped)",2022-23,1,30,1,1,true,false,465,true,13,true,3,false
HITTUNE,"mgh3, flat (shipped)",2022-23,1,11,2,11,true,false,427|373,true,170,true,28,false
HITTUNE,"mgh3, flat (shipped)",2022-23,1,23,1,13,true,false,407,false,13,false,3,false
HITTUNE,"mgh3, flat (shipped)",2022-23,1,26,1,0,true,false,104,false,1,true,4,false
HITTUNE,"mgh3, flat (shipped)",2022-23,1,34,1,-8,true,false,610,false,-2,false,1,false
HITTUNE,"mgh3, flat (shipped)",2022-23,1,36,1,11,true,false,377,false,11,true,3,false
HITTUNE,"mgh3, flat (shipped)",2022-23,1,10,2,-34,true,false,304|26,false,27,false,18,false
HITTUNE,"mgh3, flat (shipped)",2022-23,1,18,1,13,true,false,593,false,14,true,4,false
HITTUNE,"mgh3, flat (shipped)",2022-23,1,21,2,12,false,false,283|558,true,183,true,18,false
HITTUNE,"mgh3, flat (shipped)",2022-23,1,24,1,-1,true,false,81,false,13,true,15,false
HITTUNE,"mgh3, flat (shipped)",2022-23,1,2,2,5,true,false,210|321,false,-44,true,13,false
HITTUNE,"mgh3, flat (shipped)",2022-23,1,3,1,5,false,false,295,false,19,true,36,false
HITTUNE,"mgh3, flat (shipped)",2022-23,1,4,1,10,true,false,394,false,2,false,2,false
HITTUNE,"mgh3, flat (shipped)",2022-23,1,12,1,4,true,false,116,false,2,true,6,false
HITTUNE,"mgh3, flat (shipped)",2022-23,1,16,1,-16,true,false,307,false,-17,true,8,false
HITTUNE,"mgh3, flat (shipped)",2022-23,1,32,2,16,true,false,285|107,false,13,true,7,false
HITTUNE,"mgh3, flat (shipped)",2022-23,1,37,1,8,false,false,116,false,8,false,2,false
HITTUNE,"mgh3, flat (shipped)",2022-23,1,8,2,4,true,false,468|376,false,-7,true,8,false
HITTUNE,"mgh3, flat (shipped)",2022-23,1,13,1,-1,true,false,306,false,-14,true,7,false
HITTUNE,"mgh3, flat (shipped)",2022-23,1,25,1,8,true,false,357,false,12,true,14,false
HITTUNE,"mgh3, flat (shipped)",2022-23,1,6,2,23,true,false,318|19,false,47,true,11,false
HITTUNE,"mgh3, flat (shipped)",2022-23,1,17,1,-11,true,false,160,false,-12,true,6,false
HITTUNE,"mgh3, flat (shipped)",2022-23,1,20,2,44,true,false,318|377,true,59,false,10,false
HITTUNE,"mgh3, flat (shipped)",2022-23,1,28,1,15,false,false,377,false,13,false,6,false
HITTUNE,"mgh3, flat (shipped)",2022-23,1,33,2,10,true,false,307|104,true,-9,true,6,false
HITTUNE,"mgh3, flat (shipped)",2023-24,1,3,1,13,true,false,326,false,-16,true,17,false
HITTUNE,"mgh3, flat (shipped)",2023-24,1,9,1,2,true,false,373,false,-19,true,12,false
HITTUNE,"mgh3, flat (shipped)",2023-24,1,14,2,-10,true,false,291|43,false,-20,true,17,false
HITTUNE,"mgh3, flat (shipped)",2023-24,1,28,1,11,false,false,321,false,-8,true,11,false
HITTUNE,"mgh3, flat (shipped)",2023-24,1,32,1,-22,true,false,293,false,-20,true,3,false
HITTUNE,"mgh3, flat (shipped)",2023-24,1,15,1,11,true,false,5,false,89,true,24,false
HITTUNE,"mgh3, flat (shipped)",2023-24,1,17,2,43,false,false,290|60,false,85,true,15,false
HITTUNE,"mgh3, flat (shipped)",2023-24,1,20,2,10,true,false,343|263,false,19,true,19,false
HITTUNE,"mgh3, flat (shipped)",2023-24,1,21,1,19,true,false,353,false,31,true,12,false
HITTUNE,"mgh3, flat (shipped)",2023-24,1,24,2,-4,true,false,19|265,false,61,true,15,false
HITTUNE,"mgh3, flat (shipped)",2023-24,1,37,1,6,true,false,516,false,6,true,2,false
HITTUNE,"mgh3, flat (shipped)",2023-24,1,5,1,16,true,false,168,false,-40,true,22,false
HITTUNE,"mgh3, flat (shipped)",2023-24,1,18,1,20,false,false,526,false,22,false,6,false
HITTUNE,"mgh3, flat (shipped)",2023-24,1,25,1,19,true,false,526,false,19,true,8,false
HITTUNE,"mgh3, flat (shipped)",2023-24,1,29,1,3,true,false,275,false,-41,true,10,false
HITTUNE,"mgh3, flat (shipped)",2023-24,1,30,1,22,true,false,14,false,45,true,9,false
HITTUNE,"mgh3, flat (shipped)",2023-24,1,34,1,13,true,false,350,false,-1,true,5,false
HITTUNE,"mgh3, flat (shipped)",2023-24,1,2,2,30,false,false,352|135,false,20,false,6,false
HITTUNE,"mgh3, flat (shipped)",2023-24,1,2,1,34,false,false,355,true,135,false,15,false
HITTUNE,"mgh3, flat (shipped)",2023-24,1,11,2,9,false,false,29|178,false,0,false,4,false
HITTUNE,"mgh3, flat (shipped)",2023-24,1,26,1,12,true,false,85,false,16,true,10,false
HITTUNE,"mgh3, flat (shipped)",2023-24,1,35,1,29,true,false,211,false,29,true,4,false
HITTUNE,"mgh3, flat (shipped)",2023-24,1,22,1,-4,true,false,342,false,-31,true,17,false
HITTUNE,"mgh3, flat (shipped)",2023-24,1,27,1,6,true,false,328,false,-21,true,12,false
HITTUNE,"mgh3, flat (shipped)",2023-24,1,4,1,1,true,false,165,false,1,true,4,false
HITTUNE,"mgh3, flat (shipped)",2023-24,1,7,1,0,true,false,19,false,-11,true,2,false
HITTUNE,"mgh3, flat (shipped)",2023-24,1,8,2,21,true,false,664|101,false,55,true,22,false
HITTUNE,"mgh3, flat (shipped)",2023-24,1,13,1,4,true,false,20,false,4,true,11,false
HITTUNE,"mgh3, flat (shipped)",2023-24,1,31,1,56,true,false,362,false,79,true,8,false
HITTUNE,"mgh3, flat (shipped)",2023-24,1,33,1,-11,true,false,308,false,-11,true,6,false
HITTUNE,"mgh3, flat (shipped)",2023-24,1,33,1,21,true,false,373,true,22,true,4,false
HITTUNE,"mgh3, flat (shipped)",2023-24,1,36,1,16,true,false,415,false,16,true,3,false
HITTUNE,"mgh3, flat (shipped)",2024-25,1,14,2,-4,true,false,514|617,false,-12,true,8,false
HITTUNE,"mgh3, flat (shipped)",2024-25,1,18,1,10,true,false,573,false,3,true,6,false
HITTUNE,"mgh3, flat (shipped)",2024-25,1,20,2,8,true,false,311|231,false,-4,true,8,false
HITTUNE,"mgh3, flat (shipped)",2024-25,1,26,2,25,true,false,366|3,false,10,true,10,false
HITTUNE,"mgh3, flat (shipped)",2024-25,1,33,1,16,false,false,339,false,17,false,6,false
HITTUNE,"mgh3, flat (shipped)",2024-25,1,36,2,-12,true,false,182|536,false,-14,true,3,false
HITTUNE,"mgh3, flat (shipped)",2024-25,1,15,1,5,true,false,18,false,5,true,8,false
HITTUNE,"mgh3, flat (shipped)",2024-25,1,28,2,-12,true,false,18|447,false,-19,true,11,false
HITTUNE,"mgh3, flat (shipped)",2024-25,1,6,1,12,true,false,99,false,31,true,33,false
HITTUNE,"mgh3, flat (shipped)",2024-25,1,6,1,-4,true,false,306,false,-6,true,6,false
HITTUNE,"mgh3, flat (shipped)",2024-25,1,13,2,-2,true,false,15|495,false,-28,true,23,false
HITTUNE,"mgh3, flat (shipped)",2024-25,1,16,2,45,true,false,328|247,true,360,true,23,false
HITTUNE,"mgh3, flat (shipped)",2024-25,1,17,1,31,true,false,401,false,27,true,11,false
HITTUNE,"mgh3, flat (shipped)",2024-25,1,21,1,7,true,false,398,false,-7,true,8,false
HITTUNE,"mgh3, flat (shipped)",2024-25,1,23,1,2,true,false,236,false,-20,true,16,false
HITTUNE,"mgh3, flat (shipped)",2024-25,1,29,2,21,true,false,350|585,true,57,true,10,false
HITTUNE,"mgh3, flat (shipped)",2024-25,1,30,2,39,false,false,401|78,true,44,false,9,false
HITTUNE,"mgh3, flat (shipped)",2024-25,1,3,2,9,true,false,350|566,false,59,true,17,false
HITTUNE,"mgh3, flat (shipped)",2024-25,1,12,2,-44,true,false,82|455,false,-42,true,6,false
HITTUNE,"mgh3, flat (shipped)",2024-25,1,22,1,17,false,false,129,false,0,true,17,false
HITTUNE,"mgh3, flat (shipped)",2024-25,1,24,2,1,true,false,327|580,true,-23,true,8,false
HITTUNE,"mgh3, flat (shipped)",2024-25,1,31,1,22,true,false,110,false,22,true,8,false
HITTUNE,"mgh3, flat (shipped)",2024-25,1,32,1,-11,true,false,650,false,-25,true,7,false
HITTUNE,"mgh3, flat (shipped)",2024-25,1,9,2,3,true,false,311|230,false,1,true,4,false
HITTUNE,"mgh3, flat (shipped)",2024-25,1,11,2,12,false,false,91|78,false,-1,false,3,false
HITTUNE,"mgh3, flat (shipped)",2025-26,1,35,1,-5,true,false,417,false,-6,true,4,false
HITTUNE,"mgh3, flat (shipped)",2025-26,1,2,2,6,true,false,82|531,false,43,false,11,false
HITTUNE,"mgh3, flat (shipped)",2025-26,1,7,1,9,true,false,8,false,-3,true,12,false
HITTUNE,"mgh3, flat (shipped)",2025-26,1,11,2,1,true,false,430|267,true,141,true,18,true
HITTUNE,"mgh3, flat (shipped)",2025-26,1,13,2,-5,true,false,387|237,false,-26,true,21,false
HITTUNE,"mgh3, flat (shipped)",2025-26,1,21,1,-4,true,false,488,false,-2,true,3,false
HITTUNE,"mgh3, flat (shipped)",2025-26,1,23,1,9,true,false,82,false,7,true,16,false
HITTUNE,"mgh3, flat (shipped)",2025-26,1,25,2,35,false,false,8|449,true,172,false,14,false
HITTUNE,"mgh3, flat (shipped)",2025-26,1,26,1,25,true,false,624,false,42,true,13,false
HITTUNE,"mgh3, flat (shipped)",2025-26,1,6,1,-12,true,false,200,false,-14,true,7,false
HITTUNE,"mgh3, flat (shipped)",2025-26,1,15,1,22,true,false,21,false,37,true,14,false
HITTUNE,"mgh3, flat (shipped)",2025-26,1,16,1,16,false,false,411,false,17,false,6,false
HITTUNE,"mgh3, flat (shipped)",2025-26,1,20,1,1,true,false,450,false,-2,true,3,false
HITTUNE,"mgh3, flat (shipped)",2025-26,1,29,2,20,false,false,691|249,false,13,false,10,true
HITTUNE,"mgh3, flat (shipped)",2025-26,1,29,1,7,true,false,235,false,4,true,10,false
HITTUNE,"mgh3, flat (shipped)",2025-26,1,31,1,18,false,false,5,false,36,false,8,false
HITTUNE,"mgh3, flat (shipped)",2025-26,1,32,2,-26,true,false,8|267,false,-28,false,3,false
HITTUNE,"mgh3, flat (shipped)",2025-26,1,33,1,29,false,false,260,false,10,false,6,false
HITTUNE,"mgh3, flat (shipped)",2025-26,1,5,1,-1,true,false,373,false,0,true,4,false
HITTUNE,"mgh3, flat (shipped)",2025-26,1,8,1,31,false,false,283,false,46,true,18,false
HITTUNE,"mgh3, flat (shipped)",2025-26,1,9,1,4,true,false,5,false,4,true,5,false
HITTUNE,"mgh3, flat (shipped)",2025-26,1,10,1,20,false,false,714,false,1,false,1,false
HITTUNE,"mgh3, flat (shipped)",2025-26,1,14,1,33,true,false,403,false,-12,true,11,false
HITTUNE,"mgh3, flat (shipped)",2025-26,1,3,1,19,true,false,477,false,-25,true,16,false
HITTUNE,"mgh3, flat (shipped)",2025-26,1,4,1,14,true,false,449,false,55,true,16,false
HITTUNE,"mgh3, flat (shipped)",2025-26,1,19,2,1,true,false,16|694,false,-26,true,20,false
HITTUNE,"mgh3, flat (shipped)",2025-26,1,19,1,28,true,false,684,false,59,true,20,false
HITTUNE,"mgh3, flat (shipped)",2025-26,1,22,1,11,true,false,373,false,15,true,17,false
HITTUNE,"mgh3, flat (shipped)",2025-26,1,24,1,10,true,false,515,false,29,true,8,false
HITTUNE,"mgh3, flat (shipped)",2025-26,1,34,1,-9,true,false,21,false,-9,true,5,false
HITTUNE,"mgh3, flat (shipped)",2020-21,6,15,2,-1,true,false,308|506,false,-23,true,13,false
HITTUNE,"mgh3, flat (shipped)",2020-21,6,17,1,33,false,false,277,false,45,true,14,false
HITTUNE,"mgh3, flat (shipped)",2020-21,6,21,2,5,true,false,390|556,false,14,true,9,false
HITTUNE,"mgh3, flat (shipped)",2020-21,6,22,1,9,true,false,254,false,4,true,6,false
HITTUNE,"mgh3, flat (shipped)",2020-21,6,25,2,-12,true,false,271|211,false,-26,true,14,false
HITTUNE,"mgh3, flat (shipped)",2020-21,6,28,2,30,true,false,388|570,true,32,true,6,true
HITTUNE,"mgh3, flat (shipped)",2020-21,6,34,1,0,true,false,524,false,-5,true,5,false
HITTUNE,"mgh3, flat (shipped)",2020-21,6,8,1,18,true,false,202,false,74,true,31,false
HITTUNE,"mgh3, flat (shipped)",2020-21,6,11,2,-18,true,false,254|468,true,20,true,5,false
HITTUNE,"mgh3, flat (shipped)",2020-21,6,18,1,-1,true,false,572,false,-51,true,21,false
HITTUNE,"mgh3, flat (shipped)",2020-21,6,23,1,8,true,false,273,false,3,true,2,false
HITTUNE,"mgh3, flat (shipped)",2020-21,6,27,1,-12,true,false,12,false,-25,true,12,false
HITTUNE,"mgh3, flat (shipped)",2020-21,6,29,1,-7,true,false,435,false,-7,true,4,false
HITTUNE,"mgh3, flat (shipped)",2020-21,6,30,1,-7,true,false,254,false,28,true,9,false
HITTUNE,"mgh3, flat (shipped)",2020-21,6,33,2,18,true,false,259|224,false,25,true,6,false
HITTUNE,"mgh3, flat (shipped)",2020-21,6,7,2,-17,true,false,141|498,false,-27,true,4,false
HITTUNE,"mgh3, flat (shipped)",2020-21,6,13,2,9,false,false,37|417,true,-6,false,14,false
HITTUNE,"mgh3, flat (shipped)",2020-21,6,31,1,9,true,false,102,false,1,true,4,false
HITTUNE,"mgh3, flat (shipped)",2020-21,6,31,1,13,true,false,120,true,9,true,8,false
HITTUNE,"mgh3, flat (shipped)",2020-21,6,35,1,16,true,false,155,false,16,true,4,false
HITTUNE,"mgh3, flat (shipped)",2020-21,6,36,2,7,true,false,388|390,true,11,true,3,true
HITTUNE,"mgh3, flat (shipped)",2020-21,6,9,1,0,false,false,457,false,0,false,1,false
HITTUNE,"mgh3, flat (shipped)",2020-21,6,10,2,6,false,false,255|272,true,73,true,12,true
HITTUNE,"mgh3, flat (shipped)",2020-21,6,16,2,29,false,false,325|302,true,121,false,20,false
HITTUNE,"mgh3, flat (shipped)",2020-21,6,19,1,10,true,false,96,false,34,true,20,false
HITTUNE,"mgh3, flat (shipped)",2020-21,6,26,1,15,false,false,557,false,18,true,13,false
HITTUNE,"mgh3, flat (shipped)",2020-21,6,12,1,-16,true,false,494,false,-16,true,5,false
HITTUNE,"mgh3, flat (shipped)",2021-22,6,10,1,-1,true,false,76,false,11,true,29,false
HITTUNE,"mgh3, flat (shipped)",2021-22,6,15,1,21,false,false,590,false,7,true,9,false
HITTUNE,"mgh3, flat (shipped)",2021-22,6,22,2,21,false,false,468|196,false,17,false,17,false
HITTUNE,"mgh3, flat (shipped)",2021-22,6,33,1,7,true,false,505,false,3,true,6,false
HITTUNE,"mgh3, flat (shipped)",2021-22,6,11,1,29,false,false,475,false,29,false,5,false
HITTUNE,"mgh3, flat (shipped)",2021-22,6,27,1,9,true,false,22,false,20,true,12,false
HITTUNE,"mgh3, flat (shipped)",2021-22,6,27,1,3,true,false,475,true,-34,true,12,false
HITTUNE,"mgh3, flat (shipped)",2021-22,6,32,2,33,true,false,138|256,true,28,true,7,false
HITTUNE,"mgh3, flat (shipped)",2021-22,6,34,1,-12,true,false,265,false,-15,false,1,false
HITTUNE,"mgh3, flat (shipped)",2021-22,6,35,1,-2,true,false,681,false,-11,true,2,false
HITTUNE,"mgh3, flat (shipped)",2021-22,6,36,1,16,true,false,44,false,6,true,3,false
HITTUNE,"mgh3, flat (shipped)",2021-22,6,37,1,4,true,false,154,false,4,true,2,false
HITTUNE,"mgh3, flat (shipped)",2021-22,6,38,1,6,true,false,359,false,6,false,1,false
HITTUNE,"mgh3, flat (shipped)",2021-22,6,24,1,20,false,false,429,false,18,false,5,false
HITTUNE,"mgh3, flat (shipped)",2021-22,6,13,2,41,true,false,237|420,false,154,true,19,false
HITTUNE,"mgh3, flat (shipped)",2021-22,6,13,1,1,true,false,413,false,8,true,13,false
HITTUNE,"mgh3, flat (shipped)",2021-22,6,13,1,-14,true,false,142,false,-29,true,8,false
HITTUNE,"mgh3, flat (shipped)",2021-22,6,14,1,19,false,false,21,false,7,false,3,false
HITTUNE,"mgh3, flat (shipped)",2021-22,6,16,1,14,true,false,257,false,20,true,23,false
HITTUNE,"mgh3, flat (shipped)",2021-22,6,19,1,2,true,false,138,false,-2,true,3,false
HITTUNE,"mgh3, flat (shipped)",2021-22,6,21,2,19,false,false,450|91,false,34,false,18,false
HITTUNE,"mgh3, flat (shipped)",2021-22,6,26,2,51,true,false,357|67,true,98,true,13,false
HITTUNE,"mgh3, flat (shipped)",2021-22,6,28,1,0,true,false,23,false,26,true,11,false
HITTUNE,"mgh3, flat (shipped)",2021-22,6,7,1,6,true,false,154,false,2,false,2,false
HITTUNE,"mgh3, flat (shipped)",2021-22,6,9,1,5,true,false,261,false,26,true,10,false
HITTUNE,"mgh3, flat (shipped)",2021-22,6,17,1,-4,true,false,422,false,-9,true,14,false
HITTUNE,"mgh3, flat (shipped)",2021-22,6,23,1,3,true,false,277,false,5,false,2,false
HITTUNE,"mgh3, flat (shipped)",2021-22,6,25,1,-21,true,false,240,false,-23,true,2,false
HITTUNE,"mgh3, flat (shipped)",2021-22,6,29,1,3,true,false,584,false,15,true,10,false
HITTUNE,"mgh3, flat (shipped)",2021-22,6,30,1,14,true,false,341,false,0,true,4,false
HITTUNE,"mgh3, flat (shipped)",2021-22,6,31,1,-13,true,false,123,false,-4,true,2,false
HITTUNE,"mgh3, flat (shipped)",2022-23,6,16,1,-18,true,false,160,false,-18,true,7,false
HITTUNE,"mgh3, flat (shipped)",2022-23,6,24,2,10,true,false,152|427,false,43,true,15,false
HITTUNE,"mgh3, flat (shipped)",2022-23,6,25,1,13,true,false,407,false,14,true,6,false
HITTUNE,"mgh3, flat (shipped)",2022-23,6,31,2,10,false,false,335|295,false,6,false,8,false
HITTUNE,"mgh3, flat (shipped)",2022-23,6,10,1,-10,true,false,146,false,-7,true,3,false
HITTUNE,"mgh3, flat (shipped)",2022-23,6,11,2,15,true,false,427|373,false,17,true,9,false
HITTUNE,"mgh3, flat (shipped)",2022-23,6,13,1,3,true,false,312,false,3,true,6,false
HITTUNE,"mgh3, flat (shipped)",2022-23,6,17,1,6,true,false,104,false,21,true,22,false
HITTUNE,"mgh3, flat (shipped)",2022-23,6,19,2,12,true,false,7|558,false,1,true,14,false
HITTUNE,"mgh3, flat (shipped)",2022-23,6,26,1,4,true,false,81,false,8,true,7,false
HITTUNE,"mgh3, flat (shipped)",2022-23,6,35,1,-7,true,false,335,false,-14,true,4,false
HITTUNE,"mgh3, flat (shipped)",2022-23,6,35,1,18,true,false,116,false,18,false,4,false
HITTUNE,"mgh3, flat (shipped)",2022-23,6,20,2,8,true,false,318|66,true,-84,true,19,false
HITTUNE,"mgh3, flat (shipped)",2022-23,6,21,1,33,false,false,285,false,101,false,18,false
HITTUNE,"mgh3, flat (shipped)",2022-23,6,23,1,10,true,false,303,false,14,false,2,false
HITTUNE,"mgh3, flat (shipped)",2022-23,6,32,1,-6,true,false,124,false,-7,true,7,false
HITTUNE,"mgh3, flat (shipped)",2022-23,6,33,2,-15,true,false,312|107,false,-11,true,6,false
HITTUNE,"mgh3, flat (shipped)",2022-23,6,33,1,-12,true,false,307,false,-15,true,6,false
HITTUNE,"mgh3, flat (shipped)",2022-23,6,37,2,1,false,false,318|7,false,1,false,2,true
HITTUNE,"mgh3, flat (shipped)",2022-23,6,7,1,-7,true,false,376,false,-1,true,8,false
HITTUNE,"mgh3, flat (shipped)",2022-23,6,27,1,19,true,false,357,false,38,true,12,false
HITTUNE,"mgh3, flat (shipped)",2022-23,6,8,2,35,false,false,80|26,false,141,false,29,false
HITTUNE,"mgh3, flat (shipped)",2022-23,6,15,2,3,true,false,465|210,false,28,true,20,false
HITTUNE,"mgh3, flat (shipped)",2022-23,6,15,1,-14,true,false,307,false,-11,true,11,false
HITTUNE,"mgh3, flat (shipped)",2023-24,6,29,1,6,true,false,29,false,45,true,10,false
HITTUNE,"mgh3, flat (shipped)",2023-24,6,31,1,21,true,false,263,false,24,true,8,false
HITTUNE,"mgh3, flat (shipped)",2023-24,6,21,2,-16,true,false,343|342,false,-14,true,15,false
HITTUNE,"mgh3, flat (shipped)",2023-24,6,8,1,15,false,false,265,false,35,true,11,false
HITTUNE,"mgh3, flat (shipped)",2023-24,6,11,1,10,true,false,19,false,97,true,21,false
HITTUNE,"mgh3, flat (shipped)",2023-24,6,15,2,14,true,false,31|275,false,44,true,16,false
HITTUNE,"mgh3, flat (shipped)",2023-24,6,17,2,45,false,false,516|60,false,72,false,17,false
HITTUNE,"mgh3, flat (shipped)",2023-24,6,17,1,18,true,false,290,false,-3,true,9,false
HITTUNE,"mgh3, flat (shipped)",2023-24,6,33,1,10,true,false,373,false,16,true,4,false
HITTUNE,"mgh3, flat (shipped)",2023-24,6,35,1,-10,true,false,211,false,-10,true,4,true
HITTUNE,"mgh3, flat (shipped)",2023-24,6,35,1,6,true,false,516,true,10,true,4,false
HITTUNE,"mgh3, flat (shipped)",2023-24,6,36,1,12,true,false,341,false,12,true,3,false
HITTUNE,"mgh3, flat (shipped)",2023-24,6,18,1,9,true,false,526,false,-22,true,17,false
HITTUNE,"mgh3, flat (shipped)",2023-24,6,22,1,39,true,false,353,false,36,true,11,false
HITTUNE,"mgh3, flat (shipped)",2023-24,6,25,1,-2,true,false,112,false,-1,false,2,false
HITTUNE,"mgh3, flat (shipped)",2023-24,6,27,1,14,false,false,321,false,-11,true,12,false
HITTUNE,"mgh3, flat (shipped)",2023-24,6,32,2,15,true,false,14|362,true,73,true,7,false
HITTUNE,"mgh3, flat (shipped)",2023-24,6,37,1,9,true,false,349,false,-3,true,2,false
HITTUNE,"mgh3, flat (shipped)",2023-24,6,9,1,-21,true,false,14,false,-9,true,2,false
HITTUNE,"mgh3, flat (shipped)",2023-24,6,12,2,12,false,false,113|490,false,-11,false,12,false
HITTUNE,"mgh3, flat (shipped)",2023-24,6,14,2,-12,true,false,291|664,false,-29,false,18,false
HITTUNE,"mgh3, flat (shipped)",2023-24,6,19,1,7,true,false,5,false,41,true,20,false
HITTUNE,"mgh3, flat (shipped)",2023-24,6,30,2,33,false,false,355|245,false,39,true,9,false
HITTUNE,"mgh3, flat (shipped)",2023-24,6,34,1,20,true,false,415,false,20,true,5,false
HITTUNE,"mgh3, flat (shipped)",2023-24,6,24,1,22,true,false,134,false,0,true,15,false
HITTUNE,"mgh3, flat (shipped)",2023-24,6,24,1,24,true,false,85,false,41,true,15,false
HITTUNE,"mgh3, flat (shipped)",2023-24,6,26,1,1,false,false,430,false,1,false,4,false
HITTUNE,"mgh3, flat (shipped)",2024-25,6,16,2,62,true,false,328|401,true,354,true,23,true
HITTUNE,"mgh3, flat (shipped)",2024-25,6,24,1,-8,true,false,110,false,37,true,15,false
HITTUNE,"mgh3, flat (shipped)",2024-25,6,30,1,-2,true,false,650,false,-19,true,9,false
HITTUNE,"mgh3, flat (shipped)",2024-25,6,28,2,-8,true,false,18|207,false,11,false,11,false
HITTUNE,"mgh3, flat (shipped)",2024-25,6,29,2,-13,true,false,401|585,true,12,true,10,false
HITTUNE,"mgh3, flat (shipped)",2024-25,6,33,2,-3,true,false,339|129,false,-5,true,6,false
HITTUNE,"mgh3, flat (shipped)",2024-25,6,34,1,11,true,false,168,false,11,true,5,false
HITTUNE,"mgh3, flat (shipped)",2024-25,6,11,2,-10,true,false,78|182,false,-119,true,28,false
HITTUNE,"mgh3, flat (shipped)",2024-25,6,11,1,10,true,false,491,false,10,true,5,false
HITTUNE,"mgh3, flat (shipped)",2024-25,6,14,2,-4,true,false,514|617,false,-11,true,7,false
HITTUNE,"mgh3, flat (shipped)",2024-25,6,21,2,2,true,false,311|129,false,16,true,5,false
HITTUNE,"mgh3, flat (shipped)",2024-25,6,21,1,7,true,false,398,false,7,true,5,false
HITTUNE,"mgh3, flat (shipped)",2024-25,6,9,2,3,true,false,311|372,false,-5,true,3,false
HITTUNE,"mgh3, flat (shipped)",2024-25,6,19,2,14,false,false,541|222,false,0,true,15,false
HITTUNE,"mgh3, flat (shipped)",2024-25,6,23,2,22,true,false,235|236,false,5,true,16,false
HITTUNE,"mgh3, flat (shipped)",2024-25,6,26,2,47,true,false,366|3,false,28,true,5,false
HITTUNE,"mgh3, flat (shipped)",2024-25,6,31,1,25,false,false,350,false,41,false,8,false
HITTUNE,"mgh3, flat (shipped)",2024-25,6,31,1,4,true,false,207,true,8,true,2,false
HITTUNE,"mgh3, flat (shipped)",2024-25,6,12,2,2,true,false,82|573,false,-6,true,18,false
HITTUNE,"mgh3, flat (shipped)",2024-25,6,15,1,5,true,false,18,false,5,true,8,false
HITTUNE,"mgh3, flat (shipped)",2025-26,6,19,2,0,true,false,16|684,false,-8,true,20,false
HITTUNE,"mgh3, flat (shipped)",2025-26,6,19,1,7,true,false,450,false,7,true,5,false
HITTUNE,"mgh3, flat (shipped)",2025-26,6,19,1,1,true,false,403,false,2,false,2,false
HITTUNE,"mgh3, flat (shipped)",2025-26,6,27,1,-16,true,false,382,false,-4,false,1,false
HITTUNE,"mgh3, flat (shipped)",2025-26,6,31,1,-7,true,false,119,false,-7,false,1,false
HITTUNE,"mgh3, flat (shipped)",2025-26,6,32,1,11,true,false,82,false,2,true,7,false
HITTUNE,"mgh3, flat (shipped)",2025-26,6,33,2,15,false,false,21|260,true,18,false,6,false
HITTUNE,"mgh3, flat (shipped)",2025-26,6,29,2,9,true,false,235|249,true,13,true,6,true
HITTUNE,"mgh3, flat (shipped)",2025-26,6,30,1,-14,true,false,661,false,-12,true,4,false
HITTUNE,"mgh3, flat (shipped)",2025-26,6,15,1,-12,true,false,256,false,-10,true,4,false
HITTUNE,"mgh3, flat (shipped)",2025-26,6,28,2,33,true,false,373|329,false,33,true,8,false
HITTUNE,"mgh3, flat (shipped)",2025-26,6,35,1,11,true,false,691,false,11,true,4,false
HITTUNE,"mgh3, flat (shipped)",2025-26,6,25,2,20,true,false,624|21,false,68,true,14,false
HITTUNE,"mgh3, flat (shipped)",2025-26,6,36,1,0,true,false,5,false,0,true,3,false
HITTUNE,"mgh3, flat (shipped)",2025-26,6,11,2,8,true,false,348|668,false,-40,true,28,false
HITTUNE,"mgh3, flat (shipped)",2025-26,6,14,2,6,false,false,283|384,false,22,false,16,false
HITTUNE,"mgh3, flat (shipped)",2025-26,6,14,1,14,true,false,82,false,46,true,13,false
HITTUNE,"mgh3, flat (shipped)",2025-26,6,17,1,25,true,false,21,false,14,true,3,false
HITTUNE,"mgh3, flat (shipped)",2025-26,6,20,1,-3,true,false,488,false,0,true,4,false
HITTUNE,"mgh3, flat (shipped)",2025-26,6,21,1,23,false,false,8,false,51,false,12,false
HITTUNE,"mgh3, flat (shipped)",2025-26,6,24,2,22,true,false,449|547,false,151,true,15,false
HITTUNE,"mgh3, flat (shipped)",2025-26,6,34,2,24,false,false,430|783,true,28,false,5,false
HITTUNE,"mgh3, flat (shipped)",2025-26,6,13,2,-21,true,false,6|237,false,-36,true,20,false
HITTUNE,"mgh3, flat (shipped)",2020-21,11,15,2,34,true,false,306|302,true,143,true,21,false
HITTUNE,"mgh3, flat (shipped)",2020-21,11,20,2,8,true,false,96|273,false,0,true,5,false
HITTUNE,"mgh3, flat (shipped)",2020-21,11,20,1,-3,true,false,390,false,-7,true,10,false
HITTUNE,"mgh3, flat (shipped)",2020-21,11,21,1,27,true,false,276,false,19,true,5,true
HITTUNE,"mgh3, flat (shipped)",2020-21,11,22,1,5,true,false,556,false,0,true,7,false
HITTUNE,"mgh3, flat (shipped)",2020-21,11,34,1,11,true,false,370,false,11,true,5,false
HITTUNE,"mgh3, flat (shipped)",2020-21,11,36,2,7,true,false,388|390,true,11,true,3,true
HITTUNE,"mgh3, flat (shipped)",2020-21,11,14,2,6,true,false,141|506,false,0,false,14,false
HITTUNE,"mgh3, flat (shipped)",2020-21,11,33,2,11,true,false,255|224,true,25,true,6,false
HITTUNE,"mgh3, flat (shipped)",2020-21,11,12,2,40,false,false,213|224,false,33,true,27,false
HITTUNE,"mgh3, flat (shipped)",2020-21,11,17,2,47,true,false,298|277,false,35,true,5,false
HITTUNE,"mgh3, flat (shipped)",2020-21,11,26,2,26,false,false,254|271,false,27,false,8,false
HITTUNE,"mgh3, flat (shipped)",2020-21,11,30,1,-7,true,false,254,false,28,true,9,false
HITTUNE,"mgh3, flat (shipped)",2020-21,11,32,1,18,true,false,259,false,6,true,7,false
HITTUNE,"mgh3, flat (shipped)",2020-21,11,35,1,-5,true,false,300,false,-5,true,4,false
HITTUNE,"mgh3, flat (shipped)",2020-21,11,25,2,-2,true,false,277|516,false,-28,true,14,false
HITTUNE,"mgh3, flat (shipped)",2020-21,11,28,2,34,true,false,388|570,false,5,true,11,true
HITTUNE,"mgh3, flat (shipped)",2020-21,11,29,1,-7,true,false,435,false,-7,true,4,false
HITTUNE,"mgh3, flat (shipped)",2020-21,11,31,1,9,true,false,102,false,1,true,4,false
HITTUNE,"mgh3, flat (shipped)",2021-22,11,13,1,-14,true,false,142,false,-10,true,2,false
HITTUNE,"mgh3, flat (shipped)",2021-22,11,16,1,3,true,false,315,false,-8,true,7,false
HITTUNE,"mgh3, flat (shipped)",2021-22,11,27,2,25,true,false,359|62,true,37,true,12,false
HITTUNE,"mgh3, flat (shipped)",2021-22,11,32,2,30,true,false,138|23,true,40,true,7,false
HITTUNE,"mgh3, flat (shipped)",2021-22,11,34,2,-61,true,false,233|104,true,-43,true,5,false
HITTUNE,"mgh3, flat (shipped)",2021-22,11,18,2,11,true,false,142|359,true,18,true,6,false
HITTUNE,"mgh3, flat (shipped)",2021-22,11,23,1,-4,true,false,450,false,-69,true,16,false
HITTUNE,"mgh3, flat (shipped)",2021-22,11,23,1,-3,true,false,679,true,-12,true,9,false
HITTUNE,"mgh3, flat (shipped)",2021-22,11,25,1,-8,true,false,584,false,-1,true,14,false
HITTUNE,"mgh3, flat (shipped)",2021-22,11,26,2,39,true,false,357|22,true,155,true,13,false
HITTUNE,"mgh3, flat (shipped)",2021-22,11,30,1,14,true,false,341,false,13,true,6,false
HITTUNE,"mgh3, flat (shipped)",2021-22,11,31,2,-9,true,false,270|123,false,-17,true,2,false
HITTUNE,"mgh3, flat (shipped)",2021-22,11,38,1,6,true,false,359,false,6,false,1,false
HITTUNE,"mgh3, flat (shipped)",2021-22,11,15,1,14,true,false,262,false,40,true,12,false
HITTUNE,"mgh3, flat (shipped)",2021-22,11,19,1,10,false,false,556,false,6,false,5,false
HITTUNE,"mgh3, flat (shipped)",2021-22,11,21,2,6,false,false,422|91,false,14,false,7,false
HITTUNE,"mgh3, flat (shipped)",2021-22,11,28,1,0,true,false,67,false,3,true,8,false
HITTUNE,"mgh3, flat (shipped)",2021-22,11,14,1,9,false,false,188,false,5,false,9,false
HITTUNE,"mgh3, flat (shipped)",2021-22,11,17,1,-3,true,false,559,false,-13,true,14,false
HITTUNE,"mgh3, flat (shipped)",2021-22,11,22,1,9,true,false,196,false,2,true,9,false
HITTUNE,"mgh3, flat (shipped)",2021-22,11,24,2,4,false,false,475|240,true,24,false,15,false
HITTUNE,"mgh3, flat (shipped)",2021-22,11,33,1,14,true,false,200,false,-4,true,6,false
HITTUNE,"mgh3, flat (shipped)",2021-22,11,33,1,9,true,false,210,true,5,true,6,false
HITTUNE,"mgh3, flat (shipped)",2021-22,11,36,2,12,true,false,259|51,false,10,true,3,false
HITTUNE,"mgh3, flat (shipped)",2021-22,11,12,2,-14,true,false,230|581,false,5,false,6,false
HITTUNE,"mgh3, flat (shipped)",2022-23,11,37,2,-2,true,false,318|7,false,-2,true,2,true
HITTUNE,"mgh3, flat (shipped)",2022-23,11,15,2,-3,true,false,465|210,false,-4,false,1,false
HITTUNE,"mgh3, flat (shipped)",2022-23,11,17,2,10,true,false,307|346,false,-15,true,22,false
HITTUNE,"mgh3, flat (shipped)",2022-23,11,17,1,10,true,false,160,false,2,true,7,false
HITTUNE,"mgh3, flat (shipped)",2022-23,11,19,2,18,true,false,7|26,true,64,true,14,false
HITTUNE,"mgh3, flat (shipped)",2022-23,11,22,1,8,true,false,189,false,1,false,1,false
HITTUNE,"mgh3, flat (shipped)",2022-23,11,25,1,21,false,false,81,false,44,true,14,false
HITTUNE,"mgh3, flat (shipped)",2022-23,11,32,2,4,true,false,285|107,false,2,true,7,false
HITTUNE,"mgh3, flat (shipped)",2022-23,11,21,1,8,true,false,394,false,-37,true,16,false
HITTUNE,"mgh3, flat (shipped)",2022-23,11,33,2,-7,true,false,377|124,false,-15,true,6,false
HITTUNE,"mgh3, flat (shipped)",2022-23,11,16,2,-15,true,false,301|237,false,-27,true,10,false
HITTUNE,"mgh3, flat (shipped)",2022-23,11,18,1,13,true,false,593,false,14,true,4,false
HITTUNE,"mgh3, flat (shipped)",2022-23,11,20,2,-10,false,false,302|66,true,0,false,4,false
HITTUNE,"mgh3, flat (shipped)",2022-23,11,23,1,3,true,false,104,false,39,true,16,false
HITTUNE,"mgh3, flat (shipped)",2022-23,11,24,1,20,true,false,407,false,16,true,6,false
HITTUNE,"mgh3, flat (shipped)",2022-23,11,24,1,-4,true,false,357,true,14,true,15,false
HITTUNE,"mgh3, flat (shipped)",2022-23,11,27,1,11,true,false,526,false,0,true,5,false
HITTUNE,"mgh3, flat (shipped)",2022-23,11,26,2,24,true,false,80|465,true,39,true,13,false
HITTUNE,"mgh3, flat (shipped)",2022-23,11,30,2,26,false,false,335|295,false,11,false,9,false
HITTUNE,"mgh3, flat (shipped)",2022-23,11,35,1,-7,true,false,335,false,-14,true,4,false
HITTUNE,"mgh3, flat (shipped)",2022-23,11,35,1,18,true,false,116,false,18,false,4,false
HITTUNE,"mgh3, flat (shipped)",2023-24,11,14,2,-18,true,false,373|43,false,-30,true,7,false
HITTUNE,"mgh3, flat (shipped)",2023-24,11,27,1,14,false,false,321,false,-16,true,12,false
HITTUNE,"mgh3, flat (shipped)",2023-24,11,35,1,15,true,false,516,false,15,true,4,false
HITTUNE,"mgh3, flat (shipped)",2023-24,11,37,1,6,true,false,687,false,0,false,2,false
HITTUNE,"mgh3, flat (shipped)",2023-24,11,21,2,-15,true,false,516|342,false,1,false,18,false
HITTUNE,"mgh3, flat (shipped)",2023-24,11,22,2,54,false,false,49|353,false,47,true,15,false
HITTUNE,"mgh3, flat (shipped)",2023-24,11,24,1,19,true,false,526,false,21,true,9,false
HITTUNE,"mgh3, flat (shipped)",2023-24,11,24,1,1,true,false,85,false,-11,true,15,false
HITTUNE,"mgh3, flat (shipped)",2023-24,11,26,1,1,false,false,430,false,1,false,4,false
HITTUNE,"mgh3, flat (shipped)",2023-24,11,33,1,24,true,false,362,false,7,true,6,false
HITTUNE,"mgh3, flat (shipped)",2023-24,11,33,1,21,true,false,373,true,20,true,6,false
HITTUNE,"mgh3, flat (shipped)",2023-24,11,18,1,-7,true,false,134,false,9,true,21,false
HITTUNE,"mgh3, flat (shipped)",2023-24,11,30,1,10,true,false,303,false,10,true,5,false
HITTUNE,"mgh3, flat (shipped)",2023-24,11,30,1,-3,true,false,263,false,5,true,9,false
HITTUNE,"mgh3, flat (shipped)",2023-24,11,30,1,30,false,false,5,false,43,true,9,false
HITTUNE,"mgh3, flat (shipped)",2023-24,11,31,1,-25,true,false,313,false,-29,true,8,false
HITTUNE,"mgh3, flat (shipped)",2023-24,11,32,1,-12,true,false,14,false,43,true,7,true
HITTUNE,"mgh3, flat (shipped)",2023-24,11,13,2,3,true,false,664|602,false,53,true,17,false
HITTUNE,"mgh3, flat (shipped)",2023-24,11,17,2,35,false,false,19|343,false,143,true,17,false
HITTUNE,"mgh3, flat (shipped)",2023-24,11,17,1,21,true,false,290,false,27,true,9,false
HITTUNE,"mgh3, flat (shipped)",2023-24,11,25,1,-4,true,false,112,false,-1,true,2,false
HITTUNE,"mgh3, flat (shipped)",2023-24,11,34,1,16,true,false,211,false,16,true,5,false
HITTUNE,"mgh3, flat (shipped)",2023-24,11,36,1,16,true,false,415,false,16,true,3,false
HITTUNE,"mgh3, flat (shipped)",2024-25,11,31,1,-1,true,false,129,false,-13,true,8,false
HITTUNE,"mgh3, flat (shipped)",2024-25,11,36,1,19,true,false,514,false,19,true,3,false
HITTUNE,"mgh3, flat (shipped)",2024-25,11,14,2,-15,true,false,180|495,false,-11,false,7,false
HITTUNE,"mgh3, flat (shipped)",2024-25,11,15,1,16,true,false,541,false,14,true,6,false
HITTUNE,"mgh3, flat (shipped)",2024-25,11,16,1,3,true,false,18,false,2,true,7,false
HITTUNE,"mgh3, flat (shipped)",2024-25,11,19,2,54,false,false,401|247,false,73,false,9,false
HITTUNE,"mgh3, flat (shipped)",2024-25,11,19,1,-3,true,false,235,false,-7,true,9,false
HITTUNE,"mgh3, flat (shipped)",2024-25,11,23,1,-4,true,false,339,false,-3,true,2,false
HITTUNE,"mgh3, flat (shipped)",2024-25,11,26,2,-4,true,false,110|74,false,30,true,13,false
HITTUNE,"mgh3, flat (shipped)",2024-25,11,30,2,19,true,false,401|168,true,24,true,9,false
HITTUNE,"mgh3, flat (shipped)",2024-25,11,34,1,-8,true,false,366,false,2,true,2,false
HITTUNE,"mgh3, flat (shipped)",2024-25,11,21,2,3,true,false,311|129,false,13,true,8,false
HITTUNE,"mgh3, flat (shipped)",2024-25,11,28,2,8,true,false,585|207,false,21,false,6,false
HITTUNE,"mgh3, flat (shipped)",2024-25,11,28,1,-5,true,false,15,false,-13,true,11,false
HITTUNE,"mgh3, flat (shipped)",2024-25,11,29,2,14,true,false,58|350,true,35,false,10,false
HITTUNE,"mgh3, flat (shipped)",2024-25,11,32,1,14,false,false,650,false,5,false,7,false
HITTUNE,"mgh3, flat (shipped)",2024-25,11,12,2,-2,true,false,82|236,false,-10,true,4,false
HITTUNE,"mgh3, flat (shipped)",2024-25,11,25,1,10,true,false,18,false,-9,true,14,false
HITTUNE,"mgh3, flat (shipped)",2025-26,11,19,2,7,true,false,82|684,false,19,true,20,false
HITTUNE,"mgh3, flat (shipped)",2025-26,11,19,1,5,true,false,21,false,0,false,1,false
HITTUNE,"mgh3, flat (shipped)",2025-26,11,19,1,-13,true,false,414,false,-13,true,5,false
HITTUNE,"mgh3, flat (shipped)",2025-26,11,20,2,-1,true,false,8|547,false,-2,true,19,false
HITTUNE,"mgh3, flat (shipped)",2025-26,11,27,1,-16,true,false,382,false,-4,false,1,false
HITTUNE,"mgh3, flat (shipped)",2025-26,11,28,1,-3,true,false,119,false,2,true,3,false
HITTUNE,"mgh3, flat (shipped)",2025-26,11,29,2,38,true,false,249|783,false,35,true,10,false
HITTUNE,"mgh3, flat (shipped)",2025-26,11,29,1,14,true,false,343,false,-17,true,10,false
HITTUNE,"mgh3, flat (shipped)",2025-26,11,31,2,-5,false,false,235|531,false,2,false,3,false
HITTUNE,"mgh3, flat (shipped)",2025-26,11,24,1,30,true,false,449,false,175,true,15,false
HITTUNE,"mgh3, flat (shipped)",2025-26,11,25,2,13,false,false,808|21,false,9,false,4,false
HITTUNE,"mgh3, flat (shipped)",2025-26,11,25,1,22,false,false,624,false,44,true,14,false
HITTUNE,"mgh3, flat (shipped)",2025-26,11,33,2,40,true,false,260|517,false,29,true,6,false
HITTUNE,"mgh3, flat (shipped)",2025-26,11,34,2,31,false,false,5|21,true,35,false,5,false
HITTUNE,"mgh3, flat (shipped)",2025-26,11,35,1,-18,true,false,411,false,-21,true,4,false
HITTUNE,"mgh3, flat (shipped)",2025-26,11,13,2,21,false,false,16|74,false,-45,true,22,false
HITTUNE,"mgh3, flat (shipped)",2025-26,11,15,1,13,true,false,387,false,10,true,4,false
HITTUNE,"mgh3, flat (shipped)",2020-21,16,23,1,-8,true,false,277,false,-4,true,7,false
HITTUNE,"mgh3, flat (shipped)",2020-21,16,33,2,14,true,false,259|224,true,27,true,6,false
HITTUNE,"mgh3, flat (shipped)",2020-21,16,34,1,6,true,false,370,false,6,true,5,false
HITTUNE,"mgh3, flat (shipped)",2020-21,16,36,2,-1,true,false,254|68,true,37,false,3,false
HITTUNE,"mgh3, flat (shipped)",2020-21,16,28,2,34,true,false,388|570,false,32,true,6,true
HITTUNE,"mgh3, flat (shipped)",2020-21,16,28,1,14,true,false,383,false,5,true,11,false
HITTUNE,"mgh3, flat (shipped)",2020-21,16,28,1,-11,true,false,435,false,-11,true,5,false
HITTUNE,"mgh3, flat (shipped)",2020-21,16,37,1,8,false,false,233,false,8,false,2,false
HITTUNE,"mgh3, flat (shipped)",2020-21,16,22,2,10,true,false,254|390,false,21,true,9,false
HITTUNE,"mgh3, flat (shipped)",2020-21,16,22,1,-20,true,false,162,false,-8,true,2,false
HITTUNE,"mgh3, flat (shipped)",2020-21,16,29,1,20,true,false,69,false,24,true,10,false
HITTUNE,"mgh3, flat (shipped)",2020-21,16,30,1,1,true,false,102,false,1,true,5,false
HITTUNE,"mgh3, flat (shipped)",2020-21,16,31,1,-13,true,false,306,false,-13,true,5,false
HITTUNE,"mgh3, flat (shipped)",2020-21,16,32,1,5,true,false,12,false,11,true,7,false
HITTUNE,"mgh3, flat (shipped)",2020-21,16,21,1,27,true,false,276,false,0,false,1,true
HITTUNE,"mgh3, flat (shipped)",2020-21,16,21,1,7,true,false,506,false,1,true,7,false
HITTUNE,"mgh3, flat (shipped)",2020-21,16,24,2,35,true,false,271|74,true,25,true,15,false
HITTUNE,"mgh3, flat (shipped)",2020-21,16,35,1,16,true,false,155,false,16,true,4,false
HITTUNE,"mgh3, flat (shipped)",2020-21,16,17,2,37,true,false,298|556,false,57,true,11,false
HITTUNE,"mgh3, flat (shipped)",2021-22,16,33,1,7,true,false,505,false,-4,true,6,false
HITTUNE,"mgh3, flat (shipped)",2021-22,16,35,1,-2,true,false,681,false,-11,true,2,false
HITTUNE,"mgh3, flat (shipped)",2021-22,16,35,1,9,true,false,40,true,13,true,4,false
HITTUNE,"mgh3, flat (shipped)",2021-22,16,17,2,8,false,false,559|422,false,44,false,22,false
HITTUNE,"mgh3, flat (shipped)",2021-22,16,25,1,-7,true,false,584,false,-10,true,14,false
HITTUNE,"mgh3, flat (shipped)",2021-22,16,30,1,6,true,false,265,false,6,true,5,false
HITTUNE,"mgh3, flat (shipped)",2021-22,16,34,2,-41,true,false,233|315,true,-26,true,5,true
HITTUNE,"mgh3, flat (shipped)",2021-22,16,38,1,6,true,false,359,false,18,false,1,true
HITTUNE,"mgh3, flat (shipped)",2021-22,16,18,1,-2,true,false,76,false,-8,true,10,false
HITTUNE,"mgh3, flat (shipped)",2021-22,16,19,1,2,true,false,138,false,1,true,2,false
HITTUNE,"mgh3, flat (shipped)",2021-22,16,26,2,76,true,false,357|22,true,167,true,13,false
HITTUNE,"mgh3, flat (shipped)",2021-22,16,32,2,24,true,false,138|234,true,12,true,7,false
HITTUNE,"mgh3, flat (shipped)",2021-22,16,37,1,4,true,false,154,false,4,true,2,false
HITTUNE,"mgh3, flat (shipped)",2021-22,16,27,1,11,true,false,681,false,21,true,3,false
HITTUNE,"mgh3, flat (shipped)",2021-22,16,28,1,4,true,false,23,false,-2,true,11,false
HITTUNE,"mgh3, flat (shipped)",2021-22,16,31,1,17,true,false,341,false,2,true,3,false
HITTUNE,"mgh3, flat (shipped)",2021-22,16,36,1,8,true,false,259,false,8,true,3,false
HITTUNE,"mgh3, flat (shipped)",2021-22,16,29,1,13,true,false,411,false,-1,true,7,false
HITTUNE,"mgh3, flat (shipped)",2021-22,16,20,1,1,true,false,353,false,-24,true,19,false
HITTUNE,"mgh3, flat (shipped)",2021-22,16,21,1,19,true,false,240,false,19,true,6,false
HITTUNE,"mgh3, flat (shipped)",2021-22,16,22,1,-7,true,false,468,false,-67,true,17,false
HITTUNE,"mgh3, flat (shipped)",2021-22,16,23,2,-6,true,false,196|679,true,-21,true,10,false
HITTUNE,"mgh3, flat (shipped)",2021-22,16,24,1,-4,true,false,277,false,10,true,2,false
HITTUNE,"mgh3, flat (shipped)",2022-23,16,19,2,25,true,false,26|301,false,37,true,9,true
HITTUNE,"mgh3, flat (shipped)",2022-23,16,19,1,13,true,false,7,false,25,true,14,false
HITTUNE,"mgh3, flat (shipped)",2022-23,16,20,1,20,true,false,332,false,-6,true,12,false
HITTUNE,"mgh3, flat (shipped)",2022-23,16,23,1,17,true,false,407,false,21,true,6,false
HITTUNE,"mgh3, flat (shipped)",2022-23,16,25,1,4,true,false,81,false,12,true,14,false
HITTUNE,"mgh3, flat (shipped)",2022-23,16,28,1,15,false,false,377,false,15,false,6,false
HITTUNE,"mgh3, flat (shipped)",2022-23,16,34,1,-8,true,false,610,false,-13,true,5,false
HITTUNE,"mgh3, flat (shipped)",2022-23,16,36,1,11,false,false,116,false,11,false,3,false
HITTUNE,"mgh3, flat (shipped)",2022-23,16,18,1,23,false,false,80,false,38,true,21,false
HITTUNE,"mgh3, flat (shipped)",2022-23,16,21,2,4,true,false,283|225,true,190,false,18,false
HITTUNE,"mgh3, flat (shipped)",2022-23,16,22,1,5,true,false,318,false,2,true,2,false
HITTUNE,"mgh3, flat (shipped)",2022-23,16,26,1,11,true,false,357,false,-16,true,13,false
HITTUNE,"mgh3, flat (shipped)",2022-23,16,27,1,11,true,false,526,false,-3,true,4,false
HITTUNE,"mgh3, flat (shipped)",2022-23,16,31,1,-5,true,false,295,false,-24,true,8,false
HITTUNE,"mgh3, flat (shipped)",2022-23,16,37,1,-2,true,false,303,false,-2,true,2,false
HITTUNE,"mgh3, flat (shipped)",2022-23,16,29,1,21,true,false,335,false,12,true,3,false
HITTUNE,"mgh3, flat (shipped)",2022-23,16,32,2,16,true,false,285|124,false,10,true,7,false
HITTUNE,"mgh3, flat (shipped)",2022-23,16,33,2,-14,false,false,307|107,true,-17,false,6,false
HITTUNE,"mgh3, flat (shipped)",2022-23,16,24,1,33,false,false,285,false,25,false,2,false
HITTUNE,"mgh3, flat (shipped)",2022-23,16,24,1,6,true,false,427,true,37,true,15,false
HITTUNE,"mgh3, flat (shipped)",2022-23,16,35,1,-7,true,false,335,false,-2,true,2,false
HITTUNE,"mgh3, flat (shipped)",2023-24,16,22,1,24,true,false,14,false,64,true,17,false
HITTUNE,"mgh3, flat (shipped)",2023-24,16,22,1,5,true,false,134,false,17,true,17,false
HITTUNE,"mgh3, flat (shipped)",2023-24,16,25,1,-4,true,false,112,false,-1,true,2,false
HITTUNE,"mgh3, flat (shipped)",2023-24,16,35,1,-5,true,false,415,false,-5,true,4,true
HITTUNE,"mgh3, flat (shipped)",2023-24,16,35,1,6,true,false,516,true,10,true,4,false
HITTUNE,"mgh3, flat (shipped)",2023-24,16,21,1,-4,true,false,342,false,6,true,11,false
HITTUNE,"mgh3, flat (shipped)",2023-24,16,21,1,11,true,false,353,false,31,true,10,false
HITTUNE,"mgh3, flat (shipped)",2023-24,16,26,1,1,false,false,430,false,1,false,4,false
HITTUNE,"mgh3, flat (shipped)",2023-24,16,27,1,14,false,false,321,false,-12,true,12,false
HITTUNE,"mgh3, flat (shipped)",2023-24,16,32,2,3,true,false,29|353,true,25,false,7,false
HITTUNE,"mgh3, flat (shipped)",2023-24,16,24,1,19,true,false,526,false,16,true,11,false
HITTUNE,"mgh3, flat (shipped)",2023-24,16,24,1,24,true,false,85,false,41,true,15,false
HITTUNE,"mgh3, flat (shipped)",2023-24,16,31,2,15,true,false,355|362,false,11,true,8,false
HITTUNE,"mgh3, flat (shipped)",2023-24,16,34,1,16,true,false,211,false,16,true,5,false
HITTUNE,"mgh3, flat (shipped)",2023-24,16,36,1,8,true,false,341,false,8,true,3,false
HITTUNE,"mgh3, flat (shipped)",2023-24,16,37,1,9,true,false,349,false,-3,true,2,false
HITTUNE,"mgh3, flat (shipped)",2023-24,16,17,2,35,false,false,19|343,false,148,true,17,false
HITTUNE,"mgh3, flat (shipped)",2023-24,16,17,1,15,true,false,290,true,17,true,9,false
HITTUNE,"mgh3, flat (shipped)",2023-24,16,18,1,10,true,false,516,false,15,true,4,false
HITTUNE,"mgh3, flat (shipped)",2023-24,16,30,1,8,false,false,313,false,9,false,6,false
HITTUNE,"mgh3, flat (shipped)",2023-24,16,30,1,15,true,false,263,false,25,true,9,false
HITTUNE,"mgh3, flat (shipped)",2023-24,16,33,1,10,true,false,373,false,16,true,4,false
HITTUNE,"mgh3, flat (shipped)",2024-25,16,32,1,13,true,false,110,false,20,true,7,false
HITTUNE,"mgh3, flat (shipped)",2024-25,16,33,1,1,true,false,755,false,1,true,6,false
HITTUNE,"mgh3, flat (shipped)",2024-25,16,19,2,64,false,false,401|398,false,81,false,9,false
HITTUNE,"mgh3, flat (shipped)",2024-25,16,20,2,2,false,false,235|232,false,55,false,19,false
HITTUNE,"mgh3, flat (shipped)",2024-25,16,21,2,2,true,false,311|129,false,15,true,8,false
HITTUNE,"mgh3, flat (shipped)",2024-25,16,23,2,0,true,false,339|720,false,-36,true,16,false
HITTUNE,"mgh3, flat (shipped)",2024-25,16,26,1,-6,true,false,3,false,-6,true,5,false
HITTUNE,"mgh3, flat (shipped)",2024-25,16,28,2,-31,true,false,541|207,false,-22,true,5,false
HITTUNE,"mgh3, flat (shipped)",2024-25,16,30,2,-9,true,false,401|366,true,-7,true,9,false
HITTUNE,"mgh3, flat (shipped)",2024-25,16,36,2,-16,true,false,182|168,false,-20,true,3,false
HITTUNE,"mgh3, flat (shipped)",2024-25,16,25,2,23,false,false,447|78,false,29,true,11,false
HITTUNE,"mgh3, flat (shipped)",2024-25,16,29,2,16,true,false,585|18,true,30,true,10,false
HITTUNE,"mgh3, flat (shipped)",2024-25,16,31,1,25,false,false,350,false,41,false,8,false
HITTUNE,"mgh3, flat (shipped)",2025-26,16,25,2,24,false,false,624|21,false,81,true,14,false
HITTUNE,"mgh3, flat (shipped)",2025-26,16,28,2,33,true,false,373|329,false,51,true,11,false
HITTUNE,"mgh3, flat (shipped)",2025-26,16,32,2,37,false,false,430|267,true,32,false,7,false
HITTUNE,"mgh3, flat (shipped)",2025-26,16,33,2,15,false,false,21|260,true,18,false,6,false
HITTUNE,"mgh3, flat (shipped)",2025-26,16,34,1,2,true,false,136,false,2,true,5,false
HITTUNE,"mgh3, flat (shipped)",2025-26,16,35,1,-15,true,false,411,false,-17,true,4,false
HITTUNE,"mgh3, flat (shipped)",2025-26,16,19,2,1,true,false,16|343,false,-6,false,6,false
HITTUNE,"mgh3, flat (shipped)",2025-26,16,20,2,-10,true,false,8|547,false,0,true,19,false
HITTUNE,"mgh3, flat (shipped)",2025-26,16,20,1,1,true,false,450,false,2,true,4,false
HITTUNE,"mgh3, flat (shipped)",2025-26,16,21,1,1,true,false,684,false,-32,true,18,false
HITTUNE,"mgh3, flat (shipped)",2025-26,16,24,1,-5,true,false,382,false,0,true,4,false
HITTUNE,"mgh3, flat (shipped)",2025-26,16,27,2,38,true,false,449|791,false,144,false,12,false
HITTUNE,"mgh3, flat (shipped)",2025-26,16,29,2,9,true,false,235|249,true,13,true,5,true
HITTUNE,"mgh3, flat (shipped)",2025-26,16,30,1,-15,true,false,661,false,-1,true,2,false
HITTUNE,"mgh3, flat (shipped)",2025-26,16,31,1,3,true,false,517,false,10,true,8,false
HITTUNE,"mgh3, flat (shipped)",2020-21,21,23,1,2,true,false,273,false,3,true,4,false
HITTUNE,"mgh3, flat (shipped)",2020-21,21,24,2,41,true,false,271|572,true,34,true,13,false
HITTUNE,"mgh3, flat (shipped)",2020-21,21,27,1,-2,true,false,556,false,-2,true,5,false
HITTUNE,"mgh3, flat (shipped)",2020-21,21,30,2,-1,true,false,388|449,true,8,true,9,false
HITTUNE,"mgh3, flat (shipped)",2020-21,21,29,1,14,true,false,570,false,1,true,10,false
HITTUNE,"mgh3, flat (shipped)",2020-21,21,32,1,27,true,false,155,false,29,true,7,false
HITTUNE,"mgh3, flat (shipped)",2020-21,21,33,1,7,true,false,12,false,10,true,6,false
HITTUNE,"mgh3, flat (shipped)",2020-21,21,35,1,-5,true,false,300,false,-7,false,1,false
HITTUNE,"mgh3, flat (shipped)",2020-21,21,37,1,9,true,false,558,false,9,true,2,false
HITTUNE,"mgh3, flat (shipped)",2020-21,21,26,1,15,false,false,557,false,18,false,8,false
HITTUNE,"mgh3, flat (shipped)",2020-21,21,31,1,9,true,false,102,false,1,true,4,false
HITTUNE,"mgh3, flat (shipped)",2020-21,21,34,1,10,true,false,524,false,10,true,5,false
HITTUNE,"mgh3, flat (shipped)",2020-21,21,36,2,18,true,false,259|390,true,22,true,3,true
HITTUNE,"mgh3, flat (shipped)",2020-21,21,22,1,-20,true,false,162,false,-6,true,2,false
HITTUNE,"mgh3, flat (shipped)",2020-21,21,22,1,-8,true,false,81,false,-5,false,1,false
HITTUNE,"mgh3, flat (shipped)",2020-21,21,25,1,-7,true,false,277,false,-13,true,6,false
HITTUNE,"mgh3, flat (shipped)",2020-21,21,28,1,17,false,false,383,false,14,false,11,false
HITTUNE,"mgh3, flat (shipped)",2021-22,21,26,2,41,true,false,357|22,true,148,true,13,false
HITTUNE,"mgh3, flat (shipped)",2021-22,21,27,1,11,true,false,681,false,11,true,5,false
HITTUNE,"mgh3, flat (shipped)",2021-22,21,28,1,4,true,false,23,false,-2,true,11,false
HITTUNE,"mgh3, flat (shipped)",2021-22,21,29,1,-10,true,false,265,false,-15,true,6,false
HITTUNE,"mgh3, flat (shipped)",2021-22,21,30,1,14,true,false,341,false,0,true,4,false
HITTUNE,"mgh3, flat (shipped)",2021-22,21,32,2,37,true,false,359|67,true,1,false,7,false
HITTUNE,"mgh3, flat (shipped)",2021-22,21,36,1,-2,true,false,259,false,-2,true,3,false
HITTUNE,"mgh3, flat (shipped)",2021-22,21,37,1,4,true,false,200,false,4,true,2,false
HITTUNE,"mgh3, flat (shipped)",2021-22,21,22,2,39,false,false,475|584,false,53,false,17,false
HITTUNE,"mgh3, flat (shipped)",2021-22,21,38,1,6,true,false,359,false,6,false,1,false
HITTUNE,"mgh3, flat (shipped)",2021-22,21,23,1,12,true,false,676,false,-10,true,16,false
HITTUNE,"mgh3, flat (shipped)",2021-22,21,31,1,7,true,false,270,false,-13,true,6,false
HITTUNE,"mgh3, flat (shipped)",2021-22,21,33,2,-17,true,false,233|505,true,-1,true,6,false
HITTUNE,"mgh3, flat (shipped)",2021-22,21,24,1,-4,true,false,277,false,1,false,1,false
HITTUNE,"mgh3, flat (shipped)",2021-22,21,25,1,15,true,false,233,false,-9,false,1,false
HITTUNE,"mgh3, flat (shipped)",2021-22,21,34,2,-14,true,false,138|315,true,-10,true,5,false
HITTUNE,"mgh3, flat (shipped)",2021-22,21,35,1,-2,true,false,681,false,-2,true,4,false
HITTUNE,"mgh3, flat (shipped)",2022-23,21,30,2,-6,true,false,124|295,false,7,true,9,false
HITTUNE,"mgh3, flat (shipped)",2022-23,21,32,2,13,false,false,285|40,false,36,false,7,false
HITTUNE,"mgh3, flat (shipped)",2022-23,21,37,2,4,false,false,318|13,false,4,false,2,true
HITTUNE,"mgh3, flat (shipped)",2022-23,21,24,2,-2,true,false,80|724,false,1,true,13,false
HITTUNE,"mgh3, flat (shipped)",2022-23,21,26,2,-10,true,false,107|295,false,1,false,9,false
HITTUNE,"mgh3, flat (shipped)",2022-23,21,34,2,13,false,false,312|66,false,-9,false,5,false
HITTUNE,"mgh3, flat (shipped)",2022-23,21,35,1,18,true,false,116,false,18,false,4,false
HITTUNE,"mgh3, flat (shipped)",2022-23,21,22,2,23,false,false,307|394,false,-9,true,17,false
HITTUNE,"mgh3, flat (shipped)",2022-23,21,27,1,16,true,false,92,false,15,true,3,false
HITTUNE,"mgh3, flat (shipped)",2022-23,21,28,1,6,true,false,705,false,-1,true,2,false
HITTUNE,"mgh3, flat (shipped)",2023-24,21,24,1,19,true,false,526,false,16,true,11,false
HITTUNE,"mgh3, flat (shipped)",2023-24,21,25,1,-2,true,false,664,false,-2,true,5,false
HITTUNE,"mgh3, flat (shipped)",2023-24,21,25,1,24,false,false,85,false,28,true,12,false
HITTUNE,"mgh3, flat (shipped)",2023-24,21,26,1,17,false,false,49,false,6,false,13,false
HITTUNE,"mgh3, flat (shipped)",2023-24,21,27,1,13,true,false,321,false,-1,true,12,false
HITTUNE,"mgh3, flat (shipped)",2023-24,21,32,2,47,false,false,29|362,false,65,false,7,true
HITTUNE,"mgh3, flat (shipped)",2023-24,21,34,1,20,true,false,415,false,20,true,5,false
HITTUNE,"mgh3, flat (shipped)",2023-24,21,36,1,1,true,false,134,false,1,true,3,false
HITTUNE,"mgh3, flat (shipped)",2023-24,21,22,1,39,true,false,353,false,36,true,11,false
HITTUNE,"mgh3, flat (shipped)",2023-24,21,22,1,15,true,false,430,false,16,true,8,false
HITTUNE,"mgh3, flat (shipped)",2023-24,21,30,1,8,false,false,313,false,14,true,9,false
HITTUNE,"mgh3, flat (shipped)",2023-24,21,30,1,10,true,false,303,false,14,true,6,false
HITTUNE,"mgh3, flat (shipped)",2023-24,21,30,1,-3,true,false,263,false,5,true,9,false
HITTUNE,"mgh3, flat (shipped)",2023-24,21,30,1,25,true,false,14,true,92,true,9,false
HITTUNE,"mgh3, flat (shipped)",2023-24,21,33,1,10,true,false,373,false,-10,true,6,false
HITTUNE,"mgh3, flat (shipped)",2023-24,21,35,1,10,true,false,516,false,10,true,4,false
HITTUNE,"mgh3, flat (shipped)",2023-24,21,37,1,2,true,false,211,false,2,true,2,false
HITTUNE,"mgh3, flat (shipped)",2024-25,21,27,2,13,true,false,350|152,false,10,true,12,false
HITTUNE,"mgh3, flat (shipped)",2024-25,21,28,1,-12,true,false,207,false,-2,false,1,false
HITTUNE,"mgh3, flat (shipped)",2024-25,21,32,1,-10,true,false,129,false,-14,true,7,false
HITTUNE,"mgh3, flat (shipped)",2024-25,21,33,1,-2,true,false,573,false,-2,true,6,false
HITTUNE,"mgh3, flat (shipped)",2024-25,21,34,1,14,true,false,168,false,14,true,5,false
HITTUNE,"mgh3, flat (shipped)",2024-25,21,23,2,32,false,false,310|236,false,20,false,4,false
HITTUNE,"mgh3, flat (shipped)",2024-25,21,25,1,-22,true,false,78,false,-23,true,4,false
HITTUNE,"mgh3, flat (shipped)",2024-25,21,29,2,-10,true,false,401|585,true,-4,true,10,false
HITTUNE,"mgh3, flat (shipped)",2024-25,21,30,1,-2,true,false,650,false,-6,true,3,false
HITTUNE,"mgh3, flat (shipped)",2024-25,21,31,1,12,false,false,18,false,14,false,8,false
HITTUNE,"mgh3, flat (shipped)",2024-25,21,26,2,3,true,false,110|3,false,38,true,13,false
HITTUNE,"mgh3, flat (shipped)",2025-26,21,25,2,23,true,false,21|449,false,152,true,14,false
HITTUNE,"mgh3, flat (shipped)",2025-26,21,29,2,13,true,false,235|249,false,13,true,5,true
HITTUNE,"mgh3, flat (shipped)",2025-26,21,29,1,-1,true,false,82,false,-3,true,7,false
HITTUNE,"mgh3, flat (shipped)",2025-26,21,32,2,47,false,false,430|354,true,56,false,7,false
HITTUNE,"mgh3, flat (shipped)",2025-26,21,34,1,2,true,false,136,false,2,true,5,false
HITTUNE,"mgh3, flat (shipped)",2025-26,21,36,2,6,false,false,5|417,false,5,false,3,false
HITTUNE,"mgh3, flat (shipped)",2025-26,21,27,2,3,true,false,382|136,false,4,false,3,false
HITTUNE,"mgh3, flat (shipped)",2025-26,21,28,2,13,true,false,373|329,false,12,false,11,false
HITTUNE,"mgh3, flat (shipped)",2025-26,21,30,1,-24,true,false,661,false,-8,true,2,false
HITTUNE,"mgh3, flat (shipped)",2025-26,21,31,1,-26,true,false,531,false,-24,true,5,false
HITTUNE,"mgh3, flat (shipped)",2025-26,21,33,2,15,false,false,21|260,true,1,false,6,false
HITTUNE,"mgh3, flat (shipped)",2020-21,26,28,2,22,true,false,388|557,false,-6,true,11,true
HITTUNE,"mgh3, flat (shipped)",2020-21,26,28,1,-10,true,false,435,false,-10,true,5,false
HITTUNE,"mgh3, flat (shipped)",2020-21,26,29,1,12,true,false,62,false,13,true,10,false
HITTUNE,"mgh3, flat (shipped)",2020-21,26,30,1,0,true,false,102,false,0,true,5,false
HITTUNE,"mgh3, flat (shipped)",2020-21,26,31,1,-13,true,false,306,false,-13,true,5,false
HITTUNE,"mgh3, flat (shipped)",2020-21,26,33,2,14,true,false,259|224,true,27,true,6,false
HITTUNE,"mgh3, flat (shipped)",2020-21,26,35,1,-5,true,false,300,false,-5,true,4,false
HITTUNE,"mgh3, flat (shipped)",2020-21,26,36,2,-1,true,false,254|68,true,37,false,3,false
HITTUNE,"mgh3, flat (shipped)",2020-21,26,37,1,8,false,false,233,false,8,false,2,false
HITTUNE,"mgh3, flat (shipped)",2020-21,26,32,1,5,true,false,12,false,11,true,7,false
HITTUNE,"mgh3, flat (shipped)",2020-21,26,34,1,11,true,false,370,false,11,true,5,false
HITTUNE,"mgh3, flat (shipped)",2021-22,26,27,2,32,true,false,359|341,false,99,true,12,false
HITTUNE,"mgh3, flat (shipped)",2021-22,26,28,1,13,true,false,22,false,21,true,11,false
HITTUNE,"mgh3, flat (shipped)",2021-22,26,31,2,-13,true,false,270|123,false,-15,true,3,false
HITTUNE,"mgh3, flat (shipped)",2021-22,26,32,1,-13,true,false,23,false,-5,true,7,false
HITTUNE,"mgh3, flat (shipped)",2021-22,26,33,1,14,true,false,200,false,14,true,6,false
HITTUNE,"mgh3, flat (shipped)",2021-22,26,34,2,9,true,false,138|315,true,13,true,5,false
HITTUNE,"mgh3, flat (shipped)",2021-22,26,36,2,3,true,false,259|234,false,3,true,3,false
HITTUNE,"mgh3, flat (shipped)",2021-22,26,29,1,25,true,false,256,false,29,true,10,false
HITTUNE,"mgh3, flat (shipped)",2021-22,26,37,1,11,true,false,477,false,11,false,2,false
HITTUNE,"mgh3, flat (shipped)",2022-23,26,30,1,7,true,false,335,false,-6,true,2,false
HITTUNE,"mgh3, flat (shipped)",2022-23,26,32,1,-6,true,false,124,false,-7,true,7,false
HITTUNE,"mgh3, flat (shipped)",2022-23,26,33,2,-9,true,false,333|107,false,-4,true,6,false
HITTUNE,"mgh3, flat (shipped)",2022-23,26,33,1,-16,true,false,307,true,-18,true,6,false
HITTUNE,"mgh3, flat (shipped)",2022-23,26,34,1,-16,true,false,610,false,-18,true,5,false
HITTUNE,"mgh3, flat (shipped)",2022-23,26,36,1,-11,true,false,116,false,-11,true,3,false
HITTUNE,"mgh3, flat (shipped)",2022-23,26,27,2,13,false,false,92|124,false,7,false,7,false
HITTUNE,"mgh3, flat (shipped)",2022-23,26,28,2,32,true,false,377|40,true,-9,true,11,false
HITTUNE,"mgh3, flat (shipped)",2022-23,26,29,1,9,true,false,465,false,9,true,4,false
HITTUNE,"mgh3, flat (shipped)",2023-24,26,36,1,12,true,false,341,false,12,true,3,false
HITTUNE,"mgh3, flat (shipped)",2023-24,26,37,1,9,true,false,349,false,-3,true,2,false
HITTUNE,"mgh3, flat (shipped)",2023-24,26,27,2,15,true,false,688|526,false,12,false,12,false
HITTUNE,"mgh3, flat (shipped)",2023-24,26,32,1,-12,true,false,14,false,40,true,7,false
HITTUNE,"mgh3, flat (shipped)",2023-24,26,33,1,10,true,false,373,false,16,true,4,false
HITTUNE,"mgh3, flat (shipped)",2023-24,26,34,1,20,true,false,415,false,20,true,5,false
HITTUNE,"mgh3, flat (shipped)",2023-24,26,35,1,-10,true,false,211,false,-10,true,4,true
HITTUNE,"mgh3, flat (shipped)",2023-24,26,35,1,17,true,false,516,true,21,true,4,false
HITTUNE,"mgh3, flat (shipped)",2023-24,26,30,2,72,false,false,263|29,false,106,true,9,false
HITTUNE,"mgh3, flat (shipped)",2023-24,26,30,1,23,true,false,353,false,7,true,3,false
HITTUNE,"mgh3, flat (shipped)",2023-24,26,31,1,42,true,false,362,false,51,true,8,false
HITTUNE,"mgh3, flat (shipped)",2024-25,26,29,2,6,true,false,401|129,false,3,true,10,false
HITTUNE,"mgh3, flat (shipped)",2024-25,26,31,1,10,false,false,650,false,1,false,2,false
HITTUNE,"mgh3, flat (shipped)",2024-25,26,33,1,-2,true,false,573,false,-2,true,6,false
HITTUNE,"mgh3, flat (shipped)",2024-25,26,34,2,-1,true,false,327|152,false,8,true,5,false
HITTUNE,"mgh3, flat (shipped)",2024-25,26,36,1,18,true,false,514,false,18,true,3,false
HITTUNE,"mgh3, flat (shipped)",2024-25,26,28,2,-4,true,false,18|207,false,-2,false,11,false
HITTUNE,"mgh3, flat (shipped)",2025-26,26,28,2,27,true,false,684|329,false,24,false,4,false
HITTUNE,"mgh3, flat (shipped)",2025-26,26,29,2,-3,true,false,235|691,false,-7,true,10,true
HITTUNE,"mgh3, flat (shipped)",2025-26,26,30,1,5,true,false,249,false,8,true,9,false
HITTUNE,"mgh3, flat (shipped)",2025-26,26,31,1,1,true,false,373,false,7,true,8,false
HITTUNE,"mgh3, flat (shipped)",2025-26,26,32,1,33,true,false,260,false,32,true,7,false
HITTUNE,"mgh3, flat (shipped)",2025-26,26,33,1,20,false,false,407,false,12,false,6,false
HITTUNE,"mgh3, flat (shipped)",2025-26,26,34,1,-9,true,false,21,false,-9,true,5,false
HITTUNE,"mgh4, flat",2020-21,1,5,1,18,true,false,37,false,2,false,2,false
HITTUNE,"mgh4, flat",2020-21,1,11,1,-8,true,false,37,false,10,true,15,false
HITTUNE,"mgh4, flat",2020-21,1,16,1,29,true,false,277,false,21,true,14,false
HITTUNE,"mgh4, flat",2020-21,1,24,1,16,false,false,164,false,0,false,2,false
HITTUNE,"mgh4, flat",2020-21,1,33,1,-1,true,false,224,false,9,true,3,false
HITTUNE,"mgh4, flat",2020-21,1,32,1,24,true,false,155,false,21,true,7,false
HITTUNE,"mgh4, flat",2020-21,1,8,1,10,true,false,457,false,-1,true,8,false
HITTUNE,"mgh4, flat",2020-21,1,9,1,23,true,false,96,false,25,true,30,false
HITTUNE,"mgh4, flat",2020-21,1,20,1,-3,true,false,390,false,-11,true,11,false
HITTUNE,"mgh4, flat",2020-21,1,22,2,19,true,false,302|557,false,156,true,17,false
HITTUNE,"mgh4, flat",2020-21,1,29,1,-7,true,false,435,false,-5,true,3,false
HITTUNE,"mgh4, flat",2020-21,1,30,1,1,true,false,102,false,1,true,5,false
HITTUNE,"mgh4, flat",2020-21,1,15,1,24,true,false,313,false,5,false,3,false
HITTUNE,"mgh4, flat",2020-21,1,17,1,4,true,false,272,false,46,true,4,true
HITTUNE,"mgh4, flat",2020-21,1,18,1,5,true,false,556,false,-8,true,11,false
HITTUNE,"mgh4, flat",2020-21,1,26,2,39,false,false,388|23,false,58,true,13,false
HITTUNE,"mgh4, flat",2020-21,1,4,2,20,true,false,514|519,false,10,true,35,false
HITTUNE,"mgh4, flat",2020-21,1,7,1,-8,true,false,141,false,-26,true,4,false
HITTUNE,"mgh4, flat",2020-21,1,12,2,46,false,false,254|202,true,181,false,27,true
HITTUNE,"mgh4, flat",2020-21,1,2,2,16,false,false,157|461,false,19,false,12,false
HITTUNE,"mgh4, flat",2020-21,1,23,1,16,true,false,271,false,16,true,5,false
HITTUNE,"mgh4, flat",2020-21,1,34,1,16,true,false,370,false,16,true,5,false
HITTUNE,"mgh4, flat",2020-21,1,13,2,16,false,false,506|123,true,49,false,11,false
HITTUNE,"mgh4, flat",2020-21,1,21,1,27,true,false,276,false,0,false,1,true
HITTUNE,"mgh4, flat",2020-21,1,35,1,-5,true,false,300,false,-5,true,4,false
HITTUNE,"mgh4, flat",2020-21,1,37,1,8,false,false,233,false,8,false,2,false
HITTUNE,"mgh4, flat",2020-21,1,6,1,-13,true,false,155,false,-13,true,7,false
HITTUNE,"mgh4, flat",2020-21,1,10,1,-15,true,false,272,false,28,true,2,true
HITTUNE,"mgh4, flat",2020-21,1,28,2,30,false,false,12|570,false,45,false,11,false
HITTUNE,"mgh4, flat",2020-21,1,31,1,-13,true,false,306,false,-13,true,5,false
HITTUNE,"mgh4, flat",2020-21,1,14,1,4,true,false,325,false,-44,true,14,false
HITTUNE,"mgh4, flat",2020-21,1,36,2,-1,true,false,254|68,true,37,false,3,false
HITTUNE,"mgh4, flat",2021-22,1,16,1,3,true,false,315,false,3,true,5,false
HITTUNE,"mgh4, flat",2021-22,1,22,1,15,false,false,584,false,11,true,17,false
HITTUNE,"mgh4, flat",2021-22,1,30,1,14,true,false,341,false,14,true,5,false
HITTUNE,"mgh4, flat",2021-22,1,24,2,-3,true,false,357|196,true,92,true,15,false
HITTUNE,"mgh4, flat",2021-22,1,32,2,48,true,false,138|315,true,51,true,7,false
HITTUNE,"mgh4, flat",2021-22,1,6,1,-7,true,false,78,false,-1,true,10,false
HITTUNE,"mgh4, flat",2021-22,1,37,1,11,true,false,477,false,11,false,2,false
HITTUNE,"mgh4, flat",2021-22,1,38,1,6,true,false,359,false,6,false,1,false
HITTUNE,"mgh4, flat",2021-22,1,2,2,12,true,false,177|77,false,-11,true,23,false
HITTUNE,"mgh4, flat",2021-22,1,3,1,23,true,false,256,false,7,true,36,false
HITTUNE,"mgh4, flat",2021-22,1,9,1,-2,true,false,96,false,-4,true,4,false
HITTUNE,"mgh4, flat",2021-22,1,18,1,10,false,false,556,false,4,false,13,false
HITTUNE,"mgh4, flat",2021-22,1,29,1,2,true,false,559,false,5,true,10,false
HITTUNE,"mgh4, flat",2021-22,1,12,1,14,true,false,420,false,80,true,18,false
HITTUNE,"mgh4, flat",2021-22,1,7,1,7,true,false,399,false,7,true,5,false
HITTUNE,"mgh4, flat",2021-22,1,13,2,-12,true,false,230|482,false,-20,true,11,false
HITTUNE,"mgh4, flat",2021-22,1,13,1,-14,true,false,142,false,-31,true,9,false
HITTUNE,"mgh4, flat",2021-22,1,15,1,28,false,false,262,false,28,false,5,false
HITTUNE,"mgh4, flat",2021-22,1,31,2,1,false,false,270|123,false,-3,false,4,false
HITTUNE,"mgh4, flat",2021-22,1,5,1,18,false,false,413,false,0,false,1,false
HITTUNE,"mgh4, flat",2021-22,1,17,1,15,false,false,422,false,15,false,6,false
HITTUNE,"mgh4, flat",2021-22,1,20,2,2,false,false,450|76,false,-1,false,19,false
HITTUNE,"mgh4, flat",2021-22,1,25,2,-12,true,false,240|518,true,-36,true,14,false
HITTUNE,"mgh4, flat",2021-22,1,33,1,7,true,false,505,false,-3,true,6,false
HITTUNE,"mgh4, flat",2021-22,1,35,2,23,true,false,154|200,false,7,true,4,false
HITTUNE,"mgh4, flat",2021-22,1,36,1,5,true,false,234,false,-4,true,3,false
HITTUNE,"mgh4, flat",2021-22,1,4,1,-8,true,false,262,false,-3,true,9,false
HITTUNE,"mgh4, flat",2021-22,1,14,1,10,true,false,475,false,19,true,15,false
HITTUNE,"mgh4, flat",2021-22,1,21,1,-8,true,false,468,false,-10,true,6,false
HITTUNE,"mgh4, flat",2021-22,1,23,1,-11,true,false,679,false,-25,true,10,false
HITTUNE,"mgh4, flat",2021-22,1,27,2,17,true,false,413|22,false,28,true,12,false
HITTUNE,"mgh4, flat",2021-22,1,8,1,14,false,false,413,false,49,true,17,false
HITTUNE,"mgh4, flat",2022-23,1,35,1,-12,true,false,302,false,-15,true,4,false
HITTUNE,"mgh4, flat",2022-23,1,3,1,5,false,false,295,false,19,true,36,false
HITTUNE,"mgh4, flat",2022-23,1,6,2,23,true,false,318|19,false,61,true,13,false
HITTUNE,"mgh4, flat",2022-23,1,14,2,0,true,false,306|370,false,-16,true,8,false
HITTUNE,"mgh4, flat",2022-23,1,22,1,38,false,false,285,false,50,false,12,false
HITTUNE,"mgh4, flat",2022-23,1,36,1,8,true,false,377,false,8,false,3,false
HITTUNE,"mgh4, flat",2022-23,1,12,1,10,true,false,160,false,16,true,11,false
HITTUNE,"mgh4, flat",2022-23,1,15,1,17,true,false,427,false,47,true,24,false
HITTUNE,"mgh4, flat",2022-23,1,16,1,-16,true,false,307,false,-17,true,8,false
HITTUNE,"mgh4, flat",2022-23,1,26,1,16,true,false,357,false,44,true,13,false
HITTUNE,"mgh4, flat",2022-23,1,27,1,17,true,false,104,false,27,true,12,false
HITTUNE,"mgh4, flat",2022-23,1,34,2,-2,true,false,333|312,false,10,true,5,false
HITTUNE,"mgh4, flat",2022-23,1,37,1,8,false,false,116,false,8,false,2,false
HITTUNE,"mgh4, flat",2022-23,1,2,2,5,true,false,210|321,false,-22,true,19,false
HITTUNE,"mgh4, flat",2022-23,1,8,2,4,true,false,468|376,false,-5,true,8,false
HITTUNE,"mgh4, flat",2022-23,1,10,2,-34,true,false,304|26,false,19,false,16,false
HITTUNE,"mgh4, flat",2022-23,1,11,1,0,true,false,465,false,50,true,23,false
HITTUNE,"mgh4, flat",2022-23,1,19,1,9,true,false,7,false,-17,true,14,false
HITTUNE,"mgh4, flat",2022-23,1,25,1,13,true,false,407,false,1,false,3,false
HITTUNE,"mgh4, flat",2022-23,1,28,1,21,true,false,19,false,14,true,4,false
HITTUNE,"mgh4, flat",2022-23,1,32,2,2,true,false,307|124,false,-4,true,7,false
HITTUNE,"mgh4, flat",2022-23,1,4,1,10,true,false,394,false,2,false,2,false
HITTUNE,"mgh4, flat",2022-23,1,17,1,2,true,false,346,false,1,true,3,false
HITTUNE,"mgh4, flat",2022-23,1,20,2,21,false,false,377|301,false,2,false,13,true
HITTUNE,"mgh4, flat",2022-23,1,20,1,-13,true,false,593,true,-17,true,7,false
HITTUNE,"mgh4, flat",2022-23,1,21,2,19,true,false,283|394,true,207,true,18,false
HITTUNE,"mgh4, flat",2022-23,1,23,1,10,true,false,303,false,14,false,2,false
HITTUNE,"mgh4, flat",2022-23,1,24,1,-1,true,false,81,false,13,true,15,false
HITTUNE,"mgh4, flat",2022-23,1,33,2,-31,true,false,10|107,false,-28,true,4,false
HITTUNE,"mgh4, flat",2023-24,1,11,2,9,false,false,29|178,false,0,false,4,false
HITTUNE,"mgh4, flat",2023-24,1,27,1,6,true,false,328,false,-21,true,12,false
HITTUNE,"mgh4, flat",2023-24,1,31,1,56,true,false,362,false,79,true,8,false
HITTUNE,"mgh4, flat",2023-24,1,13,1,4,true,false,20,false,4,true,11,false
HITTUNE,"mgh4, flat",2023-24,1,28,1,11,false,false,321,false,-8,true,11,false
HITTUNE,"mgh4, flat",2023-24,1,29,1,3,true,false,275,false,-41,true,10,false
HITTUNE,"mgh4, flat",2023-24,1,37,1,11,true,false,341,false,11,true,2,false
HITTUNE,"mgh4, flat",2023-24,1,9,1,2,true,false,373,false,-19,true,12,false
HITTUNE,"mgh4, flat",2023-24,1,15,1,11,true,false,5,false,89,true,24,false
HITTUNE,"mgh4, flat",2023-24,1,24,2,-4,true,false,19|265,false,61,true,15,false
HITTUNE,"mgh4, flat",2023-24,1,34,1,10,true,false,373,false,10,true,5,false
HITTUNE,"mgh4, flat",2023-24,1,30,1,22,true,false,14,false,45,true,9,false
HITTUNE,"mgh4, flat",2023-24,1,5,1,16,true,false,168,false,-40,true,22,false
HITTUNE,"mgh4, flat",2023-24,1,17,2,43,false,false,290|60,false,85,true,15,false
HITTUNE,"mgh4, flat",2023-24,1,20,2,10,true,false,343|263,false,19,true,19,false
HITTUNE,"mgh4, flat",2023-24,1,32,1,-22,true,false,293,false,-20,true,3,false
HITTUNE,"mgh4, flat",2023-24,1,33,1,-11,true,false,308,false,-11,true,6,false
HITTUNE,"mgh4, flat",2023-24,1,3,1,13,true,false,326,false,-16,true,17,false
HITTUNE,"mgh4, flat",2023-24,1,7,1,0,true,false,19,false,-11,true,2,false
HITTUNE,"mgh4, flat",2023-24,1,18,1,20,false,false,526,false,22,false,6,false
HITTUNE,"mgh4, flat",2023-24,1,21,1,19,true,false,353,false,31,true,12,false
HITTUNE,"mgh4, flat",2023-24,1,22,1,-4,true,false,342,false,-32,true,17,false
HITTUNE,"mgh4, flat",2023-24,1,25,1,19,true,false,526,false,17,true,9,false
HITTUNE,"mgh4, flat",2023-24,1,36,1,16,true,false,415,false,16,true,3,false
HITTUNE,"mgh4, flat",2023-24,1,2,2,30,false,false,352|135,false,20,false,6,false
HITTUNE,"mgh4, flat",2023-24,1,2,1,34,false,false,355,true,135,false,15,false
HITTUNE,"mgh4, flat",2023-24,1,14,2,-10,true,false,291|43,false,-20,true,17,false
HITTUNE,"mgh4, flat",2023-24,1,26,1,12,true,false,85,false,16,true,10,false
HITTUNE,"mgh4, flat",2023-24,1,4,1,1,true,false,165,false,1,true,4,false
HITTUNE,"mgh4, flat",2023-24,1,8,2,21,true,false,664|101,false,55,true,22,false
HITTUNE,"mgh4, flat",2023-24,1,35,1,29,true,false,211,false,29,true,4,false
HITTUNE,"mgh4, flat",2024-25,1,22,1,17,false,false,129,false,5,false,4,false
HITTUNE,"mgh4, flat",2024-25,1,30,1,-2,true,false,650,false,-13,true,9,false
HITTUNE,"mgh4, flat",2024-25,1,32,1,34,true,false,199,false,-2,false,1,false
HITTUNE,"mgh4, flat",2024-25,1,17,1,31,true,false,401,false,27,true,11,false
HITTUNE,"mgh4, flat",2024-25,1,20,2,8,true,false,311|231,false,-33,true,19,false
HITTUNE,"mgh4, flat",2024-25,1,28,2,-9,true,false,18|447,false,5,true,11,false
HITTUNE,"mgh4, flat",2024-25,1,29,1,-13,true,false,585,false,-3,true,10,false
HITTUNE,"mgh4, flat",2024-25,1,33,1,-23,true,false,327,false,-32,true,6,false
HITTUNE,"mgh4, flat",2024-25,1,13,2,-2,true,false,15|495,false,-31,true,26,false
HITTUNE,"mgh4, flat",2024-25,1,14,2,-4,true,false,514|617,false,-12,true,8,false
HITTUNE,"mgh4, flat",2024-25,1,15,1,5,true,false,18,false,5,true,8,false
HITTUNE,"mgh4, flat",2024-25,1,23,1,2,true,false,236,false,-21,true,16,false
HITTUNE,"mgh4, flat",2024-25,1,3,2,9,true,false,350|566,false,59,true,17,false
HITTUNE,"mgh4, flat",2024-25,1,6,1,12,true,false,99,false,31,true,33,false
HITTUNE,"mgh4, flat",2024-25,1,6,1,-4,true,false,306,false,-6,true,6,false
HITTUNE,"mgh4, flat",2024-25,1,9,2,3,true,false,311|230,false,1,true,4,false
HITTUNE,"mgh4, flat",2024-25,1,11,2,12,false,false,91|78,false,-1,false,3,false
HITTUNE,"mgh4, flat",2024-25,1,21,1,7,true,false,398,false,-21,true,11,false
HITTUNE,"mgh4, flat",2024-25,1,24,1,9,false,false,306,false,37,false,15,false
HITTUNE,"mgh4, flat",2024-25,1,26,2,3,true,false,110|3,false,38,true,13,false
HITTUNE,"mgh4, flat",2024-25,1,31,2,28,false,false,401|436,true,26,false,8,false
HITTUNE,"mgh4, flat",2024-25,1,12,2,-44,true,false,82|455,false,-42,true,6,false
HITTUNE,"mgh4, flat",2024-25,1,16,2,45,true,false,328|247,true,334,true,23,false
HITTUNE,"mgh4, flat",2024-25,1,18,1,10,true,false,573,false,33,true,12,false
HITTUNE,"mgh4, flat",2025-26,1,11,1,-1,true,false,348,false,1,true,11,false
HITTUNE,"mgh4, flat",2025-26,1,24,1,-5,true,false,382,false,0,true,4,false
HITTUNE,"mgh4, flat",2025-26,1,31,2,30,false,false,136|485,false,38,false,8,false
HITTUNE,"mgh4, flat",2025-26,1,32,1,33,true,false,260,false,32,true,7,false
HITTUNE,"mgh4, flat",2025-26,1,6,1,-12,true,false,200,false,-13,true,9,false
HITTUNE,"mgh4, flat",2025-26,1,8,1,31,false,false,283,false,48,true,17,false
HITTUNE,"mgh4, flat",2025-26,1,9,1,4,true,false,5,false,4,true,5,false
HITTUNE,"mgh4, flat",2025-26,1,14,1,33,true,false,403,false,-12,true,11,false
HITTUNE,"mgh4, flat",2025-26,1,18,1,19,true,false,21,false,5,false,2,false
HITTUNE,"mgh4, flat",2025-26,1,19,2,34,true,false,450|684,false,44,true,13,false
HITTUNE,"mgh4, flat",2025-26,1,20,2,-30,true,false,16|547,false,-32,true,19,false
HITTUNE,"mgh4, flat",2025-26,1,28,2,37,false,false,373|329,false,57,false,11,false
HITTUNE,"mgh4, flat",2025-26,1,3,1,19,true,false,477,false,3,true,8,false
HITTUNE,"mgh4, flat",2025-26,1,4,1,14,true,false,449,false,55,true,16,false
HITTUNE,"mgh4, flat",2025-26,1,15,1,10,true,false,387,false,7,true,4,false
HITTUNE,"mgh4, flat",2025-26,1,34,1,-9,true,false,21,false,-9,true,5,false
HITTUNE,"mgh4, flat",2025-26,1,35,1,12,false,false,417,false,12,false,4,false
HITTUNE,"mgh4, flat",2025-26,1,2,2,6,true,false,82|531,false,112,false,29,false
HITTUNE,"mgh4, flat",2025-26,1,5,1,-1,true,false,373,false,0,true,4,false
HITTUNE,"mgh4, flat",2025-26,1,10,1,20,false,false,714,false,8,false,3,false
HITTUNE,"mgh4, flat",2025-26,1,13,2,23,true,false,430|237,false,149,true,21,true
HITTUNE,"mgh4, flat",2025-26,1,22,1,3,true,false,694,false,-27,true,17,false
HITTUNE,"mgh4, flat",2025-26,1,25,2,41,false,false,5|449,false,216,true,14,false
HITTUNE,"mgh4, flat",2025-26,1,25,1,22,false,false,624,false,44,true,14,false
HITTUNE,"mgh4, flat",2025-26,1,29,2,8,true,false,235|249,false,-15,true,10,true
HITTUNE,"mgh4, flat",2025-26,1,33,1,20,false,false,407,false,12,false,6,false
HITTUNE,"mgh4, flat",2025-26,1,7,1,9,true,false,8,false,5,true,26,false
HITTUNE,"mgh4, flat",2020-21,6,7,2,-17,true,false,141|498,false,-27,true,4,false
HITTUNE,"mgh4, flat",2020-21,6,9,1,0,false,false,457,false,0,false,1,false
HITTUNE,"mgh4, flat",2020-21,6,19,1,10,true,false,96,false,34,true,20,false
HITTUNE,"mgh4, flat",2020-21,6,28,1,17,true,false,570,false,9,true,11,false
HITTUNE,"mgh4, flat",2020-21,6,30,2,12,true,false,388|120,true,12,true,6,false
HITTUNE,"mgh4, flat",2020-21,6,31,1,9,true,false,102,false,1,true,4,false
HITTUNE,"mgh4, flat",2020-21,6,33,2,18,true,false,259|224,false,20,true,6,false
HITTUNE,"mgh4, flat",2020-21,6,8,1,18,true,false,202,false,74,true,31,false
HITTUNE,"mgh4, flat",2020-21,6,10,2,6,false,false,255|272,true,73,true,12,true
HITTUNE,"mgh4, flat",2020-21,6,11,2,-18,true,false,254|468,true,20,true,5,false
HITTUNE,"mgh4, flat",2020-21,6,21,2,5,true,false,390|556,false,14,true,9,false
HITTUNE,"mgh4, flat",2020-21,6,27,1,-12,true,false,12,false,-25,true,12,false
HITTUNE,"mgh4, flat",2020-21,6,29,1,-7,true,false,435,false,-7,true,4,false
HITTUNE,"mgh4, flat",2020-21,6,34,1,10,true,false,524,false,10,true,5,false
HITTUNE,"mgh4, flat",2020-21,6,35,1,16,true,false,155,false,16,true,4,false
HITTUNE,"mgh4, flat",2020-21,6,15,2,-1,true,false,308|506,false,-29,true,15,false
HITTUNE,"mgh4, flat",2020-21,6,18,1,-1,true,false,572,false,-49,true,21,false
HITTUNE,"mgh4, flat",2020-21,6,22,1,9,true,false,254,false,68,true,17,false
HITTUNE,"mgh4, flat",2020-21,6,23,1,8,true,false,273,false,3,true,2,false
HITTUNE,"mgh4, flat",2020-21,6,12,1,-16,true,false,494,false,-16,true,5,false
HITTUNE,"mgh4, flat",2020-21,6,13,2,9,false,false,37|417,true,-6,false,14,false
HITTUNE,"mgh4, flat",2020-21,6,16,2,29,false,false,325|302,true,106,false,23,false
HITTUNE,"mgh4, flat",2020-21,6,17,1,33,false,false,277,false,45,true,14,false
HITTUNE,"mgh4, flat",2020-21,6,25,2,-12,true,false,271|211,false,-15,true,14,false
HITTUNE,"mgh4, flat",2020-21,6,26,1,15,false,false,557,false,17,false,8,false
HITTUNE,"mgh4, flat",2020-21,6,36,1,8,true,false,481,false,8,true,3,false
HITTUNE,"mgh4, flat",2021-22,6,7,1,6,true,false,154,false,2,false,2,false
HITTUNE,"mgh4, flat",2021-22,6,14,1,19,false,false,21,false,7,false,3,false
HITTUNE,"mgh4, flat",2021-22,6,31,1,7,true,false,270,false,0,true,3,false
HITTUNE,"mgh4, flat",2021-22,6,36,1,17,true,false,477,false,17,true,3,false
HITTUNE,"mgh4, flat",2021-22,6,37,1,2,true,false,144,false,2,true,2,false
HITTUNE,"mgh4, flat",2021-22,6,38,1,6,true,false,359,false,6,false,1,false
HITTUNE,"mgh4, flat",2021-22,6,13,2,41,true,false,237|420,false,154,true,19,false
HITTUNE,"mgh4, flat",2021-22,6,13,1,1,true,false,413,false,8,true,13,false
HITTUNE,"mgh4, flat",2021-22,6,13,1,-14,true,false,142,false,-29,true,8,false
HITTUNE,"mgh4, flat",2021-22,6,17,1,-4,true,false,422,false,-18,true,20,false
HITTUNE,"mgh4, flat",2021-22,6,30,1,12,true,false,138,false,-7,true,9,false
HITTUNE,"mgh4, flat",2021-22,6,32,2,20,true,false,265|256,true,6,true,7,false
HITTUNE,"mgh4, flat",2021-22,6,35,1,13,true,false,40,false,13,true,4,false
HITTUNE,"mgh4, flat",2021-22,6,9,1,5,true,false,261,false,26,true,10,false
HITTUNE,"mgh4, flat",2021-22,6,10,1,-1,true,false,76,false,22,true,29,false
HITTUNE,"mgh4, flat",2021-22,6,15,1,21,false,false,590,false,7,true,9,false
HITTUNE,"mgh4, flat",2021-22,6,16,1,14,true,false,257,false,11,true,12,false
HITTUNE,"mgh4, flat",2021-22,6,19,1,2,true,false,138,false,-2,true,3,false
HITTUNE,"mgh4, flat",2021-22,6,21,2,19,false,false,450|91,false,-10,false,18,false
HITTUNE,"mgh4, flat",2021-22,6,28,1,-1,true,false,559,false,4,true,3,false
HITTUNE,"mgh4, flat",2021-22,6,29,1,6,true,false,413,false,4,true,6,false
HITTUNE,"mgh4, flat",2021-22,6,11,1,29,false,false,475,false,29,false,5,false
HITTUNE,"mgh4, flat",2021-22,6,23,1,3,true,false,277,false,5,false,2,false
HITTUNE,"mgh4, flat",2021-22,6,24,1,20,false,false,429,false,19,false,9,false
HITTUNE,"mgh4, flat",2021-22,6,25,1,-21,true,false,240,false,-23,true,2,false
HITTUNE,"mgh4, flat",2021-22,6,26,2,51,true,false,357|67,true,98,true,13,false
HITTUNE,"mgh4, flat",2021-22,6,27,1,9,true,false,22,false,20,true,12,false
HITTUNE,"mgh4, flat",2021-22,6,33,1,8,true,false,23,false,15,true,6,false
HITTUNE,"mgh4, flat",2021-22,6,34,1,10,true,false,200,false,10,true,5,false
HITTUNE,"mgh4, flat",2021-22,6,22,2,21,false,false,468|196,false,12,false,10,false
HITTUNE,"mgh4, flat",2022-23,6,37,2,1,false,false,318|7,false,1,false,2,true
HITTUNE,"mgh4, flat",2022-23,6,8,2,35,false,false,80|26,false,141,false,29,false
HITTUNE,"mgh4, flat",2022-23,6,15,2,3,true,false,465|210,false,28,true,20,false
HITTUNE,"mgh4, flat",2022-23,6,15,1,-14,true,false,307,false,-11,true,11,false
HITTUNE,"mgh4, flat",2022-23,6,24,2,10,true,false,152|427,false,43,true,15,false
HITTUNE,"mgh4, flat",2022-23,6,26,1,4,true,false,81,false,8,true,7,false
HITTUNE,"mgh4, flat",2022-23,6,10,1,-10,true,false,146,false,-7,true,3,false
HITTUNE,"mgh4, flat",2022-23,6,11,2,15,true,false,427|373,false,17,true,9,false
HITTUNE,"mgh4, flat",2022-23,6,13,1,3,true,false,312,false,3,true,6,false
HITTUNE,"mgh4, flat",2022-23,6,16,1,-18,true,false,160,false,-18,true,7,false
HITTUNE,"mgh4, flat",2022-23,6,20,2,8,true,false,318|66,true,-84,true,19,false
HITTUNE,"mgh4, flat",2022-23,6,23,1,10,true,false,303,false,14,false,2,false
HITTUNE,"mgh4, flat",2022-23,6,7,1,-7,true,false,376,false,-1,true,8,false
HITTUNE,"mgh4, flat",2022-23,6,19,2,12,true,false,7|558,false,1,true,14,false
HITTUNE,"mgh4, flat",2022-23,6,21,1,33,false,false,285,false,101,false,18,false
HITTUNE,"mgh4, flat",2022-23,6,31,2,10,false,false,335|295,false,6,false,8,false
HITTUNE,"mgh4, flat",2022-23,6,32,1,-6,true,false,124,false,-7,true,7,false
HITTUNE,"mgh4, flat",2022-23,6,35,1,-7,true,false,335,false,-14,true,4,false
HITTUNE,"mgh4, flat",2022-23,6,35,1,18,true,false,116,false,18,false,4,false
HITTUNE,"mgh4, flat",2022-23,6,17,1,6,true,false,104,false,21,true,22,false
HITTUNE,"mgh4, flat",2022-23,6,25,1,13,true,false,407,false,14,true,6,false
HITTUNE,"mgh4, flat",2022-23,6,27,1,19,true,false,357,false,38,true,12,false
HITTUNE,"mgh4, flat",2022-23,6,33,2,-15,true,false,312|107,false,-11,true,6,false
HITTUNE,"mgh4, flat",2022-23,6,33,1,-12,true,false,307,false,-15,true,6,false
HITTUNE,"mgh4, flat",2023-24,6,8,1,15,false,false,265,false,35,true,11,false
HITTUNE,"mgh4, flat",2023-24,6,11,1,10,true,false,19,false,97,true,21,false
HITTUNE,"mgh4, flat",2023-24,6,27,1,14,false,false,321,false,-11,true,12,false
HITTUNE,"mgh4, flat",2023-24,6,30,2,33,false,false,355|245,false,39,true,9,false
HITTUNE,"mgh4, flat",2023-24,6,9,1,-21,true,false,14,false,-9,true,2,false
HITTUNE,"mgh4, flat",2023-24,6,14,2,-12,true,false,291|664,false,-29,false,18,false
HITTUNE,"mgh4, flat",2023-24,6,17,2,45,false,false,516|60,false,72,false,17,false
HITTUNE,"mgh4, flat",2023-24,6,17,1,18,true,false,290,false,-3,true,9,false
HITTUNE,"mgh4, flat",2023-24,6,18,1,9,true,false,526,false,-22,true,17,false
HITTUNE,"mgh4, flat",2023-24,6,19,1,7,true,false,5,false,41,true,20,false
HITTUNE,"mgh4, flat",2023-24,6,25,1,-2,true,false,112,false,-1,false,2,false
HITTUNE,"mgh4, flat",2023-24,6,31,1,21,true,false,263,false,24,true,8,false
HITTUNE,"mgh4, flat",2023-24,6,33,1,10,true,false,373,false,16,true,4,false
HITTUNE,"mgh4, flat",2023-24,6,21,2,-16,true,false,343|342,false,-14,true,15,false
HITTUNE,"mgh4, flat",2023-24,6,22,1,39,true,false,353,false,36,true,11,false
HITTUNE,"mgh4, flat",2023-24,6,34,1,20,true,false,415,false,20,true,5,false
HITTUNE,"mgh4, flat",2023-24,6,35,1,-10,true,false,211,false,-10,true,4,true
HITTUNE,"mgh4, flat",2023-24,6,35,1,6,true,false,516,true,10,true,4,false
HITTUNE,"mgh4, flat",2023-24,6,36,1,12,true,false,341,false,12,true,3,false
HITTUNE,"mgh4, flat",2023-24,6,37,1,9,true,false,349,false,-3,true,2,false
HITTUNE,"mgh4, flat",2023-24,6,12,2,12,false,false,113|490,false,-11,false,12,false
HITTUNE,"mgh4, flat",2023-24,6,15,2,14,true,false,31|275,false,44,true,16,false
HITTUNE,"mgh4, flat",2023-24,6,24,1,22,true,false,134,false,0,true,15,false
HITTUNE,"mgh4, flat",2023-24,6,24,1,24,true,false,85,false,41,true,15,false
HITTUNE,"mgh4, flat",2023-24,6,26,1,1,false,false,430,false,1,false,4,false
HITTUNE,"mgh4, flat",2023-24,6,29,1,6,true,false,29,false,45,true,10,false
HITTUNE,"mgh4, flat",2023-24,6,32,2,15,true,false,14|362,true,73,true,7,false
HITTUNE,"mgh4, flat",2024-25,6,32,1,-7,true,false,207,false,0,false,1,false
HITTUNE,"mgh4, flat",2024-25,6,36,2,0,true,false,182|23,false,0,true,3,false
HITTUNE,"mgh4, flat",2024-25,6,11,2,-10,true,false,78|182,false,-114,true,19,false
HITTUNE,"mgh4, flat",2024-25,6,11,1,10,true,false,491,false,10,true,5,false
HITTUNE,"mgh4, flat",2024-25,6,12,2,2,true,false,82|573,false,-17,true,17,false
HITTUNE,"mgh4, flat",2024-25,6,28,2,-8,true,false,18|207,false,11,false,11,false
HITTUNE,"mgh4, flat",2024-25,6,29,1,-12,true,false,650,false,-15,true,10,false
HITTUNE,"mgh4, flat",2024-25,6,34,1,-4,true,false,327,false,5,true,2,false
HITTUNE,"mgh4, flat",2024-25,6,9,2,3,true,false,311|372,false,-5,true,3,false
HITTUNE,"mgh4, flat",2024-25,6,14,2,-4,true,false,514|617,false,-11,true,7,false
HITTUNE,"mgh4, flat",2024-25,6,16,2,62,true,false,328|401,true,354,true,23,true
HITTUNE,"mgh4, flat",2024-25,6,21,2,2,true,false,311|129,false,16,true,5,false
HITTUNE,"mgh4, flat",2024-25,6,21,1,7,true,false,398,false,7,true,5,false
HITTUNE,"mgh4, flat",2024-25,6,26,2,47,true,false,366|3,false,52,true,10,false
HITTUNE,"mgh4, flat",2024-25,6,31,1,25,false,false,350,false,41,false,8,false
HITTUNE,"mgh4, flat",2024-25,6,33,1,1,true,false,755,false,1,true,6,false
HITTUNE,"mgh4, flat",2024-25,6,15,1,5,true,false,18,false,5,true,8,false
HITTUNE,"mgh4, flat",2024-25,6,23,2,22,true,false,235|236,false,5,true,16,false
HITTUNE,"mgh4, flat",2024-25,6,30,2,2,true,false,401|585,true,16,true,9,false
HITTUNE,"mgh4, flat",2024-25,6,19,2,14,false,false,541|222,false,-13,true,20,false
HITTUNE,"mgh4, flat",2024-25,6,24,1,-8,true,false,110,false,37,true,15,false
HITTUNE,"mgh4, flat",2025-26,6,20,1,-3,true,false,488,false,0,true,4,false
HITTUNE,"mgh4, flat",2025-26,6,27,1,-16,true,false,382,false,-4,false,1,false
HITTUNE,"mgh4, flat",2025-26,6,30,1,-14,true,false,661,false,-14,true,5,false
HITTUNE,"mgh4, flat",2025-26,6,32,1,11,true,false,82,false,2,true,7,false
HITTUNE,"mgh4, flat",2025-26,6,35,2,12,false,false,430|252,true,16,false,4,false
HITTUNE,"mgh4, flat",2025-26,6,14,2,6,false,false,283|384,false,22,false,16,false
HITTUNE,"mgh4, flat",2025-26,6,14,1,14,true,false,82,false,46,true,13,false
HITTUNE,"mgh4, flat",2025-26,6,24,2,22,true,false,449|547,false,164,true,15,false
HITTUNE,"mgh4, flat",2025-26,6,29,2,9,true,false,235|249,true,13,true,6,true
HITTUNE,"mgh4, flat",2025-26,6,31,1,-7,true,false,119,false,-7,false,1,false
HITTUNE,"mgh4, flat",2025-26,6,17,1,25,true,false,21,false,14,true,3,false
HITTUNE,"mgh4, flat",2025-26,6,28,2,33,true,false,373|329,false,51,true,11,false
HITTUNE,"mgh4, flat",2025-26,6,11,2,8,true,false,348|668,false,-40,true,28,false
HITTUNE,"mgh4, flat",2025-26,6,15,1,-12,true,false,256,false,-10,true,4,false
HITTUNE,"mgh4, flat",2025-26,6,19,2,0,true,false,16|684,false,-8,true,20,false
HITTUNE,"mgh4, flat",2025-26,6,19,1,7,true,false,450,false,7,true,5,false
HITTUNE,"mgh4, flat",2025-26,6,19,1,1,true,false,403,false,2,false,2,false
HITTUNE,"mgh4, flat",2025-26,6,21,1,23,false,false,8,false,51,false,12,false
HITTUNE,"mgh4, flat",2025-26,6,25,2,20,true,false,624|21,false,68,true,14,false
HITTUNE,"mgh4, flat",2025-26,6,33,1,29,false,false,260,false,27,false,6,false
HITTUNE,"mgh4, flat",2025-26,6,34,2,8,true,false,5|21,true,12,true,5,false
HITTUNE,"mgh4, flat",2025-26,6,13,2,-21,true,false,6|237,false,-34,true,26,false
HITTUNE,"mgh4, flat",2020-21,11,20,2,8,true,false,96|273,false,0,true,5,false
HITTUNE,"mgh4, flat",2020-21,11,20,1,-3,true,false,390,false,-7,true,10,false
HITTUNE,"mgh4, flat",2020-21,11,21,1,27,true,false,276,false,19,true,5,true
HITTUNE,"mgh4, flat",2020-21,11,31,1,9,true,false,102,false,1,false,2,false
HITTUNE,"mgh4, flat",2020-21,11,32,1,18,true,false,259,false,6,true,7,false
HITTUNE,"mgh4, flat",2020-21,11,12,2,40,false,false,213|224,false,33,true,27,false
HITTUNE,"mgh4, flat",2020-21,11,17,2,47,true,false,298|277,false,35,true,5,false
HITTUNE,"mgh4, flat",2020-21,11,25,2,-2,true,false,277|516,false,-28,true,14,false
HITTUNE,"mgh4, flat",2020-21,11,30,1,-7,true,false,254,false,28,true,9,false
HITTUNE,"mgh4, flat",2020-21,11,34,1,6,true,false,370,false,6,true,5,false
HITTUNE,"mgh4, flat",2020-21,11,22,1,5,true,false,556,false,0,true,7,false
HITTUNE,"mgh4, flat",2020-21,11,26,2,26,false,false,254|271,false,27,false,9,false
HITTUNE,"mgh4, flat",2020-21,11,28,2,34,true,false,388|570,false,40,true,11,true
HITTUNE,"mgh4, flat",2020-21,11,35,1,4,true,false,524,false,-1,true,4,false
HITTUNE,"mgh4, flat",2020-21,11,14,2,6,true,false,141|506,false,0,false,14,false
HITTUNE,"mgh4, flat",2020-21,11,15,2,34,true,false,306|302,true,128,true,24,false
HITTUNE,"mgh4, flat",2020-21,11,29,1,-7,true,false,435,false,-7,true,4,false
HITTUNE,"mgh4, flat",2020-21,11,33,1,10,true,false,156,false,-17,true,6,false
HITTUNE,"mgh4, flat",2020-21,11,33,1,17,true,false,155,true,23,true,6,false
HITTUNE,"mgh4, flat",2021-22,11,24,1,10,true,false,475,false,-29,true,15,false
HITTUNE,"mgh4, flat",2021-22,11,25,1,3,true,false,256,false,-8,true,3,false
HITTUNE,"mgh4, flat",2021-22,11,32,1,12,true,false,256,false,12,true,7,false
HITTUNE,"mgh4, flat",2021-22,11,33,2,27,true,false,138|315,true,28,true,6,false
HITTUNE,"mgh4, flat",2021-22,11,13,1,-14,true,false,142,false,-10,true,2,false
HITTUNE,"mgh4, flat",2021-22,11,23,2,-5,true,false,357|679,true,103,true,16,false
HITTUNE,"mgh4, flat",2021-22,11,34,1,10,true,false,200,false,-8,true,5,false
HITTUNE,"mgh4, flat",2021-22,11,35,1,11,true,false,224,false,11,true,4,false
HITTUNE,"mgh4, flat",2021-22,11,36,1,2,true,false,196,false,2,true,3,false
HITTUNE,"mgh4, flat",2021-22,11,38,1,6,true,false,359,false,6,false,1,false
HITTUNE,"mgh4, flat",2021-22,11,14,1,9,false,false,188,false,-1,true,19,false
HITTUNE,"mgh4, flat",2021-22,11,17,1,-3,true,false,559,false,-13,true,14,false
HITTUNE,"mgh4, flat",2021-22,11,20,1,-3,true,false,91,false,-2,true,6,false
HITTUNE,"mgh4, flat",2021-22,11,21,1,-14,true,false,450,false,-66,true,18,false
HITTUNE,"mgh4, flat",2021-22,11,31,2,6,true,false,270|23,true,3,true,8,false
HITTUNE,"mgh4, flat",2021-22,11,12,2,-14,true,false,230|581,false,-12,false,11,false
HITTUNE,"mgh4, flat",2021-22,11,15,1,14,true,false,262,false,29,true,10,false
HITTUNE,"mgh4, flat",2021-22,11,26,1,8,true,false,67,false,5,true,11,false
HITTUNE,"mgh4, flat",2021-22,11,28,2,32,true,false,22|429,false,62,false,11,false
HITTUNE,"mgh4, flat",2021-22,11,29,1,-4,true,false,411,false,-13,true,2,false
HITTUNE,"mgh4, flat",2021-22,11,30,1,14,true,false,341,false,13,true,6,false
HITTUNE,"mgh4, flat",2021-22,11,37,1,11,true,false,477,false,11,false,2,false
HITTUNE,"mgh4, flat",2021-22,11,16,1,3,true,false,315,false,3,true,5,false
HITTUNE,"mgh4, flat",2021-22,11,18,1,-34,true,false,142,false,-23,true,4,false
HITTUNE,"mgh4, flat",2021-22,11,19,1,15,false,false,408,false,4,false,5,false
HITTUNE,"mgh4, flat",2021-22,11,22,1,15,false,false,584,false,16,true,13,false
HITTUNE,"mgh4, flat",2022-23,11,19,1,17,true,false,26,false,38,true,11,false
HITTUNE,"mgh4, flat",2022-23,11,24,1,14,true,false,81,false,45,true,15,false
HITTUNE,"mgh4, flat",2022-23,11,27,1,0,true,false,526,false,-10,true,6,false
HITTUNE,"mgh4, flat",2022-23,11,33,1,15,true,false,586,false,9,true,6,false
HITTUNE,"mgh4, flat",2022-23,11,37,1,-7,true,false,300,false,-7,true,2,false
HITTUNE,"mgh4, flat",2022-23,11,20,1,13,true,false,7,false,60,true,19,false
HITTUNE,"mgh4, flat",2022-23,11,21,1,11,true,false,484,false,11,true,6,false
HITTUNE,"mgh4, flat",2022-23,11,22,1,12,true,false,705,false,11,false,3,false
HITTUNE,"mgh4, flat",2022-23,11,23,1,13,true,false,407,false,22,true,7,false
HITTUNE,"mgh4, flat",2022-23,11,25,1,4,true,false,104,false,28,true,14,false
HITTUNE,"mgh4, flat",2022-23,11,28,1,15,false,false,394,false,4,true,8,false
HITTUNE,"mgh4, flat",2022-23,11,30,2,26,false,false,335|295,false,11,false,9,false
HITTUNE,"mgh4, flat",2022-23,11,32,2,24,true,false,285|124,false,21,true,7,false
HITTUNE,"mgh4, flat",2022-23,11,36,2,-16,true,false,318|66,false,-16,true,3,false
HITTUNE,"mgh4, flat",2022-23,11,15,2,-3,true,false,465|210,false,-4,false,1,false
HITTUNE,"mgh4, flat",2022-23,11,17,2,10,true,false,307|346,false,-15,true,22,false
HITTUNE,"mgh4, flat",2022-23,11,17,1,10,true,false,160,false,9,true,6,false
HITTUNE,"mgh4, flat",2022-23,11,26,2,4,true,false,357|465,true,3,true,13,false
HITTUNE,"mgh4, flat",2022-23,11,35,1,-7,true,false,335,false,-2,true,2,false
HITTUNE,"mgh4, flat",2022-23,11,16,2,-15,true,false,301|237,false,-30,true,12,false
HITTUNE,"mgh4, flat",2022-23,11,18,1,13,true,false,593,false,14,true,4,false
HITTUNE,"mgh4, flat",2023-24,11,30,1,10,true,false,303,false,10,true,5,false
HITTUNE,"mgh4, flat",2023-24,11,30,1,-3,true,false,263,false,5,true,9,false
HITTUNE,"mgh4, flat",2023-24,11,30,1,30,false,false,5,false,43,true,9,false
HITTUNE,"mgh4, flat",2023-24,11,31,1,-25,true,false,313,false,-29,true,8,false
HITTUNE,"mgh4, flat",2023-24,11,36,1,16,true,false,415,false,16,true,3,false
HITTUNE,"mgh4, flat",2023-24,11,17,2,35,false,false,19|343,false,124,true,22,false
HITTUNE,"mgh4, flat",2023-24,11,17,1,21,true,false,290,false,27,true,9,false
HITTUNE,"mgh4, flat",2023-24,11,32,1,-12,true,false,14,false,43,true,7,true
HITTUNE,"mgh4, flat",2023-24,11,18,1,-7,true,false,134,false,9,true,21,false
HITTUNE,"mgh4, flat",2023-24,11,22,2,54,false,false,49|353,false,43,true,17,false
HITTUNE,"mgh4, flat",2023-24,11,27,1,14,false,false,321,false,-16,true,12,false
HITTUNE,"mgh4, flat",2023-24,11,37,1,2,true,false,211,false,2,true,2,false
HITTUNE,"mgh4, flat",2023-24,11,13,2,3,true,false,664|602,false,53,true,17,false
HITTUNE,"mgh4, flat",2023-24,11,24,1,19,true,false,526,false,19,true,10,false
HITTUNE,"mgh4, flat",2023-24,11,24,1,1,true,false,85,false,-12,true,13,false
HITTUNE,"mgh4, flat",2023-24,11,33,1,24,true,false,362,false,7,true,6,false
HITTUNE,"mgh4, flat",2023-24,11,34,1,10,true,false,373,false,5,true,5,false
HITTUNE,"mgh4, flat",2023-24,11,35,1,15,true,false,516,false,15,true,4,false
HITTUNE,"mgh4, flat",2023-24,11,14,2,-18,true,false,373|43,false,-30,true,7,false
HITTUNE,"mgh4, flat",2023-24,11,21,2,-15,true,false,516|342,false,1,false,18,false
HITTUNE,"mgh4, flat",2023-24,11,25,1,-4,true,false,112,false,-1,true,2,false
HITTUNE,"mgh4, flat",2023-24,11,26,1,1,false,false,430,false,1,false,4,false
HITTUNE,"mgh4, flat",2024-25,11,12,2,-2,true,false,82|236,false,-10,true,4,false
HITTUNE,"mgh4, flat",2024-25,11,15,1,16,true,false,541,false,14,true,6,false
HITTUNE,"mgh4, flat",2024-25,11,25,1,10,true,false,18,false,-9,true,14,false
HITTUNE,"mgh4, flat",2024-25,11,26,2,-4,true,false,110|74,false,-3,true,13,false
HITTUNE,"mgh4, flat",2024-25,11,29,2,14,true,false,58|350,true,34,true,10,false
HITTUNE,"mgh4, flat",2024-25,11,32,1,14,false,false,650,false,5,false,7,false
HITTUNE,"mgh4, flat",2024-25,11,19,2,54,false,false,401|247,false,73,false,9,false
HITTUNE,"mgh4, flat",2024-25,11,19,1,-3,true,false,235,false,-7,true,9,false
HITTUNE,"mgh4, flat",2024-25,11,21,2,3,true,false,311|129,false,13,true,8,false
HITTUNE,"mgh4, flat",2024-25,11,31,2,6,true,false,401|129,false,-2,true,8,false
HITTUNE,"mgh4, flat",2024-25,11,34,2,6,true,false,366|235,false,16,true,5,false
HITTUNE,"mgh4, flat",2024-25,11,14,2,-15,true,false,180|495,false,-11,false,7,false
HITTUNE,"mgh4, flat",2024-25,11,16,1,3,true,false,18,false,2,true,7,false
HITTUNE,"mgh4, flat",2024-25,11,23,1,-4,true,false,339,false,-3,true,2,false
HITTUNE,"mgh4, flat",2024-25,11,28,2,8,true,false,585|207,false,21,false,6,false
HITTUNE,"mgh4, flat",2024-25,11,28,1,-5,true,false,15,false,1,true,6,false
HITTUNE,"mgh4, flat",2024-25,11,36,2,21,false,false,755|585,false,21,false,3,false
HITTUNE,"mgh4, flat",2025-26,11,35,1,-18,true,false,411,false,-21,true,4,false
HITTUNE,"mgh4, flat",2025-26,11,13,2,21,false,false,16|74,false,-45,true,22,false
HITTUNE,"mgh4, flat",2025-26,11,15,1,13,true,false,387,false,10,true,4,false
HITTUNE,"mgh4, flat",2025-26,11,19,2,7,true,false,82|684,false,19,true,20,false
HITTUNE,"mgh4, flat",2025-26,11,19,1,5,true,false,21,false,0,false,1,false
HITTUNE,"mgh4, flat",2025-26,11,19,1,-13,true,false,414,false,-13,true,5,false
HITTUNE,"mgh4, flat",2025-26,11,24,1,30,true,false,449,false,175,true,15,false
HITTUNE,"mgh4, flat",2025-26,11,27,1,-16,true,false,382,false,-4,false,1,false
HITTUNE,"mgh4, flat",2025-26,11,29,2,38,true,false,249|783,false,35,true,10,false
HITTUNE,"mgh4, flat",2025-26,11,29,1,14,true,false,343,false,-17,true,10,false
HITTUNE,"mgh4, flat",2025-26,11,31,2,-5,false,false,235|531,false,2,false,3,false
HITTUNE,"mgh4, flat",2025-26,11,34,2,31,false,false,5|21,true,35,false,5,false
HITTUNE,"mgh4, flat",2025-26,11,20,2,-1,true,false,8|547,false,-2,true,19,false
HITTUNE,"mgh4, flat",2025-26,11,25,2,13,false,false,808|21,false,9,false,4,false
HITTUNE,"mgh4, flat",2025-26,11,25,1,22,false,false,624,false,44,true,14,false
HITTUNE,"mgh4, flat",2025-26,11,28,1,-3,true,false,119,false,2,true,3,false
HITTUNE,"mgh4, flat",2025-26,11,33,2,40,true,false,260|517,false,29,true,6,false
HITTUNE,"mgh4, flat",2020-21,16,22,2,10,true,false,254|390,false,21,true,9,false
HITTUNE,"mgh4, flat",2020-21,16,22,1,-20,true,false,162,false,-8,true,2,false
HITTUNE,"mgh4, flat",2020-21,16,23,1,-8,true,false,277,false,-4,true,7,false
HITTUNE,"mgh4, flat",2020-21,16,28,2,34,true,false,388|570,false,42,true,11,true
HITTUNE,"mgh4, flat",2020-21,16,28,1,14,true,false,383,false,5,true,11,false
HITTUNE,"mgh4, flat",2020-21,16,28,1,-11,true,false,435,false,-11,true,5,false
HITTUNE,"mgh4, flat",2020-21,16,29,1,20,true,false,69,false,24,true,10,false
HITTUNE,"mgh4, flat",2020-21,16,30,1,1,true,false,102,false,1,true,5,false
HITTUNE,"mgh4, flat",2020-21,16,31,1,-13,true,false,306,false,-22,true,8,false
HITTUNE,"mgh4, flat",2020-21,16,17,2,37,true,false,298|556,false,57,true,11,false
HITTUNE,"mgh4, flat",2020-21,16,24,2,35,true,false,271|74,true,25,true,15,false
HITTUNE,"mgh4, flat",2020-21,16,32,1,5,true,false,12,false,11,true,7,false
HITTUNE,"mgh4, flat",2020-21,16,33,1,26,true,false,155,false,20,true,6,false
HITTUNE,"mgh4, flat",2020-21,16,34,1,6,true,false,370,false,6,true,5,false
HITTUNE,"mgh4, flat",2020-21,16,35,1,-5,true,false,300,false,-7,false,1,false
HITTUNE,"mgh4, flat",2020-21,16,36,2,24,true,false,254|558,true,47,true,3,true
HITTUNE,"mgh4, flat",2020-21,16,21,1,27,true,false,276,false,0,false,1,true
HITTUNE,"mgh4, flat",2020-21,16,21,1,7,true,false,506,false,1,true,7,false
HITTUNE,"mgh4, flat",2021-22,16,17,2,8,false,false,559|422,false,44,false,22,false
HITTUNE,"mgh4, flat",2021-22,16,19,1,2,true,false,138,false,1,true,2,false
HITTUNE,"mgh4, flat",2021-22,16,25,1,-7,true,false,584,false,2,true,14,false
HITTUNE,"mgh4, flat",2021-22,16,27,1,11,true,false,681,false,21,true,3,false
HITTUNE,"mgh4, flat",2021-22,16,37,1,4,true,false,154,false,4,true,2,false
HITTUNE,"mgh4, flat",2021-22,16,38,1,6,true,false,359,false,18,false,1,true
HITTUNE,"mgh4, flat",2021-22,16,18,1,-2,true,false,76,false,-8,true,10,false
HITTUNE,"mgh4, flat",2021-22,16,21,1,19,true,false,240,false,19,true,6,false
HITTUNE,"mgh4, flat",2021-22,16,29,1,13,true,false,411,false,-3,true,10,false
HITTUNE,"mgh4, flat",2021-22,16,31,1,17,true,false,341,false,2,true,3,false
HITTUNE,"mgh4, flat",2021-22,16,35,1,-2,true,false,681,false,-11,true,2,false
HITTUNE,"mgh4, flat",2021-22,16,23,2,-6,true,false,196|679,true,-21,true,10,false
HITTUNE,"mgh4, flat",2021-22,16,24,1,-4,true,false,277,false,10,true,2,false
HITTUNE,"mgh4, flat",2021-22,16,28,1,4,true,false,23,false,-2,true,11,false
HITTUNE,"mgh4, flat",2021-22,16,30,1,6,true,false,265,false,6,true,5,false
HITTUNE,"mgh4, flat",2021-22,16,20,1,1,true,false,353,false,-24,true,19,false
HITTUNE,"mgh4, flat",2021-22,16,22,1,-7,true,false,468,false,-67,true,17,false
HITTUNE,"mgh4, flat",2021-22,16,26,2,76,true,false,357|22,true,167,true,13,false
HITTUNE,"mgh4, flat",2021-22,16,32,2,24,true,false,138|234,true,12,true,7,false
HITTUNE,"mgh4, flat",2021-22,16,33,1,7,true,false,505,false,-4,true,6,false
HITTUNE,"mgh4, flat",2021-22,16,34,2,-41,true,false,233|315,true,-26,true,5,true
HITTUNE,"mgh4, flat",2021-22,16,36,1,5,true,false,40,false,5,true,3,false
HITTUNE,"mgh4, flat",2022-23,16,19,2,25,true,false,26|301,false,32,true,8,true
HITTUNE,"mgh4, flat",2022-23,16,19,1,13,true,false,7,false,25,true,14,false
HITTUNE,"mgh4, flat",2022-23,16,28,1,21,true,false,19,false,14,true,4,false
HITTUNE,"mgh4, flat",2022-23,16,33,2,-9,true,false,333|107,false,2,true,6,false
HITTUNE,"mgh4, flat",2022-23,16,35,2,-5,true,false,318|703,false,-18,true,4,true
HITTUNE,"mgh4, flat",2022-23,16,18,1,23,false,false,80,false,51,true,19,false
HITTUNE,"mgh4, flat",2022-23,16,22,1,5,true,false,318,false,3,true,4,false
HITTUNE,"mgh4, flat",2022-23,16,25,1,4,true,false,81,false,21,true,14,false
HITTUNE,"mgh4, flat",2022-23,16,26,1,15,true,false,427,false,76,true,13,false
HITTUNE,"mgh4, flat",2022-23,16,27,1,17,true,false,357,false,44,false,12,false
HITTUNE,"mgh4, flat",2022-23,16,20,1,20,true,false,332,false,-18,true,14,false
HITTUNE,"mgh4, flat",2022-23,16,32,2,5,false,false,133|124,false,6,false,7,false
HITTUNE,"mgh4, flat",2022-23,16,34,1,-16,true,false,610,false,-22,true,5,false
HITTUNE,"mgh4, flat",2022-23,16,37,2,11,false,false,116|66,false,11,false,2,false
HITTUNE,"mgh4, flat",2022-23,16,21,2,4,true,false,283|225,true,131,false,14,false
HITTUNE,"mgh4, flat",2022-23,16,23,1,17,true,false,407,false,17,true,5,false
HITTUNE,"mgh4, flat",2022-23,16,24,1,33,false,false,285,false,79,false,15,false
HITTUNE,"mgh4, flat",2023-24,16,30,1,15,true,false,263,false,25,true,9,false
HITTUNE,"mgh4, flat",2023-24,16,31,1,42,true,false,362,false,59,true,8,false
HITTUNE,"mgh4, flat",2023-24,16,33,1,26,true,false,355,false,38,true,6,false
HITTUNE,"mgh4, flat",2023-24,16,24,1,24,true,false,85,false,37,true,12,false
HITTUNE,"mgh4, flat",2023-24,16,26,1,-10,true,false,430,false,-9,true,3,false
HITTUNE,"mgh4, flat",2023-24,16,32,1,-12,true,false,14,false,30,true,7,false
HITTUNE,"mgh4, flat",2023-24,16,32,1,-33,true,false,293,false,-9,true,3,true
HITTUNE,"mgh4, flat",2023-24,16,34,1,10,true,false,373,false,5,true,5,false
HITTUNE,"mgh4, flat",2023-24,16,35,1,29,true,false,211,false,29,true,4,false
HITTUNE,"mgh4, flat",2023-24,16,21,2,14,true,false,290|353,false,56,false,18,false
HITTUNE,"mgh4, flat",2023-24,16,27,1,-13,true,false,134,false,-47,true,12,false
HITTUNE,"mgh4, flat",2023-24,16,29,2,15,false,false,355|265,false,24,false,8,false
HITTUNE,"mgh4, flat",2023-24,16,36,1,16,true,false,415,false,16,true,3,false
HITTUNE,"mgh4, flat",2023-24,16,37,1,5,true,false,341,false,5,true,2,false
HITTUNE,"mgh4, flat",2023-24,16,17,2,35,false,false,19|343,false,159,true,15,false
HITTUNE,"mgh4, flat",2023-24,16,18,1,-3,true,false,516,false,1,true,3,false
HITTUNE,"mgh4, flat",2023-24,16,19,1,6,true,false,20,false,62,true,20,false
HITTUNE,"mgh4, flat",2023-24,16,22,1,17,true,false,342,false,11,true,4,false
HITTUNE,"mgh4, flat",2023-24,16,25,1,19,true,false,526,false,17,true,9,false
HITTUNE,"mgh4, flat",2024-25,16,25,2,23,false,false,447|78,false,29,true,11,false
HITTUNE,"mgh4, flat",2024-25,16,26,1,-6,true,false,3,false,-6,true,5,false
HITTUNE,"mgh4, flat",2024-25,16,32,1,13,true,false,110,false,20,true,7,false
HITTUNE,"mgh4, flat",2024-25,16,33,1,1,true,false,755,false,1,true,6,false
HITTUNE,"mgh4, flat",2024-25,16,19,2,64,false,false,401|398,false,81,false,9,false
HITTUNE,"mgh4, flat",2024-25,16,28,2,-31,true,false,541|207,false,-22,true,5,false
HITTUNE,"mgh4, flat",2024-25,16,29,2,16,true,false,585|18,true,30,true,10,false
HITTUNE,"mgh4, flat",2024-25,16,30,2,-9,true,false,401|366,true,-7,true,9,false
HITTUNE,"mgh4, flat",2024-25,16,31,1,25,false,false,350,false,41,false,8,false
HITTUNE,"mgh4, flat",2024-25,16,36,2,-16,true,false,182|168,false,-20,true,3,false
HITTUNE,"mgh4, flat",2024-25,16,20,2,2,false,false,235|232,false,55,false,19,false
HITTUNE,"mgh4, flat",2024-25,16,21,2,2,true,false,311|129,false,15,true,8,false
HITTUNE,"mgh4, flat",2024-25,16,23,2,0,true,false,339|720,false,-36,true,16,false
HITTUNE,"mgh4, flat",2025-26,16,19,2,1,true,false,16|343,false,-6,false,6,false
HITTUNE,"mgh4, flat",2025-26,16,24,1,-5,true,false,382,false,0,true,4,false
HITTUNE,"mgh4, flat",2025-26,16,29,2,9,true,false,235|249,true,-11,true,10,true
HITTUNE,"mgh4, flat",2025-26,16,32,2,37,false,false,430|267,true,43,false,7,false
HITTUNE,"mgh4, flat",2025-26,16,35,1,-5,true,false,417,false,-5,true,4,false
HITTUNE,"mgh4, flat",2025-26,16,20,2,-10,true,false,8|547,false,4,true,19,false
HITTUNE,"mgh4, flat",2025-26,16,20,1,1,true,false,450,false,2,true,4,false
HITTUNE,"mgh4, flat",2025-26,16,25,2,24,false,false,624|21,false,81,true,14,false
HITTUNE,"mgh4, flat",2025-26,16,27,2,38,true,false,449|791,false,144,false,12,false
HITTUNE,"mgh4, flat",2025-26,16,28,2,33,true,false,373|329,false,51,true,11,false
HITTUNE,"mgh4, flat",2025-26,16,33,1,29,false,false,260,false,29,false,6,false
HITTUNE,"mgh4, flat",2025-26,16,36,1,-5,true,false,723,false,-12,true,3,false
HITTUNE,"mgh4, flat",2025-26,16,30,1,-15,true,false,661,false,-1,true,2,false
HITTUNE,"mgh4, flat",2025-26,16,34,1,-9,true,false,21,false,-9,true,5,false
HITTUNE,"mgh4, flat",2025-26,16,21,1,1,true,false,684,false,-32,true,18,false
HITTUNE,"mgh4, flat",2025-26,16,31,1,3,true,false,517,false,10,true,8,false
HITTUNE,"mgh4, flat",2020-21,21,26,1,15,false,false,557,false,18,false,8,false
HITTUNE,"mgh4, flat",2020-21,21,36,1,10,true,false,558,false,10,true,3,false
HITTUNE,"mgh4, flat",2020-21,21,30,1,1,true,false,102,false,1,true,5,false
HITTUNE,"mgh4, flat",2020-21,21,32,2,6,true,false,259|68,true,15,true,7,false
HITTUNE,"mgh4, flat",2020-21,21,37,1,8,false,false,233,false,8,false,2,false
HITTUNE,"mgh4, flat",2020-21,21,35,1,16,true,false,155,false,16,true,4,false
HITTUNE,"mgh4, flat",2020-21,21,22,1,-20,true,false,162,false,-6,true,2,false
HITTUNE,"mgh4, flat",2020-21,21,22,1,-8,true,false,81,false,-5,false,1,false
HITTUNE,"mgh4, flat",2020-21,21,23,1,2,true,false,273,false,3,true,4,false
HITTUNE,"mgh4, flat",2020-21,21,24,2,41,true,false,271|572,true,32,true,12,false
HITTUNE,"mgh4, flat",2020-21,21,28,1,17,false,false,383,false,14,false,11,false
HITTUNE,"mgh4, flat",2020-21,21,29,1,14,true,false,570,false,12,true,10,false
HITTUNE,"mgh4, flat",2020-21,21,33,1,7,true,false,12,false,10,true,6,false
HITTUNE,"mgh4, flat",2020-21,21,34,1,10,true,false,524,false,10,true,5,false
HITTUNE,"mgh4, flat",2020-21,21,25,1,-7,true,false,277,false,-7,true,5,false
HITTUNE,"mgh4, flat",2020-21,21,27,1,-2,true,false,556,false,-2,true,5,false
HITTUNE,"mgh4, flat",2020-21,21,31,1,3,true,false,164,false,-1,false,1,false
HITTUNE,"mgh4, flat",2021-22,21,25,1,15,true,false,233,false,-9,false,1,false
HITTUNE,"mgh4, flat",2021-22,21,32,2,37,true,false,359|67,true,1,false,7,false
HITTUNE,"mgh4, flat",2021-22,21,35,1,-2,true,false,681,false,-2,true,4,false
HITTUNE,"mgh4, flat",2021-22,21,36,1,-2,true,false,259,false,-2,true,3,false
HITTUNE,"mgh4, flat",2021-22,21,38,1,6,true,false,359,false,6,false,1,false
HITTUNE,"mgh4, flat",2021-22,21,22,2,39,false,false,475|584,false,53,false,17,false
HITTUNE,"mgh4, flat",2021-22,21,24,1,-4,true,false,277,false,1,false,1,false
HITTUNE,"mgh4, flat",2021-22,21,26,2,41,true,false,357|22,true,148,true,13,false
HITTUNE,"mgh4, flat",2021-22,21,28,1,4,true,false,23,false,-2,true,11,false
HITTUNE,"mgh4, flat",2021-22,21,30,1,14,true,false,341,false,0,true,4,false
HITTUNE,"mgh4, flat",2021-22,21,33,2,-17,true,false,233|505,true,-1,true,6,false
HITTUNE,"mgh4, flat",2021-22,21,34,2,-14,true,false,138|315,true,-10,true,5,false
HITTUNE,"mgh4, flat",2021-22,21,23,1,12,true,false,676,false,-10,true,16,false
HITTUNE,"mgh4, flat",2021-22,21,27,1,11,true,false,681,false,11,true,5,false
HITTUNE,"mgh4, flat",2021-22,21,31,1,7,true,false,270,false,-13,true,6,false
HITTUNE,"mgh4, flat",2021-22,21,37,1,4,true,false,200,false,4,true,2,false
HITTUNE,"mgh4, flat",2021-22,21,29,1,-10,true,false,265,false,-15,true,6,false
HITTUNE,"mgh4, flat",2022-23,21,24,2,-2,true,false,80|724,false,1,true,13,false
HITTUNE,"mgh4, flat",2022-23,21,26,2,-10,true,false,107|295,false,1,false,9,false
HITTUNE,"mgh4, flat",2022-23,21,28,1,6,true,false,705,false,-1,true,2,false
HITTUNE,"mgh4, flat",2022-23,21,30,2,-6,true,false,124|295,false,7,true,9,false
HITTUNE,"mgh4, flat",2022-23,21,35,1,18,true,false,116,false,18,false,4,false
HITTUNE,"mgh4, flat",2022-23,21,22,2,23,false,false,307|394,false,-9,true,17,false
HITTUNE,"mgh4, flat",2022-23,21,27,1,16,true,false,92,false,15,true,3,false
HITTUNE,"mgh4, flat",2022-23,21,32,2,13,false,false,285|40,false,36,false,7,false
HITTUNE,"mgh4, flat",2022-23,21,34,2,13,false,false,312|66,false,-9,false,5,false
HITTUNE,"mgh4, flat",2022-23,21,37,2,4,false,false,318|13,false,4,false,2,true
HITTUNE,"mgh4, flat",2023-24,21,35,1,10,true,false,516,false,10,true,4,false
HITTUNE,"mgh4, flat",2023-24,21,25,1,-2,true,false,664,false,-2,true,5,false
HITTUNE,"mgh4, flat",2023-24,21,25,1,24,false,false,85,false,28,true,12,false
HITTUNE,"mgh4, flat",2023-24,21,26,1,17,false,false,49,false,6,false,13,false
HITTUNE,"mgh4, flat",2023-24,21,30,1,8,false,false,313,false,14,true,9,false
HITTUNE,"mgh4, flat",2023-24,21,30,1,10,true,false,303,false,14,true,6,false
HITTUNE,"mgh4, flat",2023-24,21,30,1,-3,true,false,263,false,5,true,9,false
HITTUNE,"mgh4, flat",2023-24,21,30,1,25,true,false,14,true,92,true,9,false
HITTUNE,"mgh4, flat",2023-24,21,32,2,47,false,false,29|362,false,65,false,7,true
HITTUNE,"mgh4, flat",2023-24,21,33,1,10,true,false,373,false,-10,true,6,false
HITTUNE,"mgh4, flat",2023-24,21,36,1,1,true,false,134,false,1,true,3,false
HITTUNE,"mgh4, flat",2023-24,21,37,1,2,true,false,211,false,2,true,2,false
HITTUNE,"mgh4, flat",2023-24,21,22,1,39,true,false,353,false,36,true,11,false
HITTUNE,"mgh4, flat",2023-24,21,22,1,15,true,false,430,false,16,true,8,false
HITTUNE,"mgh4, flat",2023-24,21,24,1,19,true,false,526,false,16,true,11,false
HITTUNE,"mgh4, flat",2023-24,21,27,1,13,true,false,321,false,-1,true,12,false
HITTUNE,"mgh4, flat",2023-24,21,34,1,20,true,false,415,false,20,true,5,false
HITTUNE,"mgh4, flat",2024-25,21,28,1,-12,true,false,207,false,-2,false,2,false
HITTUNE,"mgh4, flat",2024-25,21,29,1,0,true,false,18,false,-11,true,10,false
HITTUNE,"mgh4, flat",2024-25,21,30,2,2,true,false,401|585,true,18,true,9,false
HITTUNE,"mgh4, flat",2024-25,21,32,1,14,false,false,650,false,-1,false,1,false
HITTUNE,"mgh4, flat",2024-25,21,26,2,3,true,false,110|3,false,38,true,13,false
HITTUNE,"mgh4, flat",2024-25,21,31,2,-17,true,false,182|129,true,-38,true,8,false
HITTUNE,"mgh4, flat",2024-25,21,33,1,-2,true,false,573,false,-2,true,6,false
HITTUNE,"mgh4, flat",2024-25,21,34,1,14,true,false,168,false,14,true,5,false
HITTUNE,"mgh4, flat",2024-25,21,23,2,32,false,false,310|236,false,20,false,4,false
HITTUNE,"mgh4, flat",2024-25,21,25,1,-22,true,false,78,false,-22,true,6,false
HITTUNE,"mgh4, flat",2024-25,21,27,2,13,true,false,350|152,false,10,true,12,false
HITTUNE,"mgh4, flat",2025-26,21,25,2,23,true,false,21|449,false,152,true,14,false
HITTUNE,"mgh4, flat",2025-26,21,27,2,3,true,false,382|136,false,4,false,3,false
HITTUNE,"mgh4, flat",2025-26,21,28,2,13,true,false,373|329,false,12,false,11,false
HITTUNE,"mgh4, flat",2025-26,21,30,1,-24,true,false,661,false,-8,true,2,false
HITTUNE,"mgh4, flat",2025-26,21,31,1,-26,true,false,531,false,-36,true,8,false
HITTUNE,"mgh4, flat",2025-26,21,32,2,47,false,false,430|354,true,56,false,7,false
HITTUNE,"mgh4, flat",2025-26,21,33,1,29,false,false,260,false,29,false,6,false
HITTUNE,"mgh4, flat",2025-26,21,35,1,-12,true,false,783,false,-12,true,4,false
HITTUNE,"mgh4, flat",2025-26,21,29,2,13,true,false,235|249,false,-13,true,10,true
HITTUNE,"mgh4, flat",2025-26,21,29,1,-1,true,false,82,false,9,true,10,false
HITTUNE,"mgh4, flat",2025-26,21,34,1,-9,true,false,21,false,-9,true,5,false
HITTUNE,"mgh4, flat",2020-21,26,35,1,-5,true,false,300,false,-5,true,4,false
HITTUNE,"mgh4, flat",2020-21,26,28,2,22,true,false,388|557,false,-6,true,11,true
HITTUNE,"mgh4, flat",2020-21,26,28,1,-10,true,false,435,false,-10,true,5,false
HITTUNE,"mgh4, flat",2020-21,26,29,1,12,true,false,62,false,13,true,10,false
HITTUNE,"mgh4, flat",2020-21,26,32,1,5,true,false,12,false,11,true,7,false
HITTUNE,"mgh4, flat",2020-21,26,33,2,14,true,false,259|224,true,27,true,6,false
HITTUNE,"mgh4, flat",2020-21,26,36,2,-1,true,false,254|68,true,37,false,3,false
HITTUNE,"mgh4, flat",2020-21,26,37,1,8,false,false,233,false,8,false,2,false
HITTUNE,"mgh4, flat",2020-21,26,30,1,0,true,false,102,false,0,true,5,false
HITTUNE,"mgh4, flat",2020-21,26,31,1,-13,true,false,306,false,-13,true,5,false
HITTUNE,"mgh4, flat",2020-21,26,34,1,11,true,false,370,false,11,true,5,false
HITTUNE,"mgh4, flat",2021-22,26,27,2,32,true,false,359|341,false,99,true,12,false
HITTUNE,"mgh4, flat",2021-22,26,29,1,25,true,false,256,false,29,true,10,false
HITTUNE,"mgh4, flat",2021-22,26,31,2,-13,true,false,270|123,false,-15,true,3,false
HITTUNE,"mgh4, flat",2021-22,26,32,1,-13,true,false,23,false,-5,true,7,false
HITTUNE,"mgh4, flat",2021-22,26,33,1,14,true,false,200,false,14,true,6,false
HITTUNE,"mgh4, flat",2021-22,26,28,1,13,true,false,22,false,21,true,11,false
HITTUNE,"mgh4, flat",2021-22,26,34,2,9,true,false,138|315,true,13,true,5,false
HITTUNE,"mgh4, flat",2021-22,26,36,2,3,true,false,259|234,false,3,true,3,false
HITTUNE,"mgh4, flat",2021-22,26,37,1,11,true,false,477,false,11,false,2,false
HITTUNE,"mgh4, flat",2022-23,26,36,1,11,false,false,116,false,11,false,3,false
HITTUNE,"mgh4, flat",2022-23,26,37,1,-2,true,false,303,false,-2,true,2,false
HITTUNE,"mgh4, flat",2022-23,26,27,2,13,false,false,92|124,false,44,false,12,false
HITTUNE,"mgh4, flat",2022-23,26,29,2,21,true,false,285|40,false,-25,true,10,false
HITTUNE,"mgh4, flat",2022-23,26,30,1,16,true,false,335,false,2,true,2,false
HITTUNE,"mgh4, flat",2022-23,26,32,2,-26,true,false,465|124,false,-25,true,7,false
HITTUNE,"mgh4, flat",2022-23,26,34,2,-17,true,false,307|312,false,-31,true,5,false
HITTUNE,"mgh4, flat",2022-23,26,35,1,-7,true,false,335,false,-2,true,2,false
HITTUNE,"mgh4, flat",2023-24,26,35,1,-10,true,false,211,false,-10,true,4,true
HITTUNE,"mgh4, flat",2023-24,26,35,1,17,true,false,516,true,21,true,4,false
HITTUNE,"mgh4, flat",2023-24,26,36,1,12,true,false,341,false,12,true,3,false
HITTUNE,"mgh4, flat",2023-24,26,37,1,9,true,false,349,false,-3,true,2,false
HITTUNE,"mgh4, flat",2023-24,26,27,2,15,true,false,688|526,false,12,false,12,false
HITTUNE,"mgh4, flat",2023-24,26,30,2,72,false,false,263|29,false,106,true,9,false
HITTUNE,"mgh4, flat",2023-24,26,30,1,23,true,false,353,false,7,true,3,false
HITTUNE,"mgh4, flat",2023-24,26,31,1,42,true,false,362,false,51,true,8,false
HITTUNE,"mgh4, flat",2023-24,26,32,1,-12,true,false,14,false,40,true,7,false
HITTUNE,"mgh4, flat",2023-24,26,33,1,10,true,false,373,false,16,true,4,false
HITTUNE,"mgh4, flat",2023-24,26,34,1,20,true,false,415,false,20,true,5,false
HITTUNE,"mgh4, flat",2024-25,26,36,1,18,true,false,514,false,18,true,3,false
HITTUNE,"mgh4, flat",2024-25,26,28,2,-4,true,false,18|207,false,-2,false,11,false
HITTUNE,"mgh4, flat",2024-25,26,29,2,6,true,false,401|129,false,3,true,10,false
HITTUNE,"mgh4, flat",2024-25,26,31,1,10,false,false,650,false,1,false,2,false
HITTUNE,"mgh4, flat",2024-25,26,33,1,-2,true,false,573,false,-2,true,6,false
HITTUNE,"mgh4, flat",2024-25,26,34,2,-1,true,false,327|152,false,8,true,5,false
HITTUNE,"mgh4, flat",2025-26,26,28,2,27,true,false,684|329,false,24,false,4,false
HITTUNE,"mgh4, flat",2025-26,26,29,2,-3,true,false,235|691,false,-7,true,10,true
HITTUNE,"mgh4, flat",2025-26,26,30,1,5,true,false,249,false,8,true,9,false
HITTUNE,"mgh4, flat",2025-26,26,31,1,1,true,false,373,false,7,true,8,false
HITTUNE,"mgh4, flat",2025-26,26,32,1,33,true,false,260,false,32,true,7,false
HITTUNE,"mgh4, flat",2025-26,26,33,1,20,false,false,407,false,12,false,6,false
HITTUNE,"mgh4, flat",2025-26,26,34,1,-9,true,false,21,false,-9,true,5,false
HITTUNE,"mgh5, flat",2020-21,1,8,1,10,true,false,457,false,7,true,7,false
HITTUNE,"mgh5, flat",2020-21,1,16,1,6,true,false,277,false,-42,true,17,false
HITTUNE,"mgh5, flat",2020-21,1,28,2,33,false,false,558|570,false,47,false,11,false
HITTUNE,"mgh5, flat",2020-21,1,33,2,19,true,false,166|211,false,6,true,6,false
HITTUNE,"mgh5, flat",2020-21,1,34,1,0,true,false,524,false,-5,true,5,false
HITTUNE,"mgh5, flat",2020-21,1,5,1,18,true,false,37,false,2,false,2,false
HITTUNE,"mgh5, flat",2020-21,1,14,1,3,true,false,141,false,1,true,6,false
HITTUNE,"mgh5, flat",2020-21,1,20,2,22,true,false,302|557,false,77,true,11,false
HITTUNE,"mgh5, flat",2020-21,1,10,1,-15,true,false,272,false,28,true,2,true
HITTUNE,"mgh5, flat",2020-21,1,21,1,27,true,false,276,false,0,false,1,true
HITTUNE,"mgh5, flat",2020-21,1,23,1,29,true,false,271,false,29,true,6,false
HITTUNE,"mgh5, flat",2020-21,1,11,1,-8,true,false,37,false,9,true,17,false
HITTUNE,"mgh5, flat",2020-21,1,15,1,21,true,false,313,false,-2,false,1,false
HITTUNE,"mgh5, flat",2020-21,1,35,1,16,true,false,155,false,16,true,4,false
HITTUNE,"mgh5, flat",2020-21,1,7,1,-8,true,false,141,false,-26,true,4,false
HITTUNE,"mgh5, flat",2020-21,1,18,1,33,true,false,556,false,25,true,12,false
HITTUNE,"mgh5, flat",2020-21,1,25,2,10,false,false,68|390,false,10,false,8,true
HITTUNE,"mgh5, flat",2020-21,1,29,1,20,true,false,69,false,24,true,10,false
HITTUNE,"mgh5, flat",2020-21,1,13,1,13,false,false,232,false,13,false,5,false
HITTUNE,"mgh5, flat",2020-21,1,17,1,4,true,false,272,false,46,true,4,true
HITTUNE,"mgh5, flat",2020-21,1,30,1,0,true,false,102,false,-6,true,5,false
HITTUNE,"mgh5, flat",2020-21,1,4,2,20,true,false,514|519,false,29,true,35,false
HITTUNE,"mgh5, flat",2020-21,1,12,2,46,false,false,254|202,true,181,false,27,true
HITTUNE,"mgh5, flat",2020-21,1,27,1,16,true,false,12,false,-8,true,12,false
HITTUNE,"mgh5, flat",2020-21,1,2,2,16,false,false,157|461,false,22,false,25,false
HITTUNE,"mgh5, flat",2020-21,1,6,1,-13,true,false,155,false,-13,true,7,false
HITTUNE,"mgh5, flat",2020-21,1,9,1,23,true,false,96,false,25,true,30,false
HITTUNE,"mgh5, flat",2020-21,1,22,1,-10,true,false,254,false,68,true,17,false
HITTUNE,"mgh5, flat",2020-21,1,31,2,-12,true,false,302|105,true,0,true,8,false
HITTUNE,"mgh5, flat",2021-22,1,33,1,7,true,false,505,false,-3,true,6,false
HITTUNE,"mgh5, flat",2021-22,1,35,2,23,true,false,154|200,false,7,true,4,false
HITTUNE,"mgh5, flat",2021-22,1,7,1,7,true,false,399,false,7,true,5,false
HITTUNE,"mgh5, flat",2021-22,1,15,1,28,false,false,262,false,28,false,5,false
HITTUNE,"mgh5, flat",2021-22,1,2,2,12,true,false,177|77,false,-11,true,23,false
HITTUNE,"mgh5, flat",2021-22,1,8,1,14,false,false,413,false,49,true,17,false
HITTUNE,"mgh5, flat",2021-22,1,20,2,2,false,false,450|76,false,-1,false,19,false
HITTUNE,"mgh5, flat",2021-22,1,37,1,11,true,false,477,false,11,false,2,false
HITTUNE,"mgh5, flat",2021-22,1,24,2,-3,true,false,357|196,true,92,true,15,false
HITTUNE,"mgh5, flat",2021-22,1,27,2,17,true,false,413|22,false,28,true,12,false
HITTUNE,"mgh5, flat",2021-22,1,9,1,-2,true,false,96,false,-4,true,4,false
HITTUNE,"mgh5, flat",2021-22,1,30,1,14,true,false,341,false,14,true,5,false
HITTUNE,"mgh5, flat",2021-22,1,4,1,-8,true,false,262,false,-3,true,9,false
HITTUNE,"mgh5, flat",2021-22,1,6,1,-7,true,false,78,false,-1,true,10,false
HITTUNE,"mgh5, flat",2021-22,1,12,1,14,true,false,420,false,80,true,18,false
HITTUNE,"mgh5, flat",2021-22,1,17,1,15,false,false,422,false,15,false,6,false
HITTUNE,"mgh5, flat",2021-22,1,25,2,-12,true,false,240|518,true,-36,true,14,false
HITTUNE,"mgh5, flat",2021-22,1,31,2,1,false,false,270|123,false,-3,false,4,false
HITTUNE,"mgh5, flat",2021-22,1,3,1,23,true,false,256,false,7,true,36,false
HITTUNE,"mgh5, flat",2021-22,1,5,1,18,false,false,413,false,0,false,1,false
HITTUNE,"mgh5, flat",2021-22,1,13,2,-12,true,false,230|482,false,-20,true,11,false
HITTUNE,"mgh5, flat",2021-22,1,13,1,-14,true,false,142,false,-31,true,9,false
HITTUNE,"mgh5, flat",2021-22,1,22,1,15,false,false,584,false,11,true,17,false
HITTUNE,"mgh5, flat",2021-22,1,32,2,48,true,false,138|315,true,51,true,7,false
HITTUNE,"mgh5, flat",2021-22,1,36,1,5,true,false,234,false,-4,true,3,false
HITTUNE,"mgh5, flat",2021-22,1,14,1,10,true,false,475,false,19,true,15,false
HITTUNE,"mgh5, flat",2021-22,1,18,1,10,false,false,556,false,4,false,13,false
HITTUNE,"mgh5, flat",2021-22,1,21,1,-8,true,false,468,false,-10,true,6,false
HITTUNE,"mgh5, flat",2021-22,1,38,1,6,true,false,359,false,6,false,1,false
HITTUNE,"mgh5, flat",2021-22,1,16,1,3,true,false,315,false,3,true,5,false
HITTUNE,"mgh5, flat",2021-22,1,23,1,-11,true,false,679,false,-25,true,10,false
HITTUNE,"mgh5, flat",2021-22,1,29,1,2,true,false,559,false,5,true,10,false
HITTUNE,"mgh5, flat",2022-23,1,14,2,0,true,false,306|370,false,-16,true,8,false
HITTUNE,"mgh5, flat",2022-23,1,16,1,-16,true,false,307,false,-12,true,9,false
HITTUNE,"mgh5, flat",2022-23,1,24,1,22,true,false,80,false,54,true,13,false
HITTUNE,"mgh5, flat",2022-23,1,27,1,17,true,false,357,false,44,false,12,false
HITTUNE,"mgh5, flat",2022-23,1,6,2,23,true,false,318|19,false,61,true,13,false
HITTUNE,"mgh5, flat",2022-23,1,19,1,9,true,false,7,false,-17,true,14,false
HITTUNE,"mgh5, flat",2022-23,1,22,1,38,false,false,285,false,59,false,12,false
HITTUNE,"mgh5, flat",2022-23,1,25,1,4,true,false,81,false,12,true,14,false
HITTUNE,"mgh5, flat",2022-23,1,32,2,-7,true,false,124|107,false,7,true,7,false
HITTUNE,"mgh5, flat",2022-23,1,2,2,5,true,false,210|321,false,-16,true,22,false
HITTUNE,"mgh5, flat",2022-23,1,8,2,4,true,false,468|376,false,-5,true,8,false
HITTUNE,"mgh5, flat",2022-23,1,10,2,-34,true,false,304|26,false,20,false,17,false
HITTUNE,"mgh5, flat",2022-23,1,15,1,17,true,false,427,false,70,true,24,false
HITTUNE,"mgh5, flat",2022-23,1,17,1,2,true,false,346,false,-23,true,15,false
HITTUNE,"mgh5, flat",2022-23,1,26,1,13,true,false,104,false,11,false,2,false
HITTUNE,"mgh5, flat",2022-23,1,37,2,1,false,false,318|7,false,1,false,2,true
HITTUNE,"mgh5, flat",2022-23,1,4,1,10,true,false,394,false,2,false,2,false
HITTUNE,"mgh5, flat",2022-23,1,20,2,21,false,false,377|301,false,14,false,19,true
HITTUNE,"mgh5, flat",2022-23,1,21,2,12,true,false,283|394,true,151,true,18,false
HITTUNE,"mgh5, flat",2022-23,1,23,1,10,true,false,303,false,15,false,3,false
HITTUNE,"mgh5, flat",2022-23,1,28,1,26,true,false,19,false,17,true,4,false
HITTUNE,"mgh5, flat",2022-23,1,33,2,6,true,false,307|104,false,-5,true,6,false
HITTUNE,"mgh5, flat",2022-23,1,34,2,-2,true,false,333|312,false,-8,true,5,false
HITTUNE,"mgh5, flat",2022-23,1,35,1,18,true,false,116,false,18,false,4,false
HITTUNE,"mgh5, flat",2022-23,1,3,1,5,false,false,295,false,19,true,36,false
HITTUNE,"mgh5, flat",2022-23,1,11,1,0,true,false,465,false,50,true,23,false
HITTUNE,"mgh5, flat",2022-23,1,12,1,10,true,false,160,false,16,true,11,false
HITTUNE,"mgh5, flat",2023-24,1,4,1,1,true,false,165,false,1,true,4,false
HITTUNE,"mgh5, flat",2023-24,1,34,1,10,true,false,373,false,10,true,5,false
HITTUNE,"mgh5, flat",2023-24,1,35,1,29,true,false,211,false,29,true,4,false
HITTUNE,"mgh5, flat",2023-24,1,31,1,56,true,false,362,false,79,true,8,false
HITTUNE,"mgh5, flat",2023-24,1,5,1,16,true,false,168,false,-40,true,22,false
HITTUNE,"mgh5, flat",2023-24,1,8,2,21,true,false,664|101,false,55,true,22,false
HITTUNE,"mgh5, flat",2023-24,1,11,2,9,false,false,29|178,false,0,false,4,false
HITTUNE,"mgh5, flat",2023-24,1,18,1,20,false,false,526,false,22,false,6,false
HITTUNE,"mgh5, flat",2023-24,1,20,2,10,true,false,343|263,false,19,true,19,false
HITTUNE,"mgh5, flat",2023-24,1,22,1,-4,true,false,342,false,-32,true,17,false
HITTUNE,"mgh5, flat",2023-24,1,7,1,0,true,false,19,false,-11,true,2,false
HITTUNE,"mgh5, flat",2023-24,1,9,1,2,true,false,373,false,-19,true,12,false
HITTUNE,"mgh5, flat",2023-24,1,14,2,-10,true,false,291|43,false,-20,true,17,false
HITTUNE,"mgh5, flat",2023-24,1,28,1,11,false,false,321,false,-8,true,11,false
HITTUNE,"mgh5, flat",2023-24,1,30,1,22,true,false,14,false,45,true,9,false
HITTUNE,"mgh5, flat",2023-24,1,32,1,-22,true,false,293,false,-20,true,3,false
HITTUNE,"mgh5, flat",2023-24,1,33,1,-11,true,false,308,false,-11,true,6,false
HITTUNE,"mgh5, flat",2023-24,1,24,2,-4,true,false,19|265,false,61,true,15,false
HITTUNE,"mgh5, flat",2023-24,1,29,1,3,true,false,275,false,-41,true,10,false
HITTUNE,"mgh5, flat",2023-24,1,2,2,30,false,false,352|135,false,20,false,6,false
HITTUNE,"mgh5, flat",2023-24,1,2,1,34,false,false,355,true,135,false,15,false
HITTUNE,"mgh5, flat",2023-24,1,3,1,13,true,false,326,false,-16,true,17,false
HITTUNE,"mgh5, flat",2023-24,1,13,1,4,true,false,20,false,4,true,11,false
HITTUNE,"mgh5, flat",2023-24,1,21,1,19,true,false,353,false,31,true,12,false
HITTUNE,"mgh5, flat",2023-24,1,25,1,19,true,false,526,false,17,true,9,false
HITTUNE,"mgh5, flat",2023-24,1,26,1,12,true,false,85,false,16,true,10,false
HITTUNE,"mgh5, flat",2023-24,1,27,1,6,true,false,328,false,-21,true,12,false
HITTUNE,"mgh5, flat",2023-24,1,15,1,11,true,false,5,false,89,true,24,false
HITTUNE,"mgh5, flat",2023-24,1,36,1,16,true,false,415,false,16,true,3,false
HITTUNE,"mgh5, flat",2023-24,1,37,1,11,true,false,341,false,11,true,2,false
HITTUNE,"mgh5, flat",2023-24,1,17,2,43,false,false,290|60,false,85,true,15,false
HITTUNE,"mgh5, flat",2024-25,1,20,2,8,true,false,311|231,false,-33,true,19,false
HITTUNE,"mgh5, flat",2024-25,1,24,1,9,false,false,306,false,37,false,15,false
HITTUNE,"mgh5, flat",2024-25,1,29,1,-13,true,false,585,false,-3,true,10,false
HITTUNE,"mgh5, flat",2024-25,1,30,1,-2,true,false,650,false,-13,true,9,false
HITTUNE,"mgh5, flat",2024-25,1,11,2,12,false,false,91|78,false,-1,false,3,false
HITTUNE,"mgh5, flat",2024-25,1,14,2,-4,true,false,514|617,false,-12,true,8,false
HITTUNE,"mgh5, flat",2024-25,1,15,1,5,true,false,18,false,5,true,8,false
HITTUNE,"mgh5, flat",2024-25,1,26,2,3,true,false,110|3,false,38,true,13,false
HITTUNE,"mgh5, flat",2024-25,1,16,2,45,true,false,328|247,true,334,true,23,false
HITTUNE,"mgh5, flat",2024-25,1,17,1,31,true,false,401,false,27,true,11,false
HITTUNE,"mgh5, flat",2024-25,1,22,1,17,false,false,129,false,5,false,4,false
HITTUNE,"mgh5, flat",2024-25,1,23,1,2,true,false,236,false,-21,true,16,false
HITTUNE,"mgh5, flat",2024-25,1,32,1,34,true,false,199,false,-2,false,1,false
HITTUNE,"mgh5, flat",2024-25,1,33,1,-23,true,false,327,false,-32,true,6,false
HITTUNE,"mgh5, flat",2024-25,1,3,2,9,true,false,350|566,false,59,true,17,false
HITTUNE,"mgh5, flat",2024-25,1,6,1,12,true,false,99,false,31,true,33,false
HITTUNE,"mgh5, flat",2024-25,1,6,1,-4,true,false,306,false,-6,true,6,false
HITTUNE,"mgh5, flat",2024-25,1,9,2,3,true,false,311|230,false,1,true,4,false
HITTUNE,"mgh5, flat",2024-25,1,21,1,7,true,false,398,false,-21,true,11,false
HITTUNE,"mgh5, flat",2024-25,1,28,2,-9,true,false,18|447,false,5,true,11,false
HITTUNE,"mgh5, flat",2024-25,1,31,2,28,false,false,401|436,true,26,false,8,false
HITTUNE,"mgh5, flat",2024-25,1,12,2,-44,true,false,82|455,false,-42,true,6,false
HITTUNE,"mgh5, flat",2024-25,1,13,2,-2,true,false,15|495,false,-31,true,26,false
HITTUNE,"mgh5, flat",2024-25,1,18,1,10,true,false,573,false,33,true,12,false
HITTUNE,"mgh5, flat",2025-26,1,6,1,-12,true,false,200,false,-13,true,9,false
HITTUNE,"mgh5, flat",2025-26,1,7,1,9,true,false,8,false,5,true,26,false
HITTUNE,"mgh5, flat",2025-26,1,13,2,23,true,false,430|237,false,149,true,21,true
HITTUNE,"mgh5, flat",2025-26,1,15,1,10,true,false,387,false,7,true,4,false
HITTUNE,"mgh5, flat",2025-26,1,18,1,19,true,false,21,false,5,false,2,false
HITTUNE,"mgh5, flat",2025-26,1,22,1,3,true,false,694,false,-27,true,17,false
HITTUNE,"mgh5, flat",2025-26,1,34,1,-9,true,false,21,false,-9,true,5,false
HITTUNE,"mgh5, flat",2025-26,1,2,2,6,true,false,82|531,false,112,false,29,false
HITTUNE,"mgh5, flat",2025-26,1,5,1,-1,true,false,373,false,0,true,4,false
HITTUNE,"mgh5, flat",2025-26,1,11,1,-1,true,false,348,false,1,true,11,false
HITTUNE,"mgh5, flat",2025-26,1,31,2,30,false,false,136|485,false,38,false,8,false
HITTUNE,"mgh5, flat",2025-26,1,35,1,12,false,false,417,false,12,false,4,false
HITTUNE,"mgh5, flat",2025-26,1,4,1,14,true,false,449,false,55,true,16,false
HITTUNE,"mgh5, flat",2025-26,1,8,1,31,false,false,283,false,48,true,17,false
HITTUNE,"mgh5, flat",2025-26,1,14,1,33,true,false,403,false,-12,true,11,false
HITTUNE,"mgh5, flat",2025-26,1,19,2,34,true,false,450|684,false,44,true,13,false
HITTUNE,"mgh5, flat",2025-26,1,24,1,-5,true,false,382,false,0,true,4,false
HITTUNE,"mgh5, flat",2025-26,1,25,2,41,false,false,5|449,false,216,true,14,false
HITTUNE,"mgh5, flat",2025-26,1,25,1,22,false,false,624,false,44,true,14,false
HITTUNE,"mgh5, flat",2025-26,1,29,2,8,true,false,235|249,false,-15,true,10,true
HITTUNE,"mgh5, flat",2025-26,1,32,1,33,true,false,260,false,32,true,7,false
HITTUNE,"mgh5, flat",2025-26,1,3,1,19,true,false,477,false,3,true,8,false
HITTUNE,"mgh5, flat",2025-26,1,9,1,4,true,false,5,false,4,true,5,false
HITTUNE,"mgh5, flat",2025-26,1,10,1,20,false,false,714,false,8,false,3,false
HITTUNE,"mgh5, flat",2025-26,1,20,2,-30,true,false,16|547,false,-32,true,19,false
HITTUNE,"mgh5, flat",2025-26,1,28,2,37,false,false,373|329,false,57,false,11,false
HITTUNE,"mgh5, flat",2025-26,1,33,1,20,false,false,407,false,12,false,6,false
HITTUNE,"mgh5, flat",2020-21,6,10,2,6,false,false,255|272,true,125,true,29,true
HITTUNE,"mgh5, flat",2020-21,6,20,1,-3,true,false,390,false,-15,true,11,false
HITTUNE,"mgh5, flat",2020-21,6,21,2,-5,true,false,37|211,false,-49,true,18,false
HITTUNE,"mgh5, flat",2020-21,6,27,1,19,false,false,12,false,30,false,12,false
HITTUNE,"mgh5, flat",2020-21,6,29,1,-3,true,false,435,false,-1,true,3,false
HITTUNE,"mgh5, flat",2020-21,6,31,1,-13,true,false,306,false,-13,true,5,false
HITTUNE,"mgh5, flat",2020-21,6,36,1,9,true,false,390,false,9,true,3,false
HITTUNE,"mgh5, flat",2020-21,6,8,1,18,true,false,202,false,74,true,31,false
HITTUNE,"mgh5, flat",2020-21,6,15,2,-1,true,false,308|506,false,-20,true,13,false
HITTUNE,"mgh5, flat",2020-21,6,18,1,31,true,false,556,false,30,true,8,false
HITTUNE,"mgh5, flat",2020-21,6,23,1,-3,true,false,276,false,-3,true,5,false
HITTUNE,"mgh5, flat",2020-21,6,32,1,26,true,false,259,false,37,true,7,false
HITTUNE,"mgh5, flat",2020-21,6,17,2,35,false,false,277|302,false,153,false,22,false
HITTUNE,"mgh5, flat",2020-21,6,22,1,-20,true,false,162,false,-6,true,2,false
HITTUNE,"mgh5, flat",2020-21,6,28,2,43,true,false,388|570,true,54,true,6,false
HITTUNE,"mgh5, flat",2020-21,6,30,1,1,true,false,102,false,1,true,5,false
HITTUNE,"mgh5, flat",2020-21,6,34,1,6,true,false,370,false,6,true,5,false
HITTUNE,"mgh5, flat",2020-21,6,9,1,0,false,false,457,false,0,false,1,false
HITTUNE,"mgh5, flat",2020-21,6,11,2,-18,true,false,254|468,true,26,true,6,false
HITTUNE,"mgh5, flat",2020-21,6,12,1,-16,true,false,494,false,-16,true,5,false
HITTUNE,"mgh5, flat",2020-21,6,13,1,13,false,false,120,false,27,false,8,false
HITTUNE,"mgh5, flat",2020-21,6,24,2,46,true,false,271|572,true,2,false,15,false
HITTUNE,"mgh5, flat",2020-21,6,26,2,4,false,false,277|557,false,0,true,13,false
HITTUNE,"mgh5, flat",2020-21,6,33,1,-1,true,false,224,false,4,true,6,false
HITTUNE,"mgh5, flat",2020-21,6,35,1,16,true,false,155,false,16,true,4,false
HITTUNE,"mgh5, flat",2020-21,6,7,2,-17,true,false,141|498,false,-27,true,4,false
HITTUNE,"mgh5, flat",2021-22,6,31,1,-16,true,false,123,false,-5,false,1,false
HITTUNE,"mgh5, flat",2021-22,6,35,1,-1,true,false,154,false,-1,true,4,false
HITTUNE,"mgh5, flat",2021-22,6,36,1,5,true,false,234,false,5,true,3,false
HITTUNE,"mgh5, flat",2021-22,6,13,2,41,true,false,237|420,false,169,true,23,false
HITTUNE,"mgh5, flat",2021-22,6,13,1,1,true,false,413,false,-25,true,20,false
HITTUNE,"mgh5, flat",2021-22,6,13,1,-14,true,false,142,false,-29,true,8,false
HITTUNE,"mgh5, flat",2021-22,6,15,1,21,false,false,590,false,7,true,9,false
HITTUNE,"mgh5, flat",2021-22,6,22,2,21,false,false,468|196,false,15,false,17,false
HITTUNE,"mgh5, flat",2021-22,6,32,1,17,true,false,215,false,10,true,3,false
HITTUNE,"mgh5, flat",2021-22,6,33,1,-7,true,false,345,false,-1,false,1,false
HITTUNE,"mgh5, flat",2021-22,6,34,2,-2,true,false,138|315,true,2,true,5,false
HITTUNE,"mgh5, flat",2021-22,6,37,1,11,true,false,477,false,11,false,2,false
HITTUNE,"mgh5, flat",2021-22,6,38,1,6,true,false,359,false,6,false,1,false
HITTUNE,"mgh5, flat",2021-22,6,11,1,29,false,false,475,false,29,false,5,false
HITTUNE,"mgh5, flat",2021-22,6,14,1,19,false,false,21,false,7,false,3,false
HITTUNE,"mgh5, flat",2021-22,6,29,2,3,true,false,22|559,true,21,true,10,false
HITTUNE,"mgh5, flat",2021-22,6,30,1,14,true,false,341,false,0,true,4,false
HITTUNE,"mgh5, flat",2021-22,6,7,1,6,true,false,154,false,2,false,2,false
HITTUNE,"mgh5, flat",2021-22,6,9,1,5,true,false,261,false,26,true,10,false
HITTUNE,"mgh5, flat",2021-22,6,16,1,14,true,false,257,false,4,true,13,false
HITTUNE,"mgh5, flat",2021-22,6,17,1,-4,true,false,422,false,-8,true,12,false
HITTUNE,"mgh5, flat",2021-22,6,19,1,2,true,false,138,false,-2,true,3,false
HITTUNE,"mgh5, flat",2021-22,6,23,1,3,true,false,277,false,5,false,2,false
HITTUNE,"mgh5, flat",2021-22,6,24,1,20,false,false,429,false,41,true,15,false
HITTUNE,"mgh5, flat",2021-22,6,26,1,3,true,false,475,false,-34,true,13,false
HITTUNE,"mgh5, flat",2021-22,6,10,1,-1,true,false,76,false,32,true,29,false
HITTUNE,"mgh5, flat",2021-22,6,21,2,19,false,false,450|91,false,15,false,7,false
HITTUNE,"mgh5, flat",2021-22,6,25,1,-21,true,false,240,false,-23,true,2,false
HITTUNE,"mgh5, flat",2021-22,6,27,2,31,true,false,357|115,true,77,true,12,false
HITTUNE,"mgh5, flat",2021-22,6,28,1,0,true,false,67,false,3,true,9,false
HITTUNE,"mgh5, flat",2022-23,6,8,2,35,false,false,80|26,false,141,false,29,false
HITTUNE,"mgh5, flat",2022-23,6,10,1,-10,true,false,146,false,-7,true,3,false
HITTUNE,"mgh5, flat",2022-23,6,13,1,3,true,false,312,false,3,true,6,false
HITTUNE,"mgh5, flat",2022-23,6,16,1,-18,true,false,160,false,-18,true,7,false
HITTUNE,"mgh5, flat",2022-23,6,17,1,6,true,false,104,false,21,true,22,false
HITTUNE,"mgh5, flat",2022-23,6,26,1,4,true,false,81,false,8,true,7,false
HITTUNE,"mgh5, flat",2022-23,6,27,1,19,true,false,357,false,38,true,12,false
HITTUNE,"mgh5, flat",2022-23,6,37,2,1,false,false,318|7,false,1,false,2,true
HITTUNE,"mgh5, flat",2022-23,6,11,2,15,true,false,427|373,false,17,true,9,false
HITTUNE,"mgh5, flat",2022-23,6,15,2,3,true,false,465|210,false,28,true,20,false
HITTUNE,"mgh5, flat",2022-23,6,15,1,-14,true,false,307,false,-11,true,11,false
HITTUNE,"mgh5, flat",2022-23,6,19,2,12,true,false,7|558,false,1,true,14,false
HITTUNE,"mgh5, flat",2022-23,6,20,2,8,true,false,318|66,true,-84,true,19,false
HITTUNE,"mgh5, flat",2022-23,6,35,1,-7,true,false,335,false,-14,true,4,false
HITTUNE,"mgh5, flat",2022-23,6,35,1,18,true,false,116,false,18,false,4,false
HITTUNE,"mgh5, flat",2022-23,6,24,2,10,true,false,152|427,false,43,true,15,false
HITTUNE,"mgh5, flat",2022-23,6,25,1,13,true,false,407,false,14,true,6,false
HITTUNE,"mgh5, flat",2022-23,6,7,1,-7,true,false,376,false,-1,true,8,false
HITTUNE,"mgh5, flat",2022-23,6,21,1,33,false,false,285,false,101,false,18,false
HITTUNE,"mgh5, flat",2022-23,6,23,1,10,true,false,303,false,14,false,2,false
HITTUNE,"mgh5, flat",2022-23,6,31,2,10,false,false,335|295,false,6,false,8,false
HITTUNE,"mgh5, flat",2022-23,6,32,1,-6,true,false,124,false,-7,true,7,false
HITTUNE,"mgh5, flat",2022-23,6,33,2,-15,true,false,312|107,false,-11,true,6,false
HITTUNE,"mgh5, flat",2022-23,6,33,1,-12,true,false,307,false,-15,true,6,false
HITTUNE,"mgh5, flat",2023-24,6,35,1,-10,true,false,211,false,-10,true,4,true
HITTUNE,"mgh5, flat",2023-24,6,8,1,15,false,false,265,false,35,true,11,false
HITTUNE,"mgh5, flat",2023-24,6,11,1,10,true,false,19,false,97,true,21,false
HITTUNE,"mgh5, flat",2023-24,6,14,2,-12,true,false,291|664,false,-29,false,18,false
HITTUNE,"mgh5, flat",2023-24,6,18,1,9,true,false,526,false,-26,true,18,false
HITTUNE,"mgh5, flat",2023-24,6,22,1,39,true,false,353,false,36,true,11,false
HITTUNE,"mgh5, flat",2023-24,6,26,1,1,false,false,430,false,1,false,4,false
HITTUNE,"mgh5, flat",2023-24,6,32,2,15,true,false,14|362,true,81,true,7,false
HITTUNE,"mgh5, flat",2023-24,6,12,2,12,false,false,113|490,false,-11,false,12,false
HITTUNE,"mgh5, flat",2023-24,6,15,2,14,true,false,31|275,false,44,true,16,false
HITTUNE,"mgh5, flat",2023-24,6,17,2,45,false,false,516|60,false,72,false,17,false
HITTUNE,"mgh5, flat",2023-24,6,17,1,18,true,false,290,false,-3,true,9,false
HITTUNE,"mgh5, flat",2023-24,6,27,1,14,false,false,321,false,-4,true,12,false
HITTUNE,"mgh5, flat",2023-24,6,29,1,6,true,false,29,false,45,true,10,false
HITTUNE,"mgh5, flat",2023-24,6,30,2,33,false,false,355|245,false,39,true,9,false
HITTUNE,"mgh5, flat",2023-24,6,33,1,10,true,false,373,false,16,true,4,false
HITTUNE,"mgh5, flat",2023-24,6,9,1,-21,true,false,14,false,-9,true,2,false
HITTUNE,"mgh5, flat",2023-24,6,21,2,-16,true,false,343|342,false,-16,true,18,false
HITTUNE,"mgh5, flat",2023-24,6,31,1,21,true,false,263,false,24,true,8,false
HITTUNE,"mgh5, flat",2023-24,6,36,1,14,true,false,516,false,14,true,3,false
HITTUNE,"mgh5, flat",2023-24,6,37,1,9,true,false,349,false,-3,true,2,false
HITTUNE,"mgh5, flat",2023-24,6,19,1,7,true,false,5,false,41,true,20,false
HITTUNE,"mgh5, flat",2023-24,6,24,1,22,true,false,134,false,0,true,15,false
HITTUNE,"mgh5, flat",2023-24,6,24,1,24,true,false,85,false,41,true,15,false
HITTUNE,"mgh5, flat",2023-24,6,25,1,-2,true,false,112,false,-1,false,2,false
HITTUNE,"mgh5, flat",2023-24,6,34,1,20,true,false,415,false,20,true,5,false
HITTUNE,"mgh5, flat",2024-25,6,11,2,-10,true,false,78|182,false,-114,true,19,false
HITTUNE,"mgh5, flat",2024-25,6,11,1,10,true,false,491,false,10,true,5,false
HITTUNE,"mgh5, flat",2024-25,6,15,1,5,true,false,18,false,5,true,8,false
HITTUNE,"mgh5, flat",2024-25,6,23,2,22,true,false,235|236,false,5,true,16,false
HITTUNE,"mgh5, flat",2024-25,6,29,1,-12,true,false,650,false,-15,true,10,false
HITTUNE,"mgh5, flat",2024-25,6,30,2,2,true,false,401|585,true,16,true,9,false
HITTUNE,"mgh5, flat",2024-25,6,34,1,-4,true,false,327,false,5,true,2,false
HITTUNE,"mgh5, flat",2024-25,6,36,2,0,true,false,182|23,false,0,true,3,false
HITTUNE,"mgh5, flat",2024-25,6,9,2,3,true,false,311|372,false,-5,true,3,false
HITTUNE,"mgh5, flat",2024-25,6,12,2,2,true,false,82|573,false,-17,true,17,false
HITTUNE,"mgh5, flat",2024-25,6,14,2,-4,true,false,514|617,false,-11,true,7,false
HITTUNE,"mgh5, flat",2024-25,6,19,2,14,false,false,541|222,false,-13,true,20,false
HITTUNE,"mgh5, flat",2024-25,6,21,2,2,true,false,311|129,false,16,true,5,false
HITTUNE,"mgh5, flat",2024-25,6,21,1,7,true,false,398,false,7,true,5,false
HITTUNE,"mgh5, flat",2024-25,6,16,2,62,true,false,328|401,true,354,true,23,true
HITTUNE,"mgh5, flat",2024-25,6,24,1,-8,true,false,110,false,37,true,15,false
HITTUNE,"mgh5, flat",2024-25,6,26,2,47,true,false,366|3,false,52,true,10,false
HITTUNE,"mgh5, flat",2024-25,6,33,1,1,true,false,755,false,1,true,6,false
HITTUNE,"mgh5, flat",2024-25,6,28,2,-8,true,false,18|207,false,11,false,11,false
HITTUNE,"mgh5, flat",2024-25,6,31,1,25,false,false,350,false,41,false,8,false
HITTUNE,"mgh5, flat",2024-25,6,32,1,-7,true,false,207,false,0,false,1,false
HITTUNE,"mgh5, flat",2025-26,6,13,2,-21,true,false,6|237,false,-34,true,26,false
HITTUNE,"mgh5, flat",2025-26,6,27,1,-16,true,false,382,false,-4,false,1,false
HITTUNE,"mgh5, flat",2025-26,6,28,2,33,true,false,373|329,false,51,true,11,false
HITTUNE,"mgh5, flat",2025-26,6,31,1,-7,true,false,119,false,-7,false,1,false
HITTUNE,"mgh5, flat",2025-26,6,11,2,8,true,false,348|668,false,-40,true,28,false
HITTUNE,"mgh5, flat",2025-26,6,14,2,6,false,false,283|384,false,22,false,16,false
HITTUNE,"mgh5, flat",2025-26,6,14,1,14,true,false,82,false,46,true,13,false
HITTUNE,"mgh5, flat",2025-26,6,24,2,22,true,false,449|547,false,164,true,15,false
HITTUNE,"mgh5, flat",2025-26,6,30,1,-14,true,false,661,false,-14,true,5,false
HITTUNE,"mgh5, flat",2025-26,6,33,1,29,false,false,260,false,27,false,6,false
HITTUNE,"mgh5, flat",2025-26,6,17,1,25,true,false,21,false,14,true,3,false
HITTUNE,"mgh5, flat",2025-26,6,19,2,0,true,false,16|684,false,-8,true,20,false
HITTUNE,"mgh5, flat",2025-26,6,19,1,7,true,false,450,false,7,true,5,false
HITTUNE,"mgh5, flat",2025-26,6,19,1,1,true,false,403,false,2,false,2,false
HITTUNE,"mgh5, flat",2025-26,6,21,1,23,false,false,8,false,51,false,12,false
HITTUNE,"mgh5, flat",2025-26,6,25,2,20,true,false,624|21,false,68,true,14,false
HITTUNE,"mgh5, flat",2025-26,6,29,2,9,true,false,235|249,true,13,true,6,true
HITTUNE,"mgh5, flat",2025-26,6,34,2,8,true,false,5|21,true,12,true,5,false
HITTUNE,"mgh5, flat",2025-26,6,35,2,12,false,false,430|252,true,16,false,4,false
HITTUNE,"mgh5, flat",2025-26,6,15,1,-12,true,false,256,false,-10,true,4,false
HITTUNE,"mgh5, flat",2025-26,6,20,1,-3,true,false,488,false,0,true,4,false
HITTUNE,"mgh5, flat",2025-26,6,32,1,11,true,false,82,false,2,true,7,false
HITTUNE,"mgh5, flat",2020-21,11,35,1,16,true,false,155,false,16,true,4,false
HITTUNE,"mgh5, flat",2020-21,11,17,2,47,true,false,298|277,false,35,true,5,false
HITTUNE,"mgh5, flat",2020-21,11,32,1,18,true,false,259,false,6,true,7,false
HITTUNE,"mgh5, flat",2020-21,11,34,1,6,true,false,370,false,6,true,5,false
HITTUNE,"mgh5, flat",2020-21,11,15,2,34,true,false,306|302,true,128,true,24,false
HITTUNE,"mgh5, flat",2020-21,11,20,2,8,true,false,96|273,false,0,true,5,false
HITTUNE,"mgh5, flat",2020-21,11,20,1,-3,true,false,390,false,-7,true,10,false
HITTUNE,"mgh5, flat",2020-21,11,21,1,27,true,false,276,false,19,true,5,true
HITTUNE,"mgh5, flat",2020-21,11,26,2,26,false,false,254|271,false,21,true,13,false
HITTUNE,"mgh5, flat",2020-21,11,28,2,34,true,false,388|570,false,40,true,11,true
HITTUNE,"mgh5, flat",2020-21,11,25,2,-2,true,false,277|516,false,-28,true,14,false
HITTUNE,"mgh5, flat",2020-21,11,29,1,-7,true,false,435,false,-7,true,4,false
HITTUNE,"mgh5, flat",2020-21,11,30,1,-7,true,false,254,false,28,true,9,false
HITTUNE,"mgh5, flat",2020-21,11,31,1,9,true,false,102,false,1,true,4,false
HITTUNE,"mgh5, flat",2020-21,11,12,2,40,false,false,213|224,false,33,true,27,false
HITTUNE,"mgh5, flat",2020-21,11,14,2,6,true,false,141|506,false,0,false,14,false
HITTUNE,"mgh5, flat",2020-21,11,22,1,5,true,false,556,false,0,true,7,false
HITTUNE,"mgh5, flat",2020-21,11,33,1,10,true,false,156,false,-15,true,6,false
HITTUNE,"mgh5, flat",2021-22,11,13,1,-14,true,false,142,false,-10,true,2,false
HITTUNE,"mgh5, flat",2021-22,11,21,1,-14,true,false,450,false,-56,true,18,false
HITTUNE,"mgh5, flat",2021-22,11,24,1,10,true,false,475,false,-29,true,15,false
HITTUNE,"mgh5, flat",2021-22,11,25,1,3,true,false,256,false,-8,true,3,false
HITTUNE,"mgh5, flat",2021-22,11,31,1,13,true,false,69,false,-7,true,6,false
HITTUNE,"mgh5, flat",2021-22,11,32,1,12,true,false,256,false,12,true,7,false
HITTUNE,"mgh5, flat",2021-22,11,33,2,12,true,false,237|315,true,14,true,6,false
HITTUNE,"mgh5, flat",2021-22,11,37,1,1,true,false,200,false,1,true,2,false
HITTUNE,"mgh5, flat",2021-22,11,12,2,-14,true,false,230|581,false,-12,false,11,false
HITTUNE,"mgh5, flat",2021-22,11,17,1,-3,true,false,559,false,-13,true,14,false
HITTUNE,"mgh5, flat",2021-22,11,18,1,-34,true,false,142,false,-23,true,4,false
HITTUNE,"mgh5, flat",2021-22,11,26,1,8,true,false,67,false,3,true,13,false
HITTUNE,"mgh5, flat",2021-22,11,30,1,14,true,false,341,false,14,true,5,false
HITTUNE,"mgh5, flat",2021-22,11,35,1,16,true,false,154,false,16,true,4,false
HITTUNE,"mgh5, flat",2021-22,11,36,1,5,true,false,234,false,5,true,3,false
HITTUNE,"mgh5, flat",2021-22,11,38,1,6,true,false,359,false,6,false,1,false
HITTUNE,"mgh5, flat",2021-22,11,14,1,9,false,false,188,false,-3,true,20,false
HITTUNE,"mgh5, flat",2021-22,11,15,1,14,true,false,262,false,29,true,10,false
HITTUNE,"mgh5, flat",2021-22,11,16,1,3,true,false,315,false,3,true,5,false
HITTUNE,"mgh5, flat",2021-22,11,19,1,15,false,false,408,false,4,false,5,false
HITTUNE,"mgh5, flat",2021-22,11,29,1,-4,true,false,411,false,-6,true,4,false
HITTUNE,"mgh5, flat",2021-22,11,34,1,10,true,false,505,false,3,true,5,false
HITTUNE,"mgh5, flat",2021-22,11,20,1,-3,true,false,91,false,-2,true,6,false
HITTUNE,"mgh5, flat",2021-22,11,22,1,15,false,false,584,false,11,true,17,false
HITTUNE,"mgh5, flat",2021-22,11,23,2,-5,true,false,357|679,true,103,true,16,false
HITTUNE,"mgh5, flat",2021-22,11,28,2,32,true,false,22|429,false,62,false,11,false
HITTUNE,"mgh5, flat",2022-23,11,35,1,-7,true,false,335,false,-2,true,2,false
HITTUNE,"mgh5, flat",2022-23,11,37,1,-7,true,false,300,false,-7,true,2,false
HITTUNE,"mgh5, flat",2022-23,11,28,1,15,false,false,394,false,4,true,8,false
HITTUNE,"mgh5, flat",2022-23,11,18,1,13,true,false,593,false,14,true,4,false
HITTUNE,"mgh5, flat",2022-23,11,22,1,12,true,false,705,false,11,false,3,false
HITTUNE,"mgh5, flat",2022-23,11,25,1,4,true,false,104,false,28,true,14,false
HITTUNE,"mgh5, flat",2022-23,11,26,2,4,true,false,357|465,true,3,true,13,false
HITTUNE,"mgh5, flat",2022-23,11,27,1,0,true,false,526,false,-10,true,6,false
HITTUNE,"mgh5, flat",2022-23,11,32,2,24,true,false,285|124,false,21,true,7,false
HITTUNE,"mgh5, flat",2022-23,11,36,2,-16,true,false,318|66,false,-16,true,3,false
HITTUNE,"mgh5, flat",2022-23,11,15,2,-3,true,false,465|210,false,-4,false,1,false
HITTUNE,"mgh5, flat",2022-23,11,17,2,10,true,false,307|346,false,-15,true,22,false
HITTUNE,"mgh5, flat",2022-23,11,17,1,10,true,false,160,false,9,true,6,false
HITTUNE,"mgh5, flat",2022-23,11,21,1,11,true,false,484,false,11,true,6,false
HITTUNE,"mgh5, flat",2022-23,11,24,1,14,true,false,81,false,45,true,15,false
HITTUNE,"mgh5, flat",2022-23,11,33,1,15,true,false,586,false,9,true,6,false
HITTUNE,"mgh5, flat",2022-23,11,19,1,17,true,false,26,false,38,true,11,false
HITTUNE,"mgh5, flat",2022-23,11,20,1,13,true,false,7,false,60,true,19,false
HITTUNE,"mgh5, flat",2022-23,11,23,1,13,true,false,407,false,22,true,7,false
HITTUNE,"mgh5, flat",2022-23,11,30,2,26,false,false,335|295,false,11,false,9,false
HITTUNE,"mgh5, flat",2022-23,11,16,2,-15,true,false,301|237,false,-30,true,12,false
HITTUNE,"mgh5, flat",2023-24,11,13,2,3,true,false,664|602,false,53,true,17,false
HITTUNE,"mgh5, flat",2023-24,11,14,2,-18,true,false,373|43,false,-30,true,7,false
HITTUNE,"mgh5, flat",2023-24,11,30,1,10,true,false,303,false,10,true,5,false
HITTUNE,"mgh5, flat",2023-24,11,30,1,-3,true,false,263,false,5,true,9,false
HITTUNE,"mgh5, flat",2023-24,11,30,1,30,false,false,5,false,43,true,9,false
HITTUNE,"mgh5, flat",2023-24,11,35,1,15,true,false,516,false,15,true,4,false
HITTUNE,"mgh5, flat",2023-24,11,21,2,-15,true,false,516|342,false,1,false,18,false
HITTUNE,"mgh5, flat",2023-24,11,24,1,19,true,false,526,false,19,true,10,false
HITTUNE,"mgh5, flat",2023-24,11,24,1,1,true,false,85,false,-12,true,13,false
HITTUNE,"mgh5, flat",2023-24,11,33,1,24,true,false,362,false,7,true,6,false
HITTUNE,"mgh5, flat",2023-24,11,17,2,35,false,false,19|343,false,124,true,22,false
HITTUNE,"mgh5, flat",2023-24,11,17,1,21,true,false,290,false,27,true,9,false
HITTUNE,"mgh5, flat",2023-24,11,18,1,-7,true,false,134,false,9,true,21,false
HITTUNE,"mgh5, flat",2023-24,11,22,2,54,false,false,49|353,false,43,true,17,false
HITTUNE,"mgh5, flat",2023-24,11,26,1,1,false,false,430,false,1,false,4,false
HITTUNE,"mgh5, flat",2023-24,11,31,1,-25,true,false,313,false,-29,true,8,false
HITTUNE,"mgh5, flat",2023-24,11,36,1,16,true,false,415,false,16,true,3,false
HITTUNE,"mgh5, flat",2023-24,11,37,1,2,true,false,211,false,2,true,2,false
HITTUNE,"mgh5, flat",2023-24,11,25,1,-4,true,false,112,false,-1,true,2,false
HITTUNE,"mgh5, flat",2023-24,11,27,1,14,false,false,321,false,-16,true,12,false
HITTUNE,"mgh5, flat",2023-24,11,32,1,-12,true,false,14,false,43,true,7,true
HITTUNE,"mgh5, flat",2023-24,11,34,1,10,true,false,373,false,5,true,5,false
HITTUNE,"mgh5, flat",2024-25,11,23,1,-4,true,false,339,false,-3,true,2,false
HITTUNE,"mgh5, flat",2024-25,11,12,2,-2,true,false,82|236,false,-10,true,4,false
HITTUNE,"mgh5, flat",2024-25,11,15,1,16,true,false,541,false,14,true,6,false
HITTUNE,"mgh5, flat",2024-25,11,19,2,54,false,false,401|247,false,73,false,9,false
HITTUNE,"mgh5, flat",2024-25,11,19,1,-3,true,false,235,false,-7,true,9,false
HITTUNE,"mgh5, flat",2024-25,11,25,1,10,true,false,18,false,-9,true,14,false
HITTUNE,"mgh5, flat",2024-25,11,32,1,22,false,false,350,false,32,false,7,false
HITTUNE,"mgh5, flat",2024-25,11,34,2,7,true,false,182|720,false,6,true,5,false
HITTUNE,"mgh5, flat",2024-25,11,16,1,3,true,false,18,false,2,true,7,false
HITTUNE,"mgh5, flat",2024-25,11,28,2,8,true,false,585|207,false,21,false,6,false
HITTUNE,"mgh5, flat",2024-25,11,28,1,-5,true,false,15,false,-13,true,11,false
HITTUNE,"mgh5, flat",2024-25,11,31,1,-1,true,false,129,false,-1,true,5,false
HITTUNE,"mgh5, flat",2024-25,11,36,2,21,false,false,755|585,false,21,false,3,false
HITTUNE,"mgh5, flat",2024-25,11,14,2,-15,true,false,180|495,false,-11,false,7,false
HITTUNE,"mgh5, flat",2024-25,11,21,2,3,true,false,311|129,false,7,true,13,false
HITTUNE,"mgh5, flat",2024-25,11,26,2,-4,true,false,110|74,false,-1,true,13,false
HITTUNE,"mgh5, flat",2024-25,11,29,1,-5,true,false,129,false,1,false,1,false
HITTUNE,"mgh5, flat",2024-25,11,30,2,6,true,false,401|366,true,13,true,9,false
HITTUNE,"mgh5, flat",2025-26,11,33,2,40,true,false,260|517,false,29,true,6,false
HITTUNE,"mgh5, flat",2025-26,11,35,1,-18,true,false,411,false,-21,true,4,false
HITTUNE,"mgh5, flat",2025-26,11,19,2,7,true,false,82|684,false,19,true,20,false
HITTUNE,"mgh5, flat",2025-26,11,19,1,5,true,false,21,false,0,false,1,false
HITTUNE,"mgh5, flat",2025-26,11,19,1,-13,true,false,414,false,-13,true,5,false
HITTUNE,"mgh5, flat",2025-26,11,24,1,30,true,false,449,false,175,true,15,false
HITTUNE,"mgh5, flat",2025-26,11,29,2,38,true,false,249|783,false,35,true,10,false
HITTUNE,"mgh5, flat",2025-26,11,29,1,14,true,false,343,false,-17,true,10,false
HITTUNE,"mgh5, flat",2025-26,11,31,2,-5,false,false,235|531,false,2,false,3,false
HITTUNE,"mgh5, flat",2025-26,11,34,2,31,false,false,5|21,true,35,false,5,false
HITTUNE,"mgh5, flat",2025-26,11,13,2,21,false,false,16|74,false,-45,true,22,false
HITTUNE,"mgh5, flat",2025-26,11,15,1,13,true,false,387,false,10,true,4,false
HITTUNE,"mgh5, flat",2025-26,11,20,2,-1,true,false,8|547,false,-2,true,19,false
HITTUNE,"mgh5, flat",2025-26,11,25,2,13,false,false,808|21,false,9,false,4,false
HITTUNE,"mgh5, flat",2025-26,11,25,1,22,false,false,624,false,44,true,14,false
HITTUNE,"mgh5, flat",2025-26,11,27,1,-16,true,false,382,false,-4,false,1,false
HITTUNE,"mgh5, flat",2025-26,11,28,1,-3,true,false,119,false,2,true,3,false
HITTUNE,"mgh5, flat",2020-21,16,21,1,27,true,false,276,false,0,false,1,true
HITTUNE,"mgh5, flat",2020-21,16,21,1,7,true,false,506,false,1,true,7,false
HITTUNE,"mgh5, flat",2020-21,16,22,2,10,true,false,254|390,false,52,true,17,false
HITTUNE,"mgh5, flat",2020-21,16,22,1,-20,true,false,162,false,-8,true,2,false
HITTUNE,"mgh5, flat",2020-21,16,23,1,-8,true,false,277,false,-6,true,8,false
HITTUNE,"mgh5, flat",2020-21,16,24,1,36,true,false,273,false,11,false,2,false
HITTUNE,"mgh5, flat",2020-21,16,30,1,-5,true,false,102,false,-5,true,5,false
HITTUNE,"mgh5, flat",2020-21,16,31,1,26,true,false,155,false,28,true,8,false
HITTUNE,"mgh5, flat",2020-21,16,35,1,-5,true,false,300,false,-7,false,1,false
HITTUNE,"mgh5, flat",2020-21,16,17,2,37,true,false,298|556,false,57,true,12,false
HITTUNE,"mgh5, flat",2020-21,16,28,2,34,true,false,388|570,false,0,true,11,true
HITTUNE,"mgh5, flat",2020-21,16,26,2,-13,true,false,271|61,false,-19,true,8,false
HITTUNE,"mgh5, flat",2020-21,16,33,2,14,true,false,259|224,true,22,true,6,false
HITTUNE,"mgh5, flat",2020-21,16,34,1,11,true,false,370,false,11,true,5,false
HITTUNE,"mgh5, flat",2020-21,16,29,1,-7,true,false,435,false,-7,true,4,false
HITTUNE,"mgh5, flat",2020-21,16,32,1,5,true,false,12,false,11,true,7,false
HITTUNE,"mgh5, flat",2020-21,16,36,2,24,true,false,254|558,true,47,true,3,true
HITTUNE,"mgh5, flat",2021-22,16,17,2,8,false,false,559|422,false,44,false,22,false
HITTUNE,"mgh5, flat",2021-22,16,30,1,6,true,false,265,false,6,true,5,false
HITTUNE,"mgh5, flat",2021-22,16,31,1,17,true,false,341,false,2,true,3,false
HITTUNE,"mgh5, flat",2021-22,16,32,1,6,true,false,701,false,1,true,5,false
HITTUNE,"mgh5, flat",2021-22,16,36,1,5,true,false,234,false,-4,true,3,false
HITTUNE,"mgh5, flat",2021-22,16,37,1,-1,true,false,154,false,-1,true,2,false
HITTUNE,"mgh5, flat",2021-22,16,23,2,-6,true,false,196|679,true,-65,true,16,false
HITTUNE,"mgh5, flat",2021-22,16,24,1,-4,true,false,277,false,10,true,2,false
HITTUNE,"mgh5, flat",2021-22,16,27,1,11,true,false,681,false,21,true,3,false
HITTUNE,"mgh5, flat",2021-22,16,28,1,4,true,false,23,false,-2,true,11,false
HITTUNE,"mgh5, flat",2021-22,16,33,1,18,true,false,259,false,18,true,6,false
HITTUNE,"mgh5, flat",2021-22,16,19,1,2,true,false,138,false,1,true,2,false
HITTUNE,"mgh5, flat",2021-22,16,20,1,1,true,false,353,false,-24,true,19,false
HITTUNE,"mgh5, flat",2021-22,16,21,1,19,true,false,240,false,19,true,6,false
HITTUNE,"mgh5, flat",2021-22,16,22,1,-7,true,false,468,false,-67,true,17,false
HITTUNE,"mgh5, flat",2021-22,16,26,2,76,true,false,357|22,true,236,true,13,false
HITTUNE,"mgh5, flat",2021-22,16,34,2,-14,true,false,138|315,true,-10,true,5,false
HITTUNE,"mgh5, flat",2021-22,16,35,1,-2,true,false,681,false,-2,true,4,false
HITTUNE,"mgh5, flat",2021-22,16,18,1,-2,true,false,76,false,-8,true,10,false
HITTUNE,"mgh5, flat",2021-22,16,25,1,-7,true,false,584,false,-7,true,14,false
HITTUNE,"mgh5, flat",2021-22,16,29,1,13,true,false,411,false,12,false,4,false
HITTUNE,"mgh5, flat",2022-23,16,20,1,20,true,false,332,false,-18,true,14,false
HITTUNE,"mgh5, flat",2022-23,16,21,2,4,true,false,283|225,true,131,false,14,false
HITTUNE,"mgh5, flat",2022-23,16,22,1,5,true,false,318,false,3,true,4,false
HITTUNE,"mgh5, flat",2022-23,16,37,2,11,false,false,116|66,false,11,false,2,false
HITTUNE,"mgh5, flat",2022-23,16,33,2,-9,true,false,333|107,false,2,true,6,false
HITTUNE,"mgh5, flat",2022-23,16,19,2,25,true,false,26|301,false,32,true,8,true
HITTUNE,"mgh5, flat",2022-23,16,19,1,13,true,false,7,false,25,true,14,false
HITTUNE,"mgh5, flat",2022-23,16,24,1,33,false,false,285,false,79,false,15,false
HITTUNE,"mgh5, flat",2022-23,16,26,1,15,true,false,427,false,76,true,13,false
HITTUNE,"mgh5, flat",2022-23,16,27,1,17,true,false,357,false,44,false,12,false
HITTUNE,"mgh5, flat",2022-23,16,32,2,5,false,false,133|124,false,6,false,7,false
HITTUNE,"mgh5, flat",2022-23,16,18,1,23,false,false,80,false,51,true,19,false
HITTUNE,"mgh5, flat",2022-23,16,34,1,-16,true,false,610,false,-22,true,5,false
HITTUNE,"mgh5, flat",2022-23,16,35,2,-5,true,false,318|703,false,-18,true,4,true
HITTUNE,"mgh5, flat",2022-23,16,23,1,17,true,false,407,false,17,true,5,false
HITTUNE,"mgh5, flat",2022-23,16,25,1,4,true,false,81,false,21,true,14,false
HITTUNE,"mgh5, flat",2022-23,16,28,1,21,true,false,19,false,14,true,4,false
HITTUNE,"mgh5, flat",2023-24,16,19,1,6,true,false,20,false,62,true,20,false
HITTUNE,"mgh5, flat",2023-24,16,24,1,24,true,false,85,false,37,true,12,false
HITTUNE,"mgh5, flat",2023-24,16,27,1,-13,true,false,134,false,-47,true,12,false
HITTUNE,"mgh5, flat",2023-24,16,29,2,15,false,false,355|265,false,24,false,8,false
HITTUNE,"mgh5, flat",2023-24,16,37,1,5,true,false,341,false,5,true,2,false
HITTUNE,"mgh5, flat",2023-24,16,26,1,-10,true,false,430,false,-9,true,3,false
HITTUNE,"mgh5, flat",2023-24,16,35,1,29,true,false,211,false,29,true,4,false
HITTUNE,"mgh5, flat",2023-24,16,18,1,-3,true,false,516,false,1,true,3,false
HITTUNE,"mgh5, flat",2023-24,16,21,2,14,true,false,290|353,false,56,false,18,false
HITTUNE,"mgh5, flat",2023-24,16,22,1,17,true,false,342,false,11,true,4,false
HITTUNE,"mgh5, flat",2023-24,16,25,1,19,true,false,526,false,17,true,9,false
HITTUNE,"mgh5, flat",2023-24,16,30,1,15,true,false,263,false,25,true,9,false
HITTUNE,"mgh5, flat",2023-24,16,32,1,-12,true,false,14,false,30,true,7,false
HITTUNE,"mgh5, flat",2023-24,16,32,1,-33,true,false,293,false,-9,true,3,true
HITTUNE,"mgh5, flat",2023-24,16,31,1,42,true,false,362,false,59,true,8,false
HITTUNE,"mgh5, flat",2023-24,16,33,1,26,true,false,355,false,38,true,6,false
HITTUNE,"mgh5, flat",2023-24,16,34,1,10,true,false,373,false,5,true,5,false
HITTUNE,"mgh5, flat",2023-24,16,36,1,16,true,false,415,false,16,true,3,false
HITTUNE,"mgh5, flat",2023-24,16,17,2,35,false,false,19|343,false,159,true,15,false
HITTUNE,"mgh5, flat",2024-25,16,25,2,23,false,false,447|78,false,29,true,11,false
HITTUNE,"mgh5, flat",2024-25,16,26,1,-6,true,false,3,false,-6,true,5,false
HITTUNE,"mgh5, flat",2024-25,16,29,2,16,true,false,585|18,true,30,true,10,false
HITTUNE,"mgh5, flat",2024-25,16,21,2,2,true,false,311|129,false,15,true,8,false
HITTUNE,"mgh5, flat",2024-25,16,23,2,0,true,false,339|720,false,-36,true,16,false
HITTUNE,"mgh5, flat",2024-25,16,28,2,-31,true,false,541|207,false,-22,true,5,false
HITTUNE,"mgh5, flat",2024-25,16,30,2,-9,true,false,401|366,true,-7,true,9,false
HITTUNE,"mgh5, flat",2024-25,16,31,1,25,false,false,350,false,41,false,8,false
HITTUNE,"mgh5, flat",2024-25,16,32,1,13,true,false,110,false,20,true,7,false
HITTUNE,"mgh5, flat",2024-25,16,33,1,1,true,false,755,false,1,true,6,false
HITTUNE,"mgh5, flat",2024-25,16,36,2,-16,true,false,182|168,false,-20,true,3,false
HITTUNE,"mgh5, flat",2024-25,16,19,2,64,false,false,401|398,false,81,false,9,false
HITTUNE,"mgh5, flat",2024-25,16,20,2,2,false,false,235|232,false,55,false,19,false
HITTUNE,"mgh5, flat",2025-26,16,24,1,-5,true,false,382,false,0,true,4,false
HITTUNE,"mgh5, flat",2025-26,16,29,2,9,true,false,235|249,true,-11,true,10,true
HITTUNE,"mgh5, flat",2025-26,16,35,1,-5,true,false,417,false,-5,true,4,false
HITTUNE,"mgh5, flat",2025-26,16,19,2,1,true,false,16|343,false,-6,false,6,false
HITTUNE,"mgh5, flat",2025-26,16,20,2,-10,true,false,8|547,false,4,true,19,false
HITTUNE,"mgh5, flat",2025-26,16,20,1,1,true,false,450,false,2,true,4,false
HITTUNE,"mgh5, flat",2025-26,16,25,2,24,false,false,624|21,false,81,true,14,false
HITTUNE,"mgh5, flat",2025-26,16,30,1,-15,true,false,661,false,-1,true,2,false
HITTUNE,"mgh5, flat",2025-26,16,31,1,3,true,false,517,false,10,true,8,false
HITTUNE,"mgh5, flat",2025-26,16,32,2,37,false,false,430|267,true,43,false,7,false
HITTUNE,"mgh5, flat",2025-26,16,21,1,1,true,false,684,false,-32,true,18,false
HITTUNE,"mgh5, flat",2025-26,16,27,2,38,true,false,449|791,false,144,false,12,false
HITTUNE,"mgh5, flat",2025-26,16,33,1,29,false,false,260,false,29,false,6,false
HITTUNE,"mgh5, flat",2025-26,16,36,1,-5,true,false,723,false,-12,true,3,false
HITTUNE,"mgh5, flat",2025-26,16,28,2,33,true,false,373|329,false,51,true,11,false
HITTUNE,"mgh5, flat",2025-26,16,34,1,-9,true,false,21,false,-9,true,5,false
HITTUNE,"mgh5, flat",2020-21,21,23,1,2,true,false,273,false,3,true,4,false
HITTUNE,"mgh5, flat",2020-21,21,25,1,-7,true,false,277,false,-7,true,5,false
HITTUNE,"mgh5, flat",2020-21,21,27,1,-2,true,false,556,false,-2,true,5,false
HITTUNE,"mgh5, flat",2020-21,21,31,1,3,true,false,164,false,-1,false,1,false
HITTUNE,"mgh5, flat",2020-21,21,26,1,15,false,false,557,false,18,false,8,false
HITTUNE,"mgh5, flat",2020-21,21,28,1,17,false,false,383,false,14,false,11,false
HITTUNE,"mgh5, flat",2020-21,21,32,2,6,true,false,259|68,true,15,true,7,false
HITTUNE,"mgh5, flat",2020-21,21,35,1,16,true,false,155,false,16,true,4,false
HITTUNE,"mgh5, flat",2020-21,21,37,1,8,false,false,233,false,8,false,2,false
HITTUNE,"mgh5, flat",2020-21,21,24,2,41,true,false,271|572,true,32,true,12,false
HITTUNE,"mgh5, flat",2020-21,21,29,1,14,true,false,570,false,12,true,10,false
HITTUNE,"mgh5, flat",2020-21,21,30,1,1,true,false,102,false,1,true,5,false
HITTUNE,"mgh5, flat",2020-21,21,34,1,10,true,false,524,false,10,true,5,false
HITTUNE,"mgh5, flat",2020-21,21,22,1,-20,true,false,162,false,-6,true,2,false
HITTUNE,"mgh5, flat",2020-21,21,22,1,-8,true,false,81,false,-5,false,1,false
HITTUNE,"mgh5, flat",2020-21,21,33,1,7,true,false,12,false,10,true,6,false
HITTUNE,"mgh5, flat",2020-21,21,36,1,10,true,false,558,false,10,true,3,false
HITTUNE,"mgh5, flat",2021-22,21,32,2,37,true,false,359|67,true,12,false,4,false
HITTUNE,"mgh5, flat",2021-22,21,24,1,-4,true,false,277,false,1,false,1,false
HITTUNE,"mgh5, flat",2021-22,21,26,2,41,true,false,357|22,true,150,true,13,false
HITTUNE,"mgh5, flat",2021-22,21,30,1,14,true,false,341,false,-5,true,9,false
HITTUNE,"mgh5, flat",2021-22,21,33,1,14,true,false,200,false,-4,true,6,false
HITTUNE,"mgh5, flat",2021-22,21,34,2,-45,true,false,233|315,true,-25,true,5,false
HITTUNE,"mgh5, flat",2021-22,21,35,1,-3,true,false,138,false,-5,true,4,false
HITTUNE,"mgh5, flat",2021-22,21,36,1,17,true,false,477,false,11,true,3,false
HITTUNE,"mgh5, flat",2021-22,21,37,1,10,true,false,488,false,10,true,2,false
HITTUNE,"mgh5, flat",2021-22,21,22,2,39,false,false,475|584,false,44,false,17,false
HITTUNE,"mgh5, flat",2021-22,21,25,1,15,true,false,233,false,-9,false,1,false
HITTUNE,"mgh5, flat",2021-22,21,28,1,4,true,false,23,false,-2,true,11,false
HITTUNE,"mgh5, flat",2021-22,21,29,1,-10,true,false,265,false,-15,true,6,false
HITTUNE,"mgh5, flat",2021-22,21,31,1,7,true,false,270,false,-2,true,2,false
HITTUNE,"mgh5, flat",2021-22,21,38,1,6,true,false,359,false,6,false,1,false
HITTUNE,"mgh5, flat",2021-22,21,27,1,11,true,false,681,false,11,true,5,false
HITTUNE,"mgh5, flat",2021-22,21,23,1,12,true,false,676,false,-16,true,14,false
HITTUNE,"mgh5, flat",2022-23,21,22,2,23,false,false,307|394,false,-9,true,17,false
HITTUNE,"mgh5, flat",2022-23,21,24,2,-2,true,false,80|724,false,1,true,13,false
HITTUNE,"mgh5, flat",2022-23,21,27,1,16,true,false,92,false,15,true,3,false
HITTUNE,"mgh5, flat",2022-23,21,28,1,6,true,false,705,false,-1,true,2,false
HITTUNE,"mgh5, flat",2022-23,21,30,2,-6,true,false,124|295,false,7,true,9,false
HITTUNE,"mgh5, flat",2022-23,21,34,2,13,false,false,312|66,false,-9,false,5,false
HITTUNE,"mgh5, flat",2022-23,21,35,1,18,true,false,116,false,18,false,4,false
HITTUNE,"mgh5, flat",2022-23,21,26,2,-10,true,false,107|295,false,1,false,9,false
HITTUNE,"mgh5, flat",2022-23,21,32,2,13,false,false,285|40,false,36,false,7,false
HITTUNE,"mgh5, flat",2022-23,21,37,2,4,false,false,318|13,false,4,false,2,true
HITTUNE,"mgh5, flat",2023-24,21,22,1,39,true,false,353,false,36,true,11,false
HITTUNE,"mgh5, flat",2023-24,21,22,1,15,true,false,430,false,16,true,8,false
HITTUNE,"mgh5, flat",2023-24,21,24,1,19,true,false,526,false,24,true,7,false
HITTUNE,"mgh5, flat",2023-24,21,31,1,20,true,false,14,false,87,true,8,false
HITTUNE,"mgh5, flat",2023-24,21,33,1,10,true,false,373,false,-10,true,6,false
HITTUNE,"mgh5, flat",2023-24,21,35,1,15,true,false,516,false,15,true,4,false
HITTUNE,"mgh5, flat",2023-24,21,25,1,-2,true,false,664,false,-2,true,5,false
HITTUNE,"mgh5, flat",2023-24,21,25,1,24,false,false,85,false,28,true,14,false
HITTUNE,"mgh5, flat",2023-24,21,26,1,17,false,false,49,false,6,false,13,false
HITTUNE,"mgh5, flat",2023-24,21,27,1,13,true,false,321,false,0,true,12,false
HITTUNE,"mgh5, flat",2023-24,21,30,1,8,false,false,313,false,10,false,7,false
HITTUNE,"mgh5, flat",2023-24,21,30,1,10,true,false,303,false,10,true,5,false
HITTUNE,"mgh5, flat",2023-24,21,30,1,-3,true,false,263,false,5,true,9,false
HITTUNE,"mgh5, flat",2023-24,21,32,1,4,true,false,362,false,14,true,7,true
HITTUNE,"mgh5, flat",2023-24,21,32,1,25,true,false,29,true,35,true,7,false
HITTUNE,"mgh5, flat",2023-24,21,34,1,16,true,false,211,false,16,true,5,false
HITTUNE,"mgh5, flat",2023-24,21,36,1,16,true,false,415,false,16,true,3,false
HITTUNE,"mgh5, flat",2023-24,21,37,1,7,true,false,341,false,7,true,2,false
HITTUNE,"mgh5, flat",2024-25,21,30,2,2,true,false,401|585,true,16,true,9,false
HITTUNE,"mgh5, flat",2024-25,21,32,1,14,false,false,650,false,14,false,7,false
HITTUNE,"mgh5, flat",2024-25,21,33,1,0,true,false,366,false,1,true,3,false
HITTUNE,"mgh5, flat",2024-25,21,36,1,19,true,false,514,false,19,true,3,false
HITTUNE,"mgh5, flat",2024-25,21,25,1,-22,true,false,78,false,-6,true,14,false
HITTUNE,"mgh5, flat",2024-25,21,26,2,3,true,false,110|3,false,38,true,13,false
HITTUNE,"mgh5, flat",2024-25,21,27,2,13,true,false,350|152,false,10,true,12,false
HITTUNE,"mgh5, flat",2024-25,21,28,1,-12,true,false,207,false,-2,false,2,false
HITTUNE,"mgh5, flat",2024-25,21,29,1,0,true,false,18,false,-11,true,10,false
HITTUNE,"mgh5, flat",2024-25,21,31,1,8,true,false,207,false,0,true,3,false
HITTUNE,"mgh5, flat",2024-25,21,34,1,-6,true,false,129,false,0,false,1,false
HITTUNE,"mgh5, flat",2024-25,21,35,1,13,false,false,755,false,13,false,4,false
HITTUNE,"mgh5, flat",2024-25,21,23,2,32,false,false,310|236,false,20,false,4,false
HITTUNE,"mgh5, flat",2025-26,21,25,2,23,true,false,21|449,false,152,true,14,false
HITTUNE,"mgh5, flat",2025-26,21,27,2,3,true,false,382|136,false,4,false,3,false
HITTUNE,"mgh5, flat",2025-26,21,28,2,13,true,false,373|329,false,12,false,11,false
HITTUNE,"mgh5, flat",2025-26,21,33,1,29,false,false,260,false,29,false,6,false
HITTUNE,"mgh5, flat",2025-26,21,34,1,-9,true,false,21,false,-9,true,5,false
HITTUNE,"mgh5, flat",2025-26,21,29,2,13,true,false,235|249,false,-13,true,10,true
HITTUNE,"mgh5, flat",2025-26,21,29,1,-1,true,false,82,false,9,true,10,false
HITTUNE,"mgh5, flat",2025-26,21,30,1,-24,true,false,661,false,-8,true,2,false
HITTUNE,"mgh5, flat",2025-26,21,31,1,-26,true,false,531,false,-36,true,8,false
HITTUNE,"mgh5, flat",2025-26,21,32,2,47,false,false,430|354,true,56,false,7,false
HITTUNE,"mgh5, flat",2025-26,21,35,1,-12,true,false,783,false,-12,true,4,false
HITTUNE,"mgh5, flat",2020-21,26,29,1,12,true,false,62,false,13,true,10,false
HITTUNE,"mgh5, flat",2020-21,26,30,1,0,true,false,102,false,0,true,5,false
HITTUNE,"mgh5, flat",2020-21,26,31,1,-13,true,false,306,false,-13,true,5,false
HITTUNE,"mgh5, flat",2020-21,26,32,1,5,true,false,12,false,11,true,7,false
HITTUNE,"mgh5, flat",2020-21,26,33,2,14,true,false,259|224,true,33,true,6,false
HITTUNE,"mgh5, flat",2020-21,26,34,1,11,true,false,370,false,11,true,5,false
HITTUNE,"mgh5, flat",2020-21,26,35,1,-5,true,false,300,false,-5,true,4,false
HITTUNE,"mgh5, flat",2020-21,26,36,1,9,true,false,390,false,9,true,3,false
HITTUNE,"mgh5, flat",2020-21,26,28,2,22,true,false,388|557,false,-6,true,11,true
HITTUNE,"mgh5, flat",2020-21,26,28,1,-10,true,false,435,false,-10,true,5,false
HITTUNE,"mgh5, flat",2021-22,26,27,2,32,true,false,359|341,false,99,true,12,false
HITTUNE,"mgh5, flat",2021-22,26,33,1,14,true,false,200,false,14,true,6,false
HITTUNE,"mgh5, flat",2021-22,26,34,2,9,true,false,138|315,true,13,true,5,false
HITTUNE,"mgh5, flat",2021-22,26,36,2,3,true,false,259|234,false,3,true,3,false
HITTUNE,"mgh5, flat",2021-22,26,28,1,13,true,false,22,false,21,true,11,false
HITTUNE,"mgh5, flat",2021-22,26,29,1,25,true,false,256,false,29,true,10,false
HITTUNE,"mgh5, flat",2021-22,26,31,2,-13,true,false,270|123,false,-15,true,3,false
HITTUNE,"mgh5, flat",2021-22,26,32,1,-13,true,false,23,false,-5,true,7,false
HITTUNE,"mgh5, flat",2021-22,26,37,1,11,true,false,477,false,11,false,2,false
HITTUNE,"mgh5, flat",2022-23,26,27,2,13,false,false,92|124,false,44,false,12,false
HITTUNE,"mgh5, flat",2022-23,26,29,2,21,true,false,285|40,false,-25,true,10,false
HITTUNE,"mgh5, flat",2022-23,26,30,1,16,true,false,335,false,2,true,2,false
HITTUNE,"mgh5, flat",2022-23,26,32,2,-26,true,false,465|124,false,-25,true,7,false
HITTUNE,"mgh5, flat",2022-23,26,34,2,-17,true,false,307|312,false,-31,true,5,false
HITTUNE,"mgh5, flat",2022-23,26,35,1,-7,true,false,335,false,-2,true,2,false
HITTUNE,"mgh5, flat",2022-23,26,36,1,11,false,false,116,false,11,false,3,false
HITTUNE,"mgh5, flat",2022-23,26,37,1,-2,true,false,303,false,-2,true,2,false
HITTUNE,"mgh5, flat",2023-24,26,27,2,15,true,false,688|526,false,13,false,12,false
HITTUNE,"mgh5, flat",2023-24,26,30,2,72,false,false,263|29,false,106,true,9,false
HITTUNE,"mgh5, flat",2023-24,26,30,1,23,true,false,353,false,7,true,3,false
HITTUNE,"mgh5, flat",2023-24,26,31,1,42,true,false,362,false,59,true,8,false
HITTUNE,"mgh5, flat",2023-24,26,33,1,10,true,false,373,false,16,true,4,false
HITTUNE,"mgh5, flat",2023-24,26,34,1,20,true,false,415,false,20,true,5,false
HITTUNE,"mgh5, flat",2023-24,26,35,1,-10,true,false,211,false,-10,true,4,true
HITTUNE,"mgh5, flat",2023-24,26,32,1,-12,true,false,14,false,40,true,7,false
HITTUNE,"mgh5, flat",2023-24,26,36,1,13,true,false,516,false,13,true,3,false
HITTUNE,"mgh5, flat",2023-24,26,37,1,9,true,false,349,false,-3,true,2,false
HITTUNE,"mgh5, flat",2024-25,26,34,2,-1,true,false,327|152,false,8,true,5,false
HITTUNE,"mgh5, flat",2024-25,26,36,1,18,true,false,514,false,18,true,3,false
HITTUNE,"mgh5, flat",2024-25,26,28,2,-4,true,false,18|207,false,-2,false,11,false
HITTUNE,"mgh5, flat",2024-25,26,29,2,6,true,false,401|129,false,3,true,10,false
HITTUNE,"mgh5, flat",2024-25,26,31,1,10,false,false,650,false,1,false,2,false
HITTUNE,"mgh5, flat",2024-25,26,33,1,-2,true,false,573,false,-2,true,6,false
HITTUNE,"mgh5, flat",2025-26,26,34,1,-9,true,false,21,false,-9,true,5,false
HITTUNE,"mgh5, flat",2025-26,26,28,2,27,true,false,684|329,false,24,false,4,false
HITTUNE,"mgh5, flat",2025-26,26,29,2,-3,true,false,235|691,false,-7,true,10,true
HITTUNE,"mgh5, flat",2025-26,26,30,1,5,true,false,249,false,8,true,9,false
HITTUNE,"mgh5, flat",2025-26,26,31,1,1,true,false,373,false,7,true,8,false
HITTUNE,"mgh5, flat",2025-26,26,32,1,33,true,false,260,false,32,true,7,false
HITTUNE,"mgh5, flat",2025-26,26,33,1,20,false,false,407,false,12,false,6,false
HITTUNE,"mgh6, flat",2020-21,1,31,2,-12,true,false,302|105,true,0,true,8,false
HITTUNE,"mgh6, flat",2020-21,1,34,1,0,true,false,524,false,-5,true,5,false
HITTUNE,"mgh6, flat",2020-21,1,8,1,10,true,false,457,false,7,true,7,false
HITTUNE,"mgh6, flat",2020-21,1,12,2,46,false,false,254|202,true,181,false,27,true
HITTUNE,"mgh6, flat",2020-21,1,28,2,33,false,false,558|570,false,47,false,11,false
HITTUNE,"mgh6, flat",2020-21,1,30,1,0,true,false,102,false,-6,true,5,false
HITTUNE,"mgh6, flat",2020-21,1,5,1,18,true,false,37,false,2,false,2,false
HITTUNE,"mgh6, flat",2020-21,1,10,1,-15,true,false,272,false,28,true,2,true
HITTUNE,"mgh6, flat",2020-21,1,13,1,13,false,false,232,false,13,false,5,false
HITTUNE,"mgh6, flat",2020-21,1,23,1,29,true,false,271,false,29,true,6,false
HITTUNE,"mgh6, flat",2020-21,1,11,1,-8,true,false,37,false,9,true,17,false
HITTUNE,"mgh6, flat",2020-21,1,15,1,21,true,false,313,false,-2,false,1,false
HITTUNE,"mgh6, flat",2020-21,1,25,2,10,false,false,68|390,false,10,false,8,true
HITTUNE,"mgh6, flat",2020-21,1,33,2,19,true,false,166|211,false,6,true,6,false
HITTUNE,"mgh6, flat",2020-21,1,35,1,16,true,false,155,false,16,true,4,false
HITTUNE,"mgh6, flat",2020-21,1,16,1,6,true,false,277,false,-42,true,17,false
HITTUNE,"mgh6, flat",2020-21,1,6,1,-13,true,false,155,false,-13,true,7,false
HITTUNE,"mgh6, flat",2020-21,1,9,1,23,true,false,96,false,25,true,30,false
HITTUNE,"mgh6, flat",2020-21,1,18,1,33,true,false,556,false,25,true,12,false
HITTUNE,"mgh6, flat",2020-21,1,22,1,-10,true,false,254,false,68,true,17,false
HITTUNE,"mgh6, flat",2020-21,1,2,2,16,false,false,157|461,false,22,false,25,false
HITTUNE,"mgh6, flat",2020-21,1,7,1,-8,true,false,141,false,-26,true,4,false
HITTUNE,"mgh6, flat",2020-21,1,17,1,4,true,false,272,false,46,true,4,true
HITTUNE,"mgh6, flat",2020-21,1,20,2,22,true,false,302|557,false,77,true,11,false
HITTUNE,"mgh6, flat",2020-21,1,21,1,27,true,false,276,false,0,false,1,true
HITTUNE,"mgh6, flat",2020-21,1,4,2,20,true,false,514|519,false,29,true,35,false
HITTUNE,"mgh6, flat",2020-21,1,14,1,3,true,false,141,false,1,true,6,false
HITTUNE,"mgh6, flat",2020-21,1,27,1,16,true,false,12,false,-8,true,12,false
HITTUNE,"mgh6, flat",2020-21,1,29,1,20,true,false,69,false,24,true,10,false
HITTUNE,"mgh6, flat",2021-22,1,2,2,12,true,false,177|77,false,-12,true,26,false
HITTUNE,"mgh6, flat",2021-22,1,20,2,2,false,false,450|76,false,-2,false,19,false
HITTUNE,"mgh6, flat",2021-22,1,33,1,-7,true,false,345,false,-1,false,1,false
HITTUNE,"mgh6, flat",2021-22,1,16,1,3,true,false,315,false,3,true,5,false
HITTUNE,"mgh6, flat",2021-22,1,23,1,-11,true,false,679,false,0,true,3,false
HITTUNE,"mgh6, flat",2021-22,1,28,2,17,true,false,22|23,false,31,true,11,false
HITTUNE,"mgh6, flat",2021-22,1,31,1,-16,true,false,123,false,-5,false,1,false
HITTUNE,"mgh6, flat",2021-22,1,3,1,23,true,false,256,false,25,true,25,false
HITTUNE,"mgh6, flat",2021-22,1,14,1,10,true,false,475,false,10,true,25,false
HITTUNE,"mgh6, flat",2021-22,1,18,1,10,false,false,556,false,4,false,11,false
HITTUNE,"mgh6, flat",2021-22,1,22,1,15,false,false,584,false,11,true,17,false
HITTUNE,"mgh6, flat",2021-22,1,30,1,14,true,false,341,false,0,true,4,false
HITTUNE,"mgh6, flat",2021-22,1,34,2,-4,true,false,265|315,true,-3,false,5,false
HITTUNE,"mgh6, flat",2021-22,1,36,1,16,true,false,44,false,6,true,3,false
HITTUNE,"mgh6, flat",2021-22,1,37,1,4,true,false,154,false,4,true,2,false
HITTUNE,"mgh6, flat",2021-22,1,32,2,43,true,false,138|256,true,46,true,7,false
HITTUNE,"mgh6, flat",2021-22,1,6,1,-7,true,false,78,false,-1,true,10,false
HITTUNE,"mgh6, flat",2021-22,1,9,1,-2,true,false,96,false,-4,true,4,false
HITTUNE,"mgh6, flat",2021-22,1,12,1,14,true,false,420,false,80,true,18,false
HITTUNE,"mgh6, flat",2021-22,1,25,1,35,true,false,357,false,115,true,14,false
HITTUNE,"mgh6, flat",2021-22,1,5,1,18,false,false,413,false,0,false,1,false
HITTUNE,"mgh6, flat",2021-22,1,24,1,-22,true,false,196,false,-23,true,7,false
HITTUNE,"mgh6, flat",2021-22,1,29,1,19,false,false,295,false,18,false,10,false
HITTUNE,"mgh6, flat",2021-22,1,7,1,7,true,false,399,false,7,true,5,false
HITTUNE,"mgh6, flat",2021-22,1,4,1,-8,true,false,262,false,-3,true,9,false
HITTUNE,"mgh6, flat",2021-22,1,8,1,14,false,false,413,false,64,true,25,false
HITTUNE,"mgh6, flat",2021-22,1,13,2,-12,true,false,230|482,false,-20,true,11,false
HITTUNE,"mgh6, flat",2021-22,1,13,1,-14,true,false,142,false,-31,true,9,false
HITTUNE,"mgh6, flat",2021-22,1,17,1,15,false,false,422,false,15,false,6,false
HITTUNE,"mgh6, flat",2021-22,1,21,1,-8,true,false,468,false,-67,true,18,false
HITTUNE,"mgh6, flat",2021-22,1,35,1,-2,true,false,681,false,-11,true,2,false
HITTUNE,"mgh6, flat",2021-22,1,38,1,6,true,false,359,false,6,false,1,false
HITTUNE,"mgh6, flat",2021-22,1,15,1,28,false,false,262,false,28,false,5,false
HITTUNE,"mgh6, flat",2021-22,1,26,1,13,true,false,267,false,22,true,13,false
HITTUNE,"mgh6, flat",2022-23,1,20,2,21,false,false,377|301,false,14,false,19,true
HITTUNE,"mgh6, flat",2022-23,1,23,1,10,true,false,303,false,15,false,3,false
HITTUNE,"mgh6, flat",2022-23,1,26,1,13,true,false,104,false,11,false,2,false
HITTUNE,"mgh6, flat",2022-23,1,27,1,17,true,false,357,false,44,false,12,false
HITTUNE,"mgh6, flat",2022-23,1,28,1,26,true,false,19,false,17,true,4,false
HITTUNE,"mgh6, flat",2022-23,1,33,2,6,true,false,307|104,false,-5,true,6,false
HITTUNE,"mgh6, flat",2022-23,1,2,2,5,true,false,210|321,false,-16,true,22,false
HITTUNE,"mgh6, flat",2022-23,1,10,2,-34,true,false,304|26,false,20,false,17,false
HITTUNE,"mgh6, flat",2022-23,1,12,1,10,true,false,160,false,16,true,11,false
HITTUNE,"mgh6, flat",2022-23,1,16,1,-16,true,false,307,false,-12,true,9,false
HITTUNE,"mgh6, flat",2022-23,1,19,1,9,true,false,7,false,-17,true,14,false
HITTUNE,"mgh6, flat",2022-23,1,21,2,12,true,false,283|394,true,151,true,18,false
HITTUNE,"mgh6, flat",2022-23,1,22,1,38,false,false,285,false,59,false,12,false
HITTUNE,"mgh6, flat",2022-23,1,24,1,22,true,false,80,false,54,true,13,false
HITTUNE,"mgh6, flat",2022-23,1,3,1,5,false,false,295,false,19,true,36,false
HITTUNE,"mgh6, flat",2022-23,1,4,1,10,true,false,394,false,2,false,2,false
HITTUNE,"mgh6, flat",2022-23,1,6,2,23,true,false,318|19,false,61,true,13,false
HITTUNE,"mgh6, flat",2022-23,1,8,2,4,true,false,468|376,false,-5,true,8,false
HITTUNE,"mgh6, flat",2022-23,1,14,2,0,true,false,306|370,false,-16,true,8,false
HITTUNE,"mgh6, flat",2022-23,1,15,1,17,true,false,427,false,70,true,24,false
HITTUNE,"mgh6, flat",2022-23,1,17,1,2,true,false,346,false,-23,true,15,false
HITTUNE,"mgh6, flat",2022-23,1,25,1,4,true,false,81,false,12,true,14,false
HITTUNE,"mgh6, flat",2022-23,1,11,1,0,true,false,465,false,50,true,23,false
HITTUNE,"mgh6, flat",2022-23,1,32,2,-7,true,false,124|107,false,7,true,7,false
HITTUNE,"mgh6, flat",2022-23,1,34,2,-2,true,false,333|312,false,-8,true,5,false
HITTUNE,"mgh6, flat",2022-23,1,35,1,18,true,false,116,false,18,false,4,false
HITTUNE,"mgh6, flat",2022-23,1,37,2,1,false,false,318|7,false,1,false,2,true
HITTUNE,"mgh6, flat",2023-24,1,20,2,10,true,false,343|263,false,19,true,19,false
HITTUNE,"mgh6, flat",2023-24,1,26,1,12,true,false,85,false,16,true,10,false
HITTUNE,"mgh6, flat",2023-24,1,5,1,16,true,false,168,false,-40,true,22,false
HITTUNE,"mgh6, flat",2023-24,1,8,2,21,true,false,664|101,false,55,true,22,false
HITTUNE,"mgh6, flat",2023-24,1,9,1,2,true,false,373,false,-19,true,12,false
HITTUNE,"mgh6, flat",2023-24,1,11,2,9,false,false,29|178,false,0,false,4,false
HITTUNE,"mgh6, flat",2023-24,1,15,1,11,true,false,5,false,89,true,24,false
HITTUNE,"mgh6, flat",2023-24,1,25,1,19,true,false,526,false,17,true,9,false
HITTUNE,"mgh6, flat",2023-24,1,29,1,3,true,false,275,false,-41,true,10,false
HITTUNE,"mgh6, flat",2023-24,1,31,1,56,true,false,362,false,79,true,8,false
HITTUNE,"mgh6, flat",2023-24,1,4,1,1,true,false,165,false,1,true,4,false
HITTUNE,"mgh6, flat",2023-24,1,34,1,10,true,false,373,false,10,true,5,false
HITTUNE,"mgh6, flat",2023-24,1,27,1,6,true,false,328,false,-21,true,12,false
HITTUNE,"mgh6, flat",2023-24,1,3,1,13,true,false,326,false,-16,true,17,false
HITTUNE,"mgh6, flat",2023-24,1,13,1,4,true,false,20,false,4,true,11,false
HITTUNE,"mgh6, flat",2023-24,1,18,1,20,false,false,526,false,22,false,6,false
HITTUNE,"mgh6, flat",2023-24,1,22,1,-4,true,false,342,false,-32,true,17,false
HITTUNE,"mgh6, flat",2023-24,1,24,2,-4,true,false,19|265,false,61,true,15,false
HITTUNE,"mgh6, flat",2023-24,1,7,1,0,true,false,19,false,-11,true,2,false
HITTUNE,"mgh6, flat",2023-24,1,14,2,-10,true,false,291|43,false,-20,true,17,false
HITTUNE,"mgh6, flat",2023-24,1,21,1,19,true,false,353,false,31,true,12,false
HITTUNE,"mgh6, flat",2023-24,1,28,1,11,false,false,321,false,-8,true,11,false
HITTUNE,"mgh6, flat",2023-24,1,30,1,22,true,false,14,false,45,true,9,false
HITTUNE,"mgh6, flat",2023-24,1,32,1,-22,true,false,293,false,-20,true,3,false
HITTUNE,"mgh6, flat",2023-24,1,2,2,30,false,false,352|135,false,20,false,6,false
HITTUNE,"mgh6, flat",2023-24,1,2,1,34,false,false,355,true,135,false,15,false
HITTUNE,"mgh6, flat",2023-24,1,33,1,-11,true,false,308,false,-11,true,6,false
HITTUNE,"mgh6, flat",2023-24,1,35,1,29,true,false,211,false,29,true,4,false
HITTUNE,"mgh6, flat",2023-24,1,36,1,16,true,false,415,false,16,true,3,false
HITTUNE,"mgh6, flat",2023-24,1,37,1,11,true,false,341,false,11,true,2,false
HITTUNE,"mgh6, flat",2023-24,1,17,2,43,false,false,290|60,false,85,true,15,false
HITTUNE,"mgh6, flat",2024-25,1,29,1,-13,true,false,585,false,-3,true,10,false
HITTUNE,"mgh6, flat",2024-25,1,32,1,34,true,false,199,false,-2,false,1,false
HITTUNE,"mgh6, flat",2024-25,1,3,2,9,true,false,350|566,false,59,true,17,false
HITTUNE,"mgh6, flat",2024-25,1,16,2,45,true,false,328|247,true,334,true,23,false
HITTUNE,"mgh6, flat",2024-25,1,21,1,7,true,false,398,false,-21,true,11,false
HITTUNE,"mgh6, flat",2024-25,1,30,1,-2,true,false,650,false,-13,true,9,false
HITTUNE,"mgh6, flat",2024-25,1,31,2,28,false,false,401|436,true,26,false,8,false
HITTUNE,"mgh6, flat",2024-25,1,33,1,-23,true,false,327,false,-32,true,6,false
HITTUNE,"mgh6, flat",2024-25,1,9,2,3,true,false,311|230,false,1,true,4,false
HITTUNE,"mgh6, flat",2024-25,1,18,1,10,true,false,573,false,33,true,12,false
HITTUNE,"mgh6, flat",2024-25,1,11,2,12,false,false,91|78,false,-1,false,3,false
HITTUNE,"mgh6, flat",2024-25,1,12,2,-44,true,false,82|455,false,-42,true,6,false
HITTUNE,"mgh6, flat",2024-25,1,13,2,-2,true,false,15|495,false,-31,true,26,false
HITTUNE,"mgh6, flat",2024-25,1,14,2,-4,true,false,514|617,false,-12,true,8,false
HITTUNE,"mgh6, flat",2024-25,1,17,1,31,true,false,401,false,27,true,11,false
HITTUNE,"mgh6, flat",2024-25,1,20,2,8,true,false,311|231,false,-33,true,19,false
HITTUNE,"mgh6, flat",2024-25,1,22,1,17,false,false,129,false,5,false,4,false
HITTUNE,"mgh6, flat",2024-25,1,26,2,3,true,false,110|3,false,38,true,13,false
HITTUNE,"mgh6, flat",2024-25,1,6,1,12,true,false,99,false,31,true,33,false
HITTUNE,"mgh6, flat",2024-25,1,6,1,-4,true,false,306,false,-6,true,6,false
HITTUNE,"mgh6, flat",2024-25,1,15,1,5,true,false,18,false,5,true,8,false
HITTUNE,"mgh6, flat",2024-25,1,23,1,2,true,false,236,false,-21,true,16,false
HITTUNE,"mgh6, flat",2024-25,1,24,1,9,false,false,306,false,37,false,15,false
HITTUNE,"mgh6, flat",2024-25,1,28,2,-9,true,false,18|447,false,5,true,11,false
HITTUNE,"mgh6, flat",2025-26,1,28,2,37,false,false,373|329,false,57,false,11,false
HITTUNE,"mgh6, flat",2025-26,1,34,1,-9,true,false,21,false,-9,true,5,false
HITTUNE,"mgh6, flat",2025-26,1,5,1,-1,true,false,373,false,0,true,4,false
HITTUNE,"mgh6, flat",2025-26,1,8,1,31,false,false,283,false,48,true,17,false
HITTUNE,"mgh6, flat",2025-26,1,11,1,-1,true,false,348,false,1,true,11,false
HITTUNE,"mgh6, flat",2025-26,1,13,2,23,true,false,430|237,false,149,true,21,true
HITTUNE,"mgh6, flat",2025-26,1,29,2,8,true,false,235|249,false,-15,true,10,true
HITTUNE,"mgh6, flat",2025-26,1,32,1,33,true,false,260,false,32,true,7,false
HITTUNE,"mgh6, flat",2025-26,1,33,1,20,false,false,407,false,12,false,6,false
HITTUNE,"mgh6, flat",2025-26,1,4,1,14,true,false,449,false,55,true,16,false
HITTUNE,"mgh6, flat",2025-26,1,22,1,3,true,false,694,false,-27,true,17,false
HITTUNE,"mgh6, flat",2025-26,1,25,2,41,false,false,5|449,false,216,true,14,false
HITTUNE,"mgh6, flat",2025-26,1,25,1,22,false,false,624,false,44,true,14,false
HITTUNE,"mgh6, flat",2025-26,1,35,1,12,false,false,417,false,12,false,4,false
HITTUNE,"mgh6, flat",2025-26,1,18,1,19,true,false,21,false,5,false,2,false
HITTUNE,"mgh6, flat",2025-26,1,2,2,6,true,false,82|531,false,112,false,29,false
HITTUNE,"mgh6, flat",2025-26,1,10,1,20,false,false,714,false,8,false,3,false
HITTUNE,"mgh6, flat",2025-26,1,14,1,33,true,false,403,false,-12,true,11,false
HITTUNE,"mgh6, flat",2025-26,1,15,1,10,true,false,387,false,7,true,4,false
HITTUNE,"mgh6, flat",2025-26,1,19,2,34,true,false,450|684,false,44,true,13,false
HITTUNE,"mgh6, flat",2025-26,1,31,2,30,false,false,136|485,false,38,false,8,false
HITTUNE,"mgh6, flat",2025-26,1,3,1,19,true,false,477,false,3,true,8,false
HITTUNE,"mgh6, flat",2025-26,1,6,1,-12,true,false,200,false,-13,true,9,false
HITTUNE,"mgh6, flat",2025-26,1,7,1,9,true,false,8,false,5,true,26,false
HITTUNE,"mgh6, flat",2025-26,1,9,1,4,true,false,5,false,4,true,5,false
HITTUNE,"mgh6, flat",2025-26,1,20,2,-30,true,false,16|547,false,-32,true,19,false
HITTUNE,"mgh6, flat",2025-26,1,24,1,-5,true,false,382,false,0,true,4,false
HITTUNE,"mgh6, flat",2020-21,6,8,1,18,true,false,202,false,74,true,31,false
HITTUNE,"mgh6, flat",2020-21,6,10,1,5,true,false,272,false,48,true,11,false
HITTUNE,"mgh6, flat",2020-21,6,15,2,-1,true,false,308|506,false,-37,true,19,false
HITTUNE,"mgh6, flat",2020-21,6,17,2,35,false,false,277|302,false,161,true,22,false
HITTUNE,"mgh6, flat",2020-21,6,22,1,-10,true,false,162,false,0,true,2,false
HITTUNE,"mgh6, flat",2020-21,6,22,1,-3,true,false,557,false,-14,true,7,false
HITTUNE,"mgh6, flat",2020-21,6,26,2,53,false,false,388|105,false,48,true,13,false
HITTUNE,"mgh6, flat",2020-21,6,28,2,25,true,false,254|67,false,61,true,11,false
HITTUNE,"mgh6, flat",2020-21,6,32,1,5,true,false,12,false,11,true,7,false
HITTUNE,"mgh6, flat",2020-21,6,9,1,0,false,false,457,false,0,false,2,false
HITTUNE,"mgh6, flat",2020-21,6,13,1,-23,true,false,494,false,-16,true,4,false
HITTUNE,"mgh6, flat",2020-21,6,21,1,27,true,false,276,false,-3,true,7,true
HITTUNE,"mgh6, flat",2020-21,6,30,1,0,true,false,102,false,-6,true,5,false
HITTUNE,"mgh6, flat",2020-21,6,33,1,-1,true,false,224,false,2,true,6,false
HITTUNE,"mgh6, flat",2020-21,6,36,1,9,true,false,390,false,9,true,3,false
HITTUNE,"mgh6, flat",2020-21,6,7,2,-17,true,false,141|498,false,-9,true,5,false
HITTUNE,"mgh6, flat",2020-21,6,11,1,9,true,false,232,false,23,true,11,false
HITTUNE,"mgh6, flat",2020-21,6,18,1,31,true,false,556,false,31,true,12,false
HITTUNE,"mgh6, flat",2020-21,6,34,1,27,true,false,155,false,27,true,5,false
HITTUNE,"mgh6, flat",2020-21,6,12,1,5,true,false,37,false,28,true,14,false
HITTUNE,"mgh6, flat",2020-21,6,20,1,-3,true,false,390,false,-14,true,11,false
HITTUNE,"mgh6, flat",2020-21,6,24,2,48,false,false,164|572,false,-6,false,15,false
HITTUNE,"mgh6, flat",2020-21,6,29,1,7,true,false,570,false,13,true,10,false
HITTUNE,"mgh6, flat",2020-21,6,31,1,-13,true,false,306,false,-13,true,5,false
HITTUNE,"mgh6, flat",2020-21,6,35,1,-5,true,false,300,false,-5,true,4,false
HITTUNE,"mgh6, flat",2021-22,6,17,1,-4,true,false,422,false,-8,true,12,false
HITTUNE,"mgh6, flat",2021-22,6,23,1,3,true,false,277,false,5,false,2,false
HITTUNE,"mgh6, flat",2021-22,6,24,1,20,false,false,429,false,41,true,15,false
HITTUNE,"mgh6, flat",2021-22,6,32,1,17,true,false,215,false,10,true,3,false
HITTUNE,"mgh6, flat",2021-22,6,34,2,-2,true,false,138|315,true,2,true,5,false
HITTUNE,"mgh6, flat",2021-22,6,10,1,-1,true,false,76,false,32,true,29,false
HITTUNE,"mgh6, flat",2021-22,6,21,2,19,false,false,450|91,false,15,false,7,false
HITTUNE,"mgh6, flat",2021-22,6,25,1,-21,true,false,240,false,-23,true,2,false
HITTUNE,"mgh6, flat",2021-22,6,31,1,-16,true,false,123,false,-5,false,1,false
HITTUNE,"mgh6, flat",2021-22,6,33,1,-7,true,false,345,false,-1,false,1,false
HITTUNE,"mgh6, flat",2021-22,6,35,1,-1,true,false,154,false,-1,true,4,false
HITTUNE,"mgh6, flat",2021-22,6,38,1,6,true,false,359,false,6,false,1,false
HITTUNE,"mgh6, flat",2021-22,6,16,1,14,true,false,257,false,4,true,13,false
HITTUNE,"mgh6, flat",2021-22,6,22,2,21,false,false,468|196,false,15,false,17,false
HITTUNE,"mgh6, flat",2021-22,6,26,1,3,true,false,475,false,-34,true,13,false
HITTUNE,"mgh6, flat",2021-22,6,36,1,5,true,false,234,false,5,true,3,false
HITTUNE,"mgh6, flat",2021-22,6,37,1,11,true,false,477,false,11,false,2,false
HITTUNE,"mgh6, flat",2021-22,6,7,1,6,true,false,154,false,2,false,2,false
HITTUNE,"mgh6, flat",2021-22,6,14,1,19,false,false,21,false,7,false,3,false
HITTUNE,"mgh6, flat",2021-22,6,15,1,21,false,false,590,false,7,true,9,false
HITTUNE,"mgh6, flat",2021-22,6,19,1,2,true,false,138,false,-2,true,3,false
HITTUNE,"mgh6, flat",2021-22,6,27,2,31,true,false,357|115,true,77,true,12,false
HITTUNE,"mgh6, flat",2021-22,6,28,1,0,true,false,67,false,3,true,9,false
HITTUNE,"mgh6, flat",2021-22,6,29,2,3,true,false,22|559,true,21,true,10,false
HITTUNE,"mgh6, flat",2021-22,6,30,1,14,true,false,341,false,0,true,4,false
HITTUNE,"mgh6, flat",2021-22,6,9,1,5,true,false,261,false,26,true,10,false
HITTUNE,"mgh6, flat",2021-22,6,11,1,29,false,false,475,false,29,false,5,false
HITTUNE,"mgh6, flat",2021-22,6,13,2,41,true,false,237|420,false,169,true,23,false
HITTUNE,"mgh6, flat",2021-22,6,13,1,1,true,false,413,false,-25,true,20,false
HITTUNE,"mgh6, flat",2021-22,6,13,1,-14,true,false,142,false,-29,true,8,false
HITTUNE,"mgh6, flat",2022-23,6,25,1,13,true,false,407,false,14,true,6,false
HITTUNE,"mgh6, flat",2022-23,6,33,2,-15,true,false,312|107,false,-11,true,6,false
HITTUNE,"mgh6, flat",2022-23,6,33,1,-12,true,false,307,false,-15,true,6,false
HITTUNE,"mgh6, flat",2022-23,6,35,1,-7,true,false,335,false,-14,true,4,false
HITTUNE,"mgh6, flat",2022-23,6,35,1,18,true,false,116,false,18,false,4,false
HITTUNE,"mgh6, flat",2022-23,6,7,1,-7,true,false,376,false,-1,true,8,false
HITTUNE,"mgh6, flat",2022-23,6,11,2,15,true,false,427|373,false,17,true,9,false
HITTUNE,"mgh6, flat",2022-23,6,13,1,3,true,false,312,false,3,true,6,false
HITTUNE,"mgh6, flat",2022-23,6,20,2,8,true,false,318|66,true,-84,true,19,false
HITTUNE,"mgh6, flat",2022-23,6,21,1,33,false,false,285,false,101,false,18,false
HITTUNE,"mgh6, flat",2022-23,6,27,1,19,true,false,357,false,38,true,12,false
HITTUNE,"mgh6, flat",2022-23,6,8,2,35,false,false,80|26,false,141,false,29,false
HITTUNE,"mgh6, flat",2022-23,6,10,1,-10,true,false,146,false,-7,true,3,false
HITTUNE,"mgh6, flat",2022-23,6,15,2,3,true,false,465|210,false,28,true,20,false
HITTUNE,"mgh6, flat",2022-23,6,15,1,-14,true,false,307,false,-11,true,11,false
HITTUNE,"mgh6, flat",2022-23,6,19,2,12,true,false,7|558,false,1,true,14,false
HITTUNE,"mgh6, flat",2022-23,6,26,1,4,true,false,81,false,8,true,7,false
HITTUNE,"mgh6, flat",2022-23,6,17,1,6,true,false,104,false,21,true,22,false
HITTUNE,"mgh6, flat",2022-23,6,31,2,10,false,false,335|295,false,6,false,8,false
HITTUNE,"mgh6, flat",2022-23,6,32,1,-6,true,false,124,false,-7,true,7,false
HITTUNE,"mgh6, flat",2022-23,6,37,2,1,false,false,318|7,false,1,false,2,true
HITTUNE,"mgh6, flat",2022-23,6,16,1,-18,true,false,160,false,-18,true,7,false
HITTUNE,"mgh6, flat",2022-23,6,23,1,10,true,false,303,false,14,false,2,false
HITTUNE,"mgh6, flat",2022-23,6,24,2,10,true,false,152|427,false,43,true,15,false
HITTUNE,"mgh6, flat",2023-24,6,14,2,-12,true,false,291|664,false,-29,false,18,false
HITTUNE,"mgh6, flat",2023-24,6,25,1,-2,true,false,112,false,-1,false,2,false
HITTUNE,"mgh6, flat",2023-24,6,29,1,6,true,false,29,false,45,true,10,false
HITTUNE,"mgh6, flat",2023-24,6,32,2,15,true,false,14|362,true,81,true,7,false
HITTUNE,"mgh6, flat",2023-24,6,36,1,14,true,false,516,false,14,true,3,false
HITTUNE,"mgh6, flat",2023-24,6,11,1,10,true,false,19,false,97,true,21,false
HITTUNE,"mgh6, flat",2023-24,6,12,2,12,false,false,113|490,false,-11,false,12,false
HITTUNE,"mgh6, flat",2023-24,6,15,2,14,true,false,31|275,false,44,true,16,false
HITTUNE,"mgh6, flat",2023-24,6,24,1,22,true,false,134,false,0,true,15,false
HITTUNE,"mgh6, flat",2023-24,6,24,1,24,true,false,85,false,41,true,15,false
HITTUNE,"mgh6, flat",2023-24,6,26,1,1,false,false,430,false,1,false,4,false
HITTUNE,"mgh6, flat",2023-24,6,30,2,33,false,false,355|245,false,39,true,9,false
HITTUNE,"mgh6, flat",2023-24,6,18,1,9,true,false,526,false,-26,true,18,false
HITTUNE,"mgh6, flat",2023-24,6,19,1,7,true,false,5,false,41,true,20,false
HITTUNE,"mgh6, flat",2023-24,6,21,2,-16,true,false,343|342,false,-16,true,18,false
HITTUNE,"mgh6, flat",2023-24,6,27,1,14,false,false,321,false,-4,true,12,false
HITTUNE,"mgh6, flat",2023-24,6,33,1,10,true,false,373,false,16,true,4,false
HITTUNE,"mgh6, flat",2023-24,6,34,1,20,true,false,415,false,20,true,5,false
HITTUNE,"mgh6, flat",2023-24,6,35,1,-10,true,false,211,false,-10,true,4,true
HITTUNE,"mgh6, flat",2023-24,6,37,1,9,true,false,349,false,-3,true,2,false
HITTUNE,"mgh6, flat",2023-24,6,9,1,-21,true,false,14,false,-9,true,2,false
HITTUNE,"mgh6, flat",2023-24,6,17,2,45,false,false,516|60,false,72,false,17,false
HITTUNE,"mgh6, flat",2023-24,6,17,1,18,true,false,290,false,-3,true,9,false
HITTUNE,"mgh6, flat",2023-24,6,22,1,39,true,false,353,false,36,true,11,false
HITTUNE,"mgh6, flat",2023-24,6,31,1,21,true,false,263,false,24,true,8,false
HITTUNE,"mgh6, flat",2023-24,6,8,1,15,false,false,265,false,35,true,11,false
HITTUNE,"mgh6, flat",2024-25,6,16,2,62,true,false,328|401,true,354,true,23,true
HITTUNE,"mgh6, flat",2024-25,6,30,2,2,true,false,401|585,true,16,true,9,false
HITTUNE,"mgh6, flat",2024-25,6,34,1,-4,true,false,327,false,5,true,2,false
HITTUNE,"mgh6, flat",2024-25,6,36,2,0,true,false,182|23,false,0,true,3,false
HITTUNE,"mgh6, flat",2024-25,6,23,2,22,true,false,235|236,false,5,true,16,false
HITTUNE,"mgh6, flat",2024-25,6,26,2,47,true,false,366|3,false,52,true,10,false
HITTUNE,"mgh6, flat",2024-25,6,29,1,-12,true,false,650,false,-15,true,10,false
HITTUNE,"mgh6, flat",2024-25,6,31,1,25,false,false,350,false,41,false,8,false
HITTUNE,"mgh6, flat",2024-25,6,32,1,-7,true,false,207,false,0,false,1,false
HITTUNE,"mgh6, flat",2024-25,6,9,2,3,true,false,311|372,false,-5,true,3,false
HITTUNE,"mgh6, flat",2024-25,6,12,2,2,true,false,82|573,false,-17,true,17,false
HITTUNE,"mgh6, flat",2024-25,6,15,1,5,true,false,18,false,5,true,8,false
HITTUNE,"mgh6, flat",2024-25,6,19,2,14,false,false,541|222,false,-13,true,20,false
HITTUNE,"mgh6, flat",2024-25,6,21,2,2,true,false,311|129,false,16,true,5,false
HITTUNE,"mgh6, flat",2024-25,6,21,1,7,true,false,398,false,7,true,5,false
HITTUNE,"mgh6, flat",2024-25,6,24,1,-8,true,false,110,false,37,true,15,false
HITTUNE,"mgh6, flat",2024-25,6,28,2,-8,true,false,18|207,false,11,false,11,false
HITTUNE,"mgh6, flat",2024-25,6,33,1,1,true,false,755,false,1,true,6,false
HITTUNE,"mgh6, flat",2024-25,6,11,2,-10,true,false,78|182,false,-114,true,19,false
HITTUNE,"mgh6, flat",2024-25,6,11,1,10,true,false,491,false,10,true,5,false
HITTUNE,"mgh6, flat",2024-25,6,14,2,-4,true,false,514|617,false,-11,true,7,false
HITTUNE,"mgh6, flat",2025-26,6,17,1,25,true,false,21,false,14,true,3,false
HITTUNE,"mgh6, flat",2025-26,6,19,2,0,true,false,16|684,false,-8,true,20,false
HITTUNE,"mgh6, flat",2025-26,6,19,1,7,true,false,450,false,7,true,5,false
HITTUNE,"mgh6, flat",2025-26,6,19,1,1,true,false,403,false,2,false,2,false
HITTUNE,"mgh6, flat",2025-26,6,21,1,23,false,false,8,false,51,false,12,false
HITTUNE,"mgh6, flat",2025-26,6,29,1,11,true,false,249,false,9,true,6,false
HITTUNE,"mgh6, flat",2025-26,6,32,1,5,true,false,267,false,8,true,7,false
HITTUNE,"mgh6, flat",2025-26,6,36,1,-15,true,false,417,false,-15,true,3,false
HITTUNE,"mgh6, flat",2025-26,6,11,2,8,true,false,348|668,false,-43,true,28,false
HITTUNE,"mgh6, flat",2025-26,6,13,2,-21,true,false,6|237,false,-37,true,23,false
HITTUNE,"mgh6, flat",2025-26,6,14,2,6,false,false,283|384,false,22,false,15,false
HITTUNE,"mgh6, flat",2025-26,6,14,1,14,true,false,82,false,46,true,13,false
HITTUNE,"mgh6, flat",2025-26,6,15,1,-12,true,false,256,false,-10,true,4,false
HITTUNE,"mgh6, flat",2025-26,6,24,2,22,true,false,449|547,false,164,true,15,false
HITTUNE,"mgh6, flat",2025-26,6,28,2,33,true,false,373|329,false,58,true,11,false
HITTUNE,"mgh6, flat",2025-26,6,33,1,31,false,false,5,false,32,false,6,false
HITTUNE,"mgh6, flat",2025-26,6,25,2,20,true,false,624|21,false,59,true,14,false
HITTUNE,"mgh6, flat",2025-26,6,31,2,-7,true,false,235|136,false,-17,true,8,false
HITTUNE,"mgh6, flat",2025-26,6,20,1,-3,true,false,488,false,0,true,4,false
HITTUNE,"mgh6, flat",2025-26,6,27,1,-16,true,false,382,false,-4,false,1,false
HITTUNE,"mgh6, flat",2025-26,6,35,2,6,true,false,430|497,false,4,true,4,false
HITTUNE,"mgh6, flat",2020-21,11,25,2,-2,true,false,277|516,false,-28,true,14,false
HITTUNE,"mgh6, flat",2020-21,11,29,1,-7,true,false,435,false,-7,true,4,false
HITTUNE,"mgh6, flat",2020-21,11,12,2,40,false,false,213|224,false,33,true,27,false
HITTUNE,"mgh6, flat",2020-21,11,14,2,6,true,false,141|506,false,0,false,14,false
HITTUNE,"mgh6, flat",2020-21,11,17,2,47,true,false,298|277,false,35,true,5,false
HITTUNE,"mgh6, flat",2020-21,11,30,1,-7,true,false,254,false,28,true,9,false
HITTUNE,"mgh6, flat",2020-21,11,33,1,10,true,false,156,false,-15,true,6,false
HITTUNE,"mgh6, flat",2020-21,11,34,1,6,true,false,370,false,6,true,5,false
HITTUNE,"mgh6, flat",2020-21,11,35,1,16,true,false,155,false,16,true,4,false
HITTUNE,"mgh6, flat",2020-21,11,20,2,8,true,false,96|273,false,0,true,5,false
HITTUNE,"mgh6, flat",2020-21,11,20,1,-3,true,false,390,false,-7,true,10,false
HITTUNE,"mgh6, flat",2020-21,11,21,1,27,true,false,276,false,19,true,5,true
HITTUNE,"mgh6, flat",2020-21,11,32,1,18,true,false,259,false,6,true,7,false
HITTUNE,"mgh6, flat",2020-21,11,22,1,5,true,false,556,false,0,true,7,false
HITTUNE,"mgh6, flat",2020-21,11,26,2,26,false,false,254|271,false,21,true,13,false
HITTUNE,"mgh6, flat",2020-21,11,28,2,34,true,false,388|570,false,40,true,11,true
HITTUNE,"mgh6, flat",2020-21,11,31,1,9,true,false,102,false,1,true,4,false
HITTUNE,"mgh6, flat",2020-21,11,15,2,34,true,false,306|302,true,128,true,24,false
HITTUNE,"mgh6, flat",2021-22,11,38,1,6,true,false,359,false,6,false,1,false
HITTUNE,"mgh6, flat",2021-22,11,12,2,-14,true,false,230|581,false,-12,false,11,false
HITTUNE,"mgh6, flat",2021-22,11,19,1,15,false,false,408,false,4,false,5,false
HITTUNE,"mgh6, flat",2021-22,11,28,2,32,true,false,22|429,false,62,false,11,false
HITTUNE,"mgh6, flat",2021-22,11,34,2,-14,true,false,138|315,true,-10,true,5,false
HITTUNE,"mgh6, flat",2021-22,11,14,1,9,false,false,188,false,-1,true,19,false
HITTUNE,"mgh6, flat",2021-22,11,18,1,-34,true,false,142,false,-23,true,4,false
HITTUNE,"mgh6, flat",2021-22,11,21,1,-14,true,false,450,false,-64,true,18,false
HITTUNE,"mgh6, flat",2021-22,11,22,1,15,false,false,584,false,16,true,13,false
HITTUNE,"mgh6, flat",2021-22,11,24,1,10,true,false,475,false,-29,true,15,false
HITTUNE,"mgh6, flat",2021-22,11,29,1,-4,true,false,411,false,-4,true,7,false
HITTUNE,"mgh6, flat",2021-22,11,30,1,14,true,false,341,false,0,true,4,false
HITTUNE,"mgh6, flat",2021-22,11,33,1,17,true,false,210,false,14,true,6,false
HITTUNE,"mgh6, flat",2021-22,11,15,1,14,true,false,262,false,29,true,10,false
HITTUNE,"mgh6, flat",2021-22,11,16,1,3,true,false,315,false,3,true,5,false
HITTUNE,"mgh6, flat",2021-22,11,17,1,-3,true,false,559,false,-13,true,14,false
HITTUNE,"mgh6, flat",2021-22,11,20,1,-3,true,false,91,false,-2,true,6,false
HITTUNE,"mgh6, flat",2021-22,11,26,1,8,true,false,67,false,5,true,11,false
HITTUNE,"mgh6, flat",2021-22,11,31,1,13,true,false,69,false,-6,true,8,false
HITTUNE,"mgh6, flat",2021-22,11,35,1,11,true,false,224,false,11,true,4,false
HITTUNE,"mgh6, flat",2021-22,11,36,1,4,true,false,23,false,4,true,3,false
HITTUNE,"mgh6, flat",2021-22,11,13,1,-14,true,false,142,false,-10,true,2,false
HITTUNE,"mgh6, flat",2021-22,11,23,2,-5,true,false,357|679,true,103,true,16,false
HITTUNE,"mgh6, flat",2021-22,11,25,1,3,true,false,256,false,-8,true,3,false
HITTUNE,"mgh6, flat",2021-22,11,32,1,12,true,false,256,false,12,true,7,false
HITTUNE,"mgh6, flat",2021-22,11,37,1,11,true,false,477,false,11,false,2,false
HITTUNE,"mgh6, flat",2022-23,11,21,1,11,true,false,484,false,11,true,6,false
HITTUNE,"mgh6, flat",2022-23,11,24,1,14,true,false,81,false,45,true,15,false
HITTUNE,"mgh6, flat",2022-23,11,27,1,0,true,false,526,false,-10,true,6,false
HITTUNE,"mgh6, flat",2022-23,11,16,2,-15,true,false,301|237,false,-30,true,12,false
HITTUNE,"mgh6, flat",2022-23,11,19,1,17,true,false,26,false,38,true,11,false
HITTUNE,"mgh6, flat",2022-23,11,30,2,26,false,false,335|295,false,11,false,9,false
HITTUNE,"mgh6, flat",2022-23,11,32,2,24,true,false,285|124,false,21,true,7,false
HITTUNE,"mgh6, flat",2022-23,11,35,1,-7,true,false,335,false,-2,true,2,false
HITTUNE,"mgh6, flat",2022-23,11,36,2,-16,true,false,318|66,false,-16,true,3,false
HITTUNE,"mgh6, flat",2022-23,11,37,1,-7,true,false,300,false,-7,true,2,false
HITTUNE,"mgh6, flat",2022-23,11,22,1,12,true,false,705,false,11,false,3,false
HITTUNE,"mgh6, flat",2022-23,11,25,1,4,true,false,104,false,28,true,14,false
HITTUNE,"mgh6, flat",2022-23,11,33,1,15,true,false,586,false,9,true,6,false
HITTUNE,"mgh6, flat",2022-23,11,15,2,-3,true,false,465|210,false,-4,false,1,false
HITTUNE,"mgh6, flat",2022-23,11,17,2,10,true,false,307|346,false,-15,true,22,false
HITTUNE,"mgh6, flat",2022-23,11,17,1,10,true,false,160,false,9,true,6,false
HITTUNE,"mgh6, flat",2022-23,11,18,1,13,true,false,593,false,14,true,4,false
HITTUNE,"mgh6, flat",2022-23,11,23,1,13,true,false,407,false,22,true,7,false
HITTUNE,"mgh6, flat",2022-23,11,26,2,4,true,false,357|465,true,3,true,13,false
HITTUNE,"mgh6, flat",2022-23,11,28,1,15,false,false,394,false,4,true,8,false
HITTUNE,"mgh6, flat",2022-23,11,20,1,13,true,false,7,false,60,true,19,false
HITTUNE,"mgh6, flat",2023-24,11,22,2,54,false,false,49|353,false,43,true,17,false
HITTUNE,"mgh6, flat",2023-24,11,26,1,1,false,false,430,false,1,false,4,false
HITTUNE,"mgh6, flat",2023-24,11,31,1,-25,true,false,313,false,-29,true,8,false
HITTUNE,"mgh6, flat",2023-24,11,37,1,2,true,false,211,false,2,true,2,false
HITTUNE,"mgh6, flat",2023-24,11,14,2,-18,true,false,373|43,false,-30,true,7,false
HITTUNE,"mgh6, flat",2023-24,11,18,1,-7,true,false,134,false,9,true,21,false
HITTUNE,"mgh6, flat",2023-24,11,24,1,19,true,false,526,false,19,true,10,false
HITTUNE,"mgh6, flat",2023-24,11,24,1,1,true,false,85,false,-12,true,13,false
HITTUNE,"mgh6, flat",2023-24,11,27,1,14,false,false,321,false,-16,true,12,false
HITTUNE,"mgh6, flat",2023-24,11,32,1,-12,true,false,14,false,43,true,7,true
HITTUNE,"mgh6, flat",2023-24,11,34,1,10,true,false,373,false,5,true,5,false
HITTUNE,"mgh6, flat",2023-24,11,13,2,3,true,false,664|602,false,53,true,17,false
HITTUNE,"mgh6, flat",2023-24,11,17,2,35,false,false,19|343,false,124,true,22,false
HITTUNE,"mgh6, flat",2023-24,11,17,1,21,true,false,290,false,27,true,9,false
HITTUNE,"mgh6, flat",2023-24,11,35,1,15,true,false,516,false,15,true,4,false
HITTUNE,"mgh6, flat",2023-24,11,33,1,24,true,false,362,false,7,true,6,false
HITTUNE,"mgh6, flat",2023-24,11,21,2,-15,true,false,516|342,false,1,false,18,false
HITTUNE,"mgh6, flat",2023-24,11,25,1,-4,true,false,112,false,-1,true,2,false
HITTUNE,"mgh6, flat",2023-24,11,30,1,10,true,false,303,false,10,true,5,false
HITTUNE,"mgh6, flat",2023-24,11,30,1,-3,true,false,263,false,5,true,9,false
HITTUNE,"mgh6, flat",2023-24,11,30,1,30,false,false,5,false,43,true,9,false
HITTUNE,"mgh6, flat",2023-24,11,36,1,16,true,false,415,false,16,true,3,false
HITTUNE,"mgh6, flat",2024-25,11,19,2,54,false,false,401|247,false,73,false,9,false
HITTUNE,"mgh6, flat",2024-25,11,19,1,-3,true,false,235,false,-7,true,9,false
HITTUNE,"mgh6, flat",2024-25,11,16,1,3,true,false,18,false,2,true,7,false
HITTUNE,"mgh6, flat",2024-25,11,28,2,8,true,false,585|207,false,21,false,6,false
HITTUNE,"mgh6, flat",2024-25,11,28,1,-5,true,false,15,false,-13,true,11,false
HITTUNE,"mgh6, flat",2024-25,11,36,2,21,false,false,755|585,false,21,false,3,false
HITTUNE,"mgh6, flat",2024-25,11,12,2,-2,true,false,82|236,false,-10,true,4,false
HITTUNE,"mgh6, flat",2024-25,11,14,2,-15,true,false,180|495,false,-11,false,7,false
HITTUNE,"mgh6, flat",2024-25,11,21,2,3,true,false,311|129,false,7,true,13,false
HITTUNE,"mgh6, flat",2024-25,11,23,1,-4,true,false,339,false,-3,true,2,false
HITTUNE,"mgh6, flat",2024-25,11,26,2,-4,true,false,110|74,false,-1,true,13,false
HITTUNE,"mgh6, flat",2024-25,11,31,1,-1,true,false,129,false,-1,true,5,false
HITTUNE,"mgh6, flat",2024-25,11,34,2,7,true,false,182|720,false,6,true,5,false
HITTUNE,"mgh6, flat",2024-25,11,15,1,16,true,false,541,false,14,true,6,false
HITTUNE,"mgh6, flat",2024-25,11,25,1,10,true,false,18,false,-9,true,14,false
HITTUNE,"mgh6, flat",2024-25,11,29,1,-5,true,false,129,false,1,false,1,false
HITTUNE,"mgh6, flat",2024-25,11,30,2,6,true,false,401|366,true,13,true,9,false
HITTUNE,"mgh6, flat",2024-25,11,32,1,22,false,false,350,false,32,false,7,false
HITTUNE,"mgh6, flat",2025-26,11,25,2,13,false,false,808|21,false,9,false,4,false
HITTUNE,"mgh6, flat",2025-26,11,25,1,22,false,false,624,false,44,true,14,false
HITTUNE,"mgh6, flat",2025-26,11,27,1,-16,true,false,382,false,-4,false,1,false
HITTUNE,"mgh6, flat",2025-26,11,28,1,-3,true,false,119,false,2,true,3,false
HITTUNE,"mgh6, flat",2025-26,11,29,2,38,true,false,249|783,false,35,true,10,false
HITTUNE,"mgh6, flat",2025-26,11,29,1,14,true,false,343,false,-17,true,10,false
HITTUNE,"mgh6, flat",2025-26,11,33,2,40,true,false,260|517,false,29,true,6,false
HITTUNE,"mgh6, flat",2025-26,11,13,2,21,false,false,16|74,false,-45,true,22,false
HITTUNE,"mgh6, flat",2025-26,11,24,1,30,true,false,449,false,175,true,15,false
HITTUNE,"mgh6, flat",2025-26,11,31,2,-5,false,false,235|531,false,2,false,3,false
HITTUNE,"mgh6, flat",2025-26,11,34,2,31,false,false,5|21,true,35,false,5,false
HITTUNE,"mgh6, flat",2025-26,11,35,1,-18,true,false,411,false,-21,true,4,false
HITTUNE,"mgh6, flat",2025-26,11,15,1,13,true,false,387,false,10,true,4,false
HITTUNE,"mgh6, flat",2025-26,11,19,2,7,true,false,82|684,false,19,true,20,false
HITTUNE,"mgh6, flat",2025-26,11,19,1,5,true,false,21,false,0,false,1,false
HITTUNE,"mgh6, flat",2025-26,11,19,1,-13,true,false,414,false,-13,true,5,false
HITTUNE,"mgh6, flat",2025-26,11,20,2,-1,true,false,8|547,false,-2,true,19,false
HITTUNE,"mgh6, flat",2020-21,16,33,2,14,true,false,259|224,true,22,true,6,false
HITTUNE,"mgh6, flat",2020-21,16,34,1,11,true,false,370,false,11,true,5,false
HITTUNE,"mgh6, flat",2020-21,16,35,1,-5,true,false,300,false,-7,false,1,false
HITTUNE,"mgh6, flat",2020-21,16,21,1,27,true,false,276,false,0,false,1,true
HITTUNE,"mgh6, flat",2020-21,16,21,1,7,true,false,506,false,1,true,7,false
HITTUNE,"mgh6, flat",2020-21,16,29,1,-7,true,false,435,false,-7,true,4,false
HITTUNE,"mgh6, flat",2020-21,16,30,1,-5,true,false,102,false,-5,true,5,false
HITTUNE,"mgh6, flat",2020-21,16,31,1,26,true,false,155,false,28,true,8,false
HITTUNE,"mgh6, flat",2020-21,16,24,1,36,true,false,273,false,11,false,2,false
HITTUNE,"mgh6, flat",2020-21,16,36,2,24,true,false,254|558,true,47,true,3,true
HITTUNE,"mgh6, flat",2020-21,16,22,2,10,true,false,254|390,false,52,true,17,false
HITTUNE,"mgh6, flat",2020-21,16,22,1,-20,true,false,162,false,-8,true,2,false
HITTUNE,"mgh6, flat",2020-21,16,23,1,-8,true,false,277,false,-6,true,8,false
HITTUNE,"mgh6, flat",2020-21,16,26,2,-13,true,false,271|61,false,-19,true,8,false
HITTUNE,"mgh6, flat",2020-21,16,32,1,5,true,false,12,false,11,true,7,false
HITTUNE,"mgh6, flat",2020-21,16,17,2,37,true,false,298|556,false,57,true,12,false
HITTUNE,"mgh6, flat",2020-21,16,28,2,34,true,false,388|570,false,0,true,11,true
HITTUNE,"mgh6, flat",2021-22,16,18,1,-2,true,false,76,false,-8,true,10,false
HITTUNE,"mgh6, flat",2021-22,16,21,1,19,true,false,240,false,19,true,6,false
HITTUNE,"mgh6, flat",2021-22,16,28,1,4,true,false,23,false,-2,true,11,false
HITTUNE,"mgh6, flat",2021-22,16,30,1,6,true,false,265,false,6,true,5,false
HITTUNE,"mgh6, flat",2021-22,16,33,1,18,true,false,259,false,18,true,6,false
HITTUNE,"mgh6, flat",2021-22,16,36,1,5,true,false,234,false,-4,true,3,false
HITTUNE,"mgh6, flat",2021-22,16,19,1,2,true,false,138,false,1,true,2,false
HITTUNE,"mgh6, flat",2021-22,16,22,1,-7,true,false,468,false,-67,true,17,false
HITTUNE,"mgh6, flat",2021-22,16,23,2,-6,true,false,196|679,true,-65,true,16,false
HITTUNE,"mgh6, flat",2021-22,16,24,1,-4,true,false,277,false,10,true,2,false
HITTUNE,"mgh6, flat",2021-22,16,25,1,-7,true,false,584,false,-7,true,14,false
HITTUNE,"mgh6, flat",2021-22,16,26,2,76,true,false,357|22,true,236,true,13,false
HITTUNE,"mgh6, flat",2021-22,16,32,1,6,true,false,701,false,1,true,5,false
HITTUNE,"mgh6, flat",2021-22,16,29,1,13,true,false,411,false,12,false,4,false
HITTUNE,"mgh6, flat",2021-22,16,31,1,17,true,false,341,false,2,true,3,false
HITTUNE,"mgh6, flat",2021-22,16,35,1,-2,true,false,681,false,-2,true,4,false
HITTUNE,"mgh6, flat",2021-22,16,37,1,-1,true,false,154,false,-1,true,2,false
HITTUNE,"mgh6, flat",2021-22,16,27,1,11,true,false,681,false,21,true,3,false
HITTUNE,"mgh6, flat",2021-22,16,17,2,8,false,false,559|422,false,44,false,22,false
HITTUNE,"mgh6, flat",2021-22,16,20,1,1,true,false,353,false,-24,true,19,false
HITTUNE,"mgh6, flat",2021-22,16,34,2,-14,true,false,138|315,true,-10,true,5,false
HITTUNE,"mgh6, flat",2022-23,16,27,1,17,true,false,357,false,44,false,12,false
HITTUNE,"mgh6, flat",2022-23,16,35,2,-5,true,false,318|703,false,-18,true,4,true
HITTUNE,"mgh6, flat",2022-23,16,22,1,5,true,false,318,false,3,true,4,false
HITTUNE,"mgh6, flat",2022-23,16,25,1,4,true,false,81,false,21,true,14,false
HITTUNE,"mgh6, flat",2022-23,16,26,1,15,true,false,427,false,76,true,13,false
HITTUNE,"mgh6, flat",2022-23,16,32,2,5,false,false,133|124,false,6,false,7,false
HITTUNE,"mgh6, flat",2022-23,16,33,2,-9,true,false,333|107,false,2,true,6,false
HITTUNE,"mgh6, flat",2022-23,16,24,1,33,false,false,285,false,79,false,15,false
HITTUNE,"mgh6, flat",2022-23,16,28,1,21,true,false,19,false,14,true,4,false
HITTUNE,"mgh6, flat",2022-23,16,37,2,11,false,false,116|66,false,11,false,2,false
HITTUNE,"mgh6, flat",2022-23,16,34,1,-16,true,false,610,false,-22,true,5,false
HITTUNE,"mgh6, flat",2022-23,16,18,1,23,false,false,80,false,51,true,19,false
HITTUNE,"mgh6, flat",2022-23,16,19,2,25,true,false,26|301,false,32,true,8,true
HITTUNE,"mgh6, flat",2022-23,16,19,1,13,true,false,7,false,25,true,14,false
HITTUNE,"mgh6, flat",2022-23,16,20,1,20,true,false,332,false,-18,true,14,false
HITTUNE,"mgh6, flat",2022-23,16,21,2,4,true,false,283|225,true,131,false,14,false
HITTUNE,"mgh6, flat",2022-23,16,23,1,17,true,false,407,false,17,true,5,false
HITTUNE,"mgh6, flat",2023-24,16,36,1,16,true,false,415,false,16,true,3,false
HITTUNE,"mgh6, flat",2023-24,16,19,1,6,true,false,20,false,62,true,20,false
HITTUNE,"mgh6, flat",2023-24,16,21,2,14,true,false,290|353,false,56,false,18,false
HITTUNE,"mgh6, flat",2023-24,16,25,1,19,true,false,526,false,17,true,9,false
HITTUNE,"mgh6, flat",2023-24,16,27,1,-13,true,false,134,false,-47,true,12,false
HITTUNE,"mgh6, flat",2023-24,16,30,1,15,true,false,263,false,25,true,9,false
HITTUNE,"mgh6, flat",2023-24,16,32,1,-12,true,false,14,false,30,true,7,false
HITTUNE,"mgh6, flat",2023-24,16,32,1,-33,true,false,293,false,-9,true,3,true
HITTUNE,"mgh6, flat",2023-24,16,35,1,29,true,false,211,false,29,true,4,false
HITTUNE,"mgh6, flat",2023-24,16,37,1,5,true,false,341,false,5,true,2,false
HITTUNE,"mgh6, flat",2023-24,16,17,2,35,false,false,19|343,false,159,true,15,false
HITTUNE,"mgh6, flat",2023-24,16,22,1,17,true,false,342,false,11,true,4,false
HITTUNE,"mgh6, flat",2023-24,16,24,1,24,true,false,85,false,37,true,12,false
HITTUNE,"mgh6, flat",2023-24,16,31,1,42,true,false,362,false,59,true,8,false
HITTUNE,"mgh6, flat",2023-24,16,33,1,26,true,false,355,false,38,true,6,false
HITTUNE,"mgh6, flat",2023-24,16,34,1,10,true,false,373,false,5,true,5,false
HITTUNE,"mgh6, flat",2023-24,16,18,1,-3,true,false,516,false,1,true,3,false
HITTUNE,"mgh6, flat",2023-24,16,26,1,-10,true,false,430,false,-9,true,3,false
HITTUNE,"mgh6, flat",2023-24,16,29,2,15,false,false,355|265,false,24,false,8,false
HITTUNE,"mgh6, flat",2024-25,16,33,1,11,true,false,350,false,18,true,6,false
HITTUNE,"mgh6, flat",2024-25,16,35,1,13,false,false,755,false,13,false,4,false
HITTUNE,"mgh6, flat",2024-25,16,36,1,9,true,false,514,false,9,true,3,false
HITTUNE,"mgh6, flat",2024-25,16,19,2,64,false,false,401|398,false,81,false,9,false
HITTUNE,"mgh6, flat",2024-25,16,21,2,2,true,false,311|129,false,-2,true,12,false
HITTUNE,"mgh6, flat",2024-25,16,25,2,23,false,false,447|78,false,42,true,11,false
HITTUNE,"mgh6, flat",2024-25,16,26,1,-6,true,false,3,false,-33,true,13,false
HITTUNE,"mgh6, flat",2024-25,16,29,1,20,true,false,110,false,26,true,10,false
HITTUNE,"mgh6, flat",2024-25,16,20,2,2,false,false,235|232,false,55,false,19,false
HITTUNE,"mgh6, flat",2024-25,16,28,2,-31,true,false,541|207,false,-11,false,2,false
HITTUNE,"mgh6, flat",2024-25,16,30,2,2,true,false,401|585,true,18,true,9,false
HITTUNE,"mgh6, flat",2024-25,16,31,1,-6,true,false,18,false,-12,true,8,false
HITTUNE,"mgh6, flat",2024-25,16,32,1,-7,true,false,207,false,2,true,2,false
HITTUNE,"mgh6, flat",2024-25,16,34,1,-6,true,false,129,false,0,false,1,false
HITTUNE,"mgh6, flat",2024-25,16,23,2,0,true,false,339|720,false,-28,true,8,false
HITTUNE,"mgh6, flat",2025-26,16,25,2,24,false,false,624|21,false,81,true,14,false
HITTUNE,"mgh6, flat",2025-26,16,27,2,38,true,false,449|791,false,144,false,12,false
HITTUNE,"mgh6, flat",2025-26,16,28,2,33,true,false,373|329,false,51,true,11,false
HITTUNE,"mgh6, flat",2025-26,16,29,2,9,true,false,235|249,true,-11,true,10,true
HITTUNE,"mgh6, flat",2025-26,16,33,1,29,false,false,260,false,29,false,6,false
HITTUNE,"mgh6, flat",2025-26,16,19,2,1,true,false,16|343,false,-6,false,6,false
HITTUNE,"mgh6, flat",2025-26,16,21,1,1,true,false,684,false,-32,true,18,false
HITTUNE,"mgh6, flat",2025-26,16,35,1,-5,true,false,417,false,-5,true,4,false
HITTUNE,"mgh6, flat",2025-26,16,36,1,-5,true,false,723,false,-12,true,3,false
HITTUNE,"mgh6, flat",2025-26,16,20,2,-10,true,false,8|547,false,4,true,19,false
HITTUNE,"mgh6, flat",2025-26,16,20,1,1,true,false,450,false,2,true,4,false
HITTUNE,"mgh6, flat",2025-26,16,24,1,-5,true,false,382,false,0,true,4,false
HITTUNE,"mgh6, flat",2025-26,16,30,1,-15,true,false,661,false,-1,true,2,false
HITTUNE,"mgh6, flat",2025-26,16,32,2,37,false,false,430|267,true,43,false,7,false
HITTUNE,"mgh6, flat",2025-26,16,31,1,3,true,false,517,false,10,true,8,false
HITTUNE,"mgh6, flat",2025-26,16,34,1,-9,true,false,21,false,-9,true,5,false
HITTUNE,"mgh6, flat",2020-21,21,23,1,2,true,false,273,false,-2,true,2,false
HITTUNE,"mgh6, flat",2020-21,21,24,1,32,true,false,572,false,25,false,6,false
HITTUNE,"mgh6, flat",2020-21,21,28,1,17,true,false,570,false,17,true,6,false
HITTUNE,"mgh6, flat",2020-21,21,29,1,-7,true,false,435,false,3,true,10,false
HITTUNE,"mgh6, flat",2020-21,21,30,1,4,true,false,102,false,-1,true,3,false
HITTUNE,"mgh6, flat",2020-21,21,37,1,8,false,false,233,false,8,false,2,false
HITTUNE,"mgh6, flat",2020-21,21,25,1,-11,true,false,277,false,-11,true,6,false
HITTUNE,"mgh6, flat",2020-21,21,26,1,16,false,false,271,false,16,false,2,false
HITTUNE,"mgh6, flat",2020-21,21,27,1,19,false,false,12,false,30,false,12,false
HITTUNE,"mgh6, flat",2020-21,21,31,1,26,true,false,155,false,28,true,8,false
HITTUNE,"mgh6, flat",2020-21,21,33,1,5,true,false,156,false,-6,false,2,false
HITTUNE,"mgh6, flat",2020-21,21,34,1,6,true,false,370,false,6,true,5,false
HITTUNE,"mgh6, flat",2020-21,21,36,1,13,true,false,558,false,13,true,3,false
HITTUNE,"mgh6, flat",2020-21,21,32,1,-13,true,false,68,false,-13,true,5,false
HITTUNE,"mgh6, flat",2020-21,21,22,1,-20,true,false,162,false,-6,true,2,false
HITTUNE,"mgh6, flat",2020-21,21,22,1,-8,true,false,81,false,-5,false,1,false
HITTUNE,"mgh6, flat",2020-21,21,35,1,-18,true,false,300,false,-10,false,1,false
HITTUNE,"mgh6, flat",2021-22,21,31,1,7,true,false,270,false,-2,true,2,false
HITTUNE,"mgh6, flat",2021-22,21,32,1,-2,true,false,67,false,-7,true,7,false
HITTUNE,"mgh6, flat",2021-22,21,34,2,-41,true,false,233|315,true,-26,true,5,true
HITTUNE,"mgh6, flat",2021-22,21,36,1,5,true,false,40,false,5,true,3,false
HITTUNE,"mgh6, flat",2021-22,21,22,2,39,false,false,475|584,false,44,false,17,false
HITTUNE,"mgh6, flat",2021-22,21,24,1,-4,true,false,277,false,1,false,1,false
HITTUNE,"mgh6, flat",2021-22,21,37,1,4,true,false,154,false,4,true,2,false
HITTUNE,"mgh6, flat",2021-22,21,38,1,6,true,false,359,false,18,false,1,true
HITTUNE,"mgh6, flat",2021-22,21,30,1,14,true,false,341,false,0,true,4,false
HITTUNE,"mgh6, flat",2021-22,21,33,1,14,true,false,200,false,-4,true,6,false
HITTUNE,"mgh6, flat",2021-22,21,23,1,12,true,false,676,false,-9,true,9,false
HITTUNE,"mgh6, flat",2021-22,21,28,1,4,true,false,23,false,-2,true,11,false
HITTUNE,"mgh6, flat",2021-22,21,29,1,-10,true,false,265,false,-15,true,6,false
HITTUNE,"mgh6, flat",2021-22,21,35,1,-3,true,false,138,false,-5,true,4,false
HITTUNE,"mgh6, flat",2021-22,21,25,1,15,true,false,233,false,-9,false,1,false
HITTUNE,"mgh6, flat",2021-22,21,26,2,41,true,false,357|22,true,102,true,13,false
HITTUNE,"mgh6, flat",2021-22,21,27,1,11,true,false,681,false,0,true,10,false
HITTUNE,"mgh6, flat",2022-23,21,26,2,-10,true,false,107|295,false,1,false,9,false
HITTUNE,"mgh6, flat",2022-23,21,27,1,16,true,false,92,false,15,true,3,false
HITTUNE,"mgh6, flat",2022-23,21,34,2,13,false,false,312|66,false,-9,false,5,false
HITTUNE,"mgh6, flat",2022-23,21,35,1,18,true,false,116,false,18,false,4,false
HITTUNE,"mgh6, flat",2022-23,21,37,2,4,false,false,318|13,false,4,false,2,true
HITTUNE,"mgh6, flat",2022-23,21,22,2,23,false,false,307|394,false,-9,true,17,false
HITTUNE,"mgh6, flat",2022-23,21,28,1,6,true,false,705,false,-1,true,2,false
HITTUNE,"mgh6, flat",2022-23,21,30,2,-6,true,false,124|295,false,7,true,9,false
HITTUNE,"mgh6, flat",2022-23,21,32,2,13,false,false,285|40,false,36,false,7,false
HITTUNE,"mgh6, flat",2022-23,21,24,2,-2,true,false,80|724,false,1,true,13,false
HITTUNE,"mgh6, flat",2023-24,21,34,1,16,true,false,211,false,16,true,5,false
HITTUNE,"mgh6, flat",2023-24,21,24,1,19,true,false,526,false,24,true,7,false
HITTUNE,"mgh6, flat",2023-24,21,25,1,-2,true,false,664,false,-2,true,5,false
HITTUNE,"mgh6, flat",2023-24,21,25,1,24,false,false,85,false,28,true,14,false
HITTUNE,"mgh6, flat",2023-24,21,26,1,17,false,false,49,false,6,false,13,false
HITTUNE,"mgh6, flat",2023-24,21,27,1,13,true,false,321,false,0,true,12,false
HITTUNE,"mgh6, flat",2023-24,21,35,1,15,true,false,516,false,15,true,4,false
HITTUNE,"mgh6, flat",2023-24,21,36,1,16,true,false,415,false,16,true,3,false
HITTUNE,"mgh6, flat",2023-24,21,37,1,7,true,false,341,false,7,true,2,false
HITTUNE,"mgh6, flat",2023-24,21,22,1,39,true,false,353,false,36,true,11,false
HITTUNE,"mgh6, flat",2023-24,21,22,1,15,true,false,430,false,16,true,8,false
HITTUNE,"mgh6, flat",2023-24,21,30,1,8,false,false,313,false,10,false,7,false
HITTUNE,"mgh6, flat",2023-24,21,30,1,10,true,false,303,false,10,true,5,false
HITTUNE,"mgh6, flat",2023-24,21,30,1,-3,true,false,263,false,5,true,9,false
HITTUNE,"mgh6, flat",2023-24,21,31,1,20,true,false,14,false,87,true,8,false
HITTUNE,"mgh6, flat",2023-24,21,32,1,4,true,false,362,false,14,true,7,true
HITTUNE,"mgh6, flat",2023-24,21,32,1,25,true,false,29,true,35,true,7,false
HITTUNE,"mgh6, flat",2023-24,21,33,1,10,true,false,373,false,-10,true,6,false
HITTUNE,"mgh6, flat",2024-25,21,29,1,0,true,false,18,false,-11,true,10,false
HITTUNE,"mgh6, flat",2024-25,21,30,2,2,true,false,401|585,true,16,true,9,false
HITTUNE,"mgh6, flat",2024-25,21,31,1,8,true,false,207,false,0,true,3,false
HITTUNE,"mgh6, flat",2024-25,21,32,1,14,false,false,650,false,14,false,7,false
HITTUNE,"mgh6, flat",2024-25,21,33,1,0,true,false,366,false,1,true,3,false
HITTUNE,"mgh6, flat",2024-25,21,23,2,32,false,false,310|236,false,20,false,4,false
HITTUNE,"mgh6, flat",2024-25,21,26,2,3,true,false,110|3,false,38,true,13,false
HITTUNE,"mgh6, flat",2024-25,21,34,1,-6,true,false,129,false,0,false,1,false
HITTUNE,"mgh6, flat",2024-25,21,35,1,13,false,false,755,false,13,false,4,false
HITTUNE,"mgh6, flat",2024-25,21,36,1,19,true,false,514,false,19,true,3,false
HITTUNE,"mgh6, flat",2024-25,21,25,1,-22,true,false,78,false,-6,true,14,false
HITTUNE,"mgh6, flat",2024-25,21,27,2,13,true,false,350|152,false,10,true,12,false
HITTUNE,"mgh6, flat",2024-25,21,28,1,-12,true,false,207,false,-2,false,2,false
HITTUNE,"mgh6, flat",2025-26,21,34,1,-9,true,false,21,false,-9,true,5,false
HITTUNE,"mgh6, flat",2025-26,21,36,1,7,false,false,723,false,0,false,3,false
HITTUNE,"mgh6, flat",2025-26,21,25,2,23,true,false,21|449,false,152,true,14,false
HITTUNE,"mgh6, flat",2025-26,21,30,1,-24,true,false,661,false,-8,true,2,false
HITTUNE,"mgh6, flat",2025-26,21,35,2,-14,true,false,430|783,true,-10,true,4,false
HITTUNE,"mgh6, flat",2025-26,21,27,2,3,true,false,382|136,false,4,false,3,false
HITTUNE,"mgh6, flat",2025-26,21,28,2,13,true,false,373|329,false,12,false,11,false
HITTUNE,"mgh6, flat",2025-26,21,29,2,13,true,false,235|249,false,-13,true,10,true
HITTUNE,"mgh6, flat",2025-26,21,29,1,-1,true,false,82,false,9,true,10,false
HITTUNE,"mgh6, flat",2025-26,21,31,1,-26,true,false,531,false,-24,true,5,false
HITTUNE,"mgh6, flat",2025-26,21,32,1,30,false,false,64,false,20,false,3,false
HITTUNE,"mgh6, flat",2025-26,21,33,1,29,false,false,260,false,29,false,6,false
HITTUNE,"mgh6, flat",2020-21,26,28,2,22,true,false,388|557,false,-6,true,11,true
HITTUNE,"mgh6, flat",2020-21,26,28,1,-10,true,false,435,false,-10,true,5,false
HITTUNE,"mgh6, flat",2020-21,26,29,1,12,true,false,62,false,13,true,10,false
HITTUNE,"mgh6, flat",2020-21,26,30,1,0,true,false,102,false,0,true,5,false
HITTUNE,"mgh6, flat",2020-21,26,32,1,5,true,false,12,false,11,true,7,false
HITTUNE,"mgh6, flat",2020-21,26,34,1,11,true,false,370,false,11,true,5,false
HITTUNE,"mgh6, flat",2020-21,26,35,1,-5,true,false,300,false,-5,true,4,false
HITTUNE,"mgh6, flat",2020-21,26,36,1,9,true,false,390,false,9,true,3,false
HITTUNE,"mgh6, flat",2020-21,26,31,1,-13,true,false,306,false,-13,true,5,false
HITTUNE,"mgh6, flat",2020-21,26,33,2,14,true,false,259|224,true,33,true,6,false
HITTUNE,"mgh6, flat",2021-22,26,31,2,-13,true,false,270|123,false,-15,true,3,false
HITTUNE,"mgh6, flat",2021-22,26,34,2,9,true,false,138|315,true,13,true,5,false
HITTUNE,"mgh6, flat",2021-22,26,36,2,3,true,false,259|234,false,3,true,3,false
HITTUNE,"mgh6, flat",2021-22,26,32,1,-13,true,false,23,false,-5,true,7,false
HITTUNE,"mgh6, flat",2021-22,26,33,1,14,true,false,200,false,14,true,6,false
HITTUNE,"mgh6, flat",2021-22,26,37,1,11,true,false,477,false,11,false,2,false
HITTUNE,"mgh6, flat",2021-22,26,27,2,32,true,false,359|341,false,99,true,12,false
HITTUNE,"mgh6, flat",2021-22,26,28,1,13,true,false,22,false,21,true,11,false
HITTUNE,"mgh6, flat",2021-22,26,29,1,25,true,false,256,false,29,true,10,false
HITTUNE,"mgh6, flat",2022-23,26,29,2,21,true,false,285|40,false,-25,true,10,false
HITTUNE,"mgh6, flat",2022-23,26,30,1,16,true,false,335,false,2,true,2,false
HITTUNE,"mgh6, flat",2022-23,26,32,2,-26,true,false,465|124,false,-25,true,7,false
HITTUNE,"mgh6, flat",2022-23,26,34,2,-17,true,false,307|312,false,-31,true,5,false
HITTUNE,"mgh6, flat",2022-23,26,35,1,-7,true,false,335,false,-2,true,2,false
HITTUNE,"mgh6, flat",2022-23,26,36,1,11,false,false,116,false,11,false,3,false
HITTUNE,"mgh6, flat",2022-23,26,37,1,-2,true,false,303,false,-2,true,2,false
HITTUNE,"mgh6, flat",2022-23,26,27,2,13,false,false,92|124,false,44,false,12,false
HITTUNE,"mgh6, flat",2023-24,26,37,1,9,true,false,349,false,-3,true,2,false
HITTUNE,"mgh6, flat",2023-24,26,27,2,15,true,false,688|526,false,13,false,12,false
HITTUNE,"mgh6, flat",2023-24,26,32,1,-12,true,false,14,false,40,true,7,false
HITTUNE,"mgh6, flat",2023-24,26,34,1,20,true,false,415,false,20,true,5,false
HITTUNE,"mgh6, flat",2023-24,26,36,1,13,true,false,516,false,13,true,3,false
HITTUNE,"mgh6, flat",2023-24,26,30,2,72,false,false,263|29,false,106,true,9,false
HITTUNE,"mgh6, flat",2023-24,26,30,1,23,true,false,353,false,7,true,3,false
HITTUNE,"mgh6, flat",2023-24,26,31,1,42,true,false,362,false,59,true,8,false
HITTUNE,"mgh6, flat",2023-24,26,33,1,10,true,false,373,false,16,true,4,false
HITTUNE,"mgh6, flat",2023-24,26,35,1,-10,true,false,211,false,-10,true,4,true
HITTUNE,"mgh6, flat",2024-25,26,28,2,-4,true,false,18|207,false,-2,false,11,false
HITTUNE,"mgh6, flat",2024-25,26,29,2,6,true,false,401|129,false,3,true,10,false
HITTUNE,"mgh6, flat",2024-25,26,31,1,10,false,false,650,false,1,false,2,false
HITTUNE,"mgh6, flat",2024-25,26,33,1,-2,true,false,573,false,-2,true,6,false
HITTUNE,"mgh6, flat",2024-25,26,34,2,-1,true,false,327|152,false,8,true,5,false
HITTUNE,"mgh6, flat",2024-25,26,36,1,18,true,false,514,false,18,true,3,false
HITTUNE,"mgh6, flat",2025-26,26,31,1,1,true,false,373,false,7,true,8,false
HITTUNE,"mgh6, flat",2025-26,26,32,1,33,true,false,260,false,32,true,7,false
HITTUNE,"mgh6, flat",2025-26,26,33,1,20,false,false,407,false,12,false,6,false
HITTUNE,"mgh6, flat",2025-26,26,34,1,-9,true,false,21,false,-9,true,5,false
HITTUNE,"mgh6, flat",2025-26,26,28,2,27,true,false,684|329,false,24,false,4,false
HITTUNE,"mgh6, flat",2025-26,26,29,2,-3,true,false,235|691,false,-7,true,10,true
HITTUNE,"mgh6, flat",2025-26,26,30,1,5,true,false,249,false,8,true,9,false
HITTUNE,"mgh3, floored machine",2020-21,1,16,2,22,true,false,37|302,true,98,true,23,true
HITTUNE,"mgh3, floored machine",2020-21,1,7,1,-8,true,false,141,false,-26,true,4,false
HITTUNE,"mgh3, floored machine",2020-21,1,9,1,-4,true,false,457,false,0,false,3,false
HITTUNE,"mgh3, floored machine",2020-21,1,10,1,-15,true,false,272,false,28,true,2,true
HITTUNE,"mgh3, floored machine",2020-21,1,15,2,5,true,false,277|224,false,10,true,13,false
HITTUNE,"mgh3, floored machine",2020-21,1,20,2,7,true,false,556|211,false,-22,true,19,false
HITTUNE,"mgh3, floored machine",2020-21,1,30,2,6,false,false,437|120,false,-18,false,9,false
HITTUNE,"mgh3, floored machine",2020-21,1,35,1,4,true,false,524,false,1,true,4,false
HITTUNE,"mgh3, floored machine",2020-21,1,36,1,-2,true,false,481,false,-2,true,3,false
HITTUNE,"mgh3, floored machine",2020-21,1,8,1,19,true,false,96,false,18,true,31,false
HITTUNE,"mgh3, floored machine",2020-21,1,22,2,-4,true,false,254|141,true,93,false,17,false
HITTUNE,"mgh3, floored machine",2020-21,1,24,1,22,true,false,390,false,22,false,6,false
HITTUNE,"mgh3, floored machine",2020-21,1,31,2,42,true,false,259|105,false,48,true,8,false
HITTUNE,"mgh3, floored machine",2020-21,1,32,2,6,false,false,12|68,false,12,false,7,false
HITTUNE,"mgh3, floored machine",2020-21,1,33,1,10,true,false,156,false,-15,true,6,false
HITTUNE,"mgh3, floored machine",2020-21,1,34,1,23,true,false,155,false,23,true,5,false
HITTUNE,"mgh3, floored machine",2020-21,1,18,2,-15,true,false,272|435,false,-25,true,15,false
HITTUNE,"mgh3, floored machine",2020-21,1,21,1,24,true,false,202,false,16,true,18,false
HITTUNE,"mgh3, floored machine",2020-21,1,23,1,50,true,false,271,false,71,true,8,false
HITTUNE,"mgh3, floored machine",2020-21,1,28,2,3,true,false,570|102,false,2,true,8,false
HITTUNE,"mgh3, floored machine",2020-21,1,37,1,8,false,false,233,false,8,false,2,false
HITTUNE,"mgh3, floored machine",2020-21,1,2,2,16,false,false,157|461,false,21,false,11,false
HITTUNE,"mgh3, floored machine",2020-21,1,3,1,3,true,false,198,false,8,true,19,false
HITTUNE,"mgh3, floored machine",2020-21,1,5,2,3,true,false,514|195,false,103,true,34,false
HITTUNE,"mgh3, floored machine",2020-21,1,6,1,22,true,false,37,false,1,false,1,false
HITTUNE,"mgh3, floored machine",2020-21,1,11,2,12,false,false,388|557,true,32,false,17,false
HITTUNE,"mgh3, floored machine",2020-21,1,12,2,18,true,false,254|123,true,53,false,4,true
HITTUNE,"mgh3, floored machine",2020-21,1,13,1,5,true,false,325,false,-43,true,19,false
HITTUNE,"mgh3, floored machine",2021-22,1,9,1,-2,true,false,96,false,-4,true,4,false
HITTUNE,"mgh3, floored machine",2021-22,1,24,1,4,true,false,475,false,13,true,5,false
HITTUNE,"mgh3, floored machine",2021-22,1,36,2,36,true,false,224|234,false,36,true,3,false
HITTUNE,"mgh3, floored machine",2021-22,1,32,1,-26,true,false,67,false,-11,true,4,false
HITTUNE,"mgh3, floored machine",2021-22,1,3,1,23,true,false,256,false,2,true,36,false
HITTUNE,"mgh3, floored machine",2021-22,1,12,1,14,true,false,420,false,75,false,13,false
HITTUNE,"mgh3, floored machine",2021-22,1,13,2,-12,true,false,230|482,false,-17,true,10,false
HITTUNE,"mgh3, floored machine",2021-22,1,13,1,-14,true,false,142,false,-10,true,2,false
HITTUNE,"mgh3, floored machine",2021-22,1,23,2,-4,true,false,357|679,true,115,true,16,false
HITTUNE,"mgh3, floored machine",2021-22,1,26,1,-8,true,false,437,false,-2,true,3,false
HITTUNE,"mgh3, floored machine",2021-22,1,4,1,-8,true,false,262,false,-3,true,9,false
HITTUNE,"mgh3, floored machine",2021-22,1,5,1,18,false,false,413,false,0,false,1,false
HITTUNE,"mgh3, floored machine",2021-22,1,7,1,7,true,false,399,false,7,true,5,false
HITTUNE,"mgh3, floored machine",2021-22,1,16,1,3,true,false,315,false,3,true,5,false
HITTUNE,"mgh3, floored machine",2021-22,1,19,2,8,false,false,408|76,false,6,false,15,false
HITTUNE,"mgh3, floored machine",2021-22,1,21,1,-14,true,false,450,false,-52,true,18,false
HITTUNE,"mgh3, floored machine",2021-22,1,29,2,17,false,false,23|559,true,44,true,10,true
HITTUNE,"mgh3, floored machine",2021-22,1,33,1,14,true,false,200,false,16,true,6,false
HITTUNE,"mgh3, floored machine",2021-22,1,34,2,-25,true,false,138|80,true,-26,true,5,false
HITTUNE,"mgh3, floored machine",2021-22,1,38,1,6,true,false,359,false,6,false,1,false
HITTUNE,"mgh3, floored machine",2021-22,1,8,1,14,false,false,413,false,54,true,15,false
HITTUNE,"mgh3, floored machine",2021-22,1,17,1,9,true,false,142,false,3,true,5,false
HITTUNE,"mgh3, floored machine",2021-22,1,20,1,12,true,false,96,false,5,false,2,false
HITTUNE,"mgh3, floored machine",2021-22,1,27,1,-4,true,false,420,false,-3,true,3,false
HITTUNE,"mgh3, floored machine",2021-22,1,25,1,-10,true,false,240,false,-13,true,2,false
HITTUNE,"mgh3, floored machine",2021-22,1,28,1,29,true,false,22,false,67,true,11,false
HITTUNE,"mgh3, floored machine",2021-22,1,30,1,14,true,false,341,false,0,true,4,false
HITTUNE,"mgh3, floored machine",2021-22,1,2,2,12,true,false,177|77,false,-31,true,37,false
HITTUNE,"mgh3, floored machine",2021-22,1,6,1,-7,true,false,78,false,-1,true,10,false
HITTUNE,"mgh3, floored machine",2021-22,1,14,1,-12,true,false,477,false,-16,true,12,false
HITTUNE,"mgh3, floored machine",2021-22,1,31,1,7,true,false,270,false,2,true,2,false
HITTUNE,"mgh3, floored machine",2021-22,1,15,1,14,true,false,262,false,4,true,4,false
HITTUNE,"mgh3, floored machine",2021-22,1,22,2,14,false,false,196|584,true,23,true,17,false
HITTUNE,"mgh3, floored machine",2022-23,1,33,2,-24,true,false,307|124,true,-21,true,6,false
HITTUNE,"mgh3, floored machine",2022-23,1,24,1,18,true,false,199,false,3,true,15,false
HITTUNE,"mgh3, floored machine",2022-23,1,27,1,19,true,false,92,false,12,true,7,false
HITTUNE,"mgh3, floored machine",2022-23,1,36,1,11,false,false,116,false,11,false,3,false
HITTUNE,"mgh3, floored machine",2022-23,1,10,2,31,true,false,427|211,false,206,true,29,false
HITTUNE,"mgh3, floored machine",2022-23,1,16,1,-5,true,false,307,false,-6,true,9,false
HITTUNE,"mgh3, floored machine",2022-23,1,28,2,40,false,false,357|40,true,51,false,11,false
HITTUNE,"mgh3, floored machine",2022-23,1,29,1,20,true,false,465,false,20,true,6,false
HITTUNE,"mgh3, floored machine",2022-23,1,35,1,-7,true,false,335,false,-2,true,2,false
HITTUNE,"mgh3, floored machine",2022-23,1,7,2,-13,true,false,116|113,false,-3,true,11,false
HITTUNE,"mgh3, floored machine",2022-23,1,13,2,28,true,false,19|26,false,10,true,15,false
HITTUNE,"mgh3, floored machine",2022-23,1,18,1,13,true,false,593,false,10,true,8,false
HITTUNE,"mgh3, floored machine",2022-23,1,19,2,-2,true,false,301|7,true,-20,true,14,true
HITTUNE,"mgh3, floored machine",2022-23,1,25,1,4,true,false,81,false,6,true,8,false
HITTUNE,"mgh3, floored machine",2022-23,1,32,2,16,true,false,285|107,false,13,true,7,false
HITTUNE,"mgh3, floored machine",2022-23,1,2,2,5,true,false,210|321,false,11,true,9,false
HITTUNE,"mgh3, floored machine",2022-23,1,15,2,-3,true,false,465|210,false,-18,true,5,false
HITTUNE,"mgh3, floored machine",2022-23,1,34,1,-8,true,false,377,false,-8,true,5,false
HITTUNE,"mgh3, floored machine",2022-23,1,37,1,-2,true,false,303,false,-2,true,2,false
HITTUNE,"mgh3, floored machine",2022-23,1,4,1,-1,true,false,304,false,-7,true,7,false
HITTUNE,"mgh3, floored machine",2022-23,1,11,2,7,true,false,318|370,false,-6,true,4,false
HITTUNE,"mgh3, floored machine",2022-23,1,17,1,-11,true,false,160,false,-12,true,6,false
HITTUNE,"mgh3, floored machine",2022-23,1,23,1,13,true,false,407,false,21,true,6,false
HITTUNE,"mgh3, floored machine",2022-23,1,23,1,-5,true,false,104,false,22,true,16,false
HITTUNE,"mgh3, floored machine",2022-23,1,26,1,29,true,false,107,false,22,true,4,false
HITTUNE,"mgh3, floored machine",2022-23,1,3,1,5,false,false,295,false,24,true,36,false
HITTUNE,"mgh3, floored machine",2022-23,1,5,1,5,true,false,346,false,39,true,18,false
HITTUNE,"mgh3, floored machine",2022-23,1,20,2,44,true,false,318|377,true,65,false,8,false
HITTUNE,"mgh3, floored machine",2022-23,1,30,1,7,true,false,335,false,-6,true,2,false
HITTUNE,"mgh3, floored machine",2022-23,1,21,2,2,true,false,283|558,true,164,true,18,false
HITTUNE,"mgh3, floored machine",2023-24,1,14,2,-8,true,false,291|43,false,-22,true,6,false
HITTUNE,"mgh3, floored machine",2023-24,1,18,1,-7,true,false,134,false,0,true,14,false
HITTUNE,"mgh3, floored machine",2023-24,1,21,1,19,true,false,353,false,31,true,12,false
HITTUNE,"mgh3, floored machine",2023-24,1,4,1,1,true,false,165,false,-3,true,6,false
HITTUNE,"mgh3, floored machine",2023-24,1,17,2,43,false,false,290|60,false,79,true,22,false
HITTUNE,"mgh3, floored machine",2023-24,1,17,1,27,false,false,526,false,30,false,7,false
HITTUNE,"mgh3, floored machine",2023-24,1,31,1,8,false,false,313,false,8,false,5,false
HITTUNE,"mgh3, floored machine",2023-24,1,35,1,10,true,false,516,false,19,true,4,false
HITTUNE,"mgh3, floored machine",2023-24,1,36,1,8,true,false,341,false,8,true,3,false
HITTUNE,"mgh3, floored machine",2023-24,1,37,1,2,true,false,211,false,2,true,2,false
HITTUNE,"mgh3, floored machine",2023-24,1,24,2,-4,true,false,19|265,false,11,true,8,false
HITTUNE,"mgh3, floored machine",2023-24,1,26,2,30,true,false,85|373,false,64,true,13,false
HITTUNE,"mgh3, floored machine",2023-24,1,30,2,28,true,false,29|263,false,29,true,9,false
HITTUNE,"mgh3, floored machine",2023-24,1,32,2,24,true,false,14|362,false,85,true,7,true
HITTUNE,"mgh3, floored machine",2023-24,1,33,1,-19,true,false,134,false,-32,true,6,false
HITTUNE,"mgh3, floored machine",2023-24,1,34,1,20,true,false,415,false,28,true,5,false
HITTUNE,"mgh3, floored machine",2023-24,1,6,1,-1,true,false,373,false,-9,true,15,false
HITTUNE,"mgh3, floored machine",2023-24,1,8,1,15,false,false,220,false,15,false,5,false
HITTUNE,"mgh3, floored machine",2023-24,1,10,2,6,true,false,664|28,false,57,true,18,false
HITTUNE,"mgh3, floored machine",2023-24,1,20,2,-9,true,false,343|28,false,-29,true,19,false
HITTUNE,"mgh3, floored machine",2023-24,1,22,1,-4,true,false,342,false,-31,true,17,false
HITTUNE,"mgh3, floored machine",2023-24,1,28,1,4,true,false,526,false,-1,true,7,false
HITTUNE,"mgh3, floored machine",2023-24,1,2,2,30,false,false,352|135,false,21,false,8,false
HITTUNE,"mgh3, floored machine",2023-24,1,2,1,34,false,false,355,true,135,false,15,false
HITTUNE,"mgh3, floored machine",2023-24,1,3,1,13,true,false,326,false,-7,true,17,false
HITTUNE,"mgh3, floored machine",2023-24,1,5,1,16,true,false,168,false,-43,true,21,false
HITTUNE,"mgh3, floored machine",2023-24,1,7,1,6,true,false,29,false,5,true,6,false
HITTUNE,"mgh3, floored machine",2023-24,1,13,2,10,true,false,427|20,false,8,true,11,false
HITTUNE,"mgh3, floored machine",2024-25,1,18,1,1,true,false,3,false,0,true,14,false
HITTUNE,"mgh3, floored machine",2024-25,1,23,1,11,true,false,329,false,10,false,2,false
HITTUNE,"mgh3, floored machine",2024-25,1,27,2,-30,true,false,541|650,false,-17,true,12,false
HITTUNE,"mgh3, floored machine",2024-25,1,28,2,-34,true,false,398|207,true,-5,false,3,false
HITTUNE,"mgh3, floored machine",2024-25,1,30,2,6,true,false,401|585,false,29,true,9,false
HITTUNE,"mgh3, floored machine",2024-25,1,15,1,5,true,false,18,false,5,true,12,false
HITTUNE,"mgh3, floored machine",2024-25,1,17,1,31,true,false,401,false,27,true,11,false
HITTUNE,"mgh3, floored machine",2024-25,1,20,1,21,true,false,232,false,21,true,5,false
HITTUNE,"mgh3, floored machine",2024-25,1,22,1,17,false,false,129,false,17,false,5,false
HITTUNE,"mgh3, floored machine",2024-25,1,25,2,23,false,false,447|168,false,-7,true,14,false
HITTUNE,"mgh3, floored machine",2024-25,1,31,2,15,true,false,182|110,true,29,true,8,false
HITTUNE,"mgh3, floored machine",2024-25,1,10,2,-29,true,false,311|199,true,-14,false,3,false
HITTUNE,"mgh3, floored machine",2024-25,1,12,2,-13,true,false,617|78,true,20,true,16,false
HITTUNE,"mgh3, floored machine",2024-25,1,14,1,10,false,false,566,false,16,false,6,false
HITTUNE,"mgh3, floored machine",2024-25,1,32,2,17,false,false,18|350,true,31,false,7,false
HITTUNE,"mgh3, floored machine",2024-25,1,33,1,-7,true,false,755,false,-7,true,6,false
HITTUNE,"mgh3, floored machine",2024-25,1,2,2,-22,true,false,350|453,false,57,true,19,false
HITTUNE,"mgh3, floored machine",2024-25,1,4,1,22,true,false,566,false,6,true,2,false
HITTUNE,"mgh3, floored machine",2024-25,1,5,1,17,true,false,99,false,36,true,34,false
HITTUNE,"mgh3, floored machine",2024-25,1,6,1,-4,true,false,306,false,-6,true,6,false
HITTUNE,"mgh3, floored machine",2024-25,1,8,1,1,true,false,398,false,-4,true,2,false
HITTUNE,"mgh3, floored machine",2024-25,1,11,1,14,true,false,491,false,2,true,12,false
HITTUNE,"mgh3, floored machine",2024-25,1,16,1,-8,true,false,335,false,-7,true,2,false
HITTUNE,"mgh3, floored machine",2024-25,1,21,2,35,false,false,311|231,false,6,false,18,false
HITTUNE,"mgh3, floored machine",2024-25,1,3,1,18,true,false,58,false,15,true,14,false
HITTUNE,"mgh3, floored machine",2024-25,1,9,2,-16,true,false,328|230,false,436,true,30,true
HITTUNE,"mgh3, floored machine",2024-25,1,13,1,-8,true,false,495,false,-8,true,3,false
HITTUNE,"mgh3, floored machine",2025-26,1,2,2,6,true,false,82|531,false,43,false,11,false
HITTUNE,"mgh3, floored machine",2025-26,1,3,1,19,true,false,477,false,-25,true,16,false
HITTUNE,"mgh3, floored machine",2025-26,1,4,1,14,true,false,449,false,55,true,16,false
HITTUNE,"mgh3, floored machine",2025-26,1,6,1,-12,true,false,200,false,-14,true,7,false
HITTUNE,"mgh3, floored machine",2025-26,1,8,1,31,false,false,283,false,46,true,18,false
HITTUNE,"mgh3, floored machine",2025-26,1,14,1,33,true,false,403,false,-12,true,11,false
HITTUNE,"mgh3, floored machine",2025-26,1,31,1,6,true,false,736,false,12,true,8,false
HITTUNE,"mgh3, floored machine",2025-26,1,5,1,-1,true,false,373,false,0,true,4,false
HITTUNE,"mgh3, floored machine",2025-26,1,10,1,20,false,false,714,false,1,false,1,false
HITTUNE,"mgh3, floored machine",2025-26,1,13,2,-5,true,false,387|237,false,-21,true,20,false
HITTUNE,"mgh3, floored machine",2025-26,1,23,1,9,true,false,82,false,19,true,16,false
HITTUNE,"mgh3, floored machine",2025-26,1,29,2,20,false,false,691|249,false,16,false,10,true
HITTUNE,"mgh3, floored machine",2025-26,1,29,1,7,true,false,235,false,8,true,10,false
HITTUNE,"mgh3, floored machine",2025-26,1,30,1,8,true,false,72,false,-27,true,9,false
HITTUNE,"mgh3, floored machine",2025-26,1,32,2,43,false,false,5|260,true,36,false,7,false
HITTUNE,"mgh3, floored machine",2025-26,1,35,1,-7,true,false,21,false,-7,true,4,false
HITTUNE,"mgh3, floored machine",2025-26,1,9,1,4,true,false,5,false,4,true,5,false
HITTUNE,"mgh3, floored machine",2025-26,1,15,1,22,true,false,21,false,37,true,14,false
HITTUNE,"mgh3, floored machine",2025-26,1,16,1,16,false,false,411,false,17,false,6,false
HITTUNE,"mgh3, floored machine",2025-26,1,20,1,1,true,false,450,false,-2,true,3,false
HITTUNE,"mgh3, floored machine",2025-26,1,21,1,-4,true,false,488,false,-2,true,3,false
HITTUNE,"mgh3, floored machine",2025-26,1,26,1,25,true,false,624,false,34,true,13,false
HITTUNE,"mgh3, floored machine",2025-26,1,7,1,9,true,false,8,false,-3,true,12,false
HITTUNE,"mgh3, floored machine",2025-26,1,11,2,1,true,false,430|267,true,136,true,18,true
HITTUNE,"mgh3, floored machine",2025-26,1,19,2,1,true,false,16|694,false,-26,true,11,false
HITTUNE,"mgh3, floored machine",2025-26,1,19,1,28,true,false,684,false,54,true,20,false
HITTUNE,"mgh3, floored machine",2025-26,1,22,1,11,true,false,373,false,-7,true,10,false
HITTUNE,"mgh3, floored machine",2025-26,1,24,1,10,true,false,515,false,42,true,11,false
HITTUNE,"mgh3, floored machine",2025-26,1,25,2,35,false,false,8|449,true,157,false,14,false
HITTUNE,"mgh3, floored machine",2025-26,1,33,1,0,true,false,783,false,1,true,6,false
HITTUNE,"mgh3, floored machine",2020-21,6,19,1,10,true,false,96,false,44,true,13,false
HITTUNE,"mgh3, floored machine",2020-21,6,21,2,5,true,false,390|556,false,6,true,10,false
HITTUNE,"mgh3, floored machine",2020-21,6,27,1,16,false,false,120,false,30,false,9,false
HITTUNE,"mgh3, floored machine",2020-21,6,13,2,9,false,false,37|417,true,1,false,26,false
HITTUNE,"mgh3, floored machine",2020-21,6,15,2,-1,true,false,308|506,false,-29,true,15,false
HITTUNE,"mgh3, floored machine",2020-21,6,23,1,8,true,false,273,false,3,true,2,false
HITTUNE,"mgh3, floored machine",2020-21,6,31,2,35,true,false,259|224,true,47,true,8,false
HITTUNE,"mgh3, floored machine",2020-21,6,33,1,5,true,false,156,false,-6,false,1,false
HITTUNE,"mgh3, floored machine",2020-21,6,35,1,-2,true,false,300,false,-2,true,4,false
HITTUNE,"mgh3, floored machine",2020-21,6,22,1,9,true,false,254,false,73,true,17,false
HITTUNE,"mgh3, floored machine",2020-21,6,9,1,0,false,false,457,false,0,false,1,false
HITTUNE,"mgh3, floored machine",2020-21,6,25,2,-12,true,false,271|211,false,-19,true,14,false
HITTUNE,"mgh3, floored machine",2020-21,6,26,1,1,false,false,235,false,1,false,1,false
HITTUNE,"mgh3, floored machine",2020-21,6,28,1,-5,true,false,102,false,-5,true,5,false
HITTUNE,"mgh3, floored machine",2020-21,6,34,2,6,true,false,155|524,true,7,true,5,false
HITTUNE,"mgh3, floored machine",2020-21,6,7,2,-17,true,false,141|498,false,-27,true,4,false
HITTUNE,"mgh3, floored machine",2020-21,6,11,2,-18,true,false,254|468,true,13,true,5,false
HITTUNE,"mgh3, floored machine",2020-21,6,12,1,-16,true,false,494,false,-16,true,5,false
HITTUNE,"mgh3, floored machine",2020-21,6,30,2,0,true,false,388|570,false,1,false,4,false
HITTUNE,"mgh3, floored machine",2020-21,6,32,1,5,true,false,12,false,11,true,7,false
HITTUNE,"mgh3, floored machine",2020-21,6,36,1,8,true,false,481,false,8,true,3,false
HITTUNE,"mgh3, floored machine",2020-21,6,8,1,18,true,false,202,false,77,true,31,false
HITTUNE,"mgh3, floored machine",2020-21,6,10,2,6,false,false,255|272,true,85,true,12,true
HITTUNE,"mgh3, floored machine",2020-21,6,16,2,29,false,false,325|302,true,94,false,23,false
HITTUNE,"mgh3, floored machine",2020-21,6,17,1,33,false,false,277,false,53,true,11,false
HITTUNE,"mgh3, floored machine",2020-21,6,18,1,-1,true,false,572,false,-13,true,17,false
HITTUNE,"mgh3, floored machine",2021-22,6,11,2,27,false,false,475|76,false,33,false,10,false
HITTUNE,"mgh3, floored machine",2021-22,6,19,2,-2,true,false,359|76,false,-2,true,6,false
HITTUNE,"mgh3, floored machine",2021-22,6,23,2,-13,true,false,450|679,true,-36,true,16,false
HITTUNE,"mgh3, floored machine",2021-22,6,24,1,-20,true,false,240,false,-4,true,3,false
HITTUNE,"mgh3, floored machine",2021-22,6,24,1,24,false,false,475,true,52,false,15,false
HITTUNE,"mgh3, floored machine",2021-22,6,28,1,5,true,false,23,false,-1,true,11,false
HITTUNE,"mgh3, floored machine",2021-22,6,29,1,0,true,false,69,false,-12,true,4,false
HITTUNE,"mgh3, floored machine",2021-22,6,31,1,-16,true,false,123,false,-5,false,1,false
HITTUNE,"mgh3, floored machine",2021-22,6,32,2,48,true,false,138|315,true,56,true,7,false
HITTUNE,"mgh3, floored machine",2021-22,6,9,1,-12,true,false,96,false,-8,true,12,false
HITTUNE,"mgh3, floored machine",2021-22,6,10,1,8,true,false,583,false,12,true,13,false
HITTUNE,"mgh3, floored machine",2021-22,6,16,2,21,false,false,413|420,true,80,false,16,false
HITTUNE,"mgh3, floored machine",2021-22,6,17,1,10,false,false,64,false,8,false,5,false
HITTUNE,"mgh3, floored machine",2021-22,6,25,1,-8,true,false,584,false,6,true,3,false
HITTUNE,"mgh3, floored machine",2021-22,6,26,2,28,true,false,357|22,true,114,true,13,false
HITTUNE,"mgh3, floored machine",2021-22,6,27,2,33,true,false,359|67,true,39,true,9,false
HITTUNE,"mgh3, floored machine",2021-22,6,33,1,2,true,false,200,false,-4,true,6,false
HITTUNE,"mgh3, floored machine",2021-22,6,7,2,19,true,false,169|154,false,10,false,4,false
HITTUNE,"mgh3, floored machine",2021-22,6,13,2,56,true,false,237|261,false,170,true,23,false
HITTUNE,"mgh3, floored machine",2021-22,6,21,2,-28,true,false,422|556,false,-14,true,3,false
HITTUNE,"mgh3, floored machine",2021-22,6,22,1,11,true,false,196,false,14,true,9,false
HITTUNE,"mgh3, floored machine",2021-22,6,36,1,5,true,false,234,false,5,true,3,false
HITTUNE,"mgh3, floored machine",2021-22,6,36,1,16,true,false,44,false,16,true,3,false
HITTUNE,"mgh3, floored machine",2021-22,6,14,1,-6,true,false,477,false,-17,true,25,false
HITTUNE,"mgh3, floored machine",2021-22,6,15,1,5,false,false,146,false,-18,true,14,false
HITTUNE,"mgh3, floored machine",2021-22,6,30,1,14,true,false,341,false,0,true,4,false
HITTUNE,"mgh3, floored machine",2021-22,6,34,2,-62,true,false,233|505,true,-50,true,5,false
HITTUNE,"mgh3, floored machine",2021-22,6,38,1,6,true,false,359,false,6,false,1,false
HITTUNE,"mgh3, floored machine",2022-23,6,15,1,-16,true,false,111,false,-22,true,6,false
HITTUNE,"mgh3, floored machine",2022-23,6,20,2,17,false,false,318|593,true,54,false,4,true
HITTUNE,"mgh3, floored machine",2022-23,6,23,2,17,true,false,283|714,true,173,true,13,false
HITTUNE,"mgh3, floored machine",2022-23,6,25,1,4,true,false,81,false,6,true,8,false
HITTUNE,"mgh3, floored machine",2022-23,6,32,1,-6,true,false,124,false,-7,true,7,false
HITTUNE,"mgh3, floored machine",2022-23,6,35,1,-7,true,false,335,false,-7,true,4,false
HITTUNE,"mgh3, floored machine",2022-23,6,22,1,38,false,false,285,false,32,false,4,false
HITTUNE,"mgh3, floored machine",2022-23,6,7,2,-26,true,false,113|116,false,-73,true,32,false
HITTUNE,"mgh3, floored machine",2022-23,6,9,2,-12,true,false,104|427,false,23,true,30,false
HITTUNE,"mgh3, floored machine",2022-23,6,10,1,-10,true,false,146,false,-20,true,20,false
HITTUNE,"mgh3, floored machine",2022-23,6,12,1,-7,true,false,116,false,-10,true,6,false
HITTUNE,"mgh3, floored machine",2022-23,6,14,2,18,true,false,13|558,false,-100,false,25,false
HITTUNE,"mgh3, floored machine",2022-23,6,21,1,17,true,false,19,false,25,true,10,false
HITTUNE,"mgh3, floored machine",2022-23,6,24,1,27,true,false,407,false,29,true,6,false
HITTUNE,"mgh3, floored machine",2022-23,6,24,1,6,true,false,427,true,61,true,15,true
HITTUNE,"mgh3, floored machine",2022-23,6,18,2,31,false,false,369|80,false,69,false,18,false
HITTUNE,"mgh3, floored machine",2022-23,6,19,1,-8,true,false,7,false,19,true,20,false
HITTUNE,"mgh3, floored machine",2022-23,6,19,1,-15,true,false,160,true,-1,true,4,false
HITTUNE,"mgh3, floored machine",2022-23,6,27,1,11,true,false,526,false,3,true,7,false
HITTUNE,"mgh3, floored machine",2022-23,6,28,1,11,true,false,394,false,5,true,11,false
HITTUNE,"mgh3, floored machine",2022-23,6,30,2,23,true,false,335|295,false,8,true,9,false
HITTUNE,"mgh3, floored machine",2022-23,6,31,1,0,true,false,465,false,3,true,4,false
HITTUNE,"mgh3, floored machine",2022-23,6,33,1,-12,true,false,307,false,-15,true,6,false
HITTUNE,"mgh3, floored machine",2022-23,6,34,1,-11,true,false,610,false,-11,true,5,false
HITTUNE,"mgh3, floored machine",2022-23,6,11,1,0,true,false,465,false,-7,true,8,false
HITTUNE,"mgh3, floored machine",2022-23,6,11,1,-7,true,false,80,true,-3,true,5,false
HITTUNE,"mgh3, floored machine",2022-23,6,16,1,-12,true,false,307,false,-9,true,9,false
HITTUNE,"mgh3, floored machine",2022-23,6,16,1,-41,true,false,28,true,-16,true,2,false
HITTUNE,"mgh3, floored machine",2022-23,6,26,1,11,true,false,357,false,-5,true,13,false
HITTUNE,"mgh3, floored machine",2022-23,6,36,2,14,false,false,318|333,true,24,false,3,false
HITTUNE,"mgh3, floored machine",2023-24,6,25,1,17,false,false,77,false,10,false,14,false
HITTUNE,"mgh3, floored machine",2023-24,6,27,1,2,true,false,134,false,13,true,12,false
HITTUNE,"mgh3, floored machine",2023-24,6,34,1,20,true,false,415,false,28,true,5,false
HITTUNE,"mgh3, floored machine",2023-24,6,37,1,9,true,false,349,false,9,true,2,true
HITTUNE,"mgh3, floored machine",2023-24,6,8,1,15,false,false,265,false,16,false,6,false
HITTUNE,"mgh3, floored machine",2023-24,6,11,1,10,true,false,19,false,77,true,21,false
HITTUNE,"mgh3, floored machine",2023-24,6,24,1,0,true,false,664,false,-7,true,7,false
HITTUNE,"mgh3, floored machine",2023-24,6,26,1,-10,true,false,430,false,-9,true,4,false
HITTUNE,"mgh3, floored machine",2023-24,6,30,2,33,false,false,355|245,false,37,false,6,false
HITTUNE,"mgh3, floored machine",2023-24,6,30,1,-7,true,false,265,false,-4,true,9,false
HITTUNE,"mgh3, floored machine",2023-24,6,36,1,4,true,false,341,false,4,true,3,false
HITTUNE,"mgh3, floored machine",2023-24,6,12,1,0,true,false,275,false,18,true,27,false
HITTUNE,"mgh3, floored machine",2023-24,6,14,2,-24,true,false,20|664,false,8,true,25,false
HITTUNE,"mgh3, floored machine",2023-24,6,18,1,10,true,false,516,false,10,true,5,false
HITTUNE,"mgh3, floored machine",2023-24,6,19,1,12,true,false,85,false,1,true,20,false
HITTUNE,"mgh3, floored machine",2023-24,6,31,1,42,true,false,362,false,59,true,8,false
HITTUNE,"mgh3, floored machine",2023-24,6,16,2,48,false,false,290|60,false,71,true,18,false
HITTUNE,"mgh3, floored machine",2023-24,6,16,1,5,true,false,211,false,6,true,3,false
HITTUNE,"mgh3, floored machine",2023-24,6,17,1,23,false,false,43,false,21,false,10,false
HITTUNE,"mgh3, floored machine",2023-24,6,21,2,7,true,false,353|342,false,36,true,12,false
HITTUNE,"mgh3, floored machine",2023-24,6,32,1,-12,true,false,14,false,35,true,7,true
HITTUNE,"mgh3, floored machine",2023-24,6,33,1,10,true,false,373,false,16,true,4,false
HITTUNE,"mgh3, floored machine",2023-24,6,35,1,-10,true,false,211,false,-10,true,4,false
HITTUNE,"mgh3, floored machine",2023-24,6,35,1,6,true,false,516,true,19,true,4,false
HITTUNE,"mgh3, floored machine",2023-24,6,7,2,-7,true,false,596|490,false,-21,true,15,false
HITTUNE,"mgh3, floored machine",2023-24,6,9,1,-21,true,false,14,false,-9,true,2,false
HITTUNE,"mgh3, floored machine",2023-24,6,22,2,32,true,false,343|5,true,75,true,17,false
HITTUNE,"mgh3, floored machine",2023-24,6,23,1,18,true,false,526,false,1,true,12,false
HITTUNE,"mgh3, floored machine",2024-25,6,14,2,2,true,false,617|573,false,-1,true,13,false
HITTUNE,"mgh3, floored machine",2024-25,6,17,1,6,true,false,18,false,5,true,6,false
HITTUNE,"mgh3, floored machine",2024-25,6,23,2,22,true,false,235|236,false,32,true,16,false
HITTUNE,"mgh3, floored machine",2024-25,6,30,1,8,true,false,401,false,26,true,9,false
HITTUNE,"mgh3, floored machine",2024-25,6,9,1,17,true,false,495,false,26,true,8,false
HITTUNE,"mgh3, floored machine",2024-25,6,21,2,2,true,false,311|129,false,5,true,11,false
HITTUNE,"mgh3, floored machine",2024-25,6,21,1,9,true,false,327,true,13,true,5,false
HITTUNE,"mgh3, floored machine",2024-25,6,24,1,-8,true,false,110,false,30,true,15,false
HITTUNE,"mgh3, floored machine",2024-25,6,27,1,-17,true,false,650,false,-9,true,6,false
HITTUNE,"mgh3, floored machine",2024-25,6,28,1,-12,true,false,207,false,-2,false,2,false
HITTUNE,"mgh3, floored machine",2024-25,6,32,1,10,true,false,350,false,19,true,7,false
HITTUNE,"mgh3, floored machine",2024-25,6,34,1,22,false,false,168,false,22,false,5,false
HITTUNE,"mgh3, floored machine",2024-25,6,8,2,-9,true,false,311|199,false,1,true,4,false
HITTUNE,"mgh3, floored machine",2024-25,6,16,2,62,true,false,328|401,true,349,true,23,true
HITTUNE,"mgh3, floored machine",2024-25,6,19,2,-25,true,false,541|514,false,-15,true,2,false
HITTUNE,"mgh3, floored machine",2024-25,6,15,1,-5,true,false,350,false,-5,true,6,false
HITTUNE,"mgh3, floored machine",2024-25,6,31,1,12,false,false,18,false,14,false,8,false
HITTUNE,"mgh3, floored machine",2024-25,6,31,1,-1,true,false,129,false,-13,true,8,false
HITTUNE,"mgh3, floored machine",2024-25,6,33,1,0,true,false,339,false,-1,true,6,false
HITTUNE,"mgh3, floored machine",2024-25,6,26,2,14,true,false,3|585,false,9,true,13,false
HITTUNE,"mgh3, floored machine",2024-25,6,11,2,14,true,false,366|182,false,-77,true,28,false
HITTUNE,"mgh3, floored machine",2024-25,6,12,2,17,true,false,491|3,false,9,true,4,false
HITTUNE,"mgh3, floored machine",2025-26,6,14,2,6,false,false,283|384,false,22,false,17,false
HITTUNE,"mgh3, floored machine",2025-26,6,14,1,14,true,false,82,false,46,true,13,false
HITTUNE,"mgh3, floored machine",2025-26,6,15,1,-12,true,false,256,false,-10,true,4,false
HITTUNE,"mgh3, floored machine",2025-26,6,19,2,-11,true,false,16|347,false,-31,true,9,false
HITTUNE,"mgh3, floored machine",2025-26,6,19,1,1,true,false,403,false,1,true,5,false
HITTUNE,"mgh3, floored machine",2025-26,6,29,2,9,true,false,235|249,true,12,true,10,true
HITTUNE,"mgh3, floored machine",2025-26,6,30,1,13,true,false,783,false,19,true,9,false
HITTUNE,"mgh3, floored machine",2025-26,6,31,2,11,false,false,430|347,true,46,false,8,false
HITTUNE,"mgh3, floored machine",2025-26,6,32,2,17,true,false,74|260,true,12,true,7,false
HITTUNE,"mgh3, floored machine",2025-26,6,17,1,25,true,false,21,false,14,true,3,false
HITTUNE,"mgh3, floored machine",2025-26,6,21,1,-15,true,false,450,false,-7,true,3,false
HITTUNE,"mgh3, floored machine",2025-26,6,24,2,31,false,false,449|684,false,158,true,15,false
HITTUNE,"mgh3, floored machine",2025-26,6,28,2,33,true,false,373|329,false,23,false,4,false
HITTUNE,"mgh3, floored machine",2025-26,6,8,1,14,true,false,348,false,3,true,12,false
HITTUNE,"mgh3, floored machine",2025-26,6,11,1,6,true,false,668,false,2,true,3,false
HITTUNE,"mgh3, floored machine",2025-26,6,13,2,-21,true,false,6|237,false,-36,true,20,false
HITTUNE,"mgh3, floored machine",2025-26,6,20,2,-1,true,false,8|547,false,9,true,19,false
HITTUNE,"mgh3, floored machine",2025-26,6,35,2,9,true,false,5|691,false,9,true,4,false
HITTUNE,"mgh3, floored machine",2025-26,6,25,2,20,true,false,624|21,false,58,true,14,false
HITTUNE,"mgh3, floored machine",2025-26,6,27,1,-16,true,false,382,false,-4,false,1,false
HITTUNE,"mgh3, floored machine",2025-26,6,33,1,-3,true,false,417,false,-4,true,6,false
HITTUNE,"mgh3, floored machine",2020-21,11,33,1,21,true,false,155,false,23,true,6,false
HITTUNE,"mgh3, floored machine",2020-21,11,34,1,0,true,false,524,false,0,true,5,false
HITTUNE,"mgh3, floored machine",2020-21,11,35,1,25,true,false,255,false,25,true,4,false
HITTUNE,"mgh3, floored machine",2020-21,11,36,1,9,true,false,390,false,9,true,3,false
HITTUNE,"mgh3, floored machine",2020-21,11,30,2,-6,true,false,437|102,false,-12,true,3,false
HITTUNE,"mgh3, floored machine",2020-21,11,31,1,-13,true,false,306,false,-13,true,5,false
HITTUNE,"mgh3, floored machine",2020-21,11,32,1,-13,true,false,68,false,-24,true,7,false
HITTUNE,"mgh3, floored machine",2020-21,11,15,2,34,true,false,306|302,true,104,true,24,false
HITTUNE,"mgh3, floored machine",2020-21,11,25,2,-2,false,false,277|665,false,-5,false,5,false
HITTUNE,"mgh3, floored machine",2020-21,11,26,2,26,false,false,254|271,false,101,false,13,false
HITTUNE,"mgh3, floored machine",2020-21,11,14,2,6,true,false,141|506,false,9,false,11,false
HITTUNE,"mgh3, floored machine",2020-21,11,20,2,8,true,false,96|273,false,8,true,19,false
HITTUNE,"mgh3, floored machine",2020-21,11,20,1,-3,true,false,390,false,-15,true,11,false
HITTUNE,"mgh3, floored machine",2020-21,11,28,2,44,true,false,259|570,false,56,true,11,true
HITTUNE,"mgh3, floored machine",2020-21,11,12,2,40,false,false,213|224,false,41,true,27,false
HITTUNE,"mgh3, floored machine",2020-21,11,17,2,47,true,false,298|277,false,35,true,5,false
HITTUNE,"mgh3, floored machine",2020-21,11,21,1,27,true,false,276,false,34,true,5,true
HITTUNE,"mgh3, floored machine",2020-21,11,22,1,5,true,false,556,false,-5,true,13,false
HITTUNE,"mgh3, floored machine",2021-22,11,31,1,-16,true,false,123,false,-5,false,1,false
HITTUNE,"mgh3, floored machine",2021-22,11,36,1,16,true,false,44,false,9,true,3,false
HITTUNE,"mgh3, floored machine",2021-22,11,37,1,4,true,false,154,false,10,true,2,false
HITTUNE,"mgh3, floored machine",2021-22,11,38,1,6,true,false,359,false,6,false,1,false
HITTUNE,"mgh3, floored machine",2021-22,11,12,2,-14,true,false,230|581,false,-58,true,27,false
HITTUNE,"mgh3, floored machine",2021-22,11,17,1,10,true,false,422,false,10,true,5,false
HITTUNE,"mgh3, floored machine",2021-22,11,19,2,-1,true,false,142|359,false,9,true,5,false
HITTUNE,"mgh3, floored machine",2021-22,11,20,1,-3,true,false,556,false,-18,true,9,false
HITTUNE,"mgh3, floored machine",2021-22,11,33,2,13,true,false,265|200,true,-2,true,6,false
HITTUNE,"mgh3, floored machine",2021-22,11,16,1,3,true,false,315,false,-6,true,7,false
HITTUNE,"mgh3, floored machine",2021-22,11,26,1,8,true,false,67,false,5,true,10,false
HITTUNE,"mgh3, floored machine",2021-22,11,27,1,9,true,false,22,false,30,true,12,false
HITTUNE,"mgh3, floored machine",2021-22,11,29,1,25,false,false,353,false,42,false,10,false
HITTUNE,"mgh3, floored machine",2021-22,11,32,2,41,true,false,138|259,true,51,true,7,false
HITTUNE,"mgh3, floored machine",2021-22,11,34,1,9,true,false,315,false,9,true,5,false
HITTUNE,"mgh3, floored machine",2021-22,11,13,1,-14,true,false,142,false,-10,true,2,false
HITTUNE,"mgh3, floored machine",2021-22,11,15,1,14,true,false,262,false,4,true,4,false
HITTUNE,"mgh3, floored machine",2021-22,11,21,1,2,true,false,91,false,2,true,5,false
HITTUNE,"mgh3, floored machine",2021-22,11,22,2,27,false,false,240|584,true,38,true,17,false
HITTUNE,"mgh3, floored machine",2021-22,11,23,1,-4,true,false,450,false,-38,true,11,false
HITTUNE,"mgh3, floored machine",2021-22,11,24,1,-22,true,false,196,false,-37,true,7,false
HITTUNE,"mgh3, floored machine",2021-22,11,28,1,4,true,false,23,false,-2,true,11,false
HITTUNE,"mgh3, floored machine",2021-22,11,35,1,-2,true,false,681,false,-11,true,2,false
HITTUNE,"mgh3, floored machine",2021-22,11,14,1,7,false,false,146,false,3,false,6,false
HITTUNE,"mgh3, floored machine",2021-22,11,25,2,19,true,false,357|329,true,96,true,14,false
HITTUNE,"mgh3, floored machine",2021-22,11,30,1,14,true,false,341,false,-3,true,3,false
HITTUNE,"mgh3, floored machine",2022-23,11,17,2,10,true,false,307|346,false,-15,true,22,false
HITTUNE,"mgh3, floored machine",2022-23,11,17,1,10,true,false,160,false,2,true,7,false
HITTUNE,"mgh3, floored machine",2022-23,11,22,1,8,true,false,189,false,1,false,1,false
HITTUNE,"mgh3, floored machine",2022-23,11,25,1,21,false,false,81,false,54,true,14,false
HITTUNE,"mgh3, floored machine",2022-23,11,34,1,-8,true,false,377,false,-8,true,5,false
HITTUNE,"mgh3, floored machine",2022-23,11,37,2,8,false,false,7|66,false,8,false,2,false
HITTUNE,"mgh3, floored machine",2022-23,11,30,2,16,false,false,335|295,false,3,false,9,false
HITTUNE,"mgh3, floored machine",2022-23,11,16,2,-15,true,false,301|237,false,-12,true,10,false
HITTUNE,"mgh3, floored machine",2022-23,11,18,1,13,true,false,593,false,14,true,4,false
HITTUNE,"mgh3, floored machine",2022-23,11,20,2,-10,false,false,302|66,true,0,false,4,false
HITTUNE,"mgh3, floored machine",2022-23,11,26,2,36,true,false,80|107,true,73,true,11,false
HITTUNE,"mgh3, floored machine",2022-23,11,27,1,19,true,false,357,false,48,true,12,false
HITTUNE,"mgh3, floored machine",2022-23,11,15,2,-3,true,false,465|210,false,-4,false,1,false
HITTUNE,"mgh3, floored machine",2022-23,11,23,1,3,true,false,104,false,24,true,13,false
HITTUNE,"mgh3, floored machine",2022-23,11,32,2,24,true,false,285|124,false,21,true,7,false
HITTUNE,"mgh3, floored machine",2022-23,11,33,2,-9,true,false,333|107,false,13,true,6,false
HITTUNE,"mgh3, floored machine",2022-23,11,19,2,18,true,false,7|26,true,55,true,14,false
HITTUNE,"mgh3, floored machine",2022-23,11,21,1,8,true,false,394,false,-34,true,18,false
HITTUNE,"mgh3, floored machine",2022-23,11,24,2,10,true,false,465|92,true,32,true,10,false
HITTUNE,"mgh3, floored machine",2022-23,11,36,1,-11,true,false,116,false,-11,true,3,false
HITTUNE,"mgh3, floored machine",2023-24,11,21,2,-15,true,false,516|342,false,4,false,11,false
HITTUNE,"mgh3, floored machine",2023-24,11,22,2,54,false,false,49|353,false,33,true,17,false
HITTUNE,"mgh3, floored machine",2023-24,11,25,1,2,false,false,430,false,2,false,5,false
HITTUNE,"mgh3, floored machine",2023-24,11,31,2,67,true,false,14|362,false,135,true,8,false
HITTUNE,"mgh3, floored machine",2023-24,11,32,2,28,true,false,29|373,true,38,true,7,true
HITTUNE,"mgh3, floored machine",2023-24,11,13,2,3,true,false,664|602,false,66,true,22,false
HITTUNE,"mgh3, floored machine",2023-24,11,14,2,-18,true,false,373|43,false,-30,true,7,false
HITTUNE,"mgh3, floored machine",2023-24,11,18,1,-7,true,false,134,false,-2,true,13,false
HITTUNE,"mgh3, floored machine",2023-24,11,27,1,-3,true,false,5,false,-7,true,12,false
HITTUNE,"mgh3, floored machine",2023-24,11,34,1,20,true,false,415,false,28,true,5,false
HITTUNE,"mgh3, floored machine",2023-24,11,36,1,16,true,false,341,false,16,true,3,false
HITTUNE,"mgh3, floored machine",2023-24,11,17,2,35,false,false,19|343,false,148,true,15,false
HITTUNE,"mgh3, floored machine",2023-24,11,17,1,21,true,false,290,false,27,true,8,false
HITTUNE,"mgh3, floored machine",2023-24,11,24,1,19,true,false,526,false,20,true,7,false
HITTUNE,"mgh3, floored machine",2023-24,11,24,1,1,true,false,85,false,-8,true,15,false
HITTUNE,"mgh3, floored machine",2023-24,11,35,1,-10,true,false,211,false,-10,true,4,false
HITTUNE,"mgh3, floored machine",2023-24,11,35,1,11,true,false,516,true,24,true,4,false
HITTUNE,"mgh3, floored machine",2023-24,11,37,1,9,true,false,349,false,9,true,2,true
HITTUNE,"mgh3, floored machine",2023-24,11,30,2,20,false,false,355|805,false,29,false,6,false
HITTUNE,"mgh3, floored machine",2023-24,11,30,1,-3,true,false,263,false,3,true,9,false
HITTUNE,"mgh3, floored machine",2023-24,11,33,1,-19,true,false,134,false,-32,true,6,false
HITTUNE,"mgh3, floored machine",2024-25,11,14,2,-15,true,false,180|495,false,-11,false,7,false
HITTUNE,"mgh3, floored machine",2024-25,11,19,2,54,false,false,401|247,false,71,false,9,false
HITTUNE,"mgh3, floored machine",2024-25,11,19,1,-3,true,false,235,false,-8,true,20,false
HITTUNE,"mgh3, floored machine",2024-25,11,21,2,3,true,false,311|129,false,12,true,7,false
HITTUNE,"mgh3, floored machine",2024-25,11,30,2,4,true,false,401|366,false,19,true,9,false
HITTUNE,"mgh3, floored machine",2024-25,11,31,1,22,true,false,110,false,22,true,8,false
HITTUNE,"mgh3, floored machine",2024-25,11,16,1,3,true,false,18,false,2,true,7,false
HITTUNE,"mgh3, floored machine",2024-25,11,26,2,-16,true,false,207|211,false,-25,true,13,false
HITTUNE,"mgh3, floored machine",2024-25,11,32,1,22,false,false,350,false,32,false,7,false
HITTUNE,"mgh3, floored machine",2024-25,11,33,1,-13,true,false,755,false,-13,true,6,false
HITTUNE,"mgh3, floored machine",2024-25,11,34,1,6,true,false,182,false,6,true,5,false
HITTUNE,"mgh3, floored machine",2024-25,11,15,1,16,true,false,541,false,14,true,6,false
HITTUNE,"mgh3, floored machine",2024-25,11,23,1,-4,true,false,339,false,-7,true,3,false
HITTUNE,"mgh3, floored machine",2024-25,11,28,2,35,true,false,585|18,false,49,true,11,false
HITTUNE,"mgh3, floored machine",2024-25,11,28,1,-5,true,false,58,false,-5,true,5,false
HITTUNE,"mgh3, floored machine",2024-25,11,12,2,-2,true,false,82|236,false,-3,true,4,false
HITTUNE,"mgh3, floored machine",2024-25,11,25,1,-4,true,false,78,false,-6,true,14,false
HITTUNE,"mgh3, floored machine",2025-26,11,15,1,13,true,false,387,false,10,true,4,false
HITTUNE,"mgh3, floored machine",2025-26,11,19,2,7,true,false,82|684,false,17,true,20,false
HITTUNE,"mgh3, floored machine",2025-26,11,19,1,5,true,false,21,false,0,false,1,false
HITTUNE,"mgh3, floored machine",2025-26,11,19,1,-13,true,false,414,false,-13,true,5,false
HITTUNE,"mgh3, floored machine",2025-26,11,24,1,30,true,false,449,false,156,true,15,false
HITTUNE,"mgh3, floored machine",2025-26,11,25,2,13,false,false,808|21,false,9,false,4,false
HITTUNE,"mgh3, floored machine",2025-26,11,25,1,22,false,false,624,false,27,true,6,false
HITTUNE,"mgh3, floored machine",2025-26,11,28,1,-3,true,false,119,false,2,true,3,false
HITTUNE,"mgh3, floored machine",2025-26,11,35,2,7,true,false,5|82,false,7,true,4,false
HITTUNE,"mgh3, floored machine",2025-26,11,20,2,-1,true,false,8|547,false,-9,true,19,false
HITTUNE,"mgh3, floored machine",2025-26,11,27,1,-16,true,false,382,false,-4,false,1,false
HITTUNE,"mgh3, floored machine",2025-26,11,29,2,38,true,false,249|783,false,35,true,10,false
HITTUNE,"mgh3, floored machine",2025-26,11,29,1,14,true,false,343,false,-15,true,10,false
HITTUNE,"mgh3, floored machine",2025-26,11,31,2,-15,true,false,235|691,false,0,true,8,false
HITTUNE,"mgh3, floored machine",2025-26,11,33,2,19,false,false,21|260,false,16,false,6,false
HITTUNE,"mgh3, floored machine",2025-26,11,36,1,13,true,false,624,false,13,true,3,false
HITTUNE,"mgh3, floored machine",2025-26,11,13,2,21,false,false,16|74,false,-36,true,22,false
HITTUNE,"mgh3, floored machine",2020-21,16,23,1,-8,true,false,277,false,-8,true,5,false
HITTUNE,"mgh3, floored machine",2020-21,16,28,2,3,true,false,570|102,false,-4,true,8,false
HITTUNE,"mgh3, floored machine",2020-21,16,28,1,13,true,false,68,false,2,false,2,false
HITTUNE,"mgh3, floored machine",2020-21,16,28,1,-6,true,false,558,false,1,true,7,false
HITTUNE,"mgh3, floored machine",2020-21,16,31,1,8,true,false,105,false,-4,true,8,false
HITTUNE,"mgh3, floored machine",2020-21,16,32,1,5,true,false,12,false,11,true,7,false
HITTUNE,"mgh3, floored machine",2020-21,16,34,1,24,true,false,155,false,24,true,5,false
HITTUNE,"mgh3, floored machine",2020-21,16,35,1,-13,true,false,300,false,-13,true,4,false
HITTUNE,"mgh3, floored machine",2020-21,16,21,1,27,true,false,276,false,0,false,1,true
HITTUNE,"mgh3, floored machine",2020-21,16,21,1,7,true,false,506,false,1,true,7,false
HITTUNE,"mgh3, floored machine",2020-21,16,22,2,10,true,false,254|390,false,104,true,17,false
HITTUNE,"mgh3, floored machine",2020-21,16,22,1,-20,true,false,162,false,-8,true,2,false
HITTUNE,"mgh3, floored machine",2020-21,16,24,2,35,true,false,271|74,true,58,false,7,false
HITTUNE,"mgh3, floored machine",2020-21,16,30,2,-8,true,false,388|524,false,2,true,9,false
HITTUNE,"mgh3, floored machine",2020-21,16,33,2,9,true,false,259|224,true,25,true,6,true
HITTUNE,"mgh3, floored machine",2020-21,16,36,1,-2,true,false,481,false,-2,true,3,false
HITTUNE,"mgh3, floored machine",2020-21,16,17,2,37,true,false,298|556,false,44,true,17,false
HITTUNE,"mgh3, floored machine",2021-22,16,29,1,2,true,false,559,false,4,true,10,true
HITTUNE,"mgh3, floored machine",2021-22,16,30,1,12,true,false,138,false,-2,true,9,false
HITTUNE,"mgh3, floored machine",2021-22,16,37,1,6,false,false,200,false,4,false,2,false
HITTUNE,"mgh3, floored machine",2021-22,16,24,2,5,true,false,357|196,true,93,true,15,false
HITTUNE,"mgh3, floored machine",2021-22,16,25,1,-10,true,false,676,false,-6,false,1,false
HITTUNE,"mgh3, floored machine",2021-22,16,31,1,17,true,false,341,false,14,true,4,false
HITTUNE,"mgh3, floored machine",2021-22,16,35,2,38,false,false,154|62,false,44,false,4,false
HITTUNE,"mgh3, floored machine",2021-22,16,38,1,6,true,false,359,false,6,false,1,false
HITTUNE,"mgh3, floored machine",2021-22,16,19,2,-2,true,false,359|76,false,8,true,20,false
HITTUNE,"mgh3, floored machine",2021-22,16,20,1,-3,true,false,556,false,-47,true,17,false
HITTUNE,"mgh3, floored machine",2021-22,16,21,2,32,false,false,240|91,true,30,true,14,false
HITTUNE,"mgh3, floored machine",2021-22,16,23,1,-11,true,false,679,false,-17,true,10,false
HITTUNE,"mgh3, floored machine",2021-22,16,27,1,9,true,false,22,false,30,true,12,false
HITTUNE,"mgh3, floored machine",2021-22,16,32,1,21,true,false,315,false,29,true,7,false
HITTUNE,"mgh3, floored machine",2021-22,16,26,1,-4,true,false,437,false,-1,true,2,false
HITTUNE,"mgh3, floored machine",2021-22,16,28,1,18,false,false,23,false,42,true,11,false
HITTUNE,"mgh3, floored machine",2021-22,16,33,1,7,true,false,505,false,3,true,6,false
HITTUNE,"mgh3, floored machine",2021-22,16,36,1,5,true,false,234,false,-4,true,3,false
HITTUNE,"mgh3, floored machine",2021-22,16,17,2,1,false,false,146|422,false,-4,false,6,false
HITTUNE,"mgh3, floored machine",2021-22,16,22,1,-7,true,false,468,false,-25,true,10,false
HITTUNE,"mgh3, floored machine",2022-23,16,20,1,20,true,false,332,false,-11,true,14,false
HITTUNE,"mgh3, floored machine",2022-23,16,22,1,5,true,false,318,false,8,true,7,false
HITTUNE,"mgh3, floored machine",2022-23,16,26,1,10,true,false,107,false,11,true,11,false
HITTUNE,"mgh3, floored machine",2022-23,16,33,2,6,true,false,333|124,false,13,true,6,false
HITTUNE,"mgh3, floored machine",2022-23,16,33,1,-12,true,false,307,false,-15,true,6,false
HITTUNE,"mgh3, floored machine",2022-23,16,19,2,25,true,false,26|301,false,32,true,8,true
HITTUNE,"mgh3, floored machine",2022-23,16,19,1,13,true,false,7,false,28,true,14,false
HITTUNE,"mgh3, floored machine",2022-23,16,23,1,17,true,false,407,false,13,false,3,true
HITTUNE,"mgh3, floored machine",2022-23,16,24,1,33,false,false,285,false,79,false,15,false
HITTUNE,"mgh3, floored machine",2022-23,16,34,1,-16,true,false,610,false,-18,true,5,false
HITTUNE,"mgh3, floored machine",2022-23,16,18,1,23,false,false,80,false,41,true,21,false
HITTUNE,"mgh3, floored machine",2022-23,16,25,1,4,true,false,81,false,4,true,8,false
HITTUNE,"mgh3, floored machine",2022-23,16,27,1,17,true,false,357,false,53,false,12,false
HITTUNE,"mgh3, floored machine",2022-23,16,29,1,-3,true,false,427,false,45,true,10,false
HITTUNE,"mgh3, floored machine",2022-23,16,21,2,4,true,false,283|225,true,138,false,14,false
HITTUNE,"mgh3, floored machine",2022-23,16,35,2,-11,true,false,318|373,false,3,true,4,true
HITTUNE,"mgh3, floored machine",2022-23,16,37,2,11,false,false,116|211,false,9,false,2,false
HITTUNE,"mgh3, floored machine",2023-24,16,35,1,34,true,false,415,false,42,true,4,false
HITTUNE,"mgh3, floored machine",2023-24,16,17,2,35,false,false,19|343,false,132,true,17,false
HITTUNE,"mgh3, floored machine",2023-24,16,17,1,15,true,false,290,true,17,true,8,false
HITTUNE,"mgh3, floored machine",2023-24,16,18,1,10,true,false,516,false,15,true,4,false
HITTUNE,"mgh3, floored machine",2023-24,16,24,1,19,true,false,526,false,17,true,9,false
HITTUNE,"mgh3, floored machine",2023-24,16,24,1,24,true,false,85,false,44,true,15,false
HITTUNE,"mgh3, floored machine",2023-24,16,25,1,2,false,false,430,false,2,false,5,false
HITTUNE,"mgh3, floored machine",2023-24,16,32,2,7,true,false,29|353,false,25,false,7,true
HITTUNE,"mgh3, floored machine",2023-24,16,32,1,-33,true,false,293,false,-9,true,3,false
HITTUNE,"mgh3, floored machine",2023-24,16,37,1,7,true,false,341,false,7,true,2,false
HITTUNE,"mgh3, floored machine",2023-24,16,36,1,-3,true,false,516,false,-3,true,3,false
HITTUNE,"mgh3, floored machine",2023-24,16,34,1,16,true,false,211,false,24,true,5,false
HITTUNE,"mgh3, floored machine",2023-24,16,22,1,24,true,false,14,false,41,true,17,false
HITTUNE,"mgh3, floored machine",2023-24,16,22,1,5,true,false,134,false,18,true,17,false
HITTUNE,"mgh3, floored machine",2023-24,16,26,1,16,true,false,77,false,7,true,13,false
HITTUNE,"mgh3, floored machine",2023-24,16,30,1,8,false,false,313,false,10,false,7,false
HITTUNE,"mgh3, floored machine",2023-24,16,21,1,-4,true,false,342,false,6,true,11,false
HITTUNE,"mgh3, floored machine",2023-24,16,21,1,11,true,false,353,false,32,true,10,false
HITTUNE,"mgh3, floored machine",2023-24,16,31,2,15,true,false,355|362,false,20,false,8,true
HITTUNE,"mgh3, floored machine",2023-24,16,33,1,-11,true,false,308,false,-5,true,3,false
HITTUNE,"mgh3, floored machine",2023-24,16,33,1,21,true,false,373,true,25,true,6,false
HITTUNE,"mgh3, floored machine",2024-25,16,27,1,-17,true,false,650,false,-15,true,12,false
HITTUNE,"mgh3, floored machine",2024-25,16,28,2,-4,true,false,585|207,true,27,false,11,false
HITTUNE,"mgh3, floored machine",2024-25,16,31,1,12,false,false,18,false,14,false,8,false
HITTUNE,"mgh3, floored machine",2024-25,16,33,1,14,true,false,110,false,13,true,6,false
HITTUNE,"mgh3, floored machine",2024-25,16,20,2,2,false,false,235|232,false,52,false,19,false
HITTUNE,"mgh3, floored machine",2024-25,16,21,2,2,true,false,311|129,false,-11,true,18,false
HITTUNE,"mgh3, floored machine",2024-25,16,26,1,-6,true,false,3,false,-11,true,5,false
HITTUNE,"mgh3, floored machine",2024-25,16,30,2,4,true,false,401|366,false,12,true,9,false
HITTUNE,"mgh3, floored machine",2024-25,16,32,1,10,true,false,350,false,19,true,7,false
HITTUNE,"mgh3, floored machine",2024-25,16,34,1,-6,true,false,339,false,0,true,2,false
HITTUNE,"mgh3, floored machine",2024-25,16,36,2,6,true,false,182|573,false,6,true,3,false
HITTUNE,"mgh3, floored machine",2024-25,16,19,2,64,false,false,401|398,false,81,false,9,false
HITTUNE,"mgh3, floored machine",2024-25,16,23,2,0,true,false,339|720,false,-27,true,11,false
HITTUNE,"mgh3, floored machine",2024-25,16,25,2,23,false,false,447|78,false,51,true,14,false
HITTUNE,"mgh3, floored machine",2025-26,16,19,2,1,true,false,16|343,false,-6,false,6,false
HITTUNE,"mgh3, floored machine",2025-26,16,20,2,-10,true,false,8|547,false,-11,true,13,false
HITTUNE,"mgh3, floored machine",2025-26,16,20,1,1,true,false,450,false,2,true,4,false
HITTUNE,"mgh3, floored machine",2025-26,16,21,1,1,true,false,684,false,-36,true,18,false
HITTUNE,"mgh3, floored machine",2025-26,16,24,1,-5,true,false,382,false,0,true,4,false
HITTUNE,"mgh3, floored machine",2025-26,16,27,2,38,true,false,449|791,false,121,true,12,false
HITTUNE,"mgh3, floored machine",2025-26,16,28,2,33,true,false,373|329,false,49,false,11,false
HITTUNE,"mgh3, floored machine",2025-26,16,30,1,13,true,false,783,false,19,true,9,false
HITTUNE,"mgh3, floored machine",2025-26,16,31,1,-10,true,false,82,false,-10,true,8,false
HITTUNE,"mgh3, floored machine",2025-26,16,25,2,24,false,false,624|21,false,38,false,7,false
HITTUNE,"mgh3, floored machine",2025-26,16,29,2,9,true,false,235|249,true,13,true,6,true
HITTUNE,"mgh3, floored machine",2025-26,16,32,2,17,true,false,430|354,true,46,true,7,false
HITTUNE,"mgh3, floored machine",2025-26,16,33,1,29,false,false,260,false,27,false,6,false
HITTUNE,"mgh3, floored machine",2025-26,16,35,2,26,true,false,5|691,false,26,true,4,false
HITTUNE,"mgh3, floored machine",2020-21,21,26,1,1,false,false,235,false,1,false,2,false
HITTUNE,"mgh3, floored machine",2020-21,21,27,1,-2,true,false,556,false,-1,true,4,false
HITTUNE,"mgh3, floored machine",2020-21,21,30,2,-4,true,false,388|524,false,8,true,9,false
HITTUNE,"mgh3, floored machine",2020-21,21,32,1,5,true,false,12,false,11,true,7,false
HITTUNE,"mgh3, floored machine",2020-21,21,34,1,11,true,false,370,false,11,true,5,false
HITTUNE,"mgh3, floored machine",2020-21,21,36,2,-19,true,false,390|68,false,-19,true,3,false
HITTUNE,"mgh3, floored machine",2020-21,21,22,1,-20,true,false,162,false,-6,true,2,false
HITTUNE,"mgh3, floored machine",2020-21,21,22,1,-8,true,false,81,false,-5,false,1,false
HITTUNE,"mgh3, floored machine",2020-21,21,23,1,2,true,false,273,false,-3,true,4,false
HITTUNE,"mgh3, floored machine",2020-21,21,24,2,41,true,false,271|572,true,71,true,10,false
HITTUNE,"mgh3, floored machine",2020-21,21,28,2,21,false,false,255|570,true,37,false,11,false
HITTUNE,"mgh3, floored machine",2020-21,21,31,1,14,true,false,102,false,0,true,2,false
HITTUNE,"mgh3, floored machine",2020-21,21,31,1,5,true,false,300,true,6,true,8,false
HITTUNE,"mgh3, floored machine",2020-21,21,33,2,9,true,false,259|224,true,30,true,6,true
HITTUNE,"mgh3, floored machine",2020-21,21,25,1,-7,true,false,277,false,-13,true,3,false
HITTUNE,"mgh3, floored machine",2021-22,21,32,1,23,true,false,138,false,26,true,7,false
HITTUNE,"mgh3, floored machine",2021-22,21,33,1,10,true,false,259,false,11,true,6,false
HITTUNE,"mgh3, floored machine",2021-22,21,35,1,-2,true,false,681,false,-2,true,4,false
HITTUNE,"mgh3, floored machine",2021-22,21,37,1,14,true,false,154,false,20,false,2,false
HITTUNE,"mgh3, floored machine",2021-22,21,24,1,-4,true,false,277,false,1,false,1,false
HITTUNE,"mgh3, floored machine",2021-22,21,27,2,-5,true,false,262|341,false,-6,true,7,false
HITTUNE,"mgh3, floored machine",2021-22,21,28,1,-9,true,false,22,false,3,true,11,false
HITTUNE,"mgh3, floored machine",2021-22,21,34,2,-16,true,false,265|315,true,-15,false,5,false
HITTUNE,"mgh3, floored machine",2021-22,21,36,1,5,true,false,234,false,-4,true,3,false
HITTUNE,"mgh3, floored machine",2021-22,21,29,1,-1,true,false,23,false,-6,true,10,false
HITTUNE,"mgh3, floored machine",2021-22,21,22,2,39,false,false,475|584,false,59,false,17,false
HITTUNE,"mgh3, floored machine",2021-22,21,31,2,-25,true,false,261|123,false,-28,false,6,false
HITTUNE,"mgh3, floored machine",2021-22,21,38,1,6,true,false,359,false,18,false,1,false
HITTUNE,"mgh3, floored machine",2021-22,21,23,1,12,true,false,676,false,7,true,4,false
HITTUNE,"mgh3, floored machine",2021-22,21,25,1,15,true,false,233,false,53,true,13,false
HITTUNE,"mgh3, floored machine",2022-23,21,34,2,-10,false,false,610|312,false,-18,false,5,false
HITTUNE,"mgh3, floored machine",2022-23,21,35,2,7,true,false,333|133,false,1,true,4,false
HITTUNE,"mgh3, floored machine",2022-23,21,37,1,8,false,false,116,false,8,false,2,false
HITTUNE,"mgh3, floored machine",2022-23,21,24,2,0,true,false,80|107,false,23,true,15,false
HITTUNE,"mgh3, floored machine",2022-23,21,27,2,-2,false,false,285|394,true,-41,false,9,false
HITTUNE,"mgh3, floored machine",2022-23,21,36,2,1,true,false,318|171,false,7,true,3,false
HITTUNE,"mgh3, floored machine",2022-23,21,22,2,23,false,false,307|394,false,4,true,13,false
HITTUNE,"mgh3, floored machine",2022-23,21,26,2,2,true,false,124|295,false,1,true,13,false
HITTUNE,"mgh3, floored machine",2022-23,21,29,1,4,true,false,465,false,6,true,6,false
HITTUNE,"mgh3, floored machine",2022-23,21,33,2,-19,true,false,10|107,false,-15,true,6,false
HITTUNE,"mgh3, floored machine",2023-24,21,37,1,20,false,false,362,false,20,false,2,false
HITTUNE,"mgh3, floored machine",2023-24,21,24,1,19,true,false,526,false,17,true,10,false
HITTUNE,"mgh3, floored machine",2023-24,21,27,2,-6,true,false,355|360,false,9,true,10,false
HITTUNE,"mgh3, floored machine",2023-24,21,31,2,-2,true,false,14|524,false,28,true,8,false
HITTUNE,"mgh3, floored machine",2023-24,21,34,1,-5,true,false,134,false,-5,true,5,false
HITTUNE,"mgh3, floored machine",2023-24,21,35,1,29,true,false,211,false,29,true,4,false
HITTUNE,"mgh3, floored machine",2023-24,21,35,1,-13,true,false,516,true,0,true,4,false
HITTUNE,"mgh3, floored machine",2023-24,21,22,1,39,true,false,353,false,38,true,11,false
HITTUNE,"mgh3, floored machine",2023-24,21,22,1,15,true,false,430,false,16,true,8,false
HITTUNE,"mgh3, floored machine",2023-24,21,25,1,24,false,false,85,false,30,true,14,false
HITTUNE,"mgh3, floored machine",2023-24,21,30,2,49,false,false,263|265,false,75,false,9,false
HITTUNE,"mgh3, floored machine",2023-24,21,32,2,47,false,false,29|362,false,61,false,7,true
HITTUNE,"mgh3, floored machine",2023-24,21,32,1,-26,true,false,293,true,-20,true,3,false
HITTUNE,"mgh3, floored machine",2023-24,21,33,1,10,true,false,373,false,-5,true,6,false
HITTUNE,"mgh3, floored machine",2023-24,21,36,1,-13,true,false,415,false,-5,true,3,false
HITTUNE,"mgh3, floored machine",2024-25,21,27,1,4,true,false,650,false,12,true,12,false
HITTUNE,"mgh3, floored machine",2024-25,21,27,1,-9,true,false,211,false,-1,false,1,false
HITTUNE,"mgh3, floored machine",2024-25,21,31,1,8,true,false,207,false,8,true,2,false
HITTUNE,"mgh3, floored machine",2024-25,21,33,1,1,true,false,755,false,1,true,6,false
HITTUNE,"mgh3, floored machine",2024-25,21,34,1,14,true,false,168,false,10,true,5,false
HITTUNE,"mgh3, floored machine",2024-25,21,36,2,-3,true,false,182|304,false,-12,true,3,false
HITTUNE,"mgh3, floored machine",2024-25,21,23,2,32,false,false,310|236,false,27,false,13,false
HITTUNE,"mgh3, floored machine",2024-25,21,28,2,-10,true,false,18|207,false,-20,false,11,false
HITTUNE,"mgh3, floored machine",2024-25,21,30,2,4,true,false,401|366,false,12,true,9,false
HITTUNE,"mgh3, floored machine",2024-25,21,32,1,22,false,false,350,false,32,false,7,false
HITTUNE,"mgh3, floored machine",2024-25,21,26,2,3,true,false,110|3,false,26,true,13,false
HITTUNE,"mgh3, floored machine",2025-26,21,33,1,29,false,false,260,false,27,false,6,false
HITTUNE,"mgh3, floored machine",2025-26,21,35,2,35,false,false,5|691,false,35,false,4,false
HITTUNE,"mgh3, floored machine",2025-26,21,25,2,23,true,false,21|449,false,134,true,14,false
HITTUNE,"mgh3, floored machine",2025-26,21,27,2,3,true,false,382|136,false,11,false,12,false
HITTUNE,"mgh3, floored machine",2025-26,21,31,1,7,true,false,783,false,-1,true,8,false
HITTUNE,"mgh3, floored machine",2025-26,21,32,2,3,true,false,430|660,true,14,true,7,false
HITTUNE,"mgh3, floored machine",2025-26,21,28,2,13,true,false,373|329,false,7,false,11,false
HITTUNE,"mgh3, floored machine",2025-26,21,29,2,13,true,false,235|249,false,13,true,6,true
HITTUNE,"mgh3, floored machine",2025-26,21,29,1,-1,true,false,82,false,11,true,10,false
HITTUNE,"mgh3, floored machine",2025-26,21,30,1,8,true,false,72,false,-23,true,9,false
HITTUNE,"mgh3, floored machine",2020-21,26,33,1,21,true,false,155,false,23,true,6,false
HITTUNE,"mgh3, floored machine",2020-21,26,34,1,-6,true,false,233,false,-6,true,5,false
HITTUNE,"mgh3, floored machine",2020-21,26,35,1,-4,true,false,370,false,-4,true,4,false
HITTUNE,"mgh3, floored machine",2020-21,26,36,1,8,true,false,481,false,8,true,3,false
HITTUNE,"mgh3, floored machine",2020-21,26,28,2,1,true,false,558|102,false,4,true,11,false
HITTUNE,"mgh3, floored machine",2020-21,26,30,2,-5,true,false,437|120,false,-22,true,6,false
HITTUNE,"mgh3, floored machine",2020-21,26,31,2,42,true,false,259|105,false,41,true,8,false
HITTUNE,"mgh3, floored machine",2020-21,26,32,1,5,true,false,12,false,11,true,7,false
HITTUNE,"mgh3, floored machine",2021-22,26,27,2,12,true,false,341|22,false,32,true,12,false
HITTUNE,"mgh3, floored machine",2021-22,26,28,1,22,false,false,256,false,31,true,11,false
HITTUNE,"mgh3, floored machine",2021-22,26,31,2,-3,false,false,270|123,false,-8,false,6,false
HITTUNE,"mgh3, floored machine",2021-22,26,32,2,41,true,false,138|234,true,58,true,7,false
HITTUNE,"mgh3, floored machine",2021-22,26,34,1,4,true,false,154,false,10,true,5,false
HITTUNE,"mgh3, floored machine",2021-22,26,35,1,11,true,false,224,false,11,true,4,false
HITTUNE,"mgh3, floored machine",2021-22,26,36,1,17,true,false,477,false,17,true,3,false
HITTUNE,"mgh3, floored machine",2021-22,26,29,2,8,true,false,277|315,true,1,true,10,false
HITTUNE,"mgh3, floored machine",2021-22,26,33,1,34,true,false,359,false,57,true,6,false
HITTUNE,"mgh3, floored machine",2021-22,26,37,1,4,true,false,200,false,2,true,2,false
HITTUNE,"mgh3, floored machine",2022-23,26,29,1,16,true,false,465,false,14,true,4,false
HITTUNE,"mgh3, floored machine",2022-23,26,32,2,-4,true,false,133|124,false,-3,true,7,false
HITTUNE,"mgh3, floored machine",2022-23,26,33,2,16,true,false,333|104,false,27,true,6,false
HITTUNE,"mgh3, floored machine",2022-23,26,34,2,-10,false,false,610|312,false,-16,false,5,false
HITTUNE,"mgh3, floored machine",2022-23,26,35,1,18,true,false,116,false,18,false,4,false
HITTUNE,"mgh3, floored machine",2022-23,26,37,2,1,false,false,318|7,false,7,false,2,false
HITTUNE,"mgh3, floored machine",2022-23,26,27,2,2,false,false,285|394,false,-51,false,12,false
HITTUNE,"mgh3, floored machine",2023-24,26,30,1,8,true,false,263,false,29,true,9,false
HITTUNE,"mgh3, floored machine",2023-24,26,31,1,42,true,false,362,false,59,true,8,false
HITTUNE,"mgh3, floored machine",2023-24,26,31,1,8,false,false,313,false,6,false,5,false
HITTUNE,"mgh3, floored machine",2023-24,26,32,2,-16,true,false,353|293,false,-12,false,2,false
HITTUNE,"mgh3, floored machine",2023-24,26,32,1,3,true,false,373,false,3,true,5,true
HITTUNE,"mgh3, floored machine",2023-24,26,32,1,29,true,false,29,false,35,true,7,false
HITTUNE,"mgh3, floored machine",2023-24,26,33,1,-11,true,false,516,false,-10,true,6,false
HITTUNE,"mgh3, floored machine",2023-24,26,34,1,29,true,false,211,false,29,true,5,false
HITTUNE,"mgh3, floored machine",2023-24,26,35,1,27,true,false,415,false,35,true,4,false
HITTUNE,"mgh3, floored machine",2023-24,26,36,1,8,true,false,341,false,8,true,3,false
HITTUNE,"mgh3, floored machine",2023-24,26,37,1,9,true,false,349,false,9,true,2,true
HITTUNE,"mgh3, floored machine",2024-25,26,33,1,-2,true,false,573,false,-2,true,6,false
HITTUNE,"mgh3, floored machine",2024-25,26,34,2,-1,true,false,327|152,false,8,true,5,false
HITTUNE,"mgh3, floored machine",2024-25,26,36,1,18,true,false,514,false,18,true,3,false
HITTUNE,"mgh3, floored machine",2024-25,26,28,1,-12,true,false,207,false,-2,false,2,false
HITTUNE,"mgh3, floored machine",2024-25,26,30,1,8,true,false,401,false,26,true,9,false
HITTUNE,"mgh3, floored machine",2024-25,26,31,1,12,false,false,18,false,14,false,8,false
HITTUNE,"mgh3, floored machine",2024-25,26,31,1,-1,true,false,129,false,-13,true,8,false
HITTUNE,"mgh3, floored machine",2025-26,26,28,2,27,true,false,684|329,false,23,false,11,false
HITTUNE,"mgh3, floored machine",2025-26,26,29,2,-3,true,false,235|691,false,-9,true,10,true
HITTUNE,"mgh3, floored machine",2025-26,26,30,1,5,true,false,249,false,5,true,5,false
HITTUNE,"mgh3, floored machine",2025-26,26,31,1,4,true,false,74,false,2,true,8,false
HITTUNE,"mgh3, floored machine",2025-26,26,32,2,17,true,false,430|354,true,46,true,7,false
HITTUNE,"mgh3, floored machine",2025-26,26,33,1,29,false,false,260,false,27,false,6,false
HITTUNE,"mgh3, floored machine",2025-26,26,35,1,7,true,false,624,false,7,true,4,false
HITTUNE,"mgh3, floored machine",2025-26,26,35,1,-11,true,false,21,false,-11,true,4,false
HITTUNE,no hits (wait),2020-21,1,4,2,20,true,false,514|519,false,16,true,35,false
HITTUNE,no hits (wait),2020-21,1,9,1,23,true,false,96,false,25,true,30,false
HITTUNE,no hits (wait),2020-21,1,26,2,48,false,false,388|373,false,55,true,13,false
HITTUNE,no hits (wait),2020-21,1,35,1,9,true,false,155,false,9,true,4,false
HITTUNE,no hits (wait),2020-21,1,33,2,12,false,false,62|224,false,16,true,6,false
HITTUNE,no hits (wait),2020-21,1,16,1,29,true,false,277,false,21,true,14,false
HITTUNE,no hits (wait),2020-21,1,13,1,5,true,false,254,false,44,true,4,true
HITTUNE,no hits (wait),2020-21,1,24,1,16,false,false,164,false,0,false,2,false
HITTUNE,no hits (wait),2020-21,1,28,2,29,true,false,12|570,false,10,true,11,false
HITTUNE,no hits (wait),2020-21,1,8,1,10,true,false,457,false,-1,true,8,false
HITTUNE,no hits (wait),2020-21,1,10,1,-15,true,false,272,false,26,true,3,true
HITTUNE,no hits (wait),2020-21,1,21,1,27,true,false,276,false,0,false,1,true
HITTUNE,no hits (wait),2020-21,1,7,1,-8,true,false,141,false,-26,true,4,false
HITTUNE,no hits (wait),2020-21,1,15,1,10,false,false,506,false,34,false,9,false
HITTUNE,no hits (wait),2020-21,1,23,1,16,true,false,271,false,16,true,5,false
HITTUNE,no hits (wait),2020-21,1,30,1,1,true,false,102,false,-9,true,9,false
HITTUNE,no hits (wait),2020-21,1,5,1,18,true,false,37,false,2,false,2,false
HITTUNE,no hits (wait),2020-21,1,12,1,29,false,false,202,false,124,false,27,false
HITTUNE,no hits (wait),2020-21,1,14,1,-5,true,false,494,false,0,false,4,false
HITTUNE,no hits (wait),2020-21,1,18,1,44,true,false,556,false,57,true,11,false
HITTUNE,no hits (wait),2020-21,1,29,1,-7,true,false,435,false,-5,true,6,false
HITTUNE,no hits (wait),2020-21,1,34,1,10,true,false,524,false,10,true,5,false
HITTUNE,no hits (wait),2020-21,1,31,1,-13,true,false,306,false,-13,true,5,false
HITTUNE,no hits (wait),2020-21,1,2,2,16,false,false,157|461,false,22,false,26,false
HITTUNE,no hits (wait),2020-21,1,6,1,-13,true,false,155,false,-13,true,8,false
HITTUNE,no hits (wait),2020-21,1,11,1,-8,true,false,37,false,10,true,15,false
HITTUNE,no hits (wait),2020-21,1,22,2,19,true,false,302|557,false,160,true,17,false
HITTUNE,no hits (wait),2020-21,1,17,1,4,true,false,272,false,46,true,4,true
HITTUNE,no hits (wait),2020-21,1,20,1,-3,true,false,390,false,-11,true,11,false
HITTUNE,no hits (wait),2020-21,1,36,1,9,true,false,390,false,9,true,3,false
HITTUNE,no hits (wait),2021-22,1,13,2,-12,true,false,230|482,false,-20,true,11,false
HITTUNE,no hits (wait),2021-22,1,13,1,-14,true,false,142,false,-31,true,9,false
HITTUNE,no hits (wait),2021-22,1,22,1,15,false,false,584,false,11,true,17,false
HITTUNE,no hits (wait),2021-22,1,33,1,15,true,false,138,false,17,true,6,false
HITTUNE,no hits (wait),2021-22,1,8,1,14,false,false,413,false,66,true,26,false
HITTUNE,no hits (wait),2021-22,1,28,2,17,true,false,22|23,false,31,true,11,false
HITTUNE,no hits (wait),2021-22,1,32,1,12,true,false,256,false,12,true,7,false
HITTUNE,no hits (wait),2021-22,1,37,1,11,true,false,477,false,11,false,2,false
HITTUNE,no hits (wait),2021-22,1,38,1,6,true,false,359,false,6,false,1,false
HITTUNE,no hits (wait),2021-22,1,2,2,12,true,false,177|77,false,-12,true,26,false
HITTUNE,no hits (wait),2021-22,1,9,1,-2,true,false,96,false,-4,true,4,false
HITTUNE,no hits (wait),2021-22,1,16,1,3,true,false,315,false,3,true,5,false
HITTUNE,no hits (wait),2021-22,1,17,1,15,false,false,422,false,15,false,6,false
HITTUNE,no hits (wait),2021-22,1,21,1,-8,true,false,468,false,-67,true,18,false
HITTUNE,no hits (wait),2021-22,1,36,1,2,true,false,196,false,2,true,3,false
HITTUNE,no hits (wait),2021-22,1,7,1,7,true,false,399,false,7,true,5,false
HITTUNE,no hits (wait),2021-22,1,12,1,14,true,false,420,false,80,true,18,false
HITTUNE,no hits (wait),2021-22,1,14,1,10,true,false,475,false,10,true,25,false
HITTUNE,no hits (wait),2021-22,1,15,1,28,false,false,262,false,28,false,5,false
HITTUNE,no hits (wait),2021-22,1,3,1,23,true,false,256,false,25,true,25,false
HITTUNE,no hits (wait),2021-22,1,24,1,-22,true,false,196,false,-23,true,7,false
HITTUNE,no hits (wait),2021-22,1,26,1,13,true,false,267,false,23,true,9,false
HITTUNE,no hits (wait),2021-22,1,30,1,14,true,false,341,false,13,true,6,false
HITTUNE,no hits (wait),2021-22,1,34,1,0,true,false,315,false,0,true,5,false
HITTUNE,no hits (wait),2021-22,1,5,1,18,false,false,413,false,0,false,1,false
HITTUNE,no hits (wait),2021-22,1,18,1,10,false,false,556,false,4,false,11,false
HITTUNE,no hits (wait),2021-22,1,20,2,2,false,false,450|76,false,-17,false,19,false
HITTUNE,no hits (wait),2021-22,1,29,1,19,false,false,295,false,18,false,10,false
HITTUNE,no hits (wait),2021-22,1,6,1,-7,true,false,78,false,-1,true,10,false
HITTUNE,no hits (wait),2021-22,1,31,1,-16,true,false,123,false,-15,true,2,false
HITTUNE,no hits (wait),2021-22,1,35,1,0,true,false,681,false,-8,true,4,false
HITTUNE,no hits (wait),2021-22,1,4,1,-8,true,false,262,false,-3,true,9,false
HITTUNE,no hits (wait),2021-22,1,23,1,-11,true,false,679,false,0,true,3,false
HITTUNE,no hits (wait),2021-22,1,25,1,35,true,false,357,false,115,true,14,false
HITTUNE,no hits (wait),2022-23,1,34,2,-2,true,false,333|312,false,-8,true,5,false
HITTUNE,no hits (wait),2022-23,1,37,2,1,false,false,318|7,false,1,false,2,true
HITTUNE,no hits (wait),2022-23,1,3,1,5,false,false,295,false,19,true,36,false
HITTUNE,no hits (wait),2022-23,1,8,2,4,true,false,468|376,false,-5,true,8,false
HITTUNE,no hits (wait),2022-23,1,10,2,-34,true,false,304|26,false,20,false,17,false
HITTUNE,no hits (wait),2022-23,1,20,2,21,false,false,377|301,false,10,true,19,true
HITTUNE,no hits (wait),2022-23,1,35,1,18,true,false,116,false,18,false,4,false
HITTUNE,no hits (wait),2022-23,1,2,2,5,true,false,210|321,false,-16,true,23,false
HITTUNE,no hits (wait),2022-23,1,4,1,10,true,false,394,false,2,false,2,false
HITTUNE,no hits (wait),2022-23,1,6,2,23,true,false,318|19,false,61,true,13,false
HITTUNE,no hits (wait),2022-23,1,12,1,10,true,false,160,false,16,true,11,false
HITTUNE,no hits (wait),2022-23,1,25,1,24,true,false,394,false,13,true,14,false
HITTUNE,no hits (wait),2022-23,1,26,1,4,true,false,81,false,14,true,13,false
HITTUNE,no hits (wait),2022-23,1,32,2,-7,true,false,107|124,false,0,true,7,false
HITTUNE,no hits (wait),2022-23,1,11,1,0,true,false,465,false,50,true,23,false
HITTUNE,no hits (wait),2022-23,1,15,1,17,true,false,427,false,84,true,24,false
HITTUNE,no hits (wait),2022-23,1,17,1,2,true,false,346,false,-23,true,15,false
HITTUNE,no hits (wait),2022-23,1,21,1,33,false,false,285,false,60,false,13,false
HITTUNE,no hits (wait),2022-23,1,23,2,38,true,false,283|104,false,180,true,14,false
HITTUNE,no hits (wait),2022-23,1,24,1,-5,true,false,478,false,-27,true,9,false
HITTUNE,no hits (wait),2022-23,1,33,2,-1,true,false,307|104,false,-11,true,6,false
HITTUNE,no hits (wait),2022-23,1,14,2,0,true,false,306|370,false,-15,true,7,false
HITTUNE,no hits (wait),2022-23,1,16,1,-16,true,false,307,false,-10,true,10,false
HITTUNE,no hits (wait),2022-23,1,19,1,9,true,false,7,false,-17,true,14,false
HITTUNE,no hits (wait),2022-23,1,27,1,17,true,false,357,false,44,false,12,false
HITTUNE,no hits (wait),2022-23,1,28,1,26,true,false,19,false,17,true,4,false
HITTUNE,no hits (wait),2023-24,1,5,1,-3,true,false,165,false,-4,true,5,false
HITTUNE,no hits (wait),2023-24,1,6,1,5,true,false,168,false,-47,true,21,false
HITTUNE,no hits (wait),2023-24,1,13,2,12,true,false,20|28,false,-54,true,26,false
HITTUNE,no hits (wait),2023-24,1,21,1,-4,true,false,342,false,6,true,11,false
HITTUNE,no hits (wait),2023-24,1,34,1,10,true,false,373,false,10,true,5,false
HITTUNE,no hits (wait),2023-24,1,8,1,15,false,false,220,false,0,true,21,false
HITTUNE,no hits (wait),2023-24,1,14,2,-12,true,false,291|664,false,-5,false,8,false
HITTUNE,no hits (wait),2023-24,1,15,1,-17,true,false,424,false,0,false,1,false
HITTUNE,no hits (wait),2023-24,1,24,2,4,true,false,430|14,false,-6,true,15,false
HITTUNE,no hits (wait),2023-24,1,26,1,12,true,false,85,false,16,true,10,false
HITTUNE,no hits (wait),2023-24,1,27,1,6,true,false,328,false,-21,true,12,false
HITTUNE,no hits (wait),2023-24,1,16,1,14,false,false,275,false,49,false,15,false
HITTUNE,no hits (wait),2023-24,1,22,1,27,true,false,353,false,46,true,11,false
HITTUNE,no hits (wait),2023-24,1,32,1,9,true,false,265,false,16,true,7,false
HITTUNE,no hits (wait),2023-24,1,33,1,24,true,false,362,false,15,true,6,false
HITTUNE,no hits (wait),2023-24,1,35,1,15,true,false,516,false,15,true,4,false
HITTUNE,no hits (wait),2023-24,1,4,1,20,true,false,355,false,82,true,14,false
HITTUNE,no hits (wait),2023-24,1,7,1,0,true,false,19,false,-11,true,2,false
HITTUNE,no hits (wait),2023-24,1,9,1,2,true,false,373,false,-41,true,16,false
HITTUNE,no hits (wait),2023-24,1,10,1,19,true,false,43,false,32,true,9,false
HITTUNE,no hits (wait),2023-24,1,31,1,21,true,false,263,false,24,true,8,false
HITTUNE,no hits (wait),2023-24,1,2,2,30,false,false,352|135,false,22,false,11,false
HITTUNE,no hits (wait),2023-24,1,3,1,28,false,false,326,false,46,false,17,false
HITTUNE,no hits (wait),2023-24,1,18,1,19,true,false,60,false,27,true,19,false
HITTUNE,no hits (wait),2023-24,1,19,1,10,true,false,19,false,169,true,20,false
HITTUNE,no hits (wait),2023-24,1,20,1,-3,true,false,343,false,-6,true,6,false
HITTUNE,no hits (wait),2023-24,1,25,1,-11,true,false,664,false,-11,true,5,false
HITTUNE,no hits (wait),2023-24,1,29,1,8,true,false,688,false,-5,true,10,false
HITTUNE,no hits (wait),2023-24,1,36,1,16,true,false,415,false,16,true,3,false
HITTUNE,no hits (wait),2023-24,1,17,1,27,false,false,526,false,66,true,17,false
HITTUNE,no hits (wait),2023-24,1,30,1,10,true,false,303,false,10,true,5,false
HITTUNE,no hits (wait),2023-24,1,30,1,-16,true,false,313,false,-9,true,9,false
HITTUNE,no hits (wait),2023-24,1,37,1,2,true,false,211,false,2,true,2,false
HITTUNE,no hits (wait),2024-25,1,19,2,20,false,false,328|168,false,252,true,20,false
HITTUNE,no hits (wait),2024-25,1,25,2,32,false,false,110|447,false,77,false,14,false
HITTUNE,no hits (wait),2024-25,1,26,1,-6,true,false,3,false,-7,true,6,false
HITTUNE,no hits (wait),2024-25,1,34,1,14,false,false,573,false,14,false,5,false
HITTUNE,no hits (wait),2024-25,1,3,2,9,true,false,350|566,false,63,true,19,false
HITTUNE,no hits (wait),2024-25,1,11,2,12,false,false,91|78,false,-1,false,3,false
HITTUNE,no hits (wait),2024-25,1,14,2,-4,true,false,514|617,false,-12,true,9,false
HITTUNE,no hits (wait),2024-25,1,21,1,13,true,false,327,false,8,true,7,false
HITTUNE,no hits (wait),2024-25,1,15,1,5,true,false,18,false,27,true,24,false
HITTUNE,no hits (wait),2024-25,1,17,2,45,true,false,573|401,false,42,true,12,false
HITTUNE,no hits (wait),2024-25,1,20,1,11,true,false,236,false,2,true,14,false
HITTUNE,no hits (wait),2024-25,1,22,1,1,true,false,339,false,-4,true,4,false
HITTUNE,no hits (wait),2024-25,1,29,1,-12,true,false,650,false,-30,true,10,false
HITTUNE,no hits (wait),2024-25,1,30,1,-6,true,false,129,false,-12,true,9,false
HITTUNE,no hits (wait),2024-25,1,31,1,16,true,false,401,false,8,true,8,false
HITTUNE,no hits (wait),2024-25,1,6,1,12,true,false,99,false,31,true,33,false
HITTUNE,no hits (wait),2024-25,1,6,1,-4,true,false,306,false,-6,true,6,false
HITTUNE,no hits (wait),2024-25,1,9,2,3,true,false,311|230,false,1,true,4,false
HITTUNE,no hits (wait),2024-25,1,13,2,-2,true,false,15|495,false,-29,true,26,false
HITTUNE,no hits (wait),2024-25,1,23,1,22,true,false,129,false,22,true,5,false
HITTUNE,no hits (wait),2024-25,1,28,2,-23,true,false,207|585,false,-14,true,11,false
HITTUNE,no hits (wait),2024-25,1,32,1,22,false,false,350,false,32,false,7,false
HITTUNE,no hits (wait),2024-25,1,12,2,-44,true,false,82|455,false,-40,true,5,false
HITTUNE,no hits (wait),2025-26,1,11,1,-1,true,false,348,false,1,true,11,false
HITTUNE,no hits (wait),2025-26,1,20,2,-30,true,false,16|547,false,-32,true,19,false
HITTUNE,no hits (wait),2025-26,1,22,1,3,true,false,694,false,-27,true,17,false
HITTUNE,no hits (wait),2025-26,1,24,1,-5,true,false,382,false,0,true,4,false
HITTUNE,no hits (wait),2025-26,1,29,2,8,true,false,235|249,false,-15,true,10,true
HITTUNE,no hits (wait),2025-26,1,34,1,-9,true,false,21,false,-9,true,5,false
HITTUNE,no hits (wait),2025-26,1,2,2,6,true,false,82|531,false,112,false,29,false
HITTUNE,no hits (wait),2025-26,1,8,1,31,false,false,283,false,48,true,17,false
HITTUNE,no hits (wait),2025-26,1,9,1,4,true,false,5,false,4,true,5,false
HITTUNE,no hits (wait),2025-26,1,35,1,12,false,false,417,false,12,false,4,false
HITTUNE,no hits (wait),2025-26,1,10,1,20,false,false,714,false,8,false,3,false
HITTUNE,no hits (wait),2025-26,1,15,1,10,true,false,387,false,7,true,4,false
HITTUNE,no hits (wait),2025-26,1,19,2,34,true,false,450|684,false,44,true,13,false
HITTUNE,no hits (wait),2025-26,1,28,2,37,false,false,373|329,false,57,false,11,false
HITTUNE,no hits (wait),2025-26,1,32,1,33,true,false,260,false,32,true,7,false
HITTUNE,no hits (wait),2025-26,1,33,1,20,false,false,407,false,12,false,6,false
HITTUNE,no hits (wait),2025-26,1,18,1,19,true,false,21,false,5,false,2,false
HITTUNE,no hits (wait),2025-26,1,3,1,19,true,false,477,false,3,true,8,false
HITTUNE,no hits (wait),2025-26,1,5,1,-1,true,false,373,false,0,true,4,false
HITTUNE,no hits (wait),2025-26,1,6,1,-12,true,false,200,false,-13,true,9,false
HITTUNE,no hits (wait),2025-26,1,13,2,23,true,false,430|237,false,149,true,21,true
HITTUNE,no hits (wait),2025-26,1,14,1,33,true,false,403,false,-12,true,11,false
HITTUNE,no hits (wait),2025-26,1,25,2,41,false,false,5|449,false,216,true,14,false
HITTUNE,no hits (wait),2025-26,1,25,1,22,false,false,624,false,44,true,14,false
HITTUNE,no hits (wait),2025-26,1,31,2,30,false,false,136|485,false,38,false,8,false
HITTUNE,no hits (wait),2025-26,1,4,1,14,true,false,449,false,55,true,16,false
HITTUNE,no hits (wait),2025-26,1,7,1,9,true,false,8,false,5,true,26,false
HITTUNE,no hits (wait),2020-21,6,8,1,18,true,false,202,false,74,true,31,false
HITTUNE,no hits (wait),2020-21,6,20,1,-3,true,false,390,false,-15,true,11,false
HITTUNE,no hits (wait),2020-21,6,22,2,1,true,false,255|306,false,8,true,17,false
HITTUNE,no hits (wait),2020-21,6,26,1,15,false,false,557,false,14,true,13,false
HITTUNE,no hits (wait),2020-21,6,29,1,12,true,false,69,false,6,true,10,false
HITTUNE,no hits (wait),2020-21,6,32,1,24,true,false,155,false,21,true,7,false
HITTUNE,no hits (wait),2020-21,6,33,1,-1,true,false,224,false,4,true,6,false
HITTUNE,no hits (wait),2020-21,6,34,1,6,true,false,370,false,6,true,5,false
HITTUNE,no hits (wait),2020-21,6,7,2,-17,true,false,141|498,false,-9,true,5,false
HITTUNE,no hits (wait),2020-21,6,10,1,5,true,false,272,false,48,true,11,false
HITTUNE,no hits (wait),2020-21,6,11,1,9,true,false,232,false,23,true,11,false
HITTUNE,no hits (wait),2020-21,6,12,1,5,true,false,37,false,28,true,14,false
HITTUNE,no hits (wait),2020-21,6,13,1,-23,true,false,494,false,-16,true,4,false
HITTUNE,no hits (wait),2020-21,6,18,1,31,true,false,556,false,31,true,12,false
HITTUNE,no hits (wait),2020-21,6,23,1,8,true,false,273,false,-37,true,16,false
HITTUNE,no hits (wait),2020-21,6,35,1,-5,true,false,300,false,-5,true,4,false
HITTUNE,no hits (wait),2020-21,6,9,1,0,false,false,457,false,0,false,2,false
HITTUNE,no hits (wait),2020-21,6,15,2,-1,true,false,308|506,false,-7,true,10,false
HITTUNE,no hits (wait),2020-21,6,17,2,35,false,false,277|302,false,178,true,19,false
HITTUNE,no hits (wait),2020-21,6,28,1,-10,true,false,435,false,-10,true,4,false
HITTUNE,no hits (wait),2020-21,6,31,1,-13,true,false,306,false,-22,true,8,false
HITTUNE,no hits (wait),2020-21,6,36,1,15,true,false,254,false,34,true,3,true
HITTUNE,no hits (wait),2020-21,6,21,1,27,true,false,276,false,0,false,1,true
HITTUNE,no hits (wait),2020-21,6,25,2,39,false,false,388|570,false,59,true,9,false
HITTUNE,no hits (wait),2020-21,6,27,1,19,false,false,12,false,30,false,12,false
HITTUNE,no hits (wait),2020-21,6,30,1,0,true,false,102,false,0,true,5,false
HITTUNE,no hits (wait),2021-22,6,38,1,6,true,false,359,false,18,false,1,true
HITTUNE,no hits (wait),2021-22,6,11,1,29,false,false,475,false,29,false,5,false
HITTUNE,no hits (wait),2021-22,6,13,2,41,true,false,237|420,false,175,true,26,false
HITTUNE,no hits (wait),2021-22,6,13,1,1,true,false,413,false,-25,true,20,false
HITTUNE,no hits (wait),2021-22,6,13,1,-14,true,false,142,false,-29,true,8,false
HITTUNE,no hits (wait),2021-22,6,14,1,19,false,false,21,false,7,false,3,false
HITTUNE,no hits (wait),2021-22,6,19,1,2,true,false,138,false,-2,true,3,false
HITTUNE,no hits (wait),2021-22,6,22,2,21,false,false,468|196,false,14,false,9,false
HITTUNE,no hits (wait),2021-22,6,23,1,3,true,false,277,false,5,false,2,false
HITTUNE,no hits (wait),2021-22,6,25,1,-21,true,false,240,false,-23,true,2,false
HITTUNE,no hits (wait),2021-22,6,27,1,9,true,false,22,false,20,true,12,false
HITTUNE,no hits (wait),2021-22,6,15,1,21,false,false,590,false,7,true,9,false
HITTUNE,no hits (wait),2021-22,6,17,1,-4,true,false,422,false,-10,true,20,false
HITTUNE,no hits (wait),2021-22,6,24,1,20,false,false,429,false,19,false,8,false
HITTUNE,no hits (wait),2021-22,6,26,1,3,true,false,475,false,-34,true,13,false
HITTUNE,no hits (wait),2021-22,6,28,1,18,true,false,6,false,16,true,8,false
HITTUNE,no hits (wait),2021-22,6,30,1,12,true,false,138,false,-7,true,9,false
HITTUNE,no hits (wait),2021-22,6,32,1,-11,true,false,360,false,-13,true,7,false
HITTUNE,no hits (wait),2021-22,6,33,1,-7,true,false,345,false,-1,false,1,false
HITTUNE,no hits (wait),2021-22,6,7,1,6,true,false,154,false,2,false,2,false
HITTUNE,no hits (wait),2021-22,6,9,1,5,true,false,261,false,26,true,10,false
HITTUNE,no hits (wait),2021-22,6,10,1,-1,true,false,76,false,18,true,29,false
HITTUNE,no hits (wait),2021-22,6,21,2,19,false,false,450|91,false,-14,false,18,false
HITTUNE,no hits (wait),2021-22,6,29,1,-4,true,false,559,false,-12,true,10,false
HITTUNE,no hits (wait),2021-22,6,31,1,4,true,false,265,false,-3,true,4,false
HITTUNE,no hits (wait),2021-22,6,34,1,27,true,false,40,false,27,true,5,false
HITTUNE,no hits (wait),2021-22,6,36,1,22,true,false,180,false,22,true,3,false
HITTUNE,no hits (wait),2021-22,6,16,1,14,true,false,257,false,4,true,13,false
HITTUNE,no hits (wait),2021-22,6,35,1,-2,true,false,681,false,-2,true,4,false
HITTUNE,no hits (wait),2021-22,6,37,1,12,true,false,154,false,12,true,2,false
HITTUNE,no hits (wait),2022-23,6,19,2,12,true,false,7|558,false,-10,true,20,false
HITTUNE,no hits (wait),2022-23,6,30,2,26,false,false,335|295,false,11,false,9,false
HITTUNE,no hits (wait),2022-23,6,35,1,-7,true,false,335,false,-2,true,2,false
HITTUNE,no hits (wait),2022-23,6,25,1,4,true,false,81,false,21,true,14,false
HITTUNE,no hits (wait),2022-23,6,15,2,3,true,false,465|210,false,-27,true,20,false
HITTUNE,no hits (wait),2022-23,6,15,1,-14,true,false,307,false,-13,true,10,false
HITTUNE,no hits (wait),2022-23,6,16,1,-18,true,false,160,false,-18,true,5,false
HITTUNE,no hits (wait),2022-23,6,21,2,13,true,false,318|225,false,12,false,3,false
HITTUNE,no hits (wait),2022-23,6,23,1,17,true,false,407,false,20,true,7,false
HITTUNE,no hits (wait),2022-23,6,24,1,10,true,false,427,false,37,true,15,false
HITTUNE,no hits (wait),2022-23,6,26,1,11,true,false,357,false,-16,true,13,false
HITTUNE,no hits (wait),2022-23,6,27,1,11,true,false,526,false,0,true,5,false
HITTUNE,no hits (wait),2022-23,6,7,1,-7,true,false,376,false,-1,true,8,false
HITTUNE,no hits (wait),2022-23,6,10,1,-10,true,false,146,false,-7,true,3,false
HITTUNE,no hits (wait),2022-23,6,11,2,15,true,false,427|373,false,24,true,10,false
HITTUNE,no hits (wait),2022-23,6,17,1,6,true,false,104,false,9,true,22,false
HITTUNE,no hits (wait),2022-23,6,28,1,47,false,false,40,false,24,true,11,false
HITTUNE,no hits (wait),2022-23,6,32,2,12,true,false,285|124,false,8,true,7,false
HITTUNE,no hits (wait),2022-23,6,34,2,-15,false,false,307|107,false,-23,false,5,false
HITTUNE,no hits (wait),2022-23,6,8,2,35,false,false,80|26,false,153,false,31,false
HITTUNE,no hits (wait),2022-23,6,13,1,3,true,false,312,false,3,true,6,false
HITTUNE,no hits (wait),2022-23,6,22,1,38,false,false,285,false,32,false,4,false
HITTUNE,no hits (wait),2022-23,6,36,1,11,false,false,116,false,11,false,3,false
HITTUNE,no hits (wait),2022-23,6,37,1,-2,true,false,303,false,-2,true,2,false
HITTUNE,no hits (wait),2023-24,6,36,1,16,true,false,415,false,16,true,3,false
HITTUNE,no hits (wait),2023-24,6,11,1,10,true,false,19,false,97,true,21,false
HITTUNE,no hits (wait),2023-24,6,21,2,-16,true,false,343|342,false,-22,true,18,false
HITTUNE,no hits (wait),2023-24,6,22,1,39,true,false,353,false,36,true,11,false
HITTUNE,no hits (wait),2023-24,6,30,2,33,false,false,355|245,false,39,true,9,false
HITTUNE,no hits (wait),2023-24,6,9,1,-21,true,false,14,false,-9,true,2,false
HITTUNE,no hits (wait),2023-24,6,12,2,12,false,false,113|490,false,-11,false,12,false
HITTUNE,no hits (wait),2023-24,6,19,1,7,true,false,5,false,41,true,20,false
HITTUNE,no hits (wait),2023-24,6,24,1,22,true,false,134,false,0,true,15,false
HITTUNE,no hits (wait),2023-24,6,24,1,24,true,false,85,false,33,true,12,false
HITTUNE,no hits (wait),2023-24,6,25,1,-2,true,false,112,false,-1,false,2,false
HITTUNE,no hits (wait),2023-24,6,29,1,6,true,false,29,false,45,true,10,false
HITTUNE,no hits (wait),2023-24,6,31,1,21,true,false,263,false,24,true,8,false
HITTUNE,no hits (wait),2023-24,6,32,1,-12,true,false,14,false,40,true,7,false
HITTUNE,no hits (wait),2023-24,6,17,2,45,false,false,516|60,false,49,false,22,false
HITTUNE,no hits (wait),2023-24,6,17,1,18,true,false,290,false,-3,true,9,false
HITTUNE,no hits (wait),2023-24,6,18,1,9,true,false,526,false,-4,true,16,false
HITTUNE,no hits (wait),2023-24,6,27,1,14,false,false,321,false,-4,true,12,false
HITTUNE,no hits (wait),2023-24,6,33,1,24,true,false,362,false,7,true,6,false
HITTUNE,no hits (wait),2023-24,6,34,1,10,true,false,373,false,5,true,5,false
HITTUNE,no hits (wait),2023-24,6,35,1,-10,true,false,211,false,-10,true,4,true
HITTUNE,no hits (wait),2023-24,6,37,1,1,true,false,516,false,1,true,2,false
HITTUNE,no hits (wait),2023-24,6,8,1,15,false,false,265,false,35,true,11,false
HITTUNE,no hits (wait),2023-24,6,14,2,-12,true,false,291|664,false,-29,false,23,false
HITTUNE,no hits (wait),2023-24,6,15,2,14,true,false,31|275,false,44,true,16,false
HITTUNE,no hits (wait),2023-24,6,26,1,1,false,false,430,false,1,false,4,false
HITTUNE,no hits (wait),2024-25,6,22,1,1,true,false,329,false,3,false,1,false
HITTUNE,no hits (wait),2024-25,6,25,2,32,true,false,3|110,false,41,true,14,false
HITTUNE,no hits (wait),2024-25,6,31,1,8,true,false,207,false,8,true,2,false
HITTUNE,no hits (wait),2024-25,6,21,2,2,true,false,311|129,false,9,true,8,false
HITTUNE,no hits (wait),2024-25,6,23,1,4,true,false,327,false,4,true,3,false
HITTUNE,no hits (wait),2024-25,6,26,1,-19,true,false,78,false,-22,true,13,false
HITTUNE,no hits (wait),2024-25,6,27,1,-19,true,false,541,false,-16,true,3,false
HITTUNE,no hits (wait),2024-25,6,30,1,-15,true,false,129,false,-20,true,9,false
HITTUNE,no hits (wait),2024-25,6,33,1,1,true,false,755,false,1,true,6,false
HITTUNE,no hits (wait),2024-25,6,34,1,10,false,false,339,false,9,false,5,false
HITTUNE,no hits (wait),2024-25,6,15,1,5,true,false,18,false,27,true,24,false
HITTUNE,no hits (wait),2024-25,6,19,2,4,false,false,541|285,false,-6,false,10,false
HITTUNE,no hits (wait),2024-25,6,29,2,22,true,false,585|350,false,53,true,10,false
HITTUNE,no hits (wait),2024-25,6,32,1,11,true,false,650,false,-3,true,7,false
HITTUNE,no hits (wait),2024-25,6,9,2,3,true,false,311|372,false,-5,true,3,false
HITTUNE,no hits (wait),2024-25,6,11,2,-10,true,false,78|182,false,-119,true,28,false
HITTUNE,no hits (wait),2024-25,6,11,1,10,true,false,491,false,10,true,6,false
HITTUNE,no hits (wait),2024-25,6,12,2,2,true,false,82|573,false,-14,true,27,false
HITTUNE,no hits (wait),2024-25,6,14,2,-4,true,false,514|617,false,-23,true,8,false
HITTUNE,no hits (wait),2024-25,6,17,2,67,true,false,328|401,false,333,true,22,true
HITTUNE,no hits (wait),2025-26,6,17,1,25,true,false,21,false,14,true,3,false
HITTUNE,no hits (wait),2025-26,6,24,2,22,true,false,449|547,false,164,true,15,false
HITTUNE,no hits (wait),2025-26,6,27,1,-16,true,false,382,false,-4,false,1,false
HITTUNE,no hits (wait),2025-26,6,32,1,5,true,false,267,false,8,true,7,false
HITTUNE,no hits (wait),2025-26,6,35,2,6,true,false,430|497,false,4,true,4,false
HITTUNE,no hits (wait),2025-26,6,28,2,33,true,false,373|329,false,58,true,11,false
HITTUNE,no hits (wait),2025-26,6,36,1,-15,true,false,417,false,-15,true,3,false
HITTUNE,no hits (wait),2025-26,6,11,2,8,true,false,348|668,false,-43,true,28,false
HITTUNE,no hits (wait),2025-26,6,14,2,6,false,false,283|384,false,22,false,15,false
HITTUNE,no hits (wait),2025-26,6,14,1,14,true,false,82,false,46,true,13,false
HITTUNE,no hits (wait),2025-26,6,19,2,0,true,false,16|684,false,-8,true,20,false
HITTUNE,no hits (wait),2025-26,6,19,1,7,true,false,450,false,7,true,5,false
HITTUNE,no hits (wait),2025-26,6,19,1,1,true,false,403,false,2,false,2,false
HITTUNE,no hits (wait),2025-26,6,20,1,-3,true,false,488,false,0,true,4,false
HITTUNE,no hits (wait),2025-26,6,33,1,31,false,false,5,false,32,false,6,false
HITTUNE,no hits (wait),2025-26,6,15,1,-12,true,false,256,false,-10,true,4,false
HITTUNE,no hits (wait),2025-26,6,21,1,23,false,false,8,false,51,false,12,false
HITTUNE,no hits (wait),2025-26,6,25,2,20,true,false,624|21,false,59,true,14,false
HITTUNE,no hits (wait),2025-26,6,29,1,11,true,false,249,false,9,true,6,false
HITTUNE,no hits (wait),2025-26,6,31,2,-7,true,false,235|136,false,-17,true,8,false
HITTUNE,no hits (wait),2025-26,6,13,2,-21,true,false,6|237,false,-37,true,23,false
HITTUNE,no hits (wait),2020-21,11,17,1,20,true,false,277,false,20,true,5,false
HITTUNE,no hits (wait),2020-21,11,22,1,-20,true,false,162,false,-6,false,1,false
HITTUNE,no hits (wait),2020-21,11,35,1,-5,true,false,300,false,-5,true,4,false
HITTUNE,no hits (wait),2020-21,11,23,1,17,true,false,277,false,17,true,5,false
HITTUNE,no hits (wait),2020-21,11,26,2,26,false,false,254|271,false,26,false,3,false
HITTUNE,no hits (wait),2020-21,11,32,1,11,true,false,12,false,-2,true,7,false
HITTUNE,no hits (wait),2020-21,11,14,2,6,true,false,141|506,false,0,true,14,false
HITTUNE,no hits (wait),2020-21,11,16,2,17,true,false,306|302,false,112,true,23,false
HITTUNE,no hits (wait),2020-21,11,21,1,27,true,false,276,false,19,true,5,true
HITTUNE,no hits (wait),2020-21,11,28,2,34,true,false,388|570,false,11,true,11,true
HITTUNE,no hits (wait),2020-21,11,28,1,-10,true,false,435,false,-10,true,6,false
HITTUNE,no hits (wait),2020-21,11,31,1,14,true,false,102,false,6,true,4,false
HITTUNE,no hits (wait),2020-21,11,33,1,-1,true,false,224,false,2,true,6,false
HITTUNE,no hits (wait),2020-21,11,12,2,40,false,false,213|224,false,21,true,27,false
HITTUNE,no hits (wait),2020-21,11,18,1,35,true,false,556,false,49,true,13,false
HITTUNE,no hits (wait),2020-21,11,20,2,13,true,false,390|516,false,31,true,12,false
HITTUNE,no hits (wait),2020-21,11,29,1,20,true,false,69,false,22,true,10,false
HITTUNE,no hits (wait),2020-21,11,30,1,-7,true,false,254,false,28,true,9,false
HITTUNE,no hits (wait),2020-21,11,34,1,14,true,false,155,false,14,true,5,false
HITTUNE,no hits (wait),2020-21,11,36,1,-8,true,false,259,false,-8,true,3,false
HITTUNE,no hits (wait),2021-22,11,16,1,3,true,false,315,false,3,true,5,false
HITTUNE,no hits (wait),2021-22,11,25,1,-8,true,false,240,false,-9,true,2,false
HITTUNE,no hits (wait),2021-22,11,31,1,7,true,false,270,false,2,true,2,false
HITTUNE,no hits (wait),2021-22,11,35,1,0,true,false,138,false,0,true,4,false
HITTUNE,no hits (wait),2021-22,11,36,1,5,true,false,234,false,5,true,3,false
HITTUNE,no hits (wait),2021-22,11,37,1,4,true,false,154,false,4,true,2,false
HITTUNE,no hits (wait),2021-22,11,14,1,9,false,false,188,false,15,true,12,false
HITTUNE,no hits (wait),2021-22,11,17,1,-3,true,false,559,false,-13,true,14,false
HITTUNE,no hits (wait),2021-22,11,18,1,-34,true,false,142,false,-23,true,4,false
HITTUNE,no hits (wait),2021-22,11,20,1,-3,true,false,91,false,-22,true,12,false
HITTUNE,no hits (wait),2021-22,11,21,1,-14,true,false,450,false,-70,true,18,false
HITTUNE,no hits (wait),2021-22,11,22,1,15,false,false,584,false,9,true,17,false
HITTUNE,no hits (wait),2021-22,11,26,1,26,true,false,22,false,58,true,13,false
HITTUNE,no hits (wait),2021-22,11,27,1,11,true,false,681,false,26,true,2,false
HITTUNE,no hits (wait),2021-22,11,12,2,-14,true,false,230|581,false,-12,false,12,false
HITTUNE,no hits (wait),2021-22,11,13,1,-14,true,false,142,false,-10,true,2,false
HITTUNE,no hits (wait),2021-22,11,19,1,15,false,false,408,false,14,false,20,false
HITTUNE,no hits (wait),2021-22,11,23,1,-7,true,false,256,false,25,true,16,false
HITTUNE,no hits (wait),2021-22,11,28,1,4,true,false,23,false,-2,true,11,false
HITTUNE,no hits (wait),2021-22,11,29,1,10,true,false,265,false,9,true,10,false
HITTUNE,no hits (wait),2021-22,11,32,1,-2,true,false,67,false,-4,true,7,false
HITTUNE,no hits (wait),2021-22,11,33,1,14,true,false,200,false,12,true,6,false
HITTUNE,no hits (wait),2021-22,11,15,1,14,true,false,262,false,21,true,8,false
HITTUNE,no hits (wait),2021-22,11,24,1,-22,true,false,196,false,-40,true,13,false
HITTUNE,no hits (wait),2021-22,11,30,1,14,true,false,341,false,14,true,5,false
HITTUNE,no hits (wait),2021-22,11,34,1,0,true,false,315,false,0,true,5,false
HITTUNE,no hits (wait),2021-22,11,38,1,6,true,false,359,false,18,false,1,true
HITTUNE,no hits (wait),2022-23,11,25,1,4,true,false,104,false,4,true,6,false
HITTUNE,no hits (wait),2022-23,11,26,1,-9,true,false,465,false,-17,true,9,false
HITTUNE,no hits (wait),2022-23,11,15,2,-3,true,false,465|210,false,-4,false,1,false
HITTUNE,no hits (wait),2022-23,11,16,2,-15,true,false,301|237,false,-47,true,23,false
HITTUNE,no hits (wait),2022-23,11,23,1,13,true,false,407,false,21,true,6,false
HITTUNE,no hits (wait),2022-23,11,33,1,26,true,false,333,false,30,true,6,false
HITTUNE,no hits (wait),2022-23,11,18,1,13,true,false,593,false,14,true,4,false
HITTUNE,no hits (wait),2022-23,11,32,1,-6,true,false,124,false,-7,true,7,false
HITTUNE,no hits (wait),2022-23,11,36,1,8,false,false,106,false,8,false,3,false
HITTUNE,no hits (wait),2022-23,11,28,1,15,false,false,377,false,12,false,3,false
HITTUNE,no hits (wait),2022-23,11,17,2,10,true,false,307|346,false,-15,true,22,false
HITTUNE,no hits (wait),2022-23,11,17,1,10,true,false,160,false,9,true,6,false
HITTUNE,no hits (wait),2022-23,11,19,1,17,true,false,26,false,38,true,9,false
HITTUNE,no hits (wait),2022-23,11,21,1,11,true,false,484,false,18,true,6,false
HITTUNE,no hits (wait),2022-23,11,22,1,12,true,false,705,false,11,false,3,false
HITTUNE,no hits (wait),2022-23,11,24,1,14,true,false,81,false,45,true,15,false
HITTUNE,no hits (wait),2022-23,11,31,2,-2,true,false,335|295,false,-2,false,3,false
HITTUNE,no hits (wait),2022-23,11,35,1,-7,true,false,335,false,-2,true,2,false
HITTUNE,no hits (wait),2022-23,11,20,1,13,true,false,7,false,60,true,19,false
HITTUNE,no hits (wait),2022-23,11,27,1,8,true,false,357,false,21,true,12,false
HITTUNE,no hits (wait),2022-23,11,29,1,8,true,false,13,false,7,true,4,false
HITTUNE,no hits (wait),2022-23,11,34,1,20,false,false,377,false,20,false,5,false
HITTUNE,no hits (wait),2022-23,11,37,1,-1,true,false,116,false,-1,true,2,false
HITTUNE,no hits (wait),2023-24,11,27,1,14,false,false,321,false,-16,true,12,false
HITTUNE,no hits (wait),2023-24,11,31,1,-25,true,false,313,false,-29,true,8,false
HITTUNE,no hits (wait),2023-24,11,35,1,15,true,false,516,false,15,true,4,false
HITTUNE,no hits (wait),2023-24,11,13,2,3,true,false,664|602,false,53,true,17,false
HITTUNE,no hits (wait),2023-24,11,17,2,35,false,false,19|343,false,124,true,22,false
HITTUNE,no hits (wait),2023-24,11,17,1,21,true,false,290,false,27,true,9,false
HITTUNE,no hits (wait),2023-24,11,21,2,-15,true,false,516|342,false,1,false,18,false
HITTUNE,no hits (wait),2023-24,11,22,2,54,false,false,49|353,false,43,true,17,false
HITTUNE,no hits (wait),2023-24,11,25,1,-4,true,false,112,false,-1,true,2,false
HITTUNE,no hits (wait),2023-24,11,32,1,-12,true,false,14,false,43,true,7,true
HITTUNE,no hits (wait),2023-24,11,36,1,16,true,false,415,false,16,true,3,false
HITTUNE,no hits (wait),2023-24,11,24,1,19,true,false,526,false,19,true,10,false
HITTUNE,no hits (wait),2023-24,11,24,1,1,true,false,85,false,-12,true,13,false
HITTUNE,no hits (wait),2023-24,11,30,1,10,true,false,303,false,10,true,5,false
HITTUNE,no hits (wait),2023-24,11,30,1,-3,true,false,263,false,5,true,9,false
HITTUNE,no hits (wait),2023-24,11,30,1,30,false,false,5,false,43,true,9,false
HITTUNE,no hits (wait),2023-24,11,34,1,10,true,false,373,false,5,true,5,false
HITTUNE,no hits (wait),2023-24,11,37,1,2,true,false,211,false,2,true,2,false
HITTUNE,no hits (wait),2023-24,11,14,2,-18,true,false,373|43,false,-30,true,7,false
HITTUNE,no hits (wait),2023-24,11,18,1,-7,true,false,134,false,9,true,21,false
HITTUNE,no hits (wait),2023-24,11,26,1,1,false,false,430,false,1,false,4,false
HITTUNE,no hits (wait),2023-24,11,33,1,24,true,false,362,false,7,true,6,false
HITTUNE,no hits (wait),2024-25,11,32,1,14,false,false,650,false,5,false,7,false
HITTUNE,no hits (wait),2024-25,11,12,2,-2,true,false,82|236,false,-10,true,4,false
HITTUNE,no hits (wait),2024-25,11,15,1,16,true,false,541,false,14,true,6,false
HITTUNE,no hits (wait),2024-25,11,16,1,3,true,false,18,false,2,true,7,false
HITTUNE,no hits (wait),2024-25,11,31,2,30,true,false,401|350,false,36,true,8,false
HITTUNE,no hits (wait),2024-25,11,36,1,3,true,false,23,false,3,true,3,false
HITTUNE,no hits (wait),2024-25,11,19,2,54,false,false,401|247,false,73,false,9,false
HITTUNE,no hits (wait),2024-25,11,19,1,-3,true,false,235,false,-7,true,9,false
HITTUNE,no hits (wait),2024-25,11,25,1,10,true,false,18,false,-9,true,14,false
HITTUNE,no hits (wait),2024-25,11,34,2,29,true,false,327|235,false,18,true,5,false
HITTUNE,no hits (wait),2024-25,11,21,2,3,true,false,311|129,false,13,true,10,false
HITTUNE,no hits (wait),2024-25,11,23,1,-4,true,false,339,false,-3,true,2,false
HITTUNE,no hits (wait),2024-25,11,26,2,-4,true,false,110|74,false,8,true,13,false
HITTUNE,no hits (wait),2024-25,11,29,1,-5,true,false,129,false,-11,true,10,false
HITTUNE,no hits (wait),2024-25,11,14,2,-15,true,false,180|495,false,-11,false,7,false
HITTUNE,no hits (wait),2024-25,11,28,2,8,true,false,585|207,false,43,false,11,false
HITTUNE,no hits (wait),2024-25,11,28,1,-5,true,false,15,false,1,true,6,false
HITTUNE,no hits (wait),2025-26,11,24,1,30,true,false,449,false,175,true,15,false
HITTUNE,no hits (wait),2025-26,11,25,2,13,false,false,808|21,false,9,false,4,false
HITTUNE,no hits (wait),2025-26,11,25,1,22,false,false,624,false,44,true,14,false
HITTUNE,no hits (wait),2025-26,11,28,1,-3,true,false,119,false,2,true,3,false
HITTUNE,no hits (wait),2025-26,11,29,2,38,true,false,249|783,false,35,true,10,false
HITTUNE,no hits (wait),2025-26,11,29,1,14,true,false,343,false,-17,true,10,false
HITTUNE,no hits (wait),2025-26,11,33,2,40,true,false,260|517,false,27,true,6,false
HITTUNE,no hits (wait),2025-26,11,34,1,3,true,false,21,false,3,true,5,false
HITTUNE,no hits (wait),2025-26,11,13,2,21,false,false,16|74,false,-50,true,26,false
HITTUNE,no hits (wait),2025-26,11,15,1,13,true,false,387,false,10,true,4,false
HITTUNE,no hits (wait),2025-26,11,27,1,-16,true,false,382,false,-4,false,1,false
HITTUNE,no hits (wait),2025-26,11,31,2,-5,false,false,235|531,false,2,false,3,false
HITTUNE,no hits (wait),2025-26,11,35,1,-4,true,false,82,false,7,true,2,false
HITTUNE,no hits (wait),2025-26,11,37,2,12,true,false,5|237,false,12,false,2,false
HITTUNE,no hits (wait),2025-26,11,19,2,7,true,false,82|684,false,19,true,20,false
HITTUNE,no hits (wait),2025-26,11,19,1,5,true,false,21,false,0,false,1,false
HITTUNE,no hits (wait),2025-26,11,19,1,-13,true,false,414,false,-13,true,5,false
HITTUNE,no hits (wait),2025-26,11,20,2,-1,true,false,8|547,false,-7,true,15,false
HITTUNE,no hits (wait),2020-21,16,17,2,37,true,false,298|556,false,50,true,12,false
HITTUNE,no hits (wait),2020-21,16,22,2,-11,true,false,259|390,false,47,true,17,false
HITTUNE,no hits (wait),2020-21,16,34,1,14,true,false,155,false,14,true,5,false
HITTUNE,no hits (wait),2020-21,16,35,1,-5,true,false,300,false,-5,true,4,false
HITTUNE,no hits (wait),2020-21,16,36,1,9,true,false,390,false,9,true,3,false
HITTUNE,no hits (wait),2020-21,16,25,1,-2,true,false,277,false,-15,true,5,false
HITTUNE,no hits (wait),2020-21,16,27,1,21,false,false,570,false,26,true,12,false
HITTUNE,no hits (wait),2020-21,16,30,1,1,true,false,102,false,1,true,5,false
HITTUNE,no hits (wait),2020-21,16,31,1,-13,true,false,306,false,-13,true,5,false
HITTUNE,no hits (wait),2020-21,16,33,1,7,true,false,12,false,10,true,6,false
HITTUNE,no hits (wait),2020-21,16,21,2,5,true,false,388|67,false,1,false,4,false
HITTUNE,no hits (wait),2020-21,16,21,1,27,true,false,276,false,0,false,1,true
HITTUNE,no hits (wait),2020-21,16,24,1,13,true,false,271,false,-2,true,15,false
HITTUNE,no hits (wait),2020-21,16,26,1,7,true,false,557,false,7,true,13,false
HITTUNE,no hits (wait),2020-21,16,23,1,-17,true,false,164,false,-43,true,9,false
HITTUNE,no hits (wait),2020-21,16,28,1,14,true,false,383,false,11,true,11,false
HITTUNE,no hits (wait),2020-21,16,29,1,-7,true,false,435,false,-7,true,5,false
HITTUNE,no hits (wait),2020-21,16,32,1,-8,true,false,166,false,-2,true,7,false
HITTUNE,no hits (wait),2021-22,16,31,1,13,true,false,341,false,-5,true,8,false
HITTUNE,no hits (wait),2021-22,16,33,1,14,true,false,138,false,7,true,6,false
HITTUNE,no hits (wait),2021-22,16,36,1,5,true,false,234,false,-4,true,3,false
HITTUNE,no hits (wait),2021-22,16,20,1,1,true,false,353,false,-24,true,19,false
HITTUNE,no hits (wait),2021-22,16,32,1,10,true,false,259,false,12,true,7,false
HITTUNE,no hits (wait),2021-22,16,34,1,29,true,false,40,false,29,true,5,false
HITTUNE,no hits (wait),2021-22,16,35,1,16,true,false,180,false,16,true,4,false
HITTUNE,no hits (wait),2021-22,16,24,1,10,true,false,196,false,15,true,9,false
HITTUNE,no hits (wait),2021-22,16,37,1,3,true,false,154,false,3,true,2,false
HITTUNE,no hits (wait),2021-22,16,19,1,2,true,false,138,false,1,true,2,false
HITTUNE,no hits (wait),2021-22,16,21,1,19,true,false,240,false,19,true,6,false
HITTUNE,no hits (wait),2021-22,16,22,1,-7,true,false,468,false,-9,true,6,false
HITTUNE,no hits (wait),2021-22,16,23,1,-11,true,false,679,false,-2,true,3,false
HITTUNE,no hits (wait),2021-22,16,25,1,-7,true,false,584,false,4,true,14,false
HITTUNE,no hits (wait),2021-22,16,26,1,13,true,false,267,false,17,true,11,false
HITTUNE,no hits (wait),2021-22,16,28,1,18,true,false,6,false,18,true,6,false
HITTUNE,no hits (wait),2021-22,16,30,2,19,true,false,357|505,false,85,true,9,true
HITTUNE,no hits (wait),2021-22,16,17,2,8,false,false,559|422,false,44,false,22,false
HITTUNE,no hits (wait),2021-22,16,18,1,-2,true,false,76,false,-37,true,21,false
HITTUNE,no hits (wait),2021-22,16,27,1,9,true,false,22,false,20,true,12,false
HITTUNE,no hits (wait),2022-23,16,26,1,11,true,false,357,false,-16,true,13,false
HITTUNE,no hits (wait),2022-23,16,27,1,11,true,false,526,false,-3,true,4,false
HITTUNE,no hits (wait),2022-23,16,33,1,-3,true,false,307,false,-15,true,6,false
HITTUNE,no hits (wait),2022-23,16,18,1,23,false,false,80,false,51,true,19,false
HITTUNE,no hits (wait),2022-23,16,19,2,25,true,false,26|301,false,39,true,9,true
HITTUNE,no hits (wait),2022-23,16,19,1,13,true,false,7,false,40,true,20,false
HITTUNE,no hits (wait),2022-23,16,20,1,20,true,false,332,false,-18,true,12,false
HITTUNE,no hits (wait),2022-23,16,28,1,15,false,false,377,false,21,false,11,false
HITTUNE,no hits (wait),2022-23,16,29,1,5,true,false,335,false,-2,true,3,false
HITTUNE,no hits (wait),2022-23,16,21,1,33,false,false,285,false,33,false,5,false
HITTUNE,no hits (wait),2022-23,16,24,1,4,true,false,478,false,-12,true,9,false
HITTUNE,no hits (wait),2022-23,16,35,2,7,false,false,312|116,false,1,false,4,false
HITTUNE,no hits (wait),2022-23,16,23,2,49,true,false,283|107,false,189,true,14,false
HITTUNE,no hits (wait),2022-23,16,25,1,4,true,false,81,false,12,true,14,false
HITTUNE,no hits (wait),2022-23,16,31,1,-5,true,false,295,false,-3,true,4,false
HITTUNE,no hits (wait),2022-23,16,32,2,16,true,false,285|124,false,10,true,7,false
HITTUNE,no hits (wait),2022-23,16,37,2,4,false,false,318|13,false,4,false,2,true
HITTUNE,no hits (wait),2023-24,16,33,1,26,true,false,355,false,38,true,6,false
HITTUNE,no hits (wait),2023-24,16,18,1,-3,true,false,516,false,1,true,3,false
HITTUNE,no hits (wait),2023-24,16,19,1,6,true,false,20,false,62,true,20,false
HITTUNE,no hits (wait),2023-24,16,22,1,17,true,false,342,false,11,true,4,false
HITTUNE,no hits (wait),2023-24,16,27,1,-13,true,false,134,false,-47,true,12,false
HITTUNE,no hits (wait),2023-24,16,31,1,42,true,false,362,false,59,true,8,false
HITTUNE,no hits (wait),2023-24,16,35,1,29,true,false,211,false,29,true,4,false
HITTUNE,no hits (wait),2023-24,16,37,1,5,true,false,341,false,5,true,2,false
HITTUNE,no hits (wait),2023-24,16,30,1,15,true,false,263,false,25,true,9,false
HITTUNE,no hits (wait),2023-24,16,34,1,10,true,false,373,false,5,true,5,false
HITTUNE,no hits (wait),2023-24,16,36,1,16,true,false,415,false,16,true,3,false
HITTUNE,no hits (wait),2023-24,16,25,1,19,true,false,526,false,17,true,9,false
HITTUNE,no hits (wait),2023-24,16,32,1,-12,true,false,14,false,30,true,7,false
HITTUNE,no hits (wait),2023-24,16,32,1,-33,true,false,293,false,-9,true,3,true
HITTUNE,no hits (wait),2023-24,16,17,2,35,false,false,19|343,false,159,true,15,false
HITTUNE,no hits (wait),2023-24,16,21,2,14,true,false,290|353,false,56,false,18,false
HITTUNE,no hits (wait),2023-24,16,24,1,24,true,false,85,false,37,true,12,false
HITTUNE,no hits (wait),2023-24,16,26,1,-10,true,false,430,false,-9,true,3,false
HITTUNE,no hits (wait),2023-24,16,29,2,15,false,false,355|265,false,24,false,8,false
HITTUNE,no hits (wait),2024-25,16,20,2,2,false,false,235|232,false,55,false,19,false
HITTUNE,no hits (wait),2024-25,16,25,2,23,false,false,447|78,false,16,true,14,false
HITTUNE,no hits (wait),2024-25,16,29,1,20,true,false,110,false,26,true,10,false
HITTUNE,no hits (wait),2024-25,16,30,1,-16,true,false,585,false,-18,true,9,false
HITTUNE,no hits (wait),2024-25,16,31,1,12,false,false,18,false,14,false,8,false
HITTUNE,no hits (wait),2024-25,16,32,1,10,true,false,350,false,19,true,7,false
HITTUNE,no hits (wait),2024-25,16,33,1,5,true,false,401,false,5,true,6,false
HITTUNE,no hits (wait),2024-25,16,19,2,64,false,false,401|398,false,81,false,9,false
HITTUNE,no hits (wait),2024-25,16,21,2,2,true,false,311|129,false,-1,true,11,false
HITTUNE,no hits (wait),2024-25,16,23,2,0,true,false,339|720,false,-36,true,16,false
HITTUNE,no hits (wait),2024-25,16,26,1,-6,true,false,3,false,-6,true,5,false
HITTUNE,no hits (wait),2024-25,16,28,2,-31,true,false,541|207,false,-21,false,5,false
HITTUNE,no hits (wait),2024-25,16,34,1,14,true,false,168,false,1,true,5,false
HITTUNE,no hits (wait),2025-26,16,30,1,-9,true,false,235,false,-6,true,9,false
HITTUNE,no hits (wait),2025-26,16,35,1,11,true,false,691,false,11,true,4,false
HITTUNE,no hits (wait),2025-26,16,20,2,-10,true,false,8|547,false,-14,true,13,false
HITTUNE,no hits (wait),2025-26,16,20,1,1,true,false,450,false,2,true,4,false
HITTUNE,no hits (wait),2025-26,16,32,1,33,true,false,260,false,32,true,7,false
HITTUNE,no hits (wait),2025-26,16,33,1,20,false,false,407,false,20,false,6,false
HITTUNE,no hits (wait),2025-26,16,34,1,21,false,false,82,false,21,false,5,false
HITTUNE,no hits (wait),2025-26,16,31,1,-6,true,false,485,false,0,true,3,false
HITTUNE,no hits (wait),2025-26,16,19,2,1,true,false,16|343,false,-6,false,6,false
HITTUNE,no hits (wait),2025-26,16,25,2,24,false,false,624|21,false,72,true,14,false
HITTUNE,no hits (wait),2025-26,16,28,2,33,true,false,373|329,false,36,false,8,false
HITTUNE,no hits (wait),2025-26,16,29,1,6,true,false,249,false,6,true,6,true
HITTUNE,no hits (wait),2025-26,16,36,1,0,true,false,5,false,0,true,3,false
HITTUNE,no hits (wait),2025-26,16,21,1,1,true,false,684,false,-9,true,11,false
HITTUNE,no hits (wait),2025-26,16,24,1,-5,true,false,382,false,0,true,4,false
HITTUNE,no hits (wait),2025-26,16,27,2,38,true,false,449|791,false,139,true,12,false
HITTUNE,no hits (wait),2020-21,21,24,1,32,true,false,572,false,25,false,6,false
HITTUNE,no hits (wait),2020-21,21,36,1,13,true,false,558,false,13,true,3,false
HITTUNE,no hits (wait),2020-21,21,22,1,-20,true,false,162,false,-6,true,2,false
HITTUNE,no hits (wait),2020-21,21,22,1,-8,true,false,81,false,-5,false,1,false
HITTUNE,no hits (wait),2020-21,21,25,1,-11,true,false,277,false,-11,true,6,false
HITTUNE,no hits (wait),2020-21,21,31,1,26,true,false,155,false,28,true,8,false
HITTUNE,no hits (wait),2020-21,21,33,1,5,true,false,156,false,-6,false,2,false
HITTUNE,no hits (wait),2020-21,21,34,1,6,true,false,370,false,6,true,5,false
HITTUNE,no hits (wait),2020-21,21,35,1,-18,true,false,300,false,-10,false,1,false
HITTUNE,no hits (wait),2020-21,21,37,1,8,false,false,233,false,8,false,2,false
HITTUNE,no hits (wait),2020-21,21,26,1,16,false,false,271,false,16,false,2,false
HITTUNE,no hits (wait),2020-21,21,28,1,17,true,false,570,false,17,true,6,false
HITTUNE,no hits (wait),2020-21,21,29,1,-7,true,false,435,false,3,true,10,false
HITTUNE,no hits (wait),2020-21,21,30,1,4,true,false,102,false,-1,true,3,false
HITTUNE,no hits (wait),2020-21,21,23,1,2,true,false,273,false,-2,true,2,false
HITTUNE,no hits (wait),2020-21,21,27,1,19,false,false,12,false,30,false,12,false
HITTUNE,no hits (wait),2020-21,21,32,1,-13,true,false,68,false,-13,true,5,false
HITTUNE,no hits (wait),2021-22,21,28,1,4,true,false,23,false,-2,true,11,false
HITTUNE,no hits (wait),2021-22,21,30,1,14,true,false,341,false,2,true,7,false
HITTUNE,no hits (wait),2021-22,21,35,1,-2,true,false,681,false,-2,true,4,false
HITTUNE,no hits (wait),2021-22,21,22,2,39,false,false,475|584,false,44,false,17,false
HITTUNE,no hits (wait),2021-22,21,31,1,7,true,false,270,false,-2,true,2,false
HITTUNE,no hits (wait),2021-22,21,33,1,14,true,false,200,false,-4,true,6,false
HITTUNE,no hits (wait),2021-22,21,36,1,5,true,false,40,false,5,true,3,false
HITTUNE,no hits (wait),2021-22,21,38,1,6,true,false,359,false,18,false,1,true
HITTUNE,no hits (wait),2021-22,21,24,1,-4,true,false,277,false,1,false,1,false
HITTUNE,no hits (wait),2021-22,21,25,1,15,true,false,233,false,81,true,13,false
HITTUNE,no hits (wait),2021-22,21,26,1,13,true,false,429,false,-8,true,6,false
HITTUNE,no hits (wait),2021-22,21,29,1,-10,true,false,265,false,-15,true,6,false
HITTUNE,no hits (wait),2021-22,21,32,1,-7,true,false,67,false,-11,true,7,false
HITTUNE,no hits (wait),2021-22,21,34,1,3,true,false,138,false,3,true,5,false
HITTUNE,no hits (wait),2021-22,21,37,1,6,true,false,154,false,6,true,2,false
HITTUNE,no hits (wait),2021-22,21,23,1,12,true,false,676,false,-7,true,3,false
HITTUNE,no hits (wait),2021-22,21,27,1,9,true,false,22,false,20,true,12,false
HITTUNE,no hits (wait),2022-23,21,34,2,13,false,false,312|66,false,-9,false,5,false
HITTUNE,no hits (wait),2022-23,21,35,1,18,true,false,116,false,18,false,4,false
HITTUNE,no hits (wait),2022-23,21,37,2,4,false,false,318|13,false,4,false,2,true
HITTUNE,no hits (wait),2022-23,21,22,2,23,false,false,307|394,false,-9,true,17,false
HITTUNE,no hits (wait),2022-23,21,24,2,-2,true,false,80|724,false,1,true,13,false
HITTUNE,no hits (wait),2022-23,21,26,2,-10,true,false,107|295,false,1,false,9,false
HITTUNE,no hits (wait),2022-23,21,27,1,16,true,false,92,false,15,true,3,false
HITTUNE,no hits (wait),2022-23,21,32,2,13,false,false,285|40,false,36,false,7,false
HITTUNE,no hits (wait),2022-23,21,28,1,6,true,false,705,false,-1,true,2,false
HITTUNE,no hits (wait),2022-23,21,30,2,-6,true,false,124|295,false,7,true,9,false
HITTUNE,no hits (wait),2023-24,21,33,1,29,true,false,29,false,30,true,6,false
HITTUNE,no hits (wait),2023-24,21,36,1,16,true,false,415,false,16,true,3,false
HITTUNE,no hits (wait),2023-24,21,22,1,39,true,false,353,false,35,true,12,false
HITTUNE,no hits (wait),2023-24,21,22,1,15,true,false,430,false,16,true,8,false
HITTUNE,no hits (wait),2023-24,21,30,1,8,false,false,313,false,14,true,9,false
HITTUNE,no hits (wait),2023-24,21,30,1,10,true,false,303,false,10,true,5,false
HITTUNE,no hits (wait),2023-24,21,30,1,-3,true,false,263,false,5,true,9,false
HITTUNE,no hits (wait),2023-24,21,34,1,-20,true,false,373,false,-25,true,5,false
HITTUNE,no hits (wait),2023-24,21,35,1,15,true,false,516,false,15,true,4,false
HITTUNE,no hits (wait),2023-24,21,37,1,2,true,false,211,false,2,true,2,false
HITTUNE,no hits (wait),2023-24,21,24,1,19,true,false,526,false,24,true,7,false
HITTUNE,no hits (wait),2023-24,21,25,1,-2,true,false,664,false,-2,true,5,false
HITTUNE,no hits (wait),2023-24,21,25,1,24,false,false,85,false,28,true,12,false
HITTUNE,no hits (wait),2023-24,21,26,1,17,false,false,49,false,6,false,13,false
HITTUNE,no hits (wait),2023-24,21,27,1,13,true,false,321,false,2,true,12,false
HITTUNE,no hits (wait),2023-24,21,31,1,20,true,false,14,false,87,true,8,false
HITTUNE,no hits (wait),2023-24,21,32,1,4,true,false,362,false,14,true,7,true
HITTUNE,no hits (wait),2024-25,21,25,1,-22,true,false,78,false,-22,true,5,false
HITTUNE,no hits (wait),2024-25,21,28,1,-12,true,false,207,false,-12,true,5,false
HITTUNE,no hits (wait),2024-25,21,30,1,-16,true,false,585,false,-18,true,9,false
HITTUNE,no hits (wait),2024-25,21,31,1,-1,true,false,129,false,-13,true,8,false
HITTUNE,no hits (wait),2024-25,21,34,1,25,true,false,78,false,25,true,5,false
HITTUNE,no hits (wait),2024-25,21,23,2,32,false,false,310|236,false,20,false,4,false
HITTUNE,no hits (wait),2024-25,21,26,2,3,true,false,110|3,false,38,true,13,false
HITTUNE,no hits (wait),2024-25,21,27,2,13,true,false,350|152,false,10,true,12,false
HITTUNE,no hits (wait),2024-25,21,29,1,0,true,false,18,false,-11,true,10,false
HITTUNE,no hits (wait),2024-25,21,32,1,14,false,false,650,false,15,false,7,false
HITTUNE,no hits (wait),2024-25,21,33,1,5,true,false,401,false,5,true,6,false
HITTUNE,no hits (wait),2025-26,21,36,1,7,false,false,723,false,0,false,3,false
HITTUNE,no hits (wait),2025-26,21,28,2,13,true,false,373|329,false,12,false,7,false
HITTUNE,no hits (wait),2025-26,21,30,1,-24,true,false,661,false,-8,true,2,false
HITTUNE,no hits (wait),2025-26,21,33,1,29,false,false,260,false,29,false,6,false
HITTUNE,no hits (wait),2025-26,21,25,2,23,true,false,21|449,false,152,true,14,false
HITTUNE,no hits (wait),2025-26,21,27,2,3,true,false,382|136,false,4,false,3,false
HITTUNE,no hits (wait),2025-26,21,29,2,13,true,false,235|249,false,-14,true,10,true
HITTUNE,no hits (wait),2025-26,21,29,1,-1,true,false,82,false,9,true,10,false
HITTUNE,no hits (wait),2025-26,21,31,1,-26,true,false,531,false,-24,true,5,false
HITTUNE,no hits (wait),2025-26,21,32,1,30,false,false,64,false,49,false,7,false
HITTUNE,no hits (wait),2025-26,21,34,1,-9,true,false,21,false,-9,true,5,false
HITTUNE,no hits (wait),2025-26,21,35,1,5,true,false,5,false,5,true,4,false
HITTUNE,no hits (wait),2020-21,26,33,1,10,true,false,156,false,0,false,1,false
HITTUNE,no hits (wait),2020-21,26,34,1,10,true,false,155,false,10,true,5,false
HITTUNE,no hits (wait),2020-21,26,35,1,-5,true,false,300,false,-5,true,4,false
HITTUNE,no hits (wait),2020-21,26,30,1,0,true,false,102,false,0,true,5,false
HITTUNE,no hits (wait),2020-21,26,31,1,-13,true,false,306,false,-13,true,5,false
HITTUNE,no hits (wait),2020-21,26,32,1,5,true,false,12,false,11,true,7,false
HITTUNE,no hits (wait),2020-21,26,36,1,9,true,false,390,false,9,true,3,false
HITTUNE,no hits (wait),2020-21,26,28,2,22,true,false,388|557,false,30,true,11,true
HITTUNE,no hits (wait),2020-21,26,28,1,-10,true,false,435,false,-10,true,5,false
HITTUNE,no hits (wait),2020-21,26,29,1,12,true,false,62,false,14,true,10,false
HITTUNE,no hits (wait),2021-22,26,35,1,11,true,false,138,false,11,true,4,false
HITTUNE,no hits (wait),2021-22,26,37,1,6,true,false,154,false,6,true,2,false
HITTUNE,no hits (wait),2021-22,26,28,1,13,true,false,22,false,21,true,11,false
HITTUNE,no hits (wait),2021-22,26,31,2,-13,true,false,270|123,false,-16,true,4,false
HITTUNE,no hits (wait),2021-22,26,33,1,14,true,false,200,false,14,true,6,false
HITTUNE,no hits (wait),2021-22,26,34,1,0,true,false,315,false,0,true,5,false
HITTUNE,no hits (wait),2021-22,26,36,1,5,true,false,234,false,5,true,3,false
HITTUNE,no hits (wait),2021-22,26,27,2,32,true,false,359|341,false,94,true,12,false
HITTUNE,no hits (wait),2021-22,26,29,1,25,true,false,256,false,29,true,10,false
HITTUNE,no hits (wait),2021-22,26,32,1,-13,true,false,23,false,-5,true,7,false
HITTUNE,no hits (wait),2022-23,26,29,2,21,true,false,285|40,false,-25,true,10,false
HITTUNE,no hits (wait),2022-23,26,30,1,16,true,false,335,false,2,true,2,false
HITTUNE,no hits (wait),2022-23,26,32,2,-26,true,false,465|124,false,-25,true,7,false
HITTUNE,no hits (wait),2022-23,26,34,2,-17,true,false,307|312,false,-31,true,5,false
HITTUNE,no hits (wait),2022-23,26,35,1,-7,true,false,335,false,-2,true,2,false
HITTUNE,no hits (wait),2022-23,26,36,1,11,false,false,116,false,11,false,3,false
HITTUNE,no hits (wait),2022-23,26,37,1,-2,true,false,303,false,-2,true,2,false
HITTUNE,no hits (wait),2022-23,26,27,2,13,false,false,92|124,false,44,false,12,false
HITTUNE,no hits (wait),2023-24,26,30,2,72,false,false,263|29,false,106,true,9,false
HITTUNE,no hits (wait),2023-24,26,30,1,23,true,false,353,false,7,true,3,false
HITTUNE,no hits (wait),2023-24,26,31,1,42,true,false,362,false,59,true,8,false
HITTUNE,no hits (wait),2023-24,26,32,1,-12,true,false,14,false,40,true,7,false
HITTUNE,no hits (wait),2023-24,26,33,1,10,true,false,373,false,16,true,4,false
HITTUNE,no hits (wait),2023-24,26,34,1,20,true,false,415,false,20,true,5,false
HITTUNE,no hits (wait),2023-24,26,35,1,-10,true,false,211,false,-10,true,4,true
HITTUNE,no hits (wait),2023-24,26,37,1,9,true,false,349,false,-3,true,2,false
HITTUNE,no hits (wait),2023-24,26,27,2,15,true,false,688|526,false,13,false,12,false
HITTUNE,no hits (wait),2023-24,26,36,1,13,true,false,516,false,13,true,3,false
HITTUNE,no hits (wait),2024-25,26,28,2,-4,true,false,18|207,false,-2,false,11,false
HITTUNE,no hits (wait),2024-25,26,29,2,6,true,false,401|129,false,3,true,10,false
HITTUNE,no hits (wait),2024-25,26,31,1,10,false,false,650,false,1,false,2,false
HITTUNE,no hits (wait),2024-25,26,33,1,-2,true,false,573,false,-2,true,6,false
HITTUNE,no hits (wait),2024-25,26,34,2,-1,true,false,327|152,false,8,true,5,false
HITTUNE,no hits (wait),2024-25,26,36,1,18,true,false,514,false,18,true,3,false
HITTUNE,no hits (wait),2025-26,26,28,2,27,true,false,684|329,false,24,false,4,false
HITTUNE,no hits (wait),2025-26,26,29,2,-3,true,false,235|691,false,-7,true,10,true
HITTUNE,no hits (wait),2025-26,26,30,1,5,true,false,249,false,8,true,9,false
HITTUNE,no hits (wait),2025-26,26,31,1,1,true,false,373,false,7,true,8,false
HITTUNE,no hits (wait),2025-26,26,32,1,33,true,false,260,false,32,true,7,false
HITTUNE,no hits (wait),2025-26,26,33,1,20,false,false,407,false,12,false,6,false
HITTUNE,no hits (wait),2025-26,26,34,1,-9,true,false,21,false,-9,true,5,false
HITTUNE,"mgh3, full plan (shipped)",2020-21,1,28,2,3,true,false,570|102,false,-4,true,8,false
HITTUNE,"mgh3, full plan (shipped)",2020-21,1,28,1,13,true,false,68,false,2,false,2,false
HITTUNE,"mgh3, full plan (shipped)",2020-21,1,32,1,5,true,false,12,false,11,true,7,false
HITTUNE,"mgh3, full plan (shipped)",2020-21,1,36,2,-19,true,false,390|68,false,-19,true,3,false
HITTUNE,"mgh3, full plan (shipped)",2020-21,1,5,2,11,true,true,37|156,false,-5,true,7,false
HITTUNE,"mgh3, full plan (shipped)",2020-21,1,6,1,-15,true,false,276,false,-5,true,4,false
HITTUNE,"mgh3, full plan (shipped)",2020-21,1,7,1,-8,true,false,141,false,-26,true,4,false
HITTUNE,"mgh3, full plan (shipped)",2020-21,1,9,1,19,true,false,96,false,40,true,23,false
HITTUNE,"mgh3, full plan (shipped)",2020-21,1,16,2,44,true,false,277|302,true,113,true,23,false
HITTUNE,"mgh3, full plan (shipped)",2020-21,1,30,2,-8,true,false,388|524,false,-21,false,9,false
HITTUNE,"mgh3, full plan (shipped)",2020-21,1,30,1,9,true,false,69,false,6,true,4,false
HITTUNE,"mgh3, full plan (shipped)",2020-21,1,31,2,39,true,false,259|224,false,52,true,8,false
HITTUNE,"mgh3, full plan (shipped)",2020-21,1,33,1,21,true,false,155,false,23,true,6,false
HITTUNE,"mgh3, full plan (shipped)",2020-21,1,8,1,-3,true,false,184,false,0,true,3,false
HITTUNE,"mgh3, full plan (shipped)",2020-21,1,10,1,5,true,false,272,false,60,true,11,false
HITTUNE,"mgh3, full plan (shipped)",2020-21,1,11,1,-11,true,false,557,false,-8,true,17,false
HITTUNE,"mgh3, full plan (shipped)",2020-21,1,11,1,13,true,false,164,true,17,true,4,false
HITTUNE,"mgh3, full plan (shipped)",2020-21,1,15,2,26,false,false,558|506,false,51,true,24,false
HITTUNE,"mgh3, full plan (shipped)",2020-21,1,17,1,27,true,false,298,false,15,true,3,false
HITTUNE,"mgh3, full plan (shipped)",2020-21,1,34,1,7,true,false,370,false,7,true,5,false
HITTUNE,"mgh3, full plan (shipped)",2020-21,1,2,2,1,false,false,157|494,false,1,false,2,false
HITTUNE,"mgh3, full plan (shipped)",2020-21,1,3,1,3,true,false,198,false,1,false,1,false
HITTUNE,"mgh3, full plan (shipped)",2020-21,1,13,2,0,true,false,37|74,true,13,true,10,false
HITTUNE,"mgh3, full plan (shipped)",2020-21,1,20,2,-4,true,false,390|273,false,-14,true,10,false
HITTUNE,"mgh3, full plan (shipped)",2020-21,1,22,2,-10,true,false,254|572,false,29,true,17,false
HITTUNE,"mgh3, full plan (shipped)",2020-21,1,12,1,-19,true,false,123,false,-20,true,5,false
HITTUNE,"mgh3, full plan (shipped)",2020-21,1,21,1,27,true,false,276,false,0,false,1,true
HITTUNE,"mgh3, full plan (shipped)",2020-21,1,23,2,55,true,false,556|271,true,85,true,8,false
HITTUNE,"mgh3, full plan (shipped)",2021-22,1,10,1,-26,true,false,583,false,-40,true,11,false
HITTUNE,"mgh3, full plan (shipped)",2021-22,1,15,1,5,false,false,146,false,3,false,5,false
HITTUNE,"mgh3, full plan (shipped)",2021-22,1,25,1,-7,true,false,584,false,11,true,14,false
HITTUNE,"mgh3, full plan (shipped)",2021-22,1,5,1,-14,true,true,250,false,2,false,2,false
HITTUNE,"mgh3, full plan (shipped)",2021-22,1,5,1,5,false,true,189,false,5,false,2,false
HITTUNE,"mgh3, full plan (shipped)",2021-22,1,7,2,12,false,false,205|399,true,13,false,9,false
HITTUNE,"mgh3, full plan (shipped)",2021-22,1,11,1,9,true,false,420,false,49,true,19,false
HITTUNE,"mgh3, full plan (shipped)",2021-22,1,16,1,16,false,false,422,false,18,false,6,false
HITTUNE,"mgh3, full plan (shipped)",2021-22,1,19,2,27,false,false,359|96,false,122,true,15,false
HITTUNE,"mgh3, full plan (shipped)",2021-22,1,23,1,-3,true,false,679,false,-36,true,16,false
HITTUNE,"mgh3, full plan (shipped)",2021-22,1,36,1,5,true,false,234,false,5,true,3,false
HITTUNE,"mgh3, full plan (shipped)",2021-22,1,9,1,12,true,false,475,false,13,true,20,false
HITTUNE,"mgh3, full plan (shipped)",2021-22,1,29,1,2,true,false,559,false,3,true,2,true
HITTUNE,"mgh3, full plan (shipped)",2021-22,1,33,1,14,true,false,200,false,14,true,6,false
HITTUNE,"mgh3, full plan (shipped)",2021-22,1,35,1,11,true,false,38,false,11,false,4,false
HITTUNE,"mgh3, full plan (shipped)",2021-22,1,37,1,6,true,false,154,false,12,true,2,false
HITTUNE,"mgh3, full plan (shipped)",2021-22,1,38,1,6,true,false,359,false,6,false,1,false
HITTUNE,"mgh3, full plan (shipped)",2021-22,1,13,1,0,true,false,230,false,0,true,6,false
HITTUNE,"mgh3, full plan (shipped)",2021-22,1,17,1,8,true,false,63,false,3,true,7,false
HITTUNE,"mgh3, full plan (shipped)",2021-22,1,32,1,-26,true,false,67,false,-30,true,7,false
HITTUNE,"mgh3, full plan (shipped)",2021-22,1,20,1,-3,true,false,556,false,-57,true,19,false
HITTUNE,"mgh3, full plan (shipped)",2021-22,1,27,1,9,true,false,22,false,30,true,12,false
HITTUNE,"mgh3, full plan (shipped)",2021-22,1,28,1,18,true,false,6,false,18,true,6,false
HITTUNE,"mgh3, full plan (shipped)",2021-22,1,30,1,14,true,false,341,false,2,true,7,false
HITTUNE,"mgh3, full plan (shipped)",2021-22,1,2,2,16,true,false,77|78,false,1,true,2,false
HITTUNE,"mgh3, full plan (shipped)",2021-22,1,3,1,-6,true,false,177,false,1,false,1,false
HITTUNE,"mgh3, full plan (shipped)",2021-22,1,8,1,-34,true,false,262,false,-19,true,4,false
HITTUNE,"mgh3, full plan (shipped)",2021-22,1,12,1,26,true,false,237,false,86,true,24,false
HITTUNE,"mgh3, full plan (shipped)",2021-22,1,22,2,12,true,false,240|468,true,14,true,6,true
HITTUNE,"mgh3, full plan (shipped)",2021-22,1,24,2,6,true,false,357|196,true,120,true,15,false
HITTUNE,"mgh3, full plan (shipped)",2021-22,1,31,1,7,true,false,270,false,2,true,2,false
HITTUNE,"mgh3, full plan (shipped)",2021-22,1,34,2,-31,true,false,233|315,true,-11,true,5,false
HITTUNE,"mgh3, full plan (shipped)",2021-22,1,14,2,15,true,false,142|413,true,39,true,11,false
HITTUNE,"mgh3, full plan (shipped)",2021-22,1,21,1,4,true,false,450,false,0,true,18,false
HITTUNE,"mgh3, full plan (shipped)",2021-22,1,26,1,-11,true,false,437,false,-15,true,9,false
HITTUNE,"mgh3, full plan (shipped)",2021-22,1,6,1,-7,true,false,78,false,-3,true,11,false
HITTUNE,"mgh3, full plan (shipped)",2022-23,1,28,1,40,true,false,40,false,42,true,6,false
HITTUNE,"mgh3, full plan (shipped)",2022-23,1,33,2,-9,true,false,333|107,false,3,true,6,false
HITTUNE,"mgh3, full plan (shipped)",2022-23,1,14,2,16,true,false,210|16,false,-24,true,25,false
HITTUNE,"mgh3, full plan (shipped)",2022-23,1,16,2,-28,true,false,28|152,false,-54,true,10,false
HITTUNE,"mgh3, full plan (shipped)",2022-23,1,21,2,4,true,false,283|225,true,211,true,16,false
HITTUNE,"mgh3, full plan (shipped)",2022-23,1,23,1,17,true,false,407,false,20,true,9,true
HITTUNE,"mgh3, full plan (shipped)",2022-23,1,36,2,19,false,false,116|377,false,8,false,3,false
HITTUNE,"mgh3, full plan (shipped)",2022-23,1,2,2,37,false,false,210|197,false,6,false,2,false
HITTUNE,"mgh3, full plan (shipped)",2022-23,1,25,2,19,true,false,465|80,false,5,true,12,false
HITTUNE,"mgh3, full plan (shipped)",2022-23,1,26,1,14,true,false,81,false,46,true,13,false
HITTUNE,"mgh3, full plan (shipped)",2022-23,1,32,1,-4,true,false,124,false,-7,true,7,false
HITTUNE,"mgh3, full plan (shipped)",2022-23,1,34,2,13,false,false,312|66,false,-3,false,5,false
HITTUNE,"mgh3, full plan (shipped)",2022-23,1,3,1,-6,true,false,295,false,-1,false,1,false
HITTUNE,"mgh3, full plan (shipped)",2022-23,1,7,2,-28,true,false,285|10,false,66,true,32,false
HITTUNE,"mgh3, full plan (shipped)",2022-23,1,12,2,-8,true,false,465|211,false,-76,true,13,false
HITTUNE,"mgh3, full plan (shipped)",2022-23,1,18,1,3,true,false,327,false,45,true,21,false
HITTUNE,"mgh3, full plan (shipped)",2022-23,1,19,2,41,false,false,318|7,false,37,false,14,true
HITTUNE,"mgh3, full plan (shipped)",2022-23,1,22,1,38,false,false,285,false,38,false,5,false
HITTUNE,"mgh3, full plan (shipped)",2022-23,1,37,2,1,false,false,318|7,false,7,false,2,false
HITTUNE,"mgh3, full plan (shipped)",2022-23,1,6,2,-1,true,false,113|104,false,-6,true,33,false
HITTUNE,"mgh3, full plan (shipped)",2022-23,1,11,2,7,true,false,80|13,false,0,false,9,false
HITTUNE,"mgh3, full plan (shipped)",2022-23,1,11,1,8,false,false,306,false,10,true,11,false
HITTUNE,"mgh3, full plan (shipped)",2022-23,1,20,2,-6,true,false,301|619,true,-25,false,8,false
HITTUNE,"mgh3, full plan (shipped)",2022-23,1,27,1,8,true,false,357,false,0,true,12,false
HITTUNE,"mgh3, full plan (shipped)",2023-24,1,8,1,15,false,false,220,false,14,false,4,false
HITTUNE,"mgh3, full plan (shipped)",2023-24,1,18,1,9,true,false,526,false,-24,true,17,false
HITTUNE,"mgh3, full plan (shipped)",2023-24,1,22,1,39,true,false,353,false,38,true,11,false
HITTUNE,"mgh3, full plan (shipped)",2023-24,1,30,2,33,false,false,355|245,false,51,true,9,false
HITTUNE,"mgh3, full plan (shipped)",2023-24,1,17,2,45,false,false,516|60,false,69,false,17,false
HITTUNE,"mgh3, full plan (shipped)",2023-24,1,17,1,18,true,false,290,false,-3,true,9,false
HITTUNE,"mgh3, full plan (shipped)",2023-24,1,19,1,7,true,false,5,false,41,true,20,false
HITTUNE,"mgh3, full plan (shipped)",2023-24,1,35,1,-10,true,false,211,false,-10,true,4,false
HITTUNE,"mgh3, full plan (shipped)",2023-24,1,35,1,6,true,false,516,true,19,true,4,false
HITTUNE,"mgh3, full plan (shipped)",2023-24,1,5,1,-8,true,true,112,false,-7,false,1,false
HITTUNE,"mgh3, full plan (shipped)",2023-24,1,9,1,-21,true,false,14,false,-9,true,2,false
HITTUNE,"mgh3, full plan (shipped)",2023-24,1,21,2,-25,true,false,343|112,false,-22,true,9,false
HITTUNE,"mgh3, full plan (shipped)",2023-24,1,25,1,20,true,false,85,false,39,true,14,false
HITTUNE,"mgh3, full plan (shipped)",2023-24,1,26,1,1,false,false,430,false,1,false,4,false
HITTUNE,"mgh3, full plan (shipped)",2023-24,1,15,2,13,true,false,31|275,false,36,true,24,false
HITTUNE,"mgh3, full plan (shipped)",2023-24,1,28,1,18,false,false,77,false,10,false,8,false
HITTUNE,"mgh3, full plan (shipped)",2023-24,1,2,2,30,false,false,352|135,false,8,false,2,false
HITTUNE,"mgh3, full plan (shipped)",2023-24,1,2,1,34,false,false,355,true,10,false,2,false
HITTUNE,"mgh3, full plan (shipped)",2023-24,1,12,2,12,true,false,113|265,false,13,true,7,false
HITTUNE,"mgh3, full plan (shipped)",2023-24,1,27,1,12,true,false,20,false,41,true,12,false
HITTUNE,"mgh3, full plan (shipped)",2023-24,1,33,1,10,true,false,373,false,16,true,4,false
HITTUNE,"mgh3, full plan (shipped)",2023-24,1,6,1,-14,true,false,405,false,9,true,2,false
HITTUNE,"mgh3, full plan (shipped)",2023-24,1,11,1,10,true,false,19,false,77,true,21,false
HITTUNE,"mgh3, full plan (shipped)",2023-24,1,31,1,42,true,false,362,false,59,true,8,false
HITTUNE,"mgh3, full plan (shipped)",2023-24,1,32,1,-12,true,false,14,false,35,true,7,true
HITTUNE,"mgh3, full plan (shipped)",2023-24,1,36,1,12,true,false,597,false,3,true,3,false
HITTUNE,"mgh3, full plan (shipped)",2023-24,1,37,1,9,true,false,349,false,9,true,2,true
HITTUNE,"mgh3, full plan (shipped)",2023-24,1,3,1,13,true,false,326,false,1,false,1,false
HITTUNE,"mgh3, full plan (shipped)",2023-24,1,14,2,-12,true,false,291|664,false,-25,false,17,false
HITTUNE,"mgh3, full plan (shipped)",2023-24,1,23,1,16,true,false,342,false,6,true,16,false
HITTUNE,"mgh3, full plan (shipped)",2023-24,1,24,1,22,true,false,134,false,0,true,15,false
HITTUNE,"mgh3, full plan (shipped)",2023-24,1,34,1,20,true,false,415,false,28,true,5,false
HITTUNE,"mgh3, full plan (shipped)",2024-25,1,2,2,12,true,false,350|293,false,4,true,2,false
HITTUNE,"mgh3, full plan (shipped)",2024-25,1,6,2,-11,true,false,58|99,false,22,true,33,false
HITTUNE,"mgh3, full plan (shipped)",2024-25,1,19,2,64,false,false,401|398,false,78,true,13,false
HITTUNE,"mgh3, full plan (shipped)",2024-25,1,3,2,-16,true,false,328|566,true,30,false,1,false
HITTUNE,"mgh3, full plan (shipped)",2024-25,1,8,1,18,true,false,235,false,-7,true,31,false
HITTUNE,"mgh3, full plan (shipped)",2024-25,1,17,2,7,true,false,350|541,false,14,true,4,false
HITTUNE,"mgh3, full plan (shipped)",2024-25,1,21,2,-2,true,false,311|129,true,-9,true,18,false
HITTUNE,"mgh3, full plan (shipped)",2024-25,1,23,2,14,true,false,110|236,false,34,true,16,false
HITTUNE,"mgh3, full plan (shipped)",2024-25,1,28,2,25,true,false,585|3,false,35,false,11,false
HITTUNE,"mgh3, full plan (shipped)",2024-25,1,28,1,-12,true,false,207,false,-2,false,2,false
HITTUNE,"mgh3, full plan (shipped)",2024-25,1,30,1,8,true,false,401,false,26,true,9,false
HITTUNE,"mgh3, full plan (shipped)",2024-25,1,5,1,1,true,true,495,false,23,true,18,false
HITTUNE,"mgh3, full plan (shipped)",2024-25,1,7,1,25,true,false,350,false,17,true,7,false
HITTUNE,"mgh3, full plan (shipped)",2024-25,1,9,2,-25,true,false,182|199,true,90,true,30,false
HITTUNE,"mgh3, full plan (shipped)",2024-25,1,12,1,-4,true,false,617,false,-3,true,7,false
HITTUNE,"mgh3, full plan (shipped)",2024-25,1,14,2,1,true,false,17|573,false,-13,true,13,false
HITTUNE,"mgh3, full plan (shipped)",2024-25,1,32,2,3,true,false,366|291,false,11,true,7,false
HITTUNE,"mgh3, full plan (shipped)",2024-25,1,36,1,19,true,false,514,false,19,true,3,false
HITTUNE,"mgh3, full plan (shipped)",2024-25,1,11,2,17,false,false,15|518,false,32,false,28,false
HITTUNE,"mgh3, full plan (shipped)",2024-25,1,15,1,5,true,false,18,false,14,true,24,false
HITTUNE,"mgh3, full plan (shipped)",2024-25,1,20,1,21,true,false,232,false,5,true,3,false
HITTUNE,"mgh3, full plan (shipped)",2024-25,1,27,1,-17,true,false,650,false,-4,true,7,false
HITTUNE,"mgh3, full plan (shipped)",2024-25,1,31,1,25,false,false,350,false,41,false,8,false
HITTUNE,"mgh3, full plan (shipped)",2024-25,1,34,1,3,true,false,580,false,3,true,5,false
HITTUNE,"mgh3, full plan (shipped)",2025-26,1,10,1,1,true,false,694,false,29,true,20,false
HITTUNE,"mgh3, full plan (shipped)",2025-26,1,21,1,3,true,false,684,false,28,true,11,false
HITTUNE,"mgh3, full plan (shipped)",2025-26,1,23,2,-5,true,false,8|488,false,6,false,9,false
HITTUNE,"mgh3, full plan (shipped)",2025-26,1,27,2,19,true,false,449|547,false,62,true,5,false
HITTUNE,"mgh3, full plan (shipped)",2025-26,1,3,1,0,true,false,541,false,1,false,1,false
HITTUNE,"mgh3, full plan (shipped)",2025-26,1,6,1,17,true,false,74,false,16,true,7,false
HITTUNE,"mgh3, full plan (shipped)",2025-26,1,11,1,6,true,false,668,false,2,true,3,false
HITTUNE,"mgh3, full plan (shipped)",2025-26,1,13,2,-21,true,false,6|237,false,-25,true,19,false
HITTUNE,"mgh3, full plan (shipped)",2025-26,1,14,2,1,true,false,283|384,false,7,true,11,false
HITTUNE,"mgh3, full plan (shipped)",2025-26,1,14,1,14,true,false,82,false,39,true,13,false
HITTUNE,"mgh3, full plan (shipped)",2025-26,1,29,2,-12,true,false,235|661,true,7,true,3,true
HITTUNE,"mgh3, full plan (shipped)",2025-26,1,30,1,-9,true,false,531,false,4,false,2,false
HITTUNE,"mgh3, full plan (shipped)",2025-26,1,2,2,-21,true,false,450|531,false,-3,false,2,false
HITTUNE,"mgh3, full plan (shipped)",2025-26,1,7,1,17,true,false,8,false,7,true,12,false
HITTUNE,"mgh3, full plan (shipped)",2025-26,1,15,1,-12,true,false,256,false,-4,true,4,false
HITTUNE,"mgh3, full plan (shipped)",2025-26,1,18,1,15,true,false,21,false,10,true,11,false
HITTUNE,"mgh3, full plan (shipped)",2025-26,1,19,2,-11,true,false,16|347,false,3,true,4,false
HITTUNE,"mgh3, full plan (shipped)",2025-26,1,19,1,1,true,false,403,false,-18,true,13,false
HITTUNE,"mgh3, full plan (shipped)",2025-26,1,24,1,3,true,false,382,false,3,true,4,false
HITTUNE,"mgh3, full plan (shipped)",2025-26,1,25,1,22,false,false,624,false,29,true,7,false
HITTUNE,"mgh3, full plan (shipped)",2025-26,1,28,1,-3,true,false,119,false,2,true,4,false
HITTUNE,"mgh3, full plan (shipped)",2025-26,1,5,2,-12,true,true,373|200,false,0,true,6,false
HITTUNE,"mgh3, full plan (shipped)",2025-26,1,20,1,1,true,false,450,false,-6,true,7,false
HITTUNE,"mgh3, full plan (shipped)",2025-26,1,31,1,-6,true,false,485,false,9,false,1,false
HITTUNE,"mgh3, full plan (shipped)",2025-26,1,33,2,22,false,true,82|260,false,27,false,6,false
HITTUNE,"mgh3, full plan (shipped)",2025-26,1,35,1,12,false,false,417,false,16,false,4,false
HITTUNE,"mgh3, full plan (shipped)",2025-26,1,35,1,3,true,false,1,false,3,true,4,false
HITTUNE,"mgh3, full plan (shipped)",2020-21,6,17,1,33,false,false,277,false,33,false,5,false
HITTUNE,"mgh3, full plan (shipped)",2020-21,6,18,2,40,true,false,302|506,true,133,true,18,false
HITTUNE,"mgh3, full plan (shipped)",2020-21,6,34,1,6,true,false,370,false,6,true,5,false
HITTUNE,"mgh3, full plan (shipped)",2020-21,6,10,2,11,true,false,388|557,false,-21,true,18,false
HITTUNE,"mgh3, full plan (shipped)",2020-21,6,20,2,-11,true,false,556|492,false,-21,true,13,false
HITTUNE,"mgh3, full plan (shipped)",2020-21,6,21,1,27,true,false,276,false,0,false,1,true
HITTUNE,"mgh3, full plan (shipped)",2020-21,6,25,2,2,true,false,254|277,false,65,true,14,true
HITTUNE,"mgh3, full plan (shipped)",2020-21,6,28,2,3,true,false,570|102,false,0,true,6,false
HITTUNE,"mgh3, full plan (shipped)",2020-21,6,15,1,6,true,false,308,false,0,true,5,false
HITTUNE,"mgh3, full plan (shipped)",2020-21,6,23,2,39,true,false,276|271,true,72,true,8,false
HITTUNE,"mgh3, full plan (shipped)",2020-21,6,30,2,5,true,false,437|120,false,-20,false,9,false
HITTUNE,"mgh3, full plan (shipped)",2020-21,6,33,1,5,true,false,156,false,0,true,6,false
HITTUNE,"mgh3, full plan (shipped)",2020-21,6,33,1,31,true,false,155,true,30,true,6,false
HITTUNE,"mgh3, full plan (shipped)",2020-21,6,36,2,18,false,false,481|390,false,18,false,3,true
HITTUNE,"mgh3, full plan (shipped)",2020-21,6,12,1,-14,true,false,123,false,-3,true,3,false
HITTUNE,"mgh3, full plan (shipped)",2020-21,6,14,1,-21,true,false,494,false,-10,true,3,false
HITTUNE,"mgh3, full plan (shipped)",2020-21,6,16,1,16,true,false,272,false,51,true,5,true
HITTUNE,"mgh3, full plan (shipped)",2020-21,6,22,2,-15,true,false,259|390,true,40,true,17,false
HITTUNE,"mgh3, full plan (shipped)",2020-21,6,31,2,12,true,false,224|424,false,12,true,8,false
HITTUNE,"mgh3, full plan (shipped)",2020-21,6,32,1,5,true,false,12,false,11,true,7,false
HITTUNE,"mgh3, full plan (shipped)",2020-21,6,8,2,38,false,true,417|202,false,88,false,31,false
HITTUNE,"mgh3, full plan (shipped)",2020-21,6,8,1,20,true,true,96,false,49,true,24,false
HITTUNE,"mgh3, full plan (shipped)",2020-21,6,13,2,11,true,false,325|224,false,-87,true,26,false
HITTUNE,"mgh3, full plan (shipped)",2021-22,6,19,1,-13,true,false,142,false,-11,true,3,false
HITTUNE,"mgh3, full plan (shipped)",2021-22,6,19,1,13,true,false,69,false,-6,true,14,false
HITTUNE,"mgh3, full plan (shipped)",2021-22,6,21,2,4,false,false,359|450,false,112,false,18,false
HITTUNE,"mgh3, full plan (shipped)",2021-22,6,22,2,27,false,false,240|584,true,39,true,17,false
HITTUNE,"mgh3, full plan (shipped)",2021-22,6,23,1,-3,true,false,679,false,0,true,6,false
HITTUNE,"mgh3, full plan (shipped)",2021-22,6,27,1,9,true,false,22,false,30,true,12,false
HITTUNE,"mgh3, full plan (shipped)",2021-22,6,33,1,-9,true,false,67,false,2,true,3,false
HITTUNE,"mgh3, full plan (shipped)",2021-22,6,33,1,-2,true,false,200,true,-15,true,6,false
HITTUNE,"mgh3, full plan (shipped)",2021-22,6,34,2,-41,true,false,233|315,true,-33,true,5,false
HITTUNE,"mgh3, full plan (shipped)",2021-22,6,37,1,3,true,false,700,false,2,true,2,false
HITTUNE,"mgh3, full plan (shipped)",2021-22,6,26,2,-10,true,false,559|23,true,-16,true,13,false
HITTUNE,"mgh3, full plan (shipped)",2021-22,6,29,1,32,true,false,701,false,52,true,10,false
HITTUNE,"mgh3, full plan (shipped)",2021-22,6,32,2,33,true,false,138|256,true,31,true,7,true
HITTUNE,"mgh3, full plan (shipped)",2021-22,6,35,1,13,true,false,40,false,23,true,4,false
HITTUNE,"mgh3, full plan (shipped)",2021-22,6,11,2,1,true,false,422|76,false,-8,true,28,false
HITTUNE,"mgh3, full plan (shipped)",2021-22,6,13,2,57,true,false,237|261,false,153,true,19,false
HITTUNE,"mgh3, full plan (shipped)",2021-22,6,13,1,-14,true,false,142,false,-10,true,2,false
HITTUNE,"mgh3, full plan (shipped)",2021-22,6,13,1,19,false,false,420,false,83,true,17,false
HITTUNE,"mgh3, full plan (shipped)",2021-22,6,25,1,-5,true,false,63,false,-25,true,12,false
HITTUNE,"mgh3, full plan (shipped)",2021-22,6,36,1,17,true,false,477,false,17,true,3,false
HITTUNE,"mgh3, full plan (shipped)",2021-22,6,8,2,-3,true,true,413|491,false,33,true,27,false
HITTUNE,"mgh3, full plan (shipped)",2021-22,6,14,1,0,true,false,477,false,-15,true,14,false
HITTUNE,"mgh3, full plan (shipped)",2021-22,6,15,1,14,true,false,262,false,4,true,4,false
HITTUNE,"mgh3, full plan (shipped)",2021-22,6,17,2,-14,true,false,96|146,false,-10,true,6,false
HITTUNE,"mgh3, full plan (shipped)",2021-22,6,24,2,1,true,false,357|196,true,49,true,10,false
HITTUNE,"mgh3, full plan (shipped)",2021-22,6,28,1,6,true,false,429,false,-10,true,5,false
HITTUNE,"mgh3, full plan (shipped)",2021-22,6,30,1,14,true,false,341,false,0,true,4,false
HITTUNE,"mgh3, full plan (shipped)",2021-22,6,31,1,7,true,false,270,false,-1,true,8,false
HITTUNE,"mgh3, full plan (shipped)",2022-23,6,13,2,35,true,false,19|16,false,-22,true,26,false
HITTUNE,"mgh3, full plan (shipped)",2022-23,6,16,2,-22,true,false,160|66,false,-34,true,12,false
HITTUNE,"mgh3, full plan (shipped)",2022-23,6,23,1,17,true,false,407,false,13,false,3,true
HITTUNE,"mgh3, full plan (shipped)",2022-23,6,37,1,8,false,false,116,false,8,false,2,false
HITTUNE,"mgh3, full plan (shipped)",2022-23,6,9,2,-5,true,false,285|211,false,-10,true,4,false
HITTUNE,"mgh3, full plan (shipped)",2022-23,6,15,2,2,true,false,465|210,false,33,false,20,false
HITTUNE,"mgh3, full plan (shipped)",2022-23,6,15,1,-20,true,false,111,false,-17,true,4,false
HITTUNE,"mgh3, full plan (shipped)",2022-23,6,36,2,1,true,false,318|171,false,7,true,3,false
HITTUNE,"mgh3, full plan (shipped)",2022-23,6,11,2,15,true,false,427|373,false,184,true,28,false
HITTUNE,"mgh3, full plan (shipped)",2022-23,6,17,1,6,true,false,327,false,4,true,2,false
HITTUNE,"mgh3, full plan (shipped)",2022-23,6,19,2,7,true,false,307|7,false,18,true,14,false
HITTUNE,"mgh3, full plan (shipped)",2022-23,6,20,2,26,false,false,152|301,true,14,false,13,true
HITTUNE,"mgh3, full plan (shipped)",2022-23,6,26,2,33,true,false,357|107,false,56,true,13,false
HITTUNE,"mgh3, full plan (shipped)",2022-23,6,33,2,5,false,false,307|124,false,-9,false,6,false
HITTUNE,"mgh3, full plan (shipped)",2022-23,6,21,2,4,true,false,283|225,true,145,false,15,false
HITTUNE,"mgh3, full plan (shipped)",2022-23,6,22,1,38,false,false,285,false,50,false,12,false
HITTUNE,"mgh3, full plan (shipped)",2022-23,6,25,1,4,true,false,81,false,19,true,14,false
HITTUNE,"mgh3, full plan (shipped)",2022-23,6,34,2,-10,false,false,610|312,false,-19,false,5,false
HITTUNE,"mgh3, full plan (shipped)",2022-23,6,35,2,15,true,false,333|199,false,10,true,4,false
HITTUNE,"mgh3, full plan (shipped)",2022-23,6,28,2,-2,false,false,394|377,false,-10,false,11,false
HITTUNE,"mgh3, full plan (shipped)",2023-24,6,27,1,-4,true,false,430,false,-3,true,3,false
HITTUNE,"mgh3, full plan (shipped)",2023-24,6,21,2,-35,true,false,290|343,true,-23,true,5,false
HITTUNE,"mgh3, full plan (shipped)",2023-24,6,9,1,-21,true,false,14,false,-9,true,2,false
HITTUNE,"mgh3, full plan (shipped)",2023-24,6,14,2,-3,true,false,19|43,false,123,true,18,false
HITTUNE,"mgh3, full plan (shipped)",2023-24,6,16,1,14,false,false,275,false,55,true,23,false
HITTUNE,"mgh3, full plan (shipped)",2023-24,6,19,1,-11,true,false,85,false,-2,true,4,false
HITTUNE,"mgh3, full plan (shipped)",2023-24,6,31,2,58,false,false,265|362,true,86,false,8,false
HITTUNE,"mgh3, full plan (shipped)",2023-24,6,32,1,-12,true,false,14,false,35,true,7,true
HITTUNE,"mgh3, full plan (shipped)",2023-24,6,32,1,-1,true,false,303,true,-2,true,3,false
HITTUNE,"mgh3, full plan (shipped)",2023-24,6,34,1,20,true,false,415,false,28,true,5,false
HITTUNE,"mgh3, full plan (shipped)",2023-24,6,8,1,15,false,true,220,false,14,false,4,false
HITTUNE,"mgh3, full plan (shipped)",2023-24,6,11,1,10,true,false,19,false,2,false,1,false
HITTUNE,"mgh3, full plan (shipped)",2023-24,6,22,1,39,true,false,353,false,38,true,11,false
HITTUNE,"mgh3, full plan (shipped)",2023-24,6,23,1,33,true,false,60,false,24,true,11,false
HITTUNE,"mgh3, full plan (shipped)",2023-24,6,33,1,-19,true,false,134,false,-32,true,6,false
HITTUNE,"mgh3, full plan (shipped)",2023-24,6,35,1,15,true,false,516,false,24,true,4,false
HITTUNE,"mgh3, full plan (shipped)",2023-24,6,35,1,-14,true,false,211,true,-10,true,4,false
HITTUNE,"mgh3, full plan (shipped)",2023-24,6,36,1,16,true,false,341,false,16,true,3,false
HITTUNE,"mgh3, full plan (shipped)",2023-24,6,37,1,9,true,false,349,false,9,true,2,true
HITTUNE,"mgh3, full plan (shipped)",2023-24,6,12,2,-7,false,false,291|143,false,-2,false,3,false
HITTUNE,"mgh3, full plan (shipped)",2023-24,6,12,1,5,true,false,427,false,5,true,8,false
HITTUNE,"mgh3, full plan (shipped)",2023-24,6,15,1,-17,true,false,424,false,0,false,1,false
HITTUNE,"mgh3, full plan (shipped)",2023-24,6,17,2,41,false,false,516|60,true,44,false,5,false
HITTUNE,"mgh3, full plan (shipped)",2023-24,6,20,1,6,true,false,5,false,25,true,19,false
HITTUNE,"mgh3, full plan (shipped)",2023-24,6,26,1,12,true,false,85,false,13,true,13,true
HITTUNE,"mgh3, full plan (shipped)",2023-24,6,28,1,18,false,false,77,false,10,false,11,false
HITTUNE,"mgh3, full plan (shipped)",2023-24,6,30,2,33,false,false,355|805,false,39,false,6,false
HITTUNE,"mgh3, full plan (shipped)",2023-24,6,13,1,4,true,false,20,false,-20,true,26,false
HITTUNE,"mgh3, full plan (shipped)",2023-24,6,18,1,-4,true,false,526,false,-2,true,13,false
HITTUNE,"mgh3, full plan (shipped)",2023-24,6,24,1,0,true,false,664,false,-6,true,8,false
HITTUNE,"mgh3, full plan (shipped)",2023-24,6,25,1,12,false,false,342,false,8,false,2,false
HITTUNE,"mgh3, full plan (shipped)",2024-25,6,30,2,4,true,false,401|366,false,12,true,9,false
HITTUNE,"mgh3, full plan (shipped)",2024-25,6,8,2,-3,true,true,311|199,false,0,true,4,false
HITTUNE,"mgh3, full plan (shipped)",2024-25,6,14,2,2,true,false,491|541,false,0,true,7,false
HITTUNE,"mgh3, full plan (shipped)",2024-25,6,21,1,6,true,false,321,false,6,true,5,false
HITTUNE,"mgh3, full plan (shipped)",2024-25,6,21,1,6,false,false,129,false,18,false,6,false
HITTUNE,"mgh3, full plan (shipped)",2024-25,6,26,2,38,true,false,350|110,false,81,true,13,false
HITTUNE,"mgh3, full plan (shipped)",2024-25,6,27,2,-26,true,false,447|650,false,-22,true,12,false
HITTUNE,"mgh3, full plan (shipped)",2024-25,6,28,2,-6,false,false,310|207,false,9,false,8,false
HITTUNE,"mgh3, full plan (shipped)",2024-25,6,36,2,2,true,false,182|91,false,-12,true,3,false
HITTUNE,"mgh3, full plan (shipped)",2024-25,6,11,2,14,true,false,366|182,false,-82,true,19,false
HITTUNE,"mgh3, full plan (shipped)",2024-25,6,20,2,9,true,false,311|168,false,18,true,19,false
HITTUNE,"mgh3, full plan (shipped)",2024-25,6,31,1,1,true,false,18,false,1,true,8,false
HITTUNE,"mgh3, full plan (shipped)",2024-25,6,12,2,2,true,false,82|573,false,-32,true,27,false
HITTUNE,"mgh3, full plan (shipped)",2024-25,6,12,1,-5,true,false,78,false,-4,true,2,false
HITTUNE,"mgh3, full plan (shipped)",2024-25,6,15,1,5,true,false,18,false,-2,true,12,false
HITTUNE,"mgh3, full plan (shipped)",2024-25,6,32,1,-7,true,false,207,false,0,false,1,false
HITTUNE,"mgh3, full plan (shipped)",2024-25,6,16,2,62,true,false,328|401,true,351,true,23,true
HITTUNE,"mgh3, full plan (shipped)",2024-25,6,22,2,15,true,false,585|236,false,75,true,17,false
HITTUNE,"mgh3, full plan (shipped)",2024-25,6,33,1,1,true,false,755,false,1,true,6,false
HITTUNE,"mgh3, full plan (shipped)",2025-26,6,30,1,-10,true,false,249,false,3,false,2,false
HITTUNE,"mgh3, full plan (shipped)",2025-26,6,13,1,8,false,false,6,false,0,false,2,false
HITTUNE,"mgh3, full plan (shipped)",2025-26,6,27,1,-16,true,false,382,false,-4,false,1,false
HITTUNE,"mgh3, full plan (shipped)",2025-26,6,31,1,-8,true,false,287,false,7,false,1,false
HITTUNE,"mgh3, full plan (shipped)",2025-26,6,35,1,12,false,false,417,false,16,false,4,false
HITTUNE,"mgh3, full plan (shipped)",2025-26,6,35,1,3,true,false,1,false,3,true,4,false
HITTUNE,"mgh3, full plan (shipped)",2025-26,6,28,2,33,true,false,373|329,false,27,true,4,false
HITTUNE,"mgh3, full plan (shipped)",2025-26,6,9,1,-8,true,false,267,false,-10,true,6,false
HITTUNE,"mgh3, full plan (shipped)",2025-26,6,14,2,6,false,false,283|384,false,20,false,16,false
HITTUNE,"mgh3, full plan (shipped)",2025-26,6,14,1,-8,true,false,237,false,30,true,18,false
HITTUNE,"mgh3, full plan (shipped)",2025-26,6,15,1,31,true,false,82,false,42,true,12,false
HITTUNE,"mgh3, full plan (shipped)",2025-26,6,15,1,-12,true,false,256,false,-4,true,4,false
HITTUNE,"mgh3, full plan (shipped)",2025-26,6,18,1,15,true,false,21,false,3,true,2,false
HITTUNE,"mgh3, full plan (shipped)",2025-26,6,19,2,0,true,false,16|684,false,-20,true,13,false
HITTUNE,"mgh3, full plan (shipped)",2025-26,6,19,1,7,true,false,450,false,7,true,5,false
HITTUNE,"mgh3, full plan (shipped)",2025-26,6,19,1,1,true,false,403,false,2,false,2,false
HITTUNE,"mgh3, full plan (shipped)",2025-26,6,33,2,22,false,true,82|260,false,27,false,6,false
HITTUNE,"mgh3, full plan (shipped)",2025-26,6,10,1,5,true,false,694,false,11,true,22,false
HITTUNE,"mgh3, full plan (shipped)",2025-26,6,25,2,16,true,false,624|21,false,23,true,7,false
HITTUNE,"mgh3, full plan (shipped)",2025-26,6,29,1,-15,true,false,661,false,0,true,3,true
HITTUNE,"mgh3, full plan (shipped)",2025-26,6,29,1,3,true,false,235,true,7,true,3,false
HITTUNE,"mgh3, full plan (shipped)",2025-26,6,24,2,22,true,false,449|547,false,86,true,8,false
HITTUNE,"mgh3, full plan (shipped)",2025-26,6,11,1,-10,true,false,668,false,2,true,3,false
HITTUNE,"mgh3, full plan (shipped)",2025-26,6,20,1,-3,true,false,488,false,0,true,4,false
HITTUNE,"mgh3, full plan (shipped)",2025-26,6,21,1,23,false,false,8,false,54,false,11,false
HITTUNE,"mgh3, full plan (shipped)",2020-21,11,22,2,-10,true,false,254|62,true,59,true,17,false
HITTUNE,"mgh3, full plan (shipped)",2020-21,11,23,1,8,true,false,273,false,1,true,3,false
HITTUNE,"mgh3, full plan (shipped)",2020-21,11,36,2,12,true,false,155|390,false,12,true,3,true
HITTUNE,"mgh3, full plan (shipped)",2020-21,11,31,1,14,true,false,102,false,0,true,2,false
HITTUNE,"mgh3, full plan (shipped)",2020-21,11,13,2,-4,true,true,494|224,false,-15,true,8,false
HITTUNE,"mgh3, full plan (shipped)",2020-21,11,19,1,10,true,false,96,false,34,true,13,false
HITTUNE,"mgh3, full plan (shipped)",2020-21,11,33,2,-9,true,false,166|558,true,4,true,6,false
HITTUNE,"mgh3, full plan (shipped)",2020-21,11,28,1,8,true,false,570,false,-3,true,11,false
HITTUNE,"mgh3, full plan (shipped)",2020-21,11,28,1,27,true,false,259,false,47,true,11,false
HITTUNE,"mgh3, full plan (shipped)",2020-21,11,30,2,0,true,false,437|120,false,-23,true,9,false
HITTUNE,"mgh3, full plan (shipped)",2020-21,11,32,1,5,true,false,12,false,11,true,7,false
HITTUNE,"mgh3, full plan (shipped)",2020-21,11,34,1,11,true,false,370,false,11,true,5,false
HITTUNE,"mgh3, full plan (shipped)",2020-21,11,15,1,24,true,false,313,false,39,true,9,false
HITTUNE,"mgh3, full plan (shipped)",2020-21,11,15,1,8,false,false,308,false,7,true,8,false
HITTUNE,"mgh3, full plan (shipped)",2020-21,11,16,2,42,true,false,277|302,false,117,true,20,false
HITTUNE,"mgh3, full plan (shipped)",2020-21,11,18,1,33,true,false,556,false,50,true,13,false
HITTUNE,"mgh3, full plan (shipped)",2020-21,11,21,2,1,true,false,390|262,false,-4,true,9,false
HITTUNE,"mgh3, full plan (shipped)",2020-21,11,21,1,27,true,false,276,false,0,false,1,true
HITTUNE,"mgh3, full plan (shipped)",2020-21,11,24,2,15,true,false,271|572,true,16,true,12,false
HITTUNE,"mgh3, full plan (shipped)",2020-21,11,26,2,5,false,false,277|557,false,-1,false,2,false
HITTUNE,"mgh3, full plan (shipped)",2021-22,11,13,2,4,true,true,261|411,false,25,true,14,false
HITTUNE,"mgh3, full plan (shipped)",2021-22,11,15,2,34,false,false,262|315,false,5,false,8,false
HITTUNE,"mgh3, full plan (shipped)",2021-22,11,17,1,5,true,false,64,false,7,true,3,false
HITTUNE,"mgh3, full plan (shipped)",2021-22,11,25,1,-8,true,false,584,false,5,true,14,false
HITTUNE,"mgh3, full plan (shipped)",2021-22,11,35,1,13,true,false,40,false,23,true,4,false
HITTUNE,"mgh3, full plan (shipped)",2021-22,11,36,1,17,true,false,477,false,17,true,3,false
HITTUNE,"mgh3, full plan (shipped)",2021-22,11,20,1,24,true,false,240,false,23,true,7,false
HITTUNE,"mgh3, full plan (shipped)",2021-22,11,22,1,9,true,false,196,false,5,true,9,false
HITTUNE,"mgh3, full plan (shipped)",2021-22,11,22,1,1,true,false,353,true,-8,true,9,false
HITTUNE,"mgh3, full plan (shipped)",2021-22,11,27,2,21,true,false,359|505,true,76,true,12,false
HITTUNE,"mgh3, full plan (shipped)",2021-22,11,32,1,10,true,false,234,false,17,true,7,true
HITTUNE,"mgh3, full plan (shipped)",2021-22,11,16,2,13,false,false,146|422,false,-1,false,6,false
HITTUNE,"mgh3, full plan (shipped)",2021-22,11,23,1,-4,true,false,450,false,-55,true,16,false
HITTUNE,"mgh3, full plan (shipped)",2021-22,11,24,1,-4,true,false,676,false,13,false,4,false
HITTUNE,"mgh3, full plan (shipped)",2021-22,11,28,1,13,true,false,67,false,10,true,8,false
HITTUNE,"mgh3, full plan (shipped)",2021-22,11,30,1,14,true,false,341,false,0,true,4,false
HITTUNE,"mgh3, full plan (shipped)",2021-22,11,33,1,6,true,false,138,false,11,true,6,false
HITTUNE,"mgh3, full plan (shipped)",2021-22,11,34,2,-41,true,false,233|315,true,-33,true,5,false
HITTUNE,"mgh3, full plan (shipped)",2021-22,11,19,1,-2,true,false,143,false,-4,true,3,false
HITTUNE,"mgh3, full plan (shipped)",2021-22,11,19,1,-13,true,false,142,false,-13,true,5,false
HITTUNE,"mgh3, full plan (shipped)",2021-22,11,21,1,2,true,false,91,false,-49,true,18,false
HITTUNE,"mgh3, full plan (shipped)",2021-22,11,26,2,60,false,false,357|22,true,126,false,13,false
HITTUNE,"mgh3, full plan (shipped)",2021-22,11,31,2,-11,true,false,261|270,false,-36,true,6,false
HITTUNE,"mgh3, full plan (shipped)",2021-22,11,37,1,4,true,false,200,false,2,true,2,false
HITTUNE,"mgh3, full plan (shipped)",2022-23,11,17,2,7,false,false,307|62,false,2,false,18,false
HITTUNE,"mgh3, full plan (shipped)",2022-23,11,19,1,16,true,false,302,false,16,true,5,false
HITTUNE,"mgh3, full plan (shipped)",2022-23,11,21,2,10,true,false,318|225,true,41,true,5,false
HITTUNE,"mgh3, full plan (shipped)",2022-23,11,23,1,17,true,false,407,false,13,false,3,true
HITTUNE,"mgh3, full plan (shipped)",2022-23,11,15,2,-2,true,false,465|210,false,-10,false,2,false
HITTUNE,"mgh3, full plan (shipped)",2022-23,11,15,1,-20,true,false,111,false,-20,true,5,false
HITTUNE,"mgh3, full plan (shipped)",2022-23,11,20,1,17,true,false,7,false,24,true,14,false
HITTUNE,"mgh3, full plan (shipped)",2022-23,11,24,2,-1,true,false,357|107,true,47,true,15,false
HITTUNE,"mgh3, full plan (shipped)",2022-23,11,26,2,10,true,false,465|80,true,9,true,13,false
HITTUNE,"mgh3, full plan (shipped)",2022-23,11,27,1,11,true,false,285,false,45,true,12,false
HITTUNE,"mgh3, full plan (shipped)",2022-23,11,34,2,13,true,false,333|377,false,10,true,5,false
HITTUNE,"mgh3, full plan (shipped)",2022-23,11,35,2,-4,true,false,318|171,false,0,true,4,true
HITTUNE,"mgh3, full plan (shipped)",2022-23,11,22,1,8,true,false,189,false,2,false,2,false
HITTUNE,"mgh3, full plan (shipped)",2022-23,11,25,1,4,true,false,81,false,17,true,14,false
HITTUNE,"mgh3, full plan (shipped)",2022-23,11,33,1,13,false,false,307,false,1,false,6,false
HITTUNE,"mgh3, full plan (shipped)",2022-23,11,33,1,0,true,false,124,false,0,true,6,false
HITTUNE,"mgh3, full plan (shipped)",2022-23,11,16,2,-34,true,false,301|237,false,-41,true,5,false
HITTUNE,"mgh3, full plan (shipped)",2022-23,11,18,1,13,true,false,593,false,14,true,4,false
HITTUNE,"mgh3, full plan (shipped)",2022-23,11,32,1,-3,true,false,295,false,-10,true,7,false
HITTUNE,"mgh3, full plan (shipped)",2022-23,11,37,2,7,false,false,116|337,false,7,false,2,false
HITTUNE,"mgh3, full plan (shipped)",2023-24,11,20,1,-15,true,false,135,false,-15,true,5,false
HITTUNE,"mgh3, full plan (shipped)",2023-24,11,23,1,17,true,false,342,false,-9,true,16,false
HITTUNE,"mgh3, full plan (shipped)",2023-24,11,27,1,1,false,false,430,false,1,false,5,false
HITTUNE,"mgh3, full plan (shipped)",2023-24,11,14,2,-3,true,false,19|43,false,68,true,18,false
HITTUNE,"mgh3, full plan (shipped)",2023-24,11,15,2,-6,true,false,427|275,false,5,true,24,false
HITTUNE,"mgh3, full plan (shipped)",2023-24,11,19,1,2,true,false,5,false,26,true,20,false
HITTUNE,"mgh3, full plan (shipped)",2023-24,11,26,1,12,true,false,85,false,13,true,13,true
HITTUNE,"mgh3, full plan (shipped)",2023-24,11,28,1,17,false,false,77,false,9,false,8,false
HITTUNE,"mgh3, full plan (shipped)",2023-24,11,31,2,32,true,false,355|362,false,63,true,8,true
HITTUNE,"mgh3, full plan (shipped)",2023-24,11,32,1,-12,true,false,14,false,35,true,7,true
HITTUNE,"mgh3, full plan (shipped)",2023-24,11,32,1,3,false,false,313,true,10,true,7,false
HITTUNE,"mgh3, full plan (shipped)",2023-24,11,37,1,9,true,false,349,false,9,true,2,true
HITTUNE,"mgh3, full plan (shipped)",2023-24,11,18,1,-4,true,false,526,false,-2,true,13,false
HITTUNE,"mgh3, full plan (shipped)",2023-24,11,22,1,39,true,false,353,false,38,true,11,false
HITTUNE,"mgh3, full plan (shipped)",2023-24,11,30,1,10,true,false,303,false,10,true,5,false
HITTUNE,"mgh3, full plan (shipped)",2023-24,11,33,1,-19,true,false,134,false,-32,true,6,false
HITTUNE,"mgh3, full plan (shipped)",2023-24,11,35,1,-5,true,false,415,false,3,true,4,false
HITTUNE,"mgh3, full plan (shipped)",2023-24,11,35,1,11,true,false,516,true,24,true,4,false
HITTUNE,"mgh3, full plan (shipped)",2023-24,11,36,1,10,true,false,687,false,1,true,3,false
HITTUNE,"mgh3, full plan (shipped)",2023-24,11,13,1,4,true,true,20,false,-20,true,26,false
HITTUNE,"mgh3, full plan (shipped)",2023-24,11,21,2,-35,true,false,290|343,true,-24,true,6,false
HITTUNE,"mgh3, full plan (shipped)",2023-24,11,24,1,0,true,false,664,false,0,true,6,false
HITTUNE,"mgh3, full plan (shipped)",2023-24,11,25,1,39,false,false,60,false,39,false,6,false
HITTUNE,"mgh3, full plan (shipped)",2023-24,11,34,1,33,true,false,211,false,33,true,5,false
HITTUNE,"mgh3, full plan (shipped)",2023-24,11,17,2,45,false,false,516|60,false,44,false,5,false
HITTUNE,"mgh3, full plan (shipped)",2024-25,11,20,1,-10,true,false,327,false,1,true,6,false
HITTUNE,"mgh3, full plan (shipped)",2024-25,11,22,1,16,false,false,110,false,32,true,17,false
HITTUNE,"mgh3, full plan (shipped)",2024-25,11,27,1,-17,true,false,650,false,-4,true,7,false
HITTUNE,"mgh3, full plan (shipped)",2024-25,11,15,1,16,true,false,541,false,14,true,6,false
HITTUNE,"mgh3, full plan (shipped)",2024-25,11,16,1,-4,true,false,18,false,-4,true,7,false
HITTUNE,"mgh3, full plan (shipped)",2024-25,11,26,2,-13,true,false,207|585,false,-17,true,7,false
HITTUNE,"mgh3, full plan (shipped)",2024-25,11,28,1,-5,true,false,58,false,-5,true,5,false
HITTUNE,"mgh3, full plan (shipped)",2024-25,11,36,1,19,true,false,514,false,19,true,3,false
HITTUNE,"mgh3, full plan (shipped)",2024-25,11,14,2,4,true,false,58|573,false,2,true,13,false
HITTUNE,"mgh3, full plan (shipped)",2024-25,11,17,1,-7,true,false,366,false,-15,true,3,false
HITTUNE,"mgh3, full plan (shipped)",2024-25,11,18,1,9,true,false,401,false,11,true,10,false
HITTUNE,"mgh3, full plan (shipped)",2024-25,11,19,1,6,true,false,255,false,-3,true,2,false
HITTUNE,"mgh3, full plan (shipped)",2024-25,11,21,2,-4,true,false,311|129,true,12,true,10,false
HITTUNE,"mgh3, full plan (shipped)",2024-25,11,23,1,-3,true,false,3,false,-4,true,8,false
HITTUNE,"mgh3, full plan (shipped)",2024-25,11,31,1,12,false,false,18,false,14,false,8,false
HITTUNE,"mgh3, full plan (shipped)",2024-25,11,31,1,14,true,false,350,false,28,true,8,false
HITTUNE,"mgh3, full plan (shipped)",2024-25,11,33,2,-26,true,false,182|129,false,-16,false,6,false
HITTUNE,"mgh3, full plan (shipped)",2024-25,11,13,2,-12,true,true,180|495,false,-14,true,6,false
HITTUNE,"mgh3, full plan (shipped)",2024-25,11,30,2,4,true,false,401|366,false,12,true,9,false
HITTUNE,"mgh3, full plan (shipped)",2024-25,11,34,1,3,true,false,580,false,3,true,5,false
HITTUNE,"mgh3, full plan (shipped)",2024-25,11,35,1,22,false,false,306,false,22,false,4,false
HITTUNE,"mgh3, full plan (shipped)",2025-26,11,13,1,-13,true,true,237,false,-20,true,19,false
HITTUNE,"mgh3, full plan (shipped)",2025-26,11,14,2,24,true,false,384|403,false,-2,true,7,false
HITTUNE,"mgh3, full plan (shipped)",2025-26,11,15,1,13,true,false,387,false,9,true,4,false
HITTUNE,"mgh3, full plan (shipped)",2025-26,11,31,1,-8,true,false,287,false,7,false,1,false
HITTUNE,"mgh3, full plan (shipped)",2025-26,11,31,1,-4,true,false,485,true,10,false,1,false
HITTUNE,"mgh3, full plan (shipped)",2025-26,11,35,1,12,false,false,417,false,16,false,4,false
HITTUNE,"mgh3, full plan (shipped)",2025-26,11,35,1,3,true,false,1,false,3,true,4,false
HITTUNE,"mgh3, full plan (shipped)",2025-26,11,24,2,22,true,false,449|547,false,86,true,8,false
HITTUNE,"mgh3, full plan (shipped)",2025-26,11,24,1,5,true,false,709,false,3,true,6,false
HITTUNE,"mgh3, full plan (shipped)",2025-26,11,27,1,-4,true,false,235,false,-4,true,5,false
HITTUNE,"mgh3, full plan (shipped)",2025-26,11,29,1,-15,true,false,661,false,0,true,3,true
HITTUNE,"mgh3, full plan (shipped)",2025-26,11,18,1,15,true,false,21,false,3,true,2,false
HITTUNE,"mgh3, full plan (shipped)",2025-26,11,19,2,-11,true,false,16|347,false,-13,true,6,false
HITTUNE,"mgh3, full plan (shipped)",2025-26,11,19,1,0,true,false,82,false,1,true,8,false
HITTUNE,"mgh3, full plan (shipped)",2025-26,11,19,1,5,true,false,450,false,5,true,5,false
HITTUNE,"mgh3, full plan (shipped)",2025-26,11,28,1,2,true,false,684,false,5,true,4,false
HITTUNE,"mgh3, full plan (shipped)",2025-26,11,30,1,5,true,false,249,false,4,false,2,false
HITTUNE,"mgh3, full plan (shipped)",2025-26,11,30,1,-1,true,false,531,true,4,false,2,false
HITTUNE,"mgh3, full plan (shipped)",2025-26,11,20,1,-3,true,false,488,false,0,true,4,false
HITTUNE,"mgh3, full plan (shipped)",2025-26,11,21,1,23,false,false,8,false,54,false,11,false
HITTUNE,"mgh3, full plan (shipped)",2025-26,11,25,1,2,true,false,21,false,2,true,6,false
HITTUNE,"mgh3, full plan (shipped)",2025-26,11,26,1,25,true,false,624,false,27,true,6,false
HITTUNE,"mgh3, full plan (shipped)",2025-26,11,33,2,22,false,true,82|260,false,27,false,6,false
HITTUNE,"mgh3, full plan (shipped)",2020-21,16,31,1,34,true,false,259,false,45,true,8,false
HITTUNE,"mgh3, full plan (shipped)",2020-21,16,35,2,22,true,false,254|524,true,42,true,4,false
HITTUNE,"mgh3, full plan (shipped)",2020-21,16,27,1,16,false,false,120,false,28,false,8,false
HITTUNE,"mgh3, full plan (shipped)",2020-21,16,30,2,-6,true,false,388|570,false,8,true,4,false
HITTUNE,"mgh3, full plan (shipped)",2020-21,16,32,1,5,true,false,12,false,11,true,7,false
HITTUNE,"mgh3, full plan (shipped)",2020-21,16,36,1,0,true,false,481,false,0,true,3,false
HITTUNE,"mgh3, full plan (shipped)",2020-21,16,22,2,-11,true,false,259|390,false,6,true,13,false
HITTUNE,"mgh3, full plan (shipped)",2020-21,16,22,1,9,true,false,164,false,11,true,3,false
HITTUNE,"mgh3, full plan (shipped)",2020-21,16,22,1,-7,true,false,254,false,0,true,8,false
HITTUNE,"mgh3, full plan (shipped)",2020-21,16,28,1,-5,true,false,102,false,-5,true,5,false
HITTUNE,"mgh3, full plan (shipped)",2020-21,16,21,1,27,true,false,276,false,0,false,1,true
HITTUNE,"mgh3, full plan (shipped)",2020-21,16,24,2,27,true,false,390|277,false,56,false,11,false
HITTUNE,"mgh3, full plan (shipped)",2020-21,16,33,1,-1,true,false,224,false,4,true,6,true
HITTUNE,"mgh3, full plan (shipped)",2020-21,16,33,1,17,true,false,155,true,23,true,6,false
HITTUNE,"mgh3, full plan (shipped)",2020-21,16,34,1,6,true,false,370,false,6,true,5,false
HITTUNE,"mgh3, full plan (shipped)",2020-21,16,18,1,33,true,true,556,false,50,true,13,false
HITTUNE,"mgh3, full plan (shipped)",2020-21,16,23,1,25,true,false,271,false,45,true,13,false
HITTUNE,"mgh3, full plan (shipped)",2020-21,16,25,2,-12,true,false,37|93,true,-4,false,5,false
HITTUNE,"mgh3, full plan (shipped)",2020-21,16,26,1,1,false,false,235,false,1,false,1,false
HITTUNE,"mgh3, full plan (shipped)",2021-22,16,20,2,-11,true,false,142|96,false,-12,true,5,false
HITTUNE,"mgh3, full plan (shipped)",2021-22,16,22,1,-4,true,false,450,false,-36,true,12,false
HITTUNE,"mgh3, full plan (shipped)",2021-22,16,25,2,25,true,false,357|290,true,130,false,14,false
HITTUNE,"mgh3, full plan (shipped)",2021-22,16,31,1,5,true,false,261,false,7,true,4,false
HITTUNE,"mgh3, full plan (shipped)",2021-22,16,33,1,2,true,false,200,false,-4,true,6,false
HITTUNE,"mgh3, full plan (shipped)",2021-22,16,34,1,9,true,false,315,false,9,true,5,false
HITTUNE,"mgh3, full plan (shipped)",2021-22,16,37,1,11,true,false,477,false,11,false,2,false
HITTUNE,"mgh3, full plan (shipped)",2021-22,16,38,1,6,true,false,359,false,6,false,1,false
HITTUNE,"mgh3, full plan (shipped)",2021-22,16,21,2,-10,true,false,584|422,true,26,true,18,false
HITTUNE,"mgh3, full plan (shipped)",2021-22,16,27,1,11,true,false,681,false,23,true,4,false
HITTUNE,"mgh3, full plan (shipped)",2021-22,16,29,1,20,false,false,69,false,5,false,4,false
HITTUNE,"mgh3, full plan (shipped)",2021-22,16,30,1,14,true,false,341,false,13,true,6,false
HITTUNE,"mgh3, full plan (shipped)",2021-22,16,36,1,2,true,false,196,false,2,true,3,false
HITTUNE,"mgh3, full plan (shipped)",2021-22,16,19,2,2,false,false,76|556,false,31,false,20,false
HITTUNE,"mgh3, full plan (shipped)",2021-22,16,19,1,2,true,false,138,false,0,false,1,false
HITTUNE,"mgh3, full plan (shipped)",2021-22,16,23,2,-22,true,false,240|679,true,23,true,4,false
HITTUNE,"mgh3, full plan (shipped)",2021-22,16,24,1,28,false,false,475,false,52,false,15,false
HITTUNE,"mgh3, full plan (shipped)",2021-22,16,24,1,3,true,false,196,true,-5,true,8,false
HITTUNE,"mgh3, full plan (shipped)",2021-22,16,26,2,31,true,false,22|23,true,65,true,13,false
HITTUNE,"mgh3, full plan (shipped)",2021-22,16,28,1,14,true,false,67,false,18,true,9,false
HITTUNE,"mgh3, full plan (shipped)",2021-22,16,32,2,33,true,false,138|256,true,33,true,7,false
HITTUNE,"mgh3, full plan (shipped)",2021-22,16,35,1,7,true,false,681,false,-1,true,4,false
HITTUNE,"mgh3, full plan (shipped)",2022-23,16,19,2,20,false,false,254|301,false,6,false,14,true
HITTUNE,"mgh3, full plan (shipped)",2022-23,16,20,2,20,false,false,7|66,false,30,true,13,true
HITTUNE,"mgh3, full plan (shipped)",2022-23,16,22,1,38,false,false,285,false,50,false,12,false
HITTUNE,"mgh3, full plan (shipped)",2022-23,16,23,1,17,true,false,407,false,13,false,3,true
HITTUNE,"mgh3, full plan (shipped)",2022-23,16,24,1,-1,true,false,81,false,14,true,15,false
HITTUNE,"mgh3, full plan (shipped)",2022-23,16,26,1,10,true,false,107,false,13,true,10,false
HITTUNE,"mgh3, full plan (shipped)",2022-23,16,34,2,-10,false,false,610|312,false,2,false,5,false
HITTUNE,"mgh3, full plan (shipped)",2022-23,16,35,2,7,true,false,333|133,false,12,true,4,false
HITTUNE,"mgh3, full plan (shipped)",2022-23,16,36,2,19,false,false,116|377,false,11,false,3,false
HITTUNE,"mgh3, full plan (shipped)",2022-23,16,37,1,8,true,false,319,false,8,true,2,false
HITTUNE,"mgh3, full plan (shipped)",2022-23,16,21,2,8,true,false,283|225,false,170,false,18,false
HITTUNE,"mgh3, full plan (shipped)",2022-23,16,29,1,-22,true,false,394,false,-38,true,8,false
HITTUNE,"mgh3, full plan (shipped)",2022-23,16,33,2,5,false,false,307|124,false,-9,false,6,false
HITTUNE,"mgh3, full plan (shipped)",2022-23,16,25,1,-19,true,false,26,false,-7,true,2,false
HITTUNE,"mgh3, full plan (shipped)",2022-23,16,27,1,17,true,false,357,false,53,false,12,false
HITTUNE,"mgh3, full plan (shipped)",2023-24,16,36,1,12,true,false,597,false,3,true,3,false
HITTUNE,"mgh3, full plan (shipped)",2023-24,16,22,2,61,true,false,342|353,false,59,true,17,false
HITTUNE,"mgh3, full plan (shipped)",2023-24,16,24,1,19,true,false,526,false,20,true,7,false
HITTUNE,"mgh3, full plan (shipped)",2023-24,16,24,1,24,true,false,85,false,45,true,15,false
HITTUNE,"mgh3, full plan (shipped)",2023-24,16,32,2,-4,true,false,14|303,false,44,true,7,true
HITTUNE,"mgh3, full plan (shipped)",2023-24,16,34,1,20,true,false,415,false,28,true,5,false
HITTUNE,"mgh3, full plan (shipped)",2023-24,16,37,1,6,true,false,516,false,6,true,2,true
HITTUNE,"mgh3, full plan (shipped)",2023-24,16,18,2,9,true,true,290|134,false,9,true,14,false
HITTUNE,"mgh3, full plan (shipped)",2023-24,16,25,1,16,true,false,77,false,8,true,11,false
HITTUNE,"mgh3, full plan (shipped)",2023-24,16,26,1,1,false,false,430,false,1,false,5,false
HITTUNE,"mgh3, full plan (shipped)",2023-24,16,30,1,10,true,false,303,false,8,false,1,false
HITTUNE,"mgh3, full plan (shipped)",2023-24,16,31,4,88,false,false,355|203|362|362,false,348,true,8,false
HITTUNE,"mgh3, full plan (shipped)",2023-24,16,33,1,10,true,false,373,false,16,true,4,false
HITTUNE,"mgh3, full plan (shipped)",2023-24,16,35,1,-2,true,false,134,false,-2,true,4,false
HITTUNE,"mgh3, full plan (shipped)",2024-25,16,30,2,4,true,false,310|110,false,23,false,9,false
HITTUNE,"mgh3, full plan (shipped)",2024-25,16,33,1,-23,true,false,129,false,-25,true,6,false
HITTUNE,"mgh3, full plan (shipped)",2024-25,16,19,2,36,false,false,401|514,false,60,false,20,false
HITTUNE,"mgh3, full plan (shipped)",2024-25,16,21,2,4,true,false,311|129,false,6,true,7,false
HITTUNE,"mgh3, full plan (shipped)",2024-25,16,21,1,7,true,false,398,false,16,false,3,false
HITTUNE,"mgh3, full plan (shipped)",2024-25,16,23,2,19,true,false,236|235,false,11,true,7,false
HITTUNE,"mgh3, full plan (shipped)",2024-25,16,24,2,43,true,false,327|168,false,50,true,15,false
HITTUNE,"mgh3, full plan (shipped)",2024-25,16,26,2,-13,true,false,207|585,false,-13,true,13,false
HITTUNE,"mgh3, full plan (shipped)",2024-25,16,31,1,-1,true,false,15,false,-8,true,8,false
HITTUNE,"mgh3, full plan (shipped)",2024-25,16,32,1,11,false,false,18,false,12,false,7,false
HITTUNE,"mgh3, full plan (shipped)",2024-25,16,34,1,26,false,false,235,false,13,false,5,false
HITTUNE,"mgh3, full plan (shipped)",2024-25,16,28,2,12,true,false,350|3,false,38,false,11,false
HITTUNE,"mgh3, full plan (shipped)",2025-26,16,24,1,-5,true,false,382,false,0,true,4,false
HITTUNE,"mgh3, full plan (shipped)",2025-26,16,25,2,24,false,false,624|21,false,32,false,7,false
HITTUNE,"mgh3, full plan (shipped)",2025-26,16,27,2,38,true,false,449|791,false,82,true,5,false
HITTUNE,"mgh3, full plan (shipped)",2025-26,16,29,1,-15,true,false,661,false,0,true,3,true
HITTUNE,"mgh3, full plan (shipped)",2025-26,16,33,2,5,false,true,82|343,false,10,false,6,false
HITTUNE,"mgh3, full plan (shipped)",2025-26,16,35,2,15,true,false,430|686,false,17,true,4,false
HITTUNE,"mgh3, full plan (shipped)",2025-26,16,19,2,1,true,false,16|343,false,-6,false,6,false
HITTUNE,"mgh3, full plan (shipped)",2025-26,16,20,2,-10,true,false,8|547,false,-9,true,12,false
HITTUNE,"mgh3, full plan (shipped)",2025-26,16,20,1,1,true,false,450,false,2,true,4,false
HITTUNE,"mgh3, full plan (shipped)",2025-26,16,28,2,33,true,false,373|329,false,23,false,4,false
HITTUNE,"mgh3, full plan (shipped)",2025-26,16,30,1,-9,true,false,235,false,-8,true,2,false
HITTUNE,"mgh3, full plan (shipped)",2025-26,16,31,2,-5,true,false,287|485,true,17,false,1,false
HITTUNE,"mgh3, full plan (shipped)",2025-26,16,21,1,1,true,false,684,false,-9,true,11,false
HITTUNE,"mgh3, full plan (shipped)",2020-21,21,23,2,31,false,true,255|271,false,66,false,7,false
HITTUNE,"mgh3, full plan (shipped)",2020-21,21,24,2,21,false,false,164|277,false,2,false,4,false
HITTUNE,"mgh3, full plan (shipped)",2020-21,21,26,2,20,false,false,390|648,true,26,false,5,false
HITTUNE,"mgh3, full plan (shipped)",2020-21,21,30,2,-23,true,false,437|102,false,-26,true,3,false
HITTUNE,"mgh3, full plan (shipped)",2020-21,21,31,1,-13,true,false,306,false,-13,true,5,false
HITTUNE,"mgh3, full plan (shipped)",2020-21,21,32,1,27,true,false,155,false,29,true,7,false
HITTUNE,"mgh3, full plan (shipped)",2020-21,21,32,1,1,true,false,12,true,11,true,7,false
HITTUNE,"mgh3, full plan (shipped)",2020-21,21,36,2,11,true,false,390|481,false,11,true,3,false
HITTUNE,"mgh3, full plan (shipped)",2020-21,21,25,1,-10,true,false,366,false,-1,false,1,false
HITTUNE,"mgh3, full plan (shipped)",2020-21,21,28,2,44,true,false,259|570,false,56,true,11,true
HITTUNE,"mgh3, full plan (shipped)",2020-21,21,33,2,-16,true,false,166|67,true,-11,true,6,false
HITTUNE,"mgh3, full plan (shipped)",2020-21,21,34,1,6,true,false,370,false,10,true,2,false
HITTUNE,"mgh3, full plan (shipped)",2021-22,21,26,1,-6,true,false,437,false,-42,true,13,false
HITTUNE,"mgh3, full plan (shipped)",2021-22,21,31,2,0,true,false,265|345,false,-6,true,4,false
HITTUNE,"mgh3, full plan (shipped)",2021-22,21,33,1,-14,true,false,237,false,-16,true,3,false
HITTUNE,"mgh3, full plan (shipped)",2021-22,21,34,1,12,true,false,315,false,12,true,5,false
HITTUNE,"mgh3, full plan (shipped)",2021-22,21,34,1,-15,true,false,681,true,-11,true,5,false
HITTUNE,"mgh3, full plan (shipped)",2021-22,21,38,1,6,true,false,359,false,18,false,1,false
HITTUNE,"mgh3, full plan (shipped)",2021-22,21,28,1,29,true,false,22,false,56,true,11,false
HITTUNE,"mgh3, full plan (shipped)",2021-22,21,35,1,27,true,false,212,false,27,true,4,false
HITTUNE,"mgh3, full plan (shipped)",2021-22,21,36,1,5,true,false,234,false,-4,true,3,false
HITTUNE,"mgh3, full plan (shipped)",2021-22,21,23,2,23,false,true,475|679,false,42,false,16,true
HITTUNE,"mgh3, full plan (shipped)",2021-22,21,23,1,15,false,true,450,false,29,false,14,false
HITTUNE,"mgh3, full plan (shipped)",2021-22,21,24,1,-4,true,false,277,false,1,false,1,false
HITTUNE,"mgh3, full plan (shipped)",2021-22,21,25,1,15,true,false,233,false,53,true,13,false
HITTUNE,"mgh3, full plan (shipped)",2021-22,21,29,1,18,true,false,23,false,17,true,10,false
HITTUNE,"mgh3, full plan (shipped)",2021-22,21,29,1,4,true,false,138,true,16,true,10,false
HITTUNE,"mgh3, full plan (shipped)",2021-22,21,27,1,-2,true,false,341,false,-2,true,7,false
HITTUNE,"mgh3, full plan (shipped)",2021-22,21,32,1,10,true,false,234,false,-4,false,1,false
HITTUNE,"mgh3, full plan (shipped)",2021-22,21,37,1,15,false,false,40,false,25,false,2,false
HITTUNE,"mgh3, full plan (shipped)",2022-23,21,36,2,17,false,false,133|377,false,14,false,3,false
HITTUNE,"mgh3, full plan (shipped)",2022-23,21,37,1,-2,true,false,303,false,-2,true,2,false
HITTUNE,"mgh3, full plan (shipped)",2022-23,21,24,2,31,true,false,285|80,false,49,true,15,true
HITTUNE,"mgh3, full plan (shipped)",2022-23,21,32,1,-3,true,false,295,false,-10,true,7,false
HITTUNE,"mgh3, full plan (shipped)",2022-23,21,33,2,-2,true,false,40|124,false,10,true,6,false
HITTUNE,"mgh3, full plan (shipped)",2022-23,21,34,1,12,false,false,610,false,3,false,1,false
HITTUNE,"mgh3, full plan (shipped)",2022-23,21,35,1,-7,true,false,335,false,-2,true,2,false
HITTUNE,"mgh3, full plan (shipped)",2022-23,21,35,1,-6,true,false,302,false,-2,false,1,false
HITTUNE,"mgh3, full plan (shipped)",2022-23,21,35,1,18,true,false,116,false,18,false,4,false
HITTUNE,"mgh3, full plan (shipped)",2023-24,21,37,1,9,true,false,349,false,9,true,2,true
HITTUNE,"mgh3, full plan (shipped)",2023-24,21,31,1,8,false,false,313,false,9,true,8,false
HITTUNE,"mgh3, full plan (shipped)",2023-24,21,33,1,10,true,false,373,false,16,true,4,false
HITTUNE,"mgh3, full plan (shipped)",2023-24,21,36,1,1,true,false,134,false,1,true,3,false
HITTUNE,"mgh3, full plan (shipped)",2023-24,21,25,2,43,false,false,85|526,false,39,true,14,false
HITTUNE,"mgh3, full plan (shipped)",2023-24,21,30,1,10,true,false,303,false,9,true,6,false
HITTUNE,"mgh3, full plan (shipped)",2023-24,21,30,1,-3,true,false,263,false,5,true,9,false
HITTUNE,"mgh3, full plan (shipped)",2023-24,21,30,1,29,true,false,14,false,87,true,9,false
HITTUNE,"mgh3, full plan (shipped)",2023-24,21,32,2,-5,true,false,293|362,false,18,true,7,true
HITTUNE,"mgh3, full plan (shipped)",2023-24,21,32,1,30,true,false,29,false,14,true,7,false
HITTUNE,"mgh3, full plan (shipped)",2023-24,21,34,1,20,true,false,415,false,28,true,5,false
HITTUNE,"mgh3, full plan (shipped)",2023-24,21,35,1,10,true,false,516,false,19,true,4,false
HITTUNE,"mgh3, full plan (shipped)",2023-24,21,35,1,25,true,false,211,true,29,true,4,false
HITTUNE,"mgh3, full plan (shipped)",2024-25,21,28,2,25,false,false,350|3,false,50,false,11,false
HITTUNE,"mgh3, full plan (shipped)",2024-25,21,28,1,-5,true,false,58,false,7,false,2,false
HITTUNE,"mgh3, full plan (shipped)",2024-25,21,30,1,8,true,false,401,false,14,true,9,false
HITTUNE,"mgh3, full plan (shipped)",2024-25,21,31,1,12,false,false,18,false,14,false,8,false
HITTUNE,"mgh3, full plan (shipped)",2024-25,21,31,1,-1,true,false,129,false,-13,true,8,false
HITTUNE,"mgh3, full plan (shipped)",2024-25,21,33,1,-3,true,false,339,false,-4,true,6,false
HITTUNE,"mgh3, full plan (shipped)",2024-25,21,23,1,-4,true,true,339,false,-7,true,3,false
HITTUNE,"mgh3, full plan (shipped)",2024-25,21,24,1,1,true,false,236,false,8,true,3,false
HITTUNE,"mgh3, full plan (shipped)",2024-25,21,26,2,-19,true,false,447|211,false,-23,true,7,false
HITTUNE,"mgh3, full plan (shipped)",2024-25,21,27,1,-7,true,false,399,false,-1,false,1,false
HITTUNE,"mgh3, full plan (shipped)",2025-26,21,25,2,23,true,false,21|449,false,87,true,7,false
HITTUNE,"mgh3, full plan (shipped)",2025-26,21,30,1,-1,true,false,235,false,1,false,2,false
HITTUNE,"mgh3, full plan (shipped)",2025-26,21,33,2,22,false,true,82|260,false,27,false,6,false
HITTUNE,"mgh3, full plan (shipped)",2025-26,21,35,1,12,false,false,417,false,16,false,4,false
HITTUNE,"mgh3, full plan (shipped)",2025-26,21,35,1,3,true,false,1,false,3,true,4,false
HITTUNE,"mgh3, full plan (shipped)",2025-26,21,27,2,3,true,false,382|136,false,13,false,5,false
HITTUNE,"mgh3, full plan (shipped)",2025-26,21,28,2,13,true,false,373|329,false,9,true,4,false
HITTUNE,"mgh3, full plan (shipped)",2025-26,21,29,2,-25,true,false,287|661,false,-8,true,3,true
HITTUNE,"mgh3, full plan (shipped)",2025-26,21,29,1,0,true,false,531,false,13,false,3,false
HITTUNE,"mgh3, full plan (shipped)",2025-26,21,31,1,11,true,false,249,false,1,false,1,false
HITTUNE,"mgh3, full plan (shipped)",2020-21,26,30,2,-5,true,false,437|120,false,-22,false,9,false
HITTUNE,"mgh3, full plan (shipped)",2020-21,26,32,1,5,true,false,12,false,11,true,7,false
HITTUNE,"mgh3, full plan (shipped)",2020-21,26,32,1,-13,true,false,68,false,-24,true,7,false
HITTUNE,"mgh3, full plan (shipped)",2020-21,26,33,1,21,true,false,155,false,23,true,6,false
HITTUNE,"mgh3, full plan (shipped)",2020-21,26,34,1,6,true,false,370,false,6,true,5,false
HITTUNE,"mgh3, full plan (shipped)",2020-21,26,36,2,20,false,false,558|390,false,20,false,3,true
HITTUNE,"mgh3, full plan (shipped)",2021-22,26,37,1,11,true,false,477,false,20,false,2,false
HITTUNE,"mgh3, full plan (shipped)",2021-22,26,28,2,30,true,true,341|315,false,29,true,11,false
HITTUNE,"mgh3, full plan (shipped)",2021-22,26,29,2,16,true,false,277|76,false,2,true,10,false
HITTUNE,"mgh3, full plan (shipped)",2021-22,26,31,2,-3,false,false,270|123,false,-6,false,8,false
HITTUNE,"mgh3, full plan (shipped)",2021-22,26,32,2,41,true,false,138|259,true,51,true,7,false
HITTUNE,"mgh3, full plan (shipped)",2021-22,26,33,1,33,true,false,251,false,3,true,3,false
HITTUNE,"mgh3, full plan (shipped)",2021-22,26,35,1,11,true,false,224,false,11,true,4,false
HITTUNE,"mgh3, full plan (shipped)",2021-22,26,36,1,-3,true,false,359,false,9,true,3,false
HITTUNE,"mgh3, full plan (shipped)",2021-22,26,34,1,-11,true,false,681,false,-11,true,5,false
HITTUNE,"mgh3, full plan (shipped)",2022-23,26,29,2,17,true,false,285|40,false,27,true,10,false
HITTUNE,"mgh3, full plan (shipped)",2022-23,26,30,1,16,true,false,335,false,2,true,2,false
HITTUNE,"mgh3, full plan (shipped)",2022-23,26,32,2,-11,true,false,107|124,false,-12,true,7,false
HITTUNE,"mgh3, full plan (shipped)",2022-23,26,33,1,-12,true,false,307,false,-15,true,6,false
HITTUNE,"mgh3, full plan (shipped)",2022-23,26,34,2,3,false,false,312|682,false,6,false,5,false
HITTUNE,"mgh3, full plan (shipped)",2022-23,26,35,2,-6,true,false,318|171,false,-2,true,4,true
HITTUNE,"mgh3, full plan (shipped)",2022-23,26,36,1,11,false,false,116,false,11,false,3,false
HITTUNE,"mgh3, full plan (shipped)",2023-24,26,32,2,-3,true,false,14|570,false,62,true,7,true
HITTUNE,"mgh3, full plan (shipped)",2023-24,26,32,1,-22,true,false,293,false,-13,true,2,false
HITTUNE,"mgh3, full plan (shipped)",2023-24,26,33,1,10,true,false,373,false,16,true,4,false
HITTUNE,"mgh3, full plan (shipped)",2023-24,26,34,1,29,true,false,211,false,29,true,5,false
HITTUNE,"mgh3, full plan (shipped)",2023-24,26,35,1,-5,true,false,415,false,3,true,4,false
HITTUNE,"mgh3, full plan (shipped)",2023-24,26,35,1,22,true,false,516,true,35,true,4,false
HITTUNE,"mgh3, full plan (shipped)",2023-24,26,36,1,8,true,false,341,false,8,true,3,false
HITTUNE,"mgh3, full plan (shipped)",2023-24,26,37,1,9,true,false,349,false,9,true,2,true
HITTUNE,"mgh3, full plan (shipped)",2023-24,26,30,2,28,true,false,29|263,false,29,true,9,false
HITTUNE,"mgh3, full plan (shipped)",2023-24,26,31,1,42,true,false,362,false,59,true,8,false
HITTUNE,"mgh3, full plan (shipped)",2023-24,26,31,1,8,false,false,313,false,8,false,5,false
HITTUNE,"mgh3, full plan (shipped)",2024-25,26,28,2,-13,true,true,585|207,false,-3,false,11,false
HITTUNE,"mgh3, full plan (shipped)",2024-25,26,30,2,-7,true,false,401|129,false,9,true,9,false
HITTUNE,"mgh3, full plan (shipped)",2024-25,26,31,2,29,true,false,573|110,false,36,true,8,false
HITTUNE,"mgh3, full plan (shipped)",2024-25,26,33,2,-5,false,false,18|244,false,-8,false,6,false
HITTUNE,"mgh3, full plan (shipped)",2024-25,26,36,1,13,false,false,306,false,13,false,3,false
HITTUNE,"mgh3, full plan (shipped)",2025-26,26,36,2,10,true,false,430|354,true,15,true,3,false
HITTUNE,"mgh3, full plan (shipped)",2025-26,26,28,2,27,true,false,684|329,false,24,false,4,false
HITTUNE,"mgh3, full plan (shipped)",2025-26,26,28,1,10,false,false,733,false,2,false,4,false
HITTUNE,"mgh3, full plan (shipped)",2025-26,26,29,2,-16,true,false,235|661,true,4,true,3,true
HITTUNE,"mgh3, full plan (shipped)",2025-26,26,30,1,-8,true,false,119,false,-8,true,2,false
HITTUNE,"mgh3, full plan (shipped)",2025-26,26,30,1,-13,true,false,531,true,4,false,2,false
HITTUNE,"mgh3, full plan (shipped)",2025-26,26,31,1,25,false,false,373,false,3,false,1,false
HITTUNE,"mgh3, full plan (shipped)",2025-26,26,33,2,22,false,true,82|260,false,28,false,6,false
HITTUNE,"mgh3, full plan (shipped)",2025-26,26,35,2,14,true,false,1|417,false,13,true,4,false
