season,cutoff,code,position,run,run_capped,flagged,expected,actual
2020-21,5,54694,MID,0,0,false,86.2632,89.2000
2020-21,5,80201,GKP,0,0,false,79.8553,90.0000
2020-21,5,84450,MID,0,0,false,64.6777,52.0000
2020-21,5,98745,DEF,0,0,false,60.2105,90.0000
2020-21,5,83299,DEF,0,0,false,87.5000,36.0000
2020-21,5,109345,MID,0,0,false,58.9258,62.6000
2020-21,5,110735,DEF,0,0,false,80.1053,90.0000
2020-21,5,115382,FWD,0,0,false,81.3553,56.6000
2020-21,5,116216,MID,0,0,false,69.5840,43.2000
2020-21,5,131897,GKP,0,0,false,90.0000,72.0000
2020-21,5,198869,DEF,0,0,false,88.3528,90.0000
2020-21,5,232792,DEF,0,0,false,45.2572,69.6000
2020-21,5,116594,MID,0,0,false,66.8398,90.0000
2020-21,5,165153,FWD,0,0,false,89.7255,78.8000
2020-21,5,40836,GKP,0,0,false,86.4474,90.0000
2020-21,5,50471,MID,0,0,false,83.1868,52.2000
2020-21,5,55037,MID,0,0,false,78.2105,90.0000
2020-21,5,55494,DEF,0,0,false,76.3158,0.0000
2020-21,5,60252,MID,0,0,false,61.8947,77.4000
2020-21,5,82403,MID,0,0,false,88.1447,54.0000
2020-21,5,244723,DEF,0,0,false,47.5395,18.0000
2020-21,5,59949,DEF,0,0,false,57.0735,18.0000
2020-21,5,101188,DEF,0,0,false,84.8816,50.2000
2020-21,5,106611,DEF,0,0,false,78.6316,90.0000
2020-21,5,111234,GKP,0,0,false,90.0000,72.0000
2020-21,5,164511,DEF,0,0,false,75.0132,54.0000
2020-21,5,177815,FWD,0,0,false,77.7172,90.0000
2020-21,5,212319,FWD,0,0,false,77.5424,33.0000
2020-21,5,128389,FWD,0,0,false,81.3523,61.0000
2020-21,5,166324,MID,0,0,false,84.4596,36.4000
2020-21,5,203325,MID,0,0,false,81.3523,71.2000
2020-21,5,66588,DEF,0,0,false,90.0000,85.8000
2020-21,5,72222,MID,0,0,false,85.3955,90.0000
2020-21,5,87873,DEF,0,0,false,90.0000,88.0000
2020-21,5,106617,FWD,0,0,false,82.5914,90.0000
2020-21,5,155405,MID,0,0,false,90.0000,36.0000
2020-21,5,165808,MID,0,0,false,79.6564,43.6000
2020-21,5,437495,GKP,0,0,false,90.0000,90.0000
2020-21,5,17745,GKP,0,0,false,90.0000,90.0000
2020-21,5,166989,MID,0,0,false,82.1447,90.0000
2020-21,5,201666,MID,0,0,false,72.3026,53.6000
2020-21,5,220627,DEF,0,0,false,58.2895,90.0000
2020-21,5,41733,MID,0,0,false,71.3756,90.0000
2020-21,5,92217,FWD,0,0,false,79.4290,77.8000
2020-21,5,97032,DEF,0,0,false,79.0189,0.0000
2020-21,5,116643,MID,0,0,false,68.2957,54.0000
2020-21,5,118748,MID,0,0,false,82.8816,66.4000
2020-21,5,122798,DEF,0,0,false,85.9342,90.0000
2020-21,5,169187,DEF,0,0,false,86.6127,48.4000
2020-21,5,50232,MID,0,0,false,71.3177,18.0000
2020-21,5,57145,DEF,0,0,false,79.4342,90.0000
2020-21,5,59735,GKP,0,0,false,90.0000,90.0000
2020-21,5,153127,MID,0,0,false,68.4454,19.4000
2020-21,5,40386,DEF,0,0,false,81.3040,87.0000
2020-21,5,63426,DEF,0,0,false,89.0132,54.0000
2020-21,5,82691,DEF,0,0,false,90.0000,90.0000
2020-21,5,153723,MID,0,0,false,74.6425,48.2000
2020-21,5,207189,MID,0,0,false,52.1918,90.0000
2020-21,5,40146,DEF,0,0,false,81.0789,69.6000
2020-21,5,58376,GKP,0,0,false,78.1579,90.0000
2020-21,5,78056,MID,0,0,false,65.9206,90.0000
2020-21,5,84939,FWD,0,0,false,81.8421,34.8000
2020-21,5,101178,MID,0,0,false,90.0000,90.0000
2020-21,5,158534,DEF,0,0,false,57.4211,90.0000
2020-21,5,171771,DEF,0,0,false,82.1352,81.0000
2020-21,5,200439,FWD,0,0,false,55.2452,89.6000
2020-21,5,37915,GKP,0,0,false,68.7895,90.0000
2020-21,5,78830,FWD,0,0,false,78.4813,90.0000
2020-21,5,85971,MID,0,0,false,69.6500,88.8000
2020-21,5,132015,MID,0,0,false,81.1842,90.0000
2020-21,5,49944,MID,0,0,false,90.0000,41.2000
2020-21,5,61600,MID,0,0,false,56.4477,42.8000
2020-21,5,101982,GKP,0,0,false,90.0000,90.0000
2020-21,5,37096,GKP,0,0,false,72.8553,90.0000
2020-21,5,40669,DEF,0,0,false,81.6579,84.4000
2020-21,5,55459,DEF,0,0,false,80.8816,90.0000
2020-21,5,57531,FWD,0,0,false,65.6908,19.2000
2020-21,5,178186,MID,0,0,false,55.6250,79.0000
2020-21,5,179830,MID,0,0,false,83.4352,47.2000
2020-21,5,204480,MID,0,0,false,90.0000,90.0000
2020-21,5,215439,MID,0,0,false,58.6711,90.0000
2020-21,5,217593,MID,0,0,false,69.6994,83.2000
2020-21,5,19624,MID,0,0,false,73.3705,40.2000
2020-21,5,38533,GKP,0,0,false,90.0000,90.0000
2020-21,5,90585,DEF,0,0,false,71.0526,90.0000
2020-21,5,94147,DEF,0,0,false,90.0000,72.0000
2020-21,5,102057,FWD,0,0,false,87.6447,74.8000
2020-21,5,107613,DEF,0,0,false,80.5658,13.4000
2020-21,5,247632,MID,0,0,false,53.1523,70.6000
2020-21,5,47431,MID,0,0,false,70.5907,51.6000
2020-21,5,210407,MID,0,0,false,85.9117,65.0000
2020-21,5,225321,GKP,0,0,false,88.8158,90.0000
2020-21,5,83314,MID,0,0,false,68.3329,66.0000
2020-21,5,193645,DEF,0,0,false,90.0000,90.0000
2020-21,5,166477,DEF,0,0,false,90.0000,18.0000
2020-21,5,219847,MID,0,0,false,81.1445,32.6000
2020-21,5,182539,MID,0,0,false,54.8662,63.0000
2020-21,5,75115,FWD,0,0,false,82.8250,68.6000
2020-21,5,60025,MID,0,0,false,83.9063,66.4000
2020-21,5,121599,MID,0,0,false,82.6198,83.4000
2020-21,5,194799,DEF,0,0,false,68.5791,90.0000
2020-21,5,86881,MID,0,0,false,46.7742,85.8000
2020-21,9,41270,DEF,3,3,false,44.9843,32.0000
2020-21,9,54694,MID,0,0,false,86.9645,72.0000
2020-21,9,59966,FWD,1,1,false,48.7281,34.4000
2020-21,9,80201,GKP,0,0,false,82.7538,90.0000
2020-21,9,84450,MID,0,0,false,57.3500,45.4000
2020-21,9,98745,DEF,0,0,false,68.7218,47.4000
2020-21,9,98980,GKP,0,0,false,62.1801,72.0000
2020-21,9,156074,DEF,0,0,false,45.6495,81.0000
2020-21,9,192895,DEF,0,0,false,62.8888,90.0000
2020-21,9,223340,MID,0,0,false,57.8124,90.0000
2020-21,9,114283,MID,0,0,false,88.2425,72.0000
2020-21,9,122806,MID,0,0,false,79.5865,72.0000
2020-21,9,148508,MID,0,0,false,69.6361,14.6000
2020-21,9,149484,DEF,0,0,false,85.1316,72.0000
2020-21,9,169359,DEF,0,0,false,79.3891,72.0000
2020-21,9,199798,DEF,0,0,false,77.0113,36.0000
2020-21,9,230046,MID,0,0,false,79.3252,52.8000
2020-21,9,78916,DEF,0,0,false,59.8037,18.0000
2020-21,9,83299,DEF,0,0,false,63.2410,90.0000
2020-21,9,109345,MID,0,0,false,54.2623,90.0000
2020-21,9,110735,DEF,0,0,false,82.9323,72.0000
2020-21,9,111478,DEF,0,0,false,50.3691,65.4000
2020-21,9,115382,FWD,0,0,false,74.1589,41.0000
2020-21,9,116216,MID,2,2,false,51.9124,48.2000
2020-21,9,131897,GKP,0,0,false,81.7583,54.0000
2020-21,9,198869,DEF,0,0,false,89.3956,84.2000
2020-21,9,227127,MID,0,0,false,65.4356,86.2000
2020-21,9,232792,DEF,0,0,false,58.8551,33.4000
2020-21,9,235382,MID,3,3,false,26.4686,25.0000
2020-21,9,17761,DEF,0,0,false,82.0116,90.0000
2020-21,9,41674,DEF,2,2,false,40.5445,0.0000
2020-21,9,44699,FWD,1,1,false,44.2195,46.4000
2020-21,9,60551,MID,0,0,false,87.4624,90.0000
2020-21,9,60689,FWD,0,0,false,79.9491,79.2000
2020-21,9,98747,GKP,0,0,false,90.0000,72.0000
2020-21,9,103914,DEF,0,0,false,76.1278,90.0000
2020-21,9,172782,MID,0,0,false,65.4229,72.0000
2020-21,9,433154,MID,0,0,false,89.2387,89.2000
2020-21,9,41328,DEF,3,3,false,50.2288,18.0000
2020-21,9,85955,MID,1,1,false,48.1478,13.0000
2020-21,9,88894,MID,0,0,false,47.8734,0.0000
2020-21,9,94245,FWD,0,0,false,34.6350,7.6000
2020-21,9,103192,DEF,0,0,false,75.7570,90.0000
2020-21,9,116594,MID,0,0,false,73.6809,90.0000
2020-21,9,165153,FWD,0,0,false,83.8041,86.6000
2020-21,9,184341,MID,0,0,false,73.1086,90.0000
2020-21,9,225796,DEF,0,0,false,61.5148,72.0000
2020-21,9,40836,GKP,0,0,false,87.4624,90.0000
2020-21,9,50471,MID,0,0,false,70.5638,81.4000
2020-21,9,50472,MID,1,1,false,30.5202,0.0000
2020-21,9,55037,MID,0,0,false,81.5789,84.4000
2020-21,9,55494,DEF,4,4,false,43.5967,18.0000
2020-21,9,60252,MID,0,0,false,66.0069,30.2000
2020-21,9,80146,FWD,0,0,false,64.8284,37.0000
2020-21,9,82403,MID,1,1,false,77.0193,70.0000
2020-21,9,86417,MID,0,0,false,37.4372,69.6000
2020-21,9,173954,MID,0,0,false,45.5858,14.4000
2020-21,9,244723,DEF,3,3,false,29.9727,0.0000
2020-21,9,20467,MID,0,0,false,47.8924,77.8000
2020-21,9,59949,DEF,1,1,false,42.5748,1.4000
2020-21,9,101188,DEF,0,0,false,76.6392,0.0000
2020-21,9,106611,DEF,0,0,false,81.8797,90.0000
2020-21,9,111234,GKP,0,0,false,81.7583,72.0000
2020-21,9,120250,MID,2,2,false,32.7625,28.0000
2020-21,9,164511,DEF,0,0,false,69.4940,72.0000
2020-21,9,177815,FWD,0,0,false,81.6558,89.8000
2020-21,9,212319,FWD,0,0,false,56.0904,89.8000
2020-21,9,76357,MID,0,0,false,77.9617,14.2000
2020-21,9,82514,DEF,3,3,false,38.4122,0.0000
2020-21,9,101105,DEF,2,2,false,22.0660,0.8000
2020-21,9,128389,FWD,0,0,false,75.1428,18.4000
2020-21,9,166324,MID,0,0,false,50.0015,71.2000
2020-21,9,203325,MID,0,0,false,69.9321,90.0000
2020-21,9,55914,DEF,0,0,false,65.6212,86.2000
2020-21,9,66588,DEF,0,0,false,85.7695,90.0000
2020-21,9,72222,MID,0,0,false,88.3106,80.6000
2020-21,9,87873,DEF,0,0,false,88.5755,90.0000
2020-21,9,106617,FWD,0,0,false,87.2817,85.2000
2020-21,9,221399,MID,0,0,false,79.2544,73.8000
2020-21,9,155405,MID,0,0,false,51.1527,81.0000
2020-21,9,165808,MID,1,1,false,59.4926,9.2000
2020-21,9,437495,GKP,0,0,false,90.0000,90.0000
2020-21,9,17745,GKP,0,0,false,90.0000,90.0000
2020-21,9,37402,DEF,0,0,false,40.5679,72.0000
2020-21,9,37642,DEF,0,0,false,74.5372,72.0000
2020-21,9,101668,FWD,0,0,false,75.0811,89.4000
2020-21,9,106837,MID,0,0,false,46.0005,13.4000
2020-21,9,166989,MID,0,0,false,84.3891,90.0000
2020-21,9,172850,DEF,0,0,false,68.5036,73.8000
2020-21,9,201666,MID,0,0,false,62.6989,49.2000
2020-21,9,220627,DEF,0,0,false,67.3496,90.0000
2020-21,9,41733,MID,0,0,false,79.6599,85.6000
2020-21,9,56979,MID,1,1,false,55.6344,79.0000
2020-21,9,92217,FWD,0,0,false,77.6010,83.2000
2020-21,9,97032,DEF,4,4,false,48.1909,0.0000
2020-21,9,110979,MID,0,0,false,77.9928,70.4000
2020-21,9,116535,GKP,0,0,false,71.0292,72.0000
2020-21,9,116643,MID,0,0,false,57.4195,90.0000
2020-21,9,118748,MID,1,1,false,73.1683,71.8000
2020-21,9,122798,DEF,0,0,false,87.0959,90.0000
2020-21,9,169187,DEF,1,1,false,72.9090,53.8000
2020-21,9,171287,DEF,1,1,false,59.1782,0.0000
2020-21,9,58621,DEF,0,0,false,79.2842,57.0000
2020-21,9,61366,MID,0,0,false,72.4281,90.0000
2020-21,9,103025,MID,0,0,false,58.0915,52.6000
2020-21,9,103955,MID,0,0,false,72.5887,72.0000
2020-21,9,121145,DEF,0,0,false,56.0335,72.0000
2020-21,9,121160,GKP,0,0,false,86.7199,90.0000
2020-21,9,165809,MID,0,0,false,53.6847,18.0000
2020-21,9,220566,MID,0,0,false,81.1654,81.0000
2020-21,9,51940,GKP,0,0,false,90.0000,45.0000
2020-21,9,95658,DEF,0,0,false,90.0000,90.0000
2020-21,9,101582,MID,0,0,false,63.5152,54.0000
2020-21,9,106760,DEF,1,1,false,59.0906,29.8000
2020-21,9,141746,MID,0,0,false,64.8900,74.8000
2020-21,9,148225,FWD,0,0,false,55.7219,51.2000
2020-21,9,176297,MID,0,0,false,81.0797,77.0000
2020-21,9,184667,DEF,0,0,false,81.7568,90.0000
2020-21,9,195851,MID,0,0,false,55.4217,54.2000
2020-21,9,214590,DEF,0,0,false,83.0615,90.0000
2020-21,9,50232,MID,4,4,false,40.4028,54.0000
2020-21,9,57145,DEF,0,0,false,82.4530,45.0000
2020-21,9,59735,GKP,0,0,false,90.0000,72.0000
2020-21,9,101148,DEF,0,0,false,66.4091,0.0000
2020-21,9,109528,DEF,0,0,false,35.7035,18.0000
2020-21,9,119471,DEF,0,0,false,52.0824,0.2000
2020-21,9,153127,MID,0,0,false,51.6699,45.0000
2020-21,9,170137,MID,0,0,false,62.8038,0.0000
2020-21,9,40386,DEF,0,0,false,83.3871,85.8000
2020-21,9,63426,DEF,1,1,false,77.6396,54.0000
2020-21,9,82691,DEF,0,0,false,90.0000,90.0000
2020-21,9,108416,DEF,0,0,false,80.6476,90.0000
2020-21,9,153723,MID,0,0,false,63.6318,25.6000
2020-21,9,169432,FWD,0,0,false,61.7245,45.4000
2020-21,9,207189,MID,0,0,false,64.2593,56.2000
2020-21,9,40146,DEF,0,0,false,72.7278,90.0000
2020-21,9,58376,GKP,0,0,false,81.5414,90.0000
2020-21,9,78056,MID,0,0,false,73.6463,89.0000
2020-21,9,83283,MID,1,1,false,44.3818,17.8000
2020-21,9,84939,FWD,2,2,false,62.1668,53.0000
2020-21,9,91047,MID,0,0,false,63.7492,66.2000
2020-21,9,93100,DEF,0,0,false,66.9951,90.0000
2020-21,9,101178,MID,0,0,false,90.0000,90.0000
2020-21,9,153366,MID,0,0,false,49.7702,45.6000
2020-21,9,158534,DEF,0,0,false,66.7293,90.0000
2020-21,9,171771,DEF,0,0,false,81.0105,90.0000
2020-21,9,200439,FWD,0,0,false,66.0308,86.8000
2020-21,9,431131,MID,0,0,false,37.0042,40.2000
2020-21,9,37915,GKP,0,0,false,74.8496,90.0000
2020-21,9,45268,MID,0,0,false,70.4341,90.0000
2020-21,9,55605,DEF,0,0,false,71.8668,72.0000
2020-21,9,78830,FWD,0,0,false,81.9109,90.0000
2020-21,9,85971,MID,0,0,false,76.8443,88.6000
2020-21,9,93264,DEF,0,0,false,64.6233,90.0000
2020-21,9,115556,DEF,2,2,false,32.2538,23.0000
2020-21,9,132015,MID,0,0,false,83.7030,90.0000
2020-21,9,49944,MID,1,1,false,63.3600,23.0000
2020-21,9,59940,DEF,0,0,false,57.3334,36.0000
2020-21,9,61600,MID,0,0,false,43.6853,87.8000
2020-21,9,101982,GKP,0,0,false,90.0000,90.0000
2020-21,9,108053,DEF,0,0,false,80.0769,14.8000
2020-21,9,146426,DEF,0,0,false,80.9346,90.0000
2020-21,9,176420,DEF,0,0,false,81.2689,90.0000
2020-21,9,216616,DEF,1,1,false,39.2026,56.0000
2020-21,9,37096,GKP,0,0,false,77.7538,90.0000
2020-21,9,40669,DEF,0,0,false,80.9921,90.0000
2020-21,9,55459,DEF,0,0,false,83.4868,90.0000
2020-21,9,57531,FWD,3,3,false,40.5554,9.0000
2020-21,9,105717,DEF,0,0,false,63.3059,27.0000
2020-21,9,166640,DEF,0,0,false,62.5307,72.0000
2020-21,9,178186,MID,0,0,false,61.8463,81.0000
2020-21,9,179830,MID,0,0,false,67.0452,42.4000
2020-21,9,204480,MID,0,0,false,90.0000,90.0000
2020-21,9,215439,MID,0,0,false,67.6222,90.0000
2020-21,9,217593,MID,0,0,false,72.4129,73.0000
2020-21,9,38533,GKP,0,0,false,90.0000,90.0000
2020-21,9,87835,DEF,1,1,false,61.6417,0.0000
2020-21,9,90585,DEF,0,0,false,76.4662,54.0000
2020-21,9,94147,DEF,1,1,false,78.3444,90.0000
2020-21,9,102057,FWD,0,0,false,88.3177,2.8000
2020-21,9,107613,DEF,3,3,false,51.7918,54.0000
2020-21,9,151589,MID,0,0,false,76.9549,60.8000
2020-21,9,171317,MID,0,0,false,75.4447,51.2000
2020-21,9,200600,MID,0,0,false,45.8589,81.6000
2020-21,9,214048,DEF,0,0,false,49.0865,20.4000
2020-21,9,247632,MID,0,0,false,52.8931,87.6000
2020-21,9,47431,MID,0,0,false,62.1635,65.2000
2020-21,9,210407,MID,0,0,false,68.2680,24.6000
2020-21,9,225321,GKP,0,0,false,89.1541,90.0000
2020-21,9,169528,DEF,0,0,false,73.6667,90.0000
2020-21,9,83314,MID,1,1,false,60.1010,30.2000
2020-21,9,19188,DEF,0,0,false,51.4224,36.0000
2020-21,9,51090,DEF,1,1,false,51.5986,90.0000
2020-21,9,193645,DEF,0,0,false,90.0000,19.6000
2020-21,9,226597,DEF,0,0,false,83.5898,66.2000
2020-21,9,199796,DEF,0,0,false,85.4188,53.4000
2020-21,9,114243,MID,0,0,false,56.0850,20.0000
2020-21,9,166477,DEF,3,3,false,43.8025,11.8000
2020-21,9,219847,MID,2,2,false,50.3856,43.2000
2020-21,9,182539,MID,0,0,false,54.7530,64.2000
2020-21,9,119765,MID,0,0,false,82.3769,61.6000
2020-21,9,75115,FWD,1,1,false,71.5373,72.0000
2020-21,9,60025,MID,0,0,false,69.6556,36.0000
2020-21,9,199598,DEF,0,0,false,42.1300,54.0000
2020-21,9,121599,MID,0,0,false,83.1348,88.0000
2020-21,9,194799,DEF,0,0,false,76.3238,49.6000
2020-21,9,178301,FWD,0,0,false,90.0000,72.0000
2020-21,9,84182,GKP,0,0,false,85.4673,90.0000
2020-21,9,86881,MID,0,0,false,59.6132,43.8000
2020-21,9,153256,MID,1,1,false,46.6327,48.6000
2020-21,9,199249,DEF,0,0,false,70.6788,73.4000
2020-21,9,232787,MID,0,0,false,74.2277,87.8000
2020-21,9,200402,DEF,0,0,false,87.3215,90.0000
2020-21,9,228286,GKP,0,0,false,72.6066,90.0000
2020-21,9,200878,MID,0,0,false,58.8023,32.0000
2020-21,9,171314,DEF,0,0,false,90.0000,85.8000
2020-21,9,219352,MID,0,0,false,82.8928,89.2000
2020-21,9,164555,DEF,0,0,false,90.0000,88.8000
2020-21,9,444463,DEF,0,0,false,80.6867,90.0000
2020-21,9,159506,DEF,0,0,false,90.0000,90.0000
2020-21,9,109646,DEF,0,0,false,90.0000,90.0000
2020-21,9,180294,FWD,0,0,false,76.8093,66.2000
2020-21,13,54694,MID,0,0,false,87.7424,54.0000
2020-21,13,59966,FWD,1,1,false,44.3350,59.6000
2020-21,13,80201,GKP,0,0,false,84.3640,90.0000
2020-21,13,84450,MID,1,1,false,55.7200,72.0000
2020-21,13,98745,DEF,1,1,false,58.6055,64.6000
2020-21,13,98980,GKP,0,0,false,68.9764,72.0000
2020-21,13,156074,DEF,0,0,false,57.0497,90.0000
2020-21,13,192895,DEF,0,0,false,70.1080,72.0000
2020-21,13,223340,MID,0,0,false,69.6058,84.0000
2020-21,13,114283,MID,0,0,false,88.6330,72.0000
2020-21,13,122806,MID,0,0,false,81.9006,72.0000
2020-21,13,148508,MID,2,2,false,49.1154,0.0000
2020-21,13,149484,DEF,0,0,false,86.2135,44.8000
2020-21,13,169359,DEF,0,0,false,81.7471,72.0000
2020-21,13,199798,DEF,1,1,false,66.3347,45.0000
2020-21,13,230046,MID,1,1,false,68.0511,72.0000
2020-21,13,78916,DEF,1,1,false,46.9966,67.6000
2020-21,13,83299,DEF,0,0,false,76.2306,90.0000
2020-21,13,109345,MID,0,0,false,66.2370,62.8000
2020-21,13,110735,DEF,0,0,false,74.7851,90.0000
2020-21,13,111478,DEF,0,0,false,58.6443,63.0000
2020-21,13,115382,FWD,1,1,false,57.9988,57.8000
2020-21,13,116216,MID,0,0,false,46.7521,74.0000
2020-21,13,131897,GKP,1,1,false,74.3577,0.0000
2020-21,13,198869,DEF,0,0,false,88.4761,68.2000
2020-21,13,227127,MID,0,0,false,70.0267,63.0000
2020-21,13,232792,DEF,0,0,false,48.8769,0.0000
2020-21,13,235382,MID,0,0,false,31.5878,9.0000
2020-21,13,17761,DEF,0,0,false,86.1537,72.0000
2020-21,13,41674,DEF,6,4,false,21.0864,0.0000
2020-21,13,51927,DEF,0,0,false,69.0744,72.0000
2020-21,13,60551,MID,0,0,false,88.0263,72.0000
2020-21,13,60689,FWD,0,0,false,77.0455,69.8000
2020-21,13,68983,DEF,0,0,false,66.8985,72.0000
2020-21,13,98747,GKP,0,0,false,82.9723,72.0000
2020-21,13,103914,DEF,0,0,false,79.2105,37.6000
2020-21,13,172782,MID,0,0,false,63.8568,72.0000
2020-21,13,433154,MID,0,0,false,89.4079,22.2000
2020-21,13,41328,DEF,7,4,false,33.4598,54.0000
2020-21,13,85955,MID,5,4,false,30.1672,36.2000
2020-21,13,88894,MID,3,3,false,29.3147,0.0000
2020-21,13,103192,DEF,0,0,false,80.0843,54.0000
2020-21,13,116594,MID,0,0,false,77.4302,63.2000
2020-21,13,126187,MID,0,0,false,41.1231,38.6000
2020-21,13,165153,FWD,0,0,false,85.4688,48.6000
2020-21,13,184341,MID,0,0,false,80.1550,72.0000
2020-21,13,225796,DEF,0,0,false,70.8158,18.0000
2020-21,13,40836,GKP,0,0,false,88.0263,90.0000
2020-21,13,50471,MID,0,0,false,77.1710,68.8000
2020-21,13,50472,MID,5,4,false,19.5516,0.2000
2020-21,13,55037,MID,0,0,false,83.4503,84.4000
2020-21,13,55494,DEF,0,0,false,39.4780,54.0000
2020-21,13,60252,MID,0,0,false,52.0594,55.6000
2020-21,13,74230,DEF,0,0,false,70.0535,36.0000
2020-21,13,80146,FWD,0,0,false,48.6960,29.4000
2020-21,13,82403,MID,0,0,false,75.4116,90.0000
2020-21,13,86417,MID,0,0,false,45.1490,58.6000
2020-21,13,244723,DEF,7,4,false,15.3705,54.0000
2020-21,13,20467,MID,0,0,false,56.6749,70.2000
2020-21,13,59949,DEF,5,4,false,25.9650,25.0000
2020-21,13,101188,DEF,4,4,false,46.0279,18.0000
2020-21,13,106611,DEF,0,0,false,83.6842,49.0000
2020-21,13,111234,GKP,1,1,false,74.3577,72.0000
2020-21,13,164511,DEF,0,0,false,69.9436,72.0000
2020-21,13,177815,FWD,0,0,false,83.6171,51.6000
2020-21,13,212319,FWD,0,0,false,72.1536,38.8000
2020-21,13,76357,MID,2,2,false,35.2822,12.8000
2020-21,13,82514,DEF,7,4,false,16.9502,0.0000
2020-21,13,96994,FWD,0,0,false,66.5272,52.4000
2020-21,13,128389,FWD,0,0,false,35.7867,16.6000
2020-21,13,166324,MID,0,0,false,71.9270,35.0000
2020-21,13,203325,MID,0,0,false,81.1446,54.0000
2020-21,13,55914,DEF,0,0,false,79.2423,14.2000
2020-21,13,66588,DEF,0,0,false,88.1332,72.0000
2020-21,13,72222,MID,0,0,false,88.8989,51.4000
2020-21,13,87873,DEF,0,0,false,89.3714,72.0000
2020-21,13,106617,FWD,0,0,false,85.0144,72.0000
2020-21,13,221399,MID,0,0,false,74.0447,66.0000
2020-21,13,155405,MID,0,0,false,72.8578,63.0000
2020-21,13,165808,MID,1,1,false,33.0858,1.8000
2020-21,13,437495,GKP,0,0,false,90.0000,72.0000
2020-21,13,17745,GKP,0,0,false,90.0000,72.0000
2020-21,13,37402,DEF,0,0,false,58.4699,0.0000
2020-21,13,37642,DEF,1,1,false,70.6824,72.0000
2020-21,13,101668,FWD,0,0,false,81.5755,58.2000
2020-21,13,166989,MID,0,0,false,85.6360,60.6000
2020-21,13,168580,MID,0,0,false,37.7746,19.8000
2020-21,13,172850,DEF,0,0,false,76.5706,55.8000
2020-21,13,201666,MID,0,0,false,54.5985,70.6000
2020-21,13,203341,MID,0,0,false,44.6805,54.0000
2020-21,13,220627,DEF,0,0,false,72.3830,72.0000
2020-21,13,41733,MID,0,0,false,83.5830,54.0000
2020-21,13,56979,MID,0,0,false,65.4759,72.0000
2020-21,13,60914,DEF,1,1,false,31.7117,29.8000
2020-21,13,92217,FWD,0,0,false,81.0659,68.6000
2020-21,13,97032,DEF,8,4,false,32.9558,0.0000
2020-21,13,110979,MID,0,0,false,77.3718,65.2000
2020-21,13,116535,GKP,0,0,false,70.0990,72.0000
2020-21,13,116643,MID,0,0,false,70.2779,72.0000
2020-21,13,118748,MID,0,0,false,77.4044,60.6000
2020-21,13,122798,DEF,0,0,false,87.7412,72.0000
2020-21,13,169187,DEF,0,0,false,65.3434,69.2000
2020-21,13,171287,DEF,5,4,false,34.6361,0.0000
2020-21,13,206915,MID,0,0,false,41.6307,34.0000
2020-21,13,58621,DEF,0,0,false,63.7712,18.0000
2020-21,13,59859,MID,0,0,false,51.4479,68.8000
2020-21,13,61366,MID,0,0,false,79.7850,71.0000
2020-21,13,102826,DEF,0,0,false,41.7809,0.0000
2020-21,13,103025,MID,1,1,false,55.9187,17.6000
2020-21,13,103955,MID,0,0,false,72.4476,55.6000
2020-21,13,121145,DEF,0,0,false,60.4499,72.0000
2020-21,13,121160,GKP,0,0,false,87.4488,54.0000
2020-21,13,126184,DEF,0,0,false,37.4415,18.0000
2020-21,13,165809,MID,4,4,false,31.4761,72.0000
2020-21,13,205651,FWD,0,0,false,64.5301,4.6000
2020-21,13,220566,MID,0,0,false,79.6148,65.2000
2020-21,13,51940,GKP,1,1,false,66.3096,90.0000
2020-21,13,62398,MID,0,0,false,40.9560,41.0000
2020-21,13,74208,MID,0,0,false,50.7198,61.2000
2020-21,13,95658,DEF,0,0,false,90.0000,90.0000
2020-21,13,101582,MID,1,1,false,53.5544,54.0000
2020-21,13,106760,DEF,1,1,false,43.2073,74.8000
2020-21,13,141746,MID,0,0,false,66.0684,84.8000
2020-21,13,148225,FWD,0,0,false,53.2581,74.0000
2020-21,13,176297,MID,0,0,false,79.3682,83.8000
2020-21,13,184667,DEF,0,0,false,85.1177,31.0000
2020-21,13,195851,MID,0,0,false,50.0269,49.2000
2020-21,13,214590,DEF,0,0,false,85.6846,72.0000
2020-21,13,220688,MID,0,0,false,47.3617,14.6000
2020-21,13,50232,MID,1,1,false,46.0796,23.0000
2020-21,13,57145,DEF,0,0,false,73.0150,78.2000
2020-21,13,59735,GKP,0,0,false,90.0000,90.0000
2020-21,13,101148,DEF,3,3,false,41.7681,0.0000
2020-21,13,109528,DEF,2,2,false,31.2679,0.0000
2020-21,13,153127,MID,0,0,false,58.0291,63.0000
2020-21,13,170137,MID,3,3,false,39.2960,0.0000
2020-21,13,40386,DEF,0,0,false,83.9824,82.0000
2020-21,13,47247,MID,0,0,false,63.8369,49.0000
2020-21,13,63426,DEF,0,0,false,68.6304,72.0000
2020-21,13,82691,DEF,0,0,false,90.0000,54.0000
2020-21,13,83427,DEF,0,0,false,23.7899,47.2000
2020-21,13,108416,DEF,0,0,false,84.7460,90.0000
2020-21,13,153723,MID,2,2,false,45.7356,25.8000
2020-21,13,169432,FWD,1,1,false,56.2975,9.0000
2020-21,13,207189,MID,0,0,false,60.5294,0.0000
2020-21,13,40146,DEF,0,0,false,79.6402,72.0000
2020-21,13,58376,GKP,0,0,false,83.4211,54.0000
2020-21,13,78056,MID,0,0,false,77.2045,36.0000
2020-21,13,84939,FWD,0,0,false,63.6010,41.2000
2020-21,13,91047,MID,0,0,false,68.7713,38.4000
2020-21,13,93100,DEF,0,0,false,73.4955,18.0000
2020-21,13,101178,MID,0,0,false,90.0000,72.0000
2020-21,13,153366,MID,0,0,false,52.2400,36.0000
2020-21,13,158534,DEF,0,0,false,71.9006,72.0000
2020-21,13,171771,DEF,0,0,false,84.5813,72.0000
2020-21,13,200439,FWD,0,0,false,71.1987,45.6000
2020-21,13,37915,GKP,0,0,false,78.2164,72.0000
2020-21,13,45268,MID,0,0,false,77.7318,42.8000
2020-21,13,55605,DEF,0,0,false,72.9117,36.0000
2020-21,13,78830,FWD,0,0,false,83.7845,71.2000
2020-21,13,80226,DEF,0,0,false,67.1437,30.6000
2020-21,13,85971,MID,0,0,false,80.1952,70.6000
2020-21,13,93264,DEF,0,0,false,71.9062,72.0000
2020-21,13,132015,MID,0,0,false,85.1023,72.0000
2020-21,13,194252,MID,0,0,false,47.2197,23.4000
2020-21,13,49944,MID,0,0,false,42.0045,7.2000
2020-21,13,59940,DEF,2,2,false,46.1286,4.8000
2020-21,13,61600,MID,0,0,false,68.1798,72.0000
2020-21,13,101982,GKP,0,0,false,90.0000,72.0000
2020-21,13,108053,DEF,3,3,false,43.1586,0.0000
2020-21,13,146426,DEF,0,0,false,85.9997,72.0000
2020-21,13,176420,DEF,0,0,false,86.1472,72.0000
2020-21,13,197937,MID,0,0,false,39.3849,37.4000
2020-21,13,216616,DEF,0,0,false,48.0128,72.0000
2020-21,13,37096,GKP,0,0,false,80.4751,54.0000
2020-21,13,40669,DEF,0,0,false,83.8538,72.0000
2020-21,13,55459,DEF,0,0,false,84.9342,72.0000
2020-21,13,57531,FWD,3,3,false,28.2248,8.8000
2020-21,13,105717,DEF,2,2,false,45.4563,0.0000
2020-21,13,166640,DEF,1,1,false,58.8776,36.0000
2020-21,13,178186,MID,0,0,false,65.0672,44.8000
2020-21,13,179830,MID,0,0,false,51.2436,56.8000
2020-21,13,204480,MID,0,0,false,90.0000,72.0000
2020-21,13,215439,MID,0,0,false,72.5950,72.0000
2020-21,13,217593,MID,0,0,false,70.7290,45.6000
2020-21,13,19624,MID,1,1,false,61.7435,87.4000
2020-21,13,38533,GKP,0,0,false,90.0000,90.0000
2020-21,13,87835,DEF,5,4,false,38.0761,36.0000
2020-21,13,90585,DEF,0,0,false,69.7559,0.0000
2020-21,13,94147,DEF,0,0,false,84.2218,90.0000
2020-21,13,102057,FWD,3,3,false,53.4430,0.0000
2020-21,13,107613,DEF,0,0,false,54.1146,90.0000
2020-21,13,151589,MID,0,0,false,74.8970,18.0000
2020-21,13,171317,MID,0,0,false,65.1958,87.0000
2020-21,13,200600,MID,0,0,false,56.2596,43.0000
2020-21,13,214048,DEF,3,3,false,25.7385,41.2000
2020-21,13,247632,MID,0,0,false,63.8881,85.4000
2020-21,13,47431,MID,1,1,false,59.6079,21.8000
2020-21,13,180135,MID,0,0,false,59.5955,54.0000
2020-21,13,210407,MID,2,2,false,43.7878,27.2000
2020-21,13,225321,GKP,0,0,false,89.3421,90.0000
2020-21,13,169528,DEF,0,0,false,82.7926,54.0000
2020-21,13,83314,MID,0,0,false,54.7207,18.0000
2020-21,13,19188,DEF,0,0,false,47.2710,18.0000
2020-21,13,232413,MID,0,0,false,70.6456,59.6000
2020-21,13,51090,DEF,0,0,false,73.0546,54.0000
2020-21,13,193645,DEF,2,2,false,50.2345,0.0000
2020-21,13,226597,DEF,0,0,false,82.0154,0.0000
2020-21,13,199796,DEF,1,1,false,68.5952,72.0000
2020-21,13,114243,MID,0,0,false,48.3196,37.6000
2020-21,13,166477,DEF,7,4,false,19.3288,47.8000
2020-21,13,219847,MID,0,0,false,53.7333,10.6000
2020-21,13,182539,MID,0,0,false,54.2867,51.4000
2020-21,13,119765,MID,0,0,false,77.4951,0.0000
2020-21,13,75115,FWD,0,0,false,78.5130,72.0000
2020-21,13,60025,MID,2,2,false,51.5660,22.2000
2020-21,13,199598,DEF,0,0,false,48.0474,85.2000
2020-21,13,155197,DEF,2,2,false,35.7288,0.0000
2020-21,13,121599,MID,0,0,false,84.9888,72.0000
2020-21,13,194799,DEF,0,0,false,77.3117,5.6000
2020-21,13,178301,FWD,0,0,false,90.0000,72.0000
2020-21,13,84182,GKP,0,0,false,87.9998,54.0000
2020-21,13,86881,MID,0,0,false,52.0838,18.0000
2020-21,13,153256,MID,0,0,false,50.0343,48.6000
2020-21,13,41135,DEF,1,1,false,56.8975,24.6000
2020-21,13,199249,DEF,0,0,false,66.7230,48.4000
2020-21,13,232787,MID,0,0,false,81.7622,72.0000
2020-21,13,200402,DEF,0,0,false,88.8946,72.0000
2020-21,13,228286,GKP,0,0,false,82.8218,72.0000
2020-21,13,171314,DEF,0,0,false,87.5867,72.0000
2020-21,13,219352,MID,0,0,false,86.6070,40.4000
2020-21,13,164555,DEF,0,0,false,89.1800,54.0000
2020-21,13,444463,DEF,0,0,false,86.3433,54.0000
2020-21,13,159506,DEF,0,0,false,90.0000,54.0000
2020-21,13,198826,DEF,0,0,false,73.0647,72.0000
2020-21,13,219961,MID,0,0,false,69.9586,65.8000
2020-21,13,174874,DEF,0,0,false,80.0769,48.2000
2020-21,13,109646,DEF,0,0,false,90.0000,54.0000
2020-21,13,57328,DEF,1,1,false,66.1985,36.0000
2020-21,13,180294,FWD,0,0,false,67.2590,43.8000
2020-21,13,50175,FWD,0,0,false,57.9306,21.2000
2020-21,17,54694,MID,0,0,false,73.0074,39.4000
2020-21,17,59966,FWD,0,0,false,50.3081,79.0000
2020-21,17,80201,GKP,0,0,false,85.3888,86.2000
2020-21,17,84450,MID,0,0,false,63.8269,90.0000
2020-21,17,98745,DEF,0,0,false,57.2130,72.0000
2020-21,17,98980,GKP,0,0,false,73.3747,90.0000
2020-21,17,156074,DEF,0,0,false,66.8548,90.0000
2020-21,17,192895,DEF,0,0,false,74.3817,18.0000
2020-21,17,223340,MID,0,0,false,72.1798,72.0000
2020-21,17,114283,MID,0,0,false,88.8816,89.4000
2020-21,17,122806,MID,0,0,false,83.3732,72.0000
2020-21,17,148508,MID,6,4,false,27.7627,7.6000
2020-21,17,149484,DEF,0,0,false,71.8058,90.0000
2020-21,17,169359,DEF,0,0,false,83.2476,86.8000
2020-21,17,199798,DEF,0,0,false,63.5514,90.0000
2020-21,17,230046,MID,0,0,false,77.7210,87.4000
2020-21,17,78916,DEF,0,0,false,57.2344,57.6000
2020-21,17,83299,DEF,0,0,false,82.6079,90.0000
2020-21,17,109345,MID,0,0,false,65.3556,71.6000
2020-21,17,110735,DEF,0,0,false,80.5921,90.0000
2020-21,17,111478,DEF,0,0,false,60.0116,68.2000
2020-21,17,115382,FWD,0,0,false,62.9958,70.4000
2020-21,17,116216,MID,0,0,false,56.7248,82.2000
2020-21,17,131897,GKP,5,4,false,45.3945,0.0000
2020-21,17,198869,DEF,0,0,false,74.6742,90.0000
2020-21,17,227127,MID,0,0,false,69.1119,59.6000
2020-21,17,232792,DEF,4,4,false,26.1128,0.0000
2020-21,17,235382,MID,2,2,false,22.7913,18.0000
2020-21,17,17761,DEF,0,0,false,87.6870,108.0000
2020-21,17,41674,DEF,9,4,false,13.5712,0.0000
2020-21,17,44699,FWD,0,0,false,53.8492,47.8000
2020-21,17,51927,DEF,0,0,false,76.5603,108.0000
2020-21,17,60551,MID,0,0,false,88.3852,106.0000
2020-21,17,60689,FWD,0,0,false,80.6501,78.2000
2020-21,17,68983,DEF,0,0,false,73.1121,108.0000
2020-21,17,90517,MID,0,0,false,43.7990,70.4000
2020-21,17,98747,GKP,0,0,false,85.7738,108.0000
2020-21,17,103914,DEF,0,0,false,70.2814,9.6000
2020-21,17,172782,MID,0,0,false,70.1339,63.0000
2020-21,17,433154,MID,2,2,false,67.1350,86.0000
2020-21,17,41328,DEF,0,0,false,52.7359,72.0000
2020-21,17,85955,MID,1,1,false,37.5693,66.8000
2020-21,17,88894,MID,7,4,false,16.5575,77.2000
2020-21,17,103192,DEF,0,0,false,72.7058,0.0000
2020-21,17,116594,MID,0,0,false,74.7197,3.2000
2020-21,17,126187,MID,0,0,false,43.6112,86.0000
2020-21,17,135363,DEF,1,1,false,23.9491,10.8000
2020-21,17,165153,FWD,0,0,false,72.3494,43.4000
2020-21,17,176413,MID,0,0,false,58.6736,52.8000
2020-21,17,184341,MID,0,0,false,83.7560,71.4000
2020-21,17,225796,DEF,2,2,false,47.4943,39.4000
2020-21,17,19419,DEF,3,3,false,33.8760,54.0000
2020-21,17,40836,GKP,0,0,false,88.3852,90.0000
2020-21,17,50471,MID,0,0,false,71.9878,54.0000
2020-21,17,50472,MID,9,4,false,13.6943,27.2000
2020-21,17,55037,MID,0,0,false,82.4807,54.2000
2020-21,17,55494,DEF,0,0,false,45.3282,55.0000
2020-21,17,60252,MID,0,0,false,51.4752,55.2000
2020-21,17,66975,MID,0,0,false,67.8538,81.6000
2020-21,17,74230,DEF,2,2,false,56.3337,36.0000
2020-21,17,82403,MID,0,0,false,82.3061,65.4000
2020-21,17,86417,MID,0,0,false,53.6632,0.0000
2020-21,17,244723,DEF,0,0,false,29.7073,54.0000
2020-21,17,20467,MID,0,0,false,67.1009,45.4000
2020-21,17,59949,DEF,0,0,false,35.1486,19.0000
2020-21,17,101188,DEF,7,4,false,32.1734,72.0000
2020-21,17,106611,DEF,1,1,false,68.5624,56.0000
2020-21,17,111234,GKP,0,0,false,80.7965,54.0000
2020-21,17,164511,DEF,0,0,false,76.2859,72.0000
2020-21,17,177815,FWD,0,0,false,83.0890,53.6000
2020-21,17,194164,DEF,0,0,false,62.5886,51.8000
2020-21,17,212319,FWD,0,0,false,69.2957,54.6000
2020-21,17,76357,MID,1,1,false,33.3686,0.0000
2020-21,17,82514,DEF,9,4,false,11.5870,0.0000
2020-21,17,96994,FWD,0,0,false,72.5792,70.4000
2020-21,17,128389,FWD,0,0,false,36.6510,39.6000
2020-21,17,166324,MID,0,0,false,64.6376,74.8000
2020-21,17,203325,MID,0,0,false,83.9466,96.6000
2020-21,17,55914,DEF,3,3,false,44.5128,72.0000
2020-21,17,66588,DEF,0,0,false,89.1184,72.0000
2020-21,17,72222,MID,0,0,false,77.3581,52.2000
2020-21,17,87873,DEF,0,0,false,89.7031,72.0000
2020-21,17,105377,DEF,0,0,false,72.7551,57.6000
2020-21,17,106617,FWD,0,0,false,87.6455,65.8000
2020-21,17,221399,MID,0,0,false,77.4270,71.2000
2020-21,17,155405,MID,0,0,false,77.4110,54.0000
2020-21,17,165808,MID,1,1,false,16.8961,2.6000
2020-21,17,222694,DEF,0,0,false,48.4713,70.0000
2020-21,17,437495,GKP,0,0,false,90.0000,54.0000
2020-21,17,17745,GKP,0,0,false,90.0000,90.0000
2020-21,17,37402,DEF,4,4,false,31.3054,0.0000
2020-21,17,37642,DEF,0,0,false,80.1567,87.2000
2020-21,17,51938,MID,0,0,false,46.6907,61.4000
2020-21,17,101668,FWD,0,0,false,77.4225,35.4000
2020-21,17,166989,MID,0,0,false,80.2097,90.0000
2020-21,17,172780,MID,0,0,false,66.5811,84.2000
2020-21,17,172850,DEF,0,0,false,74.5721,51.0000
2020-21,17,201666,MID,0,0,false,68.4956,87.0000
2020-21,17,203341,MID,0,0,false,55.5668,44.2000
2020-21,17,218031,DEF,0,0,false,23.4431,37.0000
2020-21,17,220627,DEF,0,0,false,75.5861,90.0000
2020-21,17,41733,MID,0,0,false,76.5262,84.2000
2020-21,17,56979,MID,0,0,false,74.8956,72.0000
2020-21,17,60914,DEF,2,2,false,29.9894,27.0000
2020-21,17,92217,FWD,0,0,false,83.1645,60.4000
2020-21,17,97032,DEF,12,4,false,24.4745,0.0000
2020-21,17,110979,MID,0,0,false,79.4519,54.0000
2020-21,17,116535,GKP,0,0,false,77.9383,72.0000
2020-21,17,116643,MID,0,0,false,76.9537,36.0000
2020-21,17,118748,MID,0,0,false,78.0002,78.6000
2020-21,17,122798,DEF,0,0,false,88.1519,90.0000
2020-21,17,169187,DEF,0,0,false,75.1596,90.0000
2020-21,17,171287,DEF,9,4,false,22.0734,0.0000
2020-21,17,206915,MID,1,1,false,37.7676,14.0000
2020-21,17,58621,DEF,2,2,false,49.4499,41.4000
2020-21,17,59859,MID,0,0,false,62.6725,96.2000
2020-21,17,61366,MID,0,0,false,82.2000,43.6000
2020-21,17,97299,DEF,0,0,false,54.1472,90.0000
2020-21,17,102826,DEF,3,3,false,26.9035,0.0000
2020-21,17,103025,MID,0,0,false,38.1502,52.8000
2020-21,17,103955,MID,0,0,false,78.4519,69.8000
2020-21,17,121145,DEF,0,0,false,68.9721,70.4000
2020-21,17,121160,GKP,1,1,false,74.1454,108.0000
2020-21,17,126184,DEF,1,1,false,35.8553,0.0000
2020-21,17,165809,MID,0,0,false,53.5036,95.6000
2020-21,17,205651,FWD,3,3,false,41.0613,70.8000
2020-21,17,220566,MID,0,0,false,78.6538,72.2000
2020-21,17,51940,GKP,0,0,false,78.1714,108.0000
2020-21,17,62398,MID,0,0,false,37.3309,36.2000
2020-21,17,74208,MID,0,0,false,53.1919,90.0000
2020-21,17,95658,DEF,0,0,false,90.0000,108.0000
2020-21,17,101582,MID,0,0,false,58.9339,72.0000
2020-21,17,106760,DEF,0,0,false,55.3173,82.6000
2020-21,17,141746,MID,0,0,false,70.7617,107.2000
2020-21,17,148225,FWD,0,0,false,61.2603,84.4000
2020-21,17,176297,MID,0,0,false,81.3255,80.4000
2020-21,17,184667,DEF,2,2,false,62.7521,54.0000
2020-21,17,195851,MID,0,0,false,52.9595,44.4000
2020-21,17,197365,DEF,0,0,false,32.2915,36.0000
2020-21,17,214590,DEF,0,0,false,78.6838,108.0000
2020-21,17,220688,MID,1,1,false,33.6324,52.0000
2020-21,17,50232,MID,0,0,false,37.8688,90.0000
2020-21,17,56983,MID,0,0,false,50.7981,3.2000
2020-21,17,57145,DEF,0,0,false,76.2859,15.2000
2020-21,17,58845,DEF,0,0,false,64.3349,60.8000
2020-21,17,59735,GKP,0,0,false,90.0000,108.0000
2020-21,17,101148,DEF,7,4,false,24.9055,64.6000
2020-21,17,109528,DEF,6,4,false,18.7537,47.2000
2020-21,17,119471,DEF,0,0,false,51.3514,90.0000
2020-21,17,151119,DEF,0,0,false,43.1809,16.6000
2020-21,17,153127,MID,1,1,false,55.8204,90.0000
2020-21,17,170137,MID,7,4,false,23.1942,19.0000
2020-21,17,180974,FWD,0,0,false,69.7413,18.0000
2020-21,17,27436,FWD,0,0,false,60.8498,75.4000
2020-21,17,40386,DEF,0,0,false,86.5522,76.0000
2020-21,17,47247,MID,0,0,false,55.7572,90.0000
2020-21,17,63426,DEF,0,0,false,79.0306,18.0000
2020-21,17,82691,DEF,1,1,false,78.3213,44.6000
2020-21,17,83427,DEF,1,1,false,34.4864,0.0000
2020-21,17,108416,DEF,0,0,false,86.8123,72.0000
2020-21,17,153723,MID,3,3,false,31.7272,90.0000
2020-21,17,167878,MID,0,0,false,41.3433,18.0000
2020-21,17,169432,FWD,2,2,false,37.3902,11.4000
2020-21,17,207189,MID,4,4,false,32.7418,0.0000
2020-21,17,40146,DEF,0,0,false,83.2146,54.0000
2020-21,17,58376,GKP,1,1,false,72.9385,72.0000
2020-21,17,78056,MID,1,1,false,60.0182,17.6000
2020-21,17,84939,FWD,0,0,false,61.3101,46.4000
2020-21,17,88900,DEF,0,0,false,49.5019,72.0000
2020-21,17,91047,MID,0,0,false,59.8977,72.0000
2020-21,17,93100,DEF,3,3,false,47.5024,0.0000
2020-21,17,101178,MID,0,0,false,90.0000,72.0000
2020-21,17,153366,MID,0,0,false,51.1798,88.6000
2020-21,17,158534,DEF,0,0,false,75.1914,18.0000
2020-21,17,171771,DEF,0,0,false,86.4317,71.0000
2020-21,17,200439,FWD,1,1,false,59.2081,55.2000
2020-21,17,37915,GKP,0,0,false,80.3589,90.0000
2020-21,17,45268,MID,0,0,false,62.1911,54.0000
2020-21,17,55605,DEF,0,0,false,69.5519,36.0000
2020-21,17,78830,FWD,0,0,false,84.3409,45.0000
2020-21,17,80226,DEF,2,2,false,49.6999,63.0000
2020-21,17,85971,MID,0,0,false,81.9007,90.0000
2020-21,17,93264,DEF,0,0,false,75.8599,72.0000
2020-21,17,132015,MID,0,0,false,85.9928,90.0000
2020-21,17,157668,MID,0,0,false,39.6710,23.8000
2020-21,17,173904,DEF,1,1,false,29.4975,27.2000
2020-21,17,194252,MID,0,0,false,45.4410,64.8000
2020-21,17,42427,DEF,2,2,false,31.9139,72.0000
2020-21,17,49944,MID,3,3,false,23.4319,86.2000
2020-21,17,59940,DEF,0,0,false,25.8152,81.0000
2020-21,17,61600,MID,0,0,false,79.6951,54.0000
2020-21,17,101982,GKP,0,0,false,90.0000,72.0000
2020-21,17,108053,DEF,7,4,false,20.3823,18.0000
2020-21,17,146426,DEF,0,0,false,88.1108,90.0000
2020-21,17,176420,DEF,0,0,false,88.1805,41.6000
2020-21,17,197937,MID,1,1,false,33.4478,45.8000
2020-21,17,216616,DEF,0,0,false,70.1709,76.6000
2020-21,17,37096,GKP,1,1,false,70.5282,90.0000
2020-21,17,40669,DEF,0,0,false,85.4443,90.0000
2020-21,17,55459,DEF,0,0,false,85.8553,90.0000
2020-21,17,57531,FWD,0,0,false,23.7444,84.6000
2020-21,17,81012,DEF,1,1,false,25.4135,20.6000
2020-21,17,105717,DEF,6,4,false,25.0957,0.0000
2020-21,17,166640,DEF,2,2,false,47.6423,0.0000
2020-21,17,178186,MID,0,0,false,57.2761,66.0000
2020-21,17,179830,MID,0,0,false,60.3001,0.0000
2020-21,17,204480,MID,0,0,false,90.0000,90.0000
2020-21,17,215439,MID,0,0,false,75.7596,90.0000
2020-21,17,217593,MID,0,0,false,64.9510,55.0000
2020-21,17,19624,MID,0,0,false,74.2677,66.2000
2020-21,17,38533,GKP,0,0,false,90.0000,90.0000
2020-21,17,87835,DEF,0,0,false,50.3822,18.0000
2020-21,17,90585,DEF,4,4,false,39.7756,72.0000
2020-21,17,94147,DEF,0,0,false,87.0803,84.6000
2020-21,17,102057,FWD,7,4,false,34.4171,0.0000
2020-21,17,107613,DEF,0,0,false,70.2276,36.0000
2020-21,17,151589,MID,4,4,false,44.2261,75.2000
2020-21,17,159533,MID,0,0,false,69.3052,59.2000
2020-21,17,171317,MID,0,0,false,75.4699,62.4000
2020-21,17,200600,MID,1,1,false,48.1007,39.8000
2020-21,17,214048,DEF,0,0,false,33.5649,54.0000
2020-21,17,247632,MID,0,0,false,68.5782,90.0000
2020-21,17,47431,MID,0,0,false,45.4643,14.8000
2020-21,17,180135,MID,0,0,false,51.2778,18.0000
2020-21,17,210407,MID,0,0,false,41.9068,88.2000
2020-21,17,225321,GKP,0,0,false,89.4617,90.0000
2020-21,17,169528,DEF,0,0,false,85.0731,62.6000
2020-21,17,83314,MID,4,4,false,30.6167,86.8000
2020-21,17,19188,DEF,2,2,false,35.0347,36.0000
2020-21,17,232413,MID,0,0,false,59.2367,90.0000
2020-21,17,51090,DEF,0,0,false,69.2883,79.0000
2020-21,17,193645,DEF,6,4,false,23.7240,0.0000
2020-21,17,226597,DEF,4,4,false,38.7329,9.0000
2020-21,17,199796,DEF,0,0,false,80.7398,90.0000
2020-21,17,114243,MID,0,0,false,47.1215,18.0000
2020-21,17,166477,DEF,0,0,false,40.8201,61.2000
2020-21,17,182539,MID,0,0,false,50.8940,13.6000
2020-21,17,119765,MID,3,3,false,42.6160,0.0000
2020-21,17,75115,FWD,0,0,false,74.5162,108.0000
2020-21,17,60025,MID,0,0,false,33.4412,51.8000
2020-21,17,199598,DEF,0,0,false,66.7982,90.0000
2020-21,17,155197,DEF,6,4,false,16.8734,9.2000
2020-21,17,121599,MID,0,0,false,86.6081,54.0000
2020-21,17,194799,DEF,1,1,false,44.9770,90.0000
2020-21,17,178301,FWD,0,0,false,90.0000,90.0000
2020-21,17,84182,GKP,0,0,false,88.6327,108.0000
2020-21,17,86881,MID,1,1,false,36.7967,33.4000
2020-21,17,153256,MID,1,1,false,53.3160,7.0000
2020-21,17,41135,DEF,0,0,false,45.3362,0.0000
2020-21,17,199249,DEF,1,1,false,55.4270,36.0000
2020-21,17,232787,MID,0,0,false,86.2118,39.2000
2020-21,17,200402,DEF,0,0,false,76.4838,90.0000
2020-21,17,228286,GKP,0,0,false,86.6991,90.0000
2020-21,17,171314,DEF,0,0,false,88.7229,108.0000
2020-21,17,219352,MID,0,0,false,87.5609,94.6000
2020-21,17,164555,DEF,0,0,false,76.4212,90.0000
2020-21,17,444463,DEF,0,0,false,75.1404,62.0000
2020-21,17,159506,DEF,0,0,false,90.0000,102.8000
2020-21,17,448514,DEF,0,0,false,48.4061,32.2000
2020-21,17,198826,DEF,0,0,false,79.1066,54.0000
2020-21,17,152590,DEF,1,1,false,31.9446,16.2000
2020-21,17,219961,MID,0,0,false,77.0212,66.6000
2020-21,17,174874,DEF,0,0,false,78.9335,108.0000
2020-21,17,109646,DEF,0,0,false,90.0000,108.0000
2020-21,17,57328,DEF,1,1,false,52.1812,34.8000
2020-21,17,180294,FWD,1,1,false,56.9986,30.2000
2020-21,17,50175,FWD,2,2,false,38.8530,0.0000
2020-21,17,215059,GKP,0,0,false,64.2404,90.0000
2020-21,21,41270,DEF,0,0,false,59.1488,47.0000
2020-21,21,54694,MID,2,2,false,57.7999,49.4000
2020-21,21,59966,FWD,0,0,false,65.8951,40.4000
2020-21,21,80201,GKP,0,0,false,86.0982,68.2000
2020-21,21,84450,MID,0,0,false,75.0063,90.0000
2020-21,21,98745,DEF,0,0,false,60.3565,72.0000
2020-21,21,98980,GKP,0,0,false,76.2140,108.0000
2020-21,21,156074,DEF,0,0,false,72.4953,52.4000
2020-21,21,192895,DEF,2,2,false,48.2145,36.0000
2020-21,21,209289,MID,0,0,false,46.6929,59.8000
2020-21,21,223340,MID,1,1,false,65.6800,72.0000
2020-21,21,114283,MID,0,0,false,88.7692,54.0000
2020-21,21,122806,MID,0,0,false,75.8607,108.0000
2020-21,21,148508,MID,1,1,false,19.3109,18.8000
2020-21,21,149484,DEF,0,0,false,80.1250,108.0000
2020-21,21,169359,DEF,0,0,false,82.7696,108.0000
2020-21,21,199798,DEF,0,0,false,74.2693,108.0000
2020-21,21,230046,MID,0,0,false,82.0900,49.8000
2020-21,21,78916,DEF,0,0,false,52.7555,90.0000
2020-21,21,83299,DEF,0,0,false,85.8573,90.0000
2020-21,21,109345,MID,0,0,false,67.5256,13.2000
2020-21,21,110735,DEF,0,0,false,83.6973,32.8000
2020-21,21,111478,DEF,0,0,false,72.3059,72.0000
2020-21,21,115382,FWD,0,0,false,67.0881,80.4000
2020-21,21,116216,MID,0,0,false,66.5637,76.8000
2020-21,21,131897,GKP,9,4,false,29.9902,18.0000
2020-21,21,198869,DEF,0,0,false,82.5439,88.6000
2020-21,21,227127,MID,0,0,false,62.1537,90.0000
2020-21,21,232792,DEF,8,4,false,14.5289,0.0000
2020-21,21,235382,MID,6,4,false,13.9747,39.2000
2020-21,21,17761,DEF,0,0,false,89.0607,126.0000
2020-21,21,39487,DEF,0,0,false,59.9910,53.2000
2020-21,21,41674,DEF,13,4,false,6.9906,19.2000
2020-21,21,44699,FWD,2,2,false,45.8470,54.0000
2020-21,21,51927,DEF,0,0,false,83.1207,106.6000
2020-21,21,60551,MID,0,0,false,88.6336,124.0000
2020-21,21,60689,FWD,0,0,false,77.3301,21.4000
2020-21,21,68983,DEF,0,0,false,78.1674,126.0000
2020-21,21,90517,MID,0,0,false,53.7970,8.6000
2020-21,21,98747,GKP,0,0,false,88.2837,126.0000
2020-21,21,103914,DEF,2,2,false,38.0130,72.0000
2020-21,21,172782,MID,1,1,false,58.6494,59.0000
2020-21,21,433154,MID,0,0,false,71.4606,126.0000
2020-21,21,41328,DEF,0,0,false,62.7491,108.0000
2020-21,21,85955,MID,0,0,false,51.0239,74.8000
2020-21,21,88894,MID,0,0,false,45.3495,63.4000
2020-21,21,91651,MID,0,0,false,64.5023,85.4000
2020-21,21,102380,DEF,0,0,false,52.9810,108.0000
2020-21,21,103192,DEF,3,3,false,41.1649,18.0000
2020-21,21,116594,MID,3,3,false,40.8991,64.2000
2020-21,21,124183,MID,1,1,false,34.3175,31.2000
2020-21,21,126187,MID,0,0,false,55.1353,116.6000
2020-21,21,135363,DEF,4,4,false,15.5908,82.8000
2020-21,21,165153,FWD,0,0,false,53.2012,89.2000
2020-21,21,176413,MID,0,0,false,56.7113,14.8000
2020-21,21,184341,MID,0,0,false,75.3695,101.8000
2020-21,21,225796,DEF,0,0,false,37.2982,83.4000
2020-21,21,19419,DEF,1,1,false,39.9893,90.0000
2020-21,21,40836,GKP,0,0,false,88.6336,108.0000
2020-21,21,49413,DEF,2,2,false,35.4597,0.0000
2020-21,21,50471,MID,1,1,false,68.2983,0.0000
2020-21,21,55037,MID,0,0,false,75.9681,72.2000
2020-21,21,55494,DEF,0,0,false,53.9655,54.0000
2020-21,21,60252,MID,0,0,false,51.7758,75.0000
2020-21,21,66975,MID,0,0,false,72.6782,108.0000
2020-21,21,74230,DEF,0,0,false,45.5870,81.0000
2020-21,21,82403,MID,0,0,false,77.4040,11.4000
2020-21,21,86417,MID,4,4,false,29.3688,1.2000
2020-21,21,244723,DEF,1,1,false,40.9458,36.0000
2020-21,21,20467,MID,0,0,false,67.5927,0.0000
2020-21,21,101188,DEF,0,0,false,58.3198,126.0000
2020-21,21,106611,DEF,0,0,false,76.9174,98.8000
2020-21,21,111234,GKP,0,0,false,85.0730,72.0000
2020-21,21,164511,DEF,0,0,false,80.5410,21.4000
2020-21,21,177815,FWD,0,0,false,75.8853,77.6000
2020-21,21,194164,DEF,1,1,false,56.7257,126.0000
2020-21,21,212319,FWD,0,0,false,70.9546,122.8000
2020-21,21,76357,MID,5,4,false,11.6205,0.0000
2020-21,21,82514,DEF,13,4,false,4.0351,0.0000
2020-21,21,96994,FWD,0,0,false,68.9847,64.6000
2020-21,21,166324,MID,0,0,false,62.9356,69.2000
2020-21,21,203325,MID,0,0,false,86.4554,55.2000
2020-21,21,55914,DEF,0,0,false,65.4887,108.0000
2020-21,21,66588,DEF,0,0,false,89.5249,108.0000
2020-21,21,72222,MID,0,0,false,70.8648,86.2000
2020-21,21,87873,DEF,0,0,false,89.8400,108.0000
2020-21,21,105377,DEF,0,0,false,72.3095,59.2000
2020-21,21,106617,FWD,0,0,false,84.0135,108.0000
2020-21,21,221399,MID,0,0,false,83.2249,74.4000
2020-21,21,155405,MID,0,0,false,71.6988,35.4000
2020-21,21,222694,DEF,0,0,false,66.1000,100.4000
2020-21,21,437495,GKP,0,0,false,78.4825,108.0000
2020-21,21,17745,GKP,0,0,false,90.0000,108.0000
2020-21,21,37402,DEF,7,4,false,17.2292,0.0000
2020-21,21,37642,DEF,0,0,false,83.4845,85.6000
2020-21,21,51938,MID,0,0,false,53.4366,39.8000
2020-21,21,101668,FWD,2,2,false,61.1689,77.8000
2020-21,21,166989,MID,0,0,false,83.8730,106.6000
2020-21,21,168580,MID,0,0,false,45.2186,27.0000
2020-21,21,172780,MID,0,0,false,73.9975,66.6000
2020-21,21,172850,DEF,1,1,false,66.8286,48.2000
2020-21,21,201666,MID,0,0,false,76.4721,79.0000
2020-21,21,203341,MID,1,1,false,54.2494,72.0000
2020-21,21,220627,DEF,0,0,false,77.8036,36.0000
2020-21,21,41733,MID,0,0,false,82.0786,101.8000
2020-21,21,56979,MID,0,0,false,71.7505,59.8000
2020-21,21,60914,DEF,1,1,false,29.5842,0.0000
2020-21,21,92217,FWD,0,0,false,70.5336,105.6000
2020-21,21,97032,DEF,15,4,false,19.3150,0.0000
2020-21,21,110979,MID,1,1,false,71.6695,90.0000
2020-21,21,116535,GKP,0,0,false,82.1580,72.0000
2020-21,21,116643,MID,2,2,false,59.2205,36.0000
2020-21,21,118748,MID,0,0,false,77.6626,102.2000
2020-21,21,122798,DEF,0,0,false,88.4362,106.8000
2020-21,21,169187,DEF,0,0,false,82.0773,108.0000
2020-21,21,171287,DEF,12,4,false,15.1686,0.0000
2020-21,21,58621,DEF,0,0,false,48.5410,54.0000
2020-21,21,59859,MID,0,0,false,69.0991,86.8000
2020-21,21,61366,MID,2,2,false,59.4942,50.4000
2020-21,21,97299,DEF,1,1,false,57.8031,90.0000
2020-21,21,102826,DEF,7,4,false,14.9935,0.0000
2020-21,21,103025,MID,1,1,false,36.9674,106.4000
2020-21,21,103955,MID,1,1,false,63.9499,105.8000
2020-21,21,121145,DEF,1,1,false,57.8065,102.6000
2020-21,21,121160,GKP,0,0,false,82.5329,126.0000
2020-21,21,126184,DEF,5,4,false,21.3154,0.0000
2020-21,21,146941,DEF,0,0,false,25.2274,72.0000
2020-21,21,165809,MID,0,0,false,65.1925,106.2000
2020-21,21,205651,FWD,0,0,false,49.3877,84.4000
2020-21,21,206325,DEF,0,0,false,53.6319,77.2000
2020-21,21,209244,MID,0,0,false,49.2999,59.0000
2020-21,21,220566,MID,0,0,false,63.5350,90.2000
2020-21,21,51940,GKP,0,0,false,84.6400,90.0000
2020-21,21,62398,MID,1,1,false,36.0642,36.0000
2020-21,21,74208,MID,0,0,false,68.1072,7.6000
2020-21,21,95658,DEF,0,0,false,90.0000,108.0000
2020-21,21,101582,MID,0,0,false,57.5991,94.4000
2020-21,21,106760,DEF,0,0,false,62.1163,99.0000
2020-21,21,141746,MID,0,0,false,75.7241,108.0000
2020-21,21,148225,FWD,0,0,false,67.6853,38.0000
2020-21,21,176297,MID,0,0,false,75.0195,101.4000
2020-21,21,184667,DEF,0,0,false,53.9635,90.0000
2020-21,21,195851,MID,0,0,false,40.4799,75.2000
2020-21,21,197365,DEF,2,2,false,28.9042,18.0000
2020-21,21,214590,DEF,0,0,false,84.0495,108.0000
2020-21,21,50232,MID,0,0,false,57.3920,90.0000
2020-21,21,56983,MID,3,3,false,26.7016,3.6000
2020-21,21,57145,DEF,3,3,false,45.4224,0.0000
2020-21,21,58845,DEF,0,0,false,49.7995,71.6000
2020-21,21,59735,GKP,0,0,false,90.0000,72.0000
2020-21,21,101148,DEF,0,0,false,47.0901,54.0000
2020-21,21,109528,DEF,0,0,false,29.0747,19.8000
2020-21,21,111773,DEF,2,2,false,16.9905,63.4000
2020-21,21,119471,DEF,0,0,false,61.0069,36.0000
2020-21,21,151119,DEF,3,3,true,27.2692,0.0000
2020-21,21,153127,MID,0,0,false,64.3120,90.0000
2020-21,21,179018,MID,0,0,false,69.0907,78.6000
2020-21,21,180974,FWD,2,2,false,44.9304,45.0000
2020-21,21,27436,FWD,0,0,false,62.5222,70.2000
2020-21,21,40386,DEF,0,0,false,81.4463,64.0000
2020-21,21,47247,MID,0,0,false,70.7593,87.8000
2020-21,21,63426,DEF,2,2,false,55.3422,72.0000
2020-21,21,82691,DEF,0,0,false,68.5998,62.6000
2020-21,21,83427,DEF,5,4,false,18.5548,0.0000
2020-21,21,108416,DEF,0,0,false,77.9205,52.8000
2020-21,21,153723,MID,0,0,false,58.4124,104.6000
2020-21,21,167878,MID,3,3,false,29.2779,28.2000
2020-21,21,207189,MID,8,4,false,18.5541,0.0000
2020-21,21,40146,DEF,0,0,false,73.9682,108.0000
2020-21,21,58376,GKP,0,0,false,78.8674,90.0000
2020-21,21,78056,MID,0,0,false,49.8072,67.8000
2020-21,21,84939,FWD,0,0,false,61.3993,91.0000
2020-21,21,88900,DEF,0,0,false,65.5501,34.0000
2020-21,21,91047,MID,0,0,false,70.1449,67.6000
2020-21,21,93100,DEF,6,4,false,29.2867,90.0000
2020-21,21,101178,MID,0,0,false,90.0000,108.0000
2020-21,21,153366,MID,0,0,false,60.7324,126.0000
2020-21,21,158534,DEF,2,2,false,53.2510,14.2000
2020-21,21,171771,DEF,0,0,false,87.3760,107.0000
2020-21,21,200439,FWD,0,0,false,57.2573,74.4000
2020-21,21,37915,GKP,0,0,false,81.8421,108.0000
2020-21,21,45268,MID,0,0,false,55.0304,31.6000
2020-21,21,55605,DEF,0,0,false,52.0401,72.0000
2020-21,21,78830,FWD,1,1,false,67.3529,90.0000
2020-21,21,80226,DEF,1,1,false,51.3592,47.4000
2020-21,21,85971,MID,0,0,false,84.0768,108.0000
2020-21,21,93264,DEF,1,1,false,65.9226,54.0000
2020-21,21,115556,DEF,0,0,false,57.0326,72.0000
2020-21,21,132015,MID,0,0,false,86.6093,108.0000
2020-21,21,157668,MID,1,1,false,35.2159,0.0000
2020-21,21,173904,DEF,0,0,false,33.3776,90.0000
2020-21,21,194252,MID,0,0,false,53.7901,16.8000
2020-21,21,231372,MID,0,0,false,61.2302,95.0000
2020-21,21,42427,DEF,0,0,false,62.2508,0.0000
2020-21,21,49944,MID,0,0,false,55.6672,22.6000
2020-21,21,59940,DEF,0,0,false,53.2659,108.0000
2020-21,21,61600,MID,1,1,false,70.6368,15.4000
2020-21,21,101982,GKP,0,0,false,79.7892,108.0000
2020-21,21,108053,DEF,10,4,false,9.7371,108.0000
2020-21,21,146426,DEF,0,0,false,89.0975,59.8000
2020-21,21,176420,DEF,0,0,false,71.8858,63.0000
2020-21,21,216616,DEF,0,0,false,69.7772,65.6000
2020-21,21,37096,GKP,0,0,false,77.5742,72.0000
2020-21,21,40669,DEF,0,0,false,86.4101,36.0000
2020-21,21,55459,DEF,0,0,false,86.4929,90.0000
2020-21,21,57531,FWD,0,0,false,50.4188,67.2000
2020-21,21,105717,DEF,9,4,false,14.4604,0.0000
2020-21,21,166640,DEF,5,4,false,26.2291,0.0000
2020-21,21,178186,MID,0,0,false,64.9961,43.2000
2020-21,21,179830,MID,3,3,false,28.8068,3.6000
2020-21,21,204480,MID,0,0,false,90.0000,90.0000
2020-21,21,215439,MID,0,0,false,77.9504,90.0000
2020-21,21,217593,MID,0,0,false,65.4534,35.4000
2020-21,21,19624,MID,0,0,false,68.2589,108.0000
2020-21,21,38533,GKP,0,0,false,90.0000,108.0000
2020-21,21,87835,DEF,1,1,false,40.7487,33.2000
2020-21,21,90585,DEF,0,0,false,54.4895,18.0000
2020-21,21,94147,DEF,0,0,false,85.9956,108.0000
2020-21,21,102057,FWD,11,4,false,24.0465,0.0000
2020-21,21,107613,DEF,2,2,false,56.6318,72.0000
2020-21,21,151589,MID,0,0,false,65.4508,93.2000
2020-21,21,159533,MID,0,0,false,62.3305,108.0000
2020-21,21,171317,MID,1,1,false,67.0994,104.4000
2020-21,21,200600,MID,0,0,false,41.7574,12.2000
2020-21,21,214048,DEF,0,0,false,39.3057,36.2000
2020-21,21,247632,MID,0,0,false,74.0582,107.4000
2020-21,21,47431,MID,0,0,false,37.3227,26.8000
2020-21,21,180135,MID,3,3,false,32.3975,0.0000
2020-21,21,210407,MID,0,0,false,66.0036,89.6000
2020-21,21,225321,GKP,0,0,false,89.5445,108.0000
2020-21,21,169528,DEF,0,0,false,59.0709,77.8000
2020-21,21,83314,MID,0,0,false,53.5441,22.2000
2020-21,21,19188,DEF,0,0,false,32.2460,54.0000
2020-21,21,223175,MID,2,2,false,23.8031,0.0000
2020-21,21,232413,MID,0,0,false,75.0335,104.2000
2020-21,21,51090,DEF,0,0,false,80.1055,7.0000
2020-21,21,193645,DEF,9,4,false,12.7839,0.0000
2020-21,21,226597,DEF,8,4,false,18.8438,45.0000
2020-21,21,199796,DEF,0,0,false,85.7432,48.0000
2020-21,21,166477,DEF,0,0,false,57.8414,54.0000
2020-21,21,182539,MID,3,3,false,34.6234,18.4000
2020-21,21,119765,MID,6,4,false,21.8266,24.4000
2020-21,21,75115,FWD,0,0,false,81.9363,25.0000
2020-21,21,60025,MID,0,0,false,59.4263,43.4000
2020-21,21,199598,DEF,0,0,false,78.7122,90.0000
2020-21,21,226182,DEF,0,0,false,48.0339,56.0000
2020-21,21,155197,DEF,10,4,false,8.2090,27.2000
2020-21,21,121599,MID,0,0,false,75.4497,118.6000
2020-21,21,194799,DEF,0,0,false,60.9652,90.0000
2020-21,21,178301,FWD,0,0,false,90.0000,108.0000
2020-21,21,84182,GKP,0,0,false,89.5238,126.0000
2020-21,21,167074,DEF,0,0,false,41.6707,80.8000
2020-21,21,86881,MID,0,0,false,35.8656,24.2000
2020-21,21,153256,MID,1,1,false,30.2448,32.4000
2020-21,21,41135,DEF,3,3,false,21.5389,2.2000
2020-21,21,61558,MID,0,0,false,55.0647,94.0000
2020-21,21,199249,DEF,2,2,false,45.2992,33.2000
2020-21,21,232787,MID,0,0,false,65.6105,90.6000
2020-21,21,200402,DEF,0,0,false,83.5027,106.8000
2020-21,21,228286,GKP,0,0,false,88.4422,90.0000
2020-21,21,171314,DEF,0,0,false,89.5040,108.0000
2020-21,21,219352,MID,0,0,false,82.3058,124.4000
2020-21,21,164555,DEF,0,0,false,83.6436,90.0000
2020-21,21,444463,DEF,0,0,false,76.6926,4.8000
2020-21,21,159506,DEF,0,0,false,86.3215,99.0000
2020-21,21,448514,DEF,1,1,false,41.2889,1.8000
2020-21,21,198826,DEF,1,1,false,67.7764,126.0000
2020-21,21,152590,DEF,1,1,false,23.7091,0.0000
2020-21,21,219961,MID,0,0,false,79.0279,108.0000
2020-21,21,174874,DEF,0,0,false,86.3536,126.0000
2020-21,21,109646,DEF,0,0,false,90.0000,126.0000
2020-21,21,60232,DEF,0,0,false,61.9649,90.0000
2020-21,21,57328,DEF,0,0,false,38.7494,54.0000
2020-21,21,180294,FWD,0,0,false,46.0285,18.0000
2020-21,21,50175,FWD,6,4,false,20.6944,22.4000
2020-21,21,197464,DEF,0,0,false,31.1436,48.0000
2020-21,21,215059,GKP,0,0,false,78.1543,90.0000
2020-21,25,41270,DEF,0,0,false,50.1887,72.0000
2020-21,25,54694,MID,0,0,false,62.6179,50.6000
2020-21,25,58822,DEF,1,1,false,45.7378,45.0000
2020-21,25,59966,FWD,0,0,false,48.3091,75.2000
2020-21,25,80201,GKP,0,0,false,76.5505,90.0000
2020-21,25,84450,MID,0,0,false,80.8586,68.6000
2020-21,25,98745,DEF,0,0,false,70.8134,0.0000
2020-21,25,98980,GKP,0,0,false,78.1873,108.0000
2020-21,25,156074,DEF,0,0,false,64.6855,18.0000
2020-21,25,192895,DEF,0,0,false,38.4177,81.0000
2020-21,25,209289,MID,0,0,false,48.8560,26.6000
2020-21,25,223340,MID,0,0,false,74.5910,41.6000
2020-21,25,114283,MID,1,1,false,76.8507,0.0000
2020-21,25,122806,MID,0,0,false,80.8321,108.0000
2020-21,25,149484,DEF,0,0,false,84.0654,108.0000
2020-21,25,169359,DEF,0,0,false,84.2823,108.0000
2020-21,25,199798,DEF,0,0,false,79.5270,108.0000
2020-21,25,230046,MID,0,0,false,73.6562,68.6000
2020-21,25,60307,MID,0,0,false,68.1324,90.0000
2020-21,25,78916,DEF,0,0,false,70.0631,45.0000
2020-21,25,83299,DEF,0,0,false,87.5474,90.0000
2020-21,25,109345,MID,3,3,false,41.7049,0.0000
2020-21,25,110735,DEF,2,2,false,61.6513,0.0000
2020-21,25,111478,DEF,0,0,false,72.6430,90.0000
2020-21,25,115382,FWD,0,0,false,72.5117,87.6000
2020-21,25,116216,MID,0,0,false,69.2982,81.0000
2020-21,25,131897,GKP,2,2,false,30.0055,0.0000
2020-21,25,198869,DEF,0,0,false,86.3216,88.6000
2020-21,25,227127,MID,0,0,false,71.9038,90.0000
2020-21,25,232792,DEF,12,4,false,8.5157,0.0000
2020-21,25,235382,MID,0,0,false,29.3779,4.4000
2020-21,25,17761,DEF,0,0,false,89.5722,90.0000
2020-21,25,39487,DEF,1,1,false,53.3663,29.8000
2020-21,25,40145,MID,0,0,false,59.4382,34.0000
2020-21,25,41674,DEF,1,1,false,13.7864,0.0000
2020-21,25,44699,FWD,1,1,false,48.8132,0.0000
2020-21,25,51927,DEF,0,0,false,76.2118,90.0000
2020-21,25,60551,MID,0,0,false,88.1210,90.0000
2020-21,25,60586,MID,1,1,false,37.4915,44.2000
2020-21,25,60689,FWD,4,4,false,40.2883,75.4000
2020-21,25,68983,DEF,0,0,false,80.6777,90.0000
2020-21,25,90517,MID,1,1,false,29.6522,9.2000
2020-21,25,98747,GKP,0,0,false,89.2183,90.0000
2020-21,25,103914,DEF,0,0,false,40.7184,59.8000
2020-21,25,172782,MID,0,0,false,41.3594,90.0000
2020-21,25,433154,MID,0,0,false,81.3880,90.0000
2020-21,25,41328,DEF,0,0,false,75.6600,90.0000
2020-21,25,82263,DEF,0,0,false,44.6220,36.0000
2020-21,25,85955,MID,0,0,false,57.9941,68.2000
2020-21,25,88894,MID,0,0,false,56.4166,19.4000
2020-21,25,91651,MID,0,0,false,71.1383,53.6000
2020-21,25,102380,DEF,0,0,false,67.9287,54.0000
2020-21,25,103192,DEF,0,0,false,37.3147,36.0000
2020-21,25,116594,MID,0,0,false,41.0013,56.0000
2020-21,25,126187,MID,0,0,false,66.2983,69.4000
2020-21,25,135363,DEF,1,1,false,33.9615,83.4000
2020-21,25,165153,FWD,0,0,false,69.8704,60.4000
2020-21,25,176413,MID,3,3,false,34.1790,32.4000
2020-21,25,184341,MID,0,0,false,79.1418,63.4000
2020-21,25,225796,DEF,0,0,false,50.7823,67.4000
2020-21,25,19419,DEF,0,0,false,52.1085,90.0000
2020-21,25,40836,GKP,0,0,false,88.8158,90.0000
2020-21,25,49413,DEF,6,4,false,20.9126,0.0000
2020-21,25,50471,MID,5,4,false,40.3590,0.0000
2020-21,25,55037,MID,0,0,false,65.5760,90.0000
2020-21,25,55494,DEF,0,0,false,43.8682,90.0000
2020-21,25,60252,MID,0,0,false,50.7645,50.0000
2020-21,25,66975,MID,0,0,false,79.5360,90.0000
2020-21,25,74230,DEF,1,1,false,49.3744,90.0000
2020-21,25,80146,FWD,0,0,false,68.7587,87.2000
2020-21,25,82403,MID,3,3,false,49.8876,45.0000
2020-21,25,86417,MID,8,4,false,16.8132,13.8000
2020-21,25,244723,DEF,0,0,false,41.8327,0.0000
2020-21,25,20467,MID,4,4,false,30.8438,17.2000
2020-21,25,59949,DEF,0,0,false,44.5970,18.4000
2020-21,25,101188,DEF,0,0,false,76.4845,90.0000
2020-21,25,106611,DEF,0,0,false,70.5749,90.0000
2020-21,25,111234,GKP,0,0,false,63.2420,62.4000
2020-21,25,164511,DEF,1,1,false,46.1494,18.0000
2020-21,25,177815,FWD,0,0,false,55.0531,90.0000
2020-21,25,194164,DEF,0,0,false,73.5262,86.4000
2020-21,25,212319,FWD,0,0,false,80.1148,90.0000
2020-21,25,76357,MID,9,4,false,4.9474,0.0000
2020-21,25,82514,DEF,17,4,false,1.7179,0.0000
2020-21,25,96994,FWD,0,0,false,58.4121,49.0000
2020-21,25,166324,MID,0,0,false,55.7751,78.0000
2020-21,25,203325,MID,0,0,false,58.7171,55.6000
2020-21,25,55914,DEF,0,0,false,80.1934,54.0000
2020-21,25,66588,DEF,0,0,false,89.8099,90.0000
2020-21,25,72222,MID,0,0,false,68.8878,33.6000
2020-21,25,87873,DEF,0,0,false,89.9360,90.0000
2020-21,25,105377,DEF,0,0,false,56.9013,70.4000
2020-21,25,106617,FWD,0,0,false,87.6049,70.8000
2020-21,25,221399,MID,0,0,false,73.5002,62.8000
2020-21,25,155405,MID,2,2,false,45.3442,72.0000
2020-21,25,222694,DEF,0,0,false,80.4379,46.4000
2020-21,25,437495,GKP,0,0,false,85.3920,90.0000
2020-21,25,17745,GKP,0,0,false,90.0000,90.0000
2020-21,25,37402,DEF,11,4,false,10.2261,0.0000
2020-21,25,37642,DEF,0,0,false,86.5887,49.6000
2020-21,25,51938,MID,1,1,false,42.1806,40.2000
2020-21,25,101668,FWD,0,0,false,61.6282,90.0000
2020-21,25,111931,DEF,0,0,false,50.8535,66.8000
2020-21,25,166989,MID,0,0,false,84.9389,90.0000
2020-21,25,172780,MID,0,0,false,76.7627,3.6000
2020-21,25,172850,DEF,2,2,false,44.3136,54.0000
2020-21,25,201666,MID,0,0,false,79.4606,10.0000
2020-21,25,203341,MID,0,0,false,54.6986,88.4000
2020-21,25,218031,DEF,0,0,false,57.7945,72.0000
2020-21,25,220627,DEF,2,2,true,57.3704,0.0000
2020-21,25,244619,DEF,0,0,false,16.9629,9.0000
2020-21,25,41733,MID,0,0,false,82.4755,63.8000
2020-21,25,56979,MID,0,0,false,70.3849,0.0000
2020-21,25,60914,DEF,5,4,false,16.4532,0.0000
2020-21,25,92217,FWD,0,0,false,78.2730,51.4000
2020-21,25,97032,DEF,19,4,false,16.0312,0.0000
2020-21,25,110979,MID,0,0,false,72.2527,77.6000
2020-21,25,116535,GKP,0,0,false,77.2799,72.0000
2020-21,25,116643,MID,2,2,false,42.5979,56.8000
2020-21,25,118748,MID,0,0,false,82.6959,84.2000
2020-21,25,122798,DEF,0,0,false,88.0799,84.0000
2020-21,25,169187,DEF,0,0,false,85.4889,74.8000
2020-21,25,171287,DEF,16,4,false,11.3629,0.0000
2020-21,25,58621,DEF,1,1,false,35.9961,77.0000
2020-21,25,59859,MID,0,0,false,66.5626,55.2000
2020-21,25,61366,MID,0,0,false,41.2288,85.6000
2020-21,25,97299,DEF,0,0,false,61.6856,54.0000
2020-21,25,102826,DEF,11,4,false,9.9553,37.8000
2020-21,25,103025,MID,0,0,false,53.3284,81.6000
2020-21,25,103955,MID,0,0,false,75.3899,41.4000
2020-21,25,121145,DEF,0,0,false,68.7957,48.8000
2020-21,25,121160,GKP,0,0,false,85.8547,108.0000
2020-21,25,126184,DEF,9,4,false,14.9445,0.0000
2020-21,25,146941,DEF,1,1,false,37.6408,72.0000
2020-21,25,165809,MID,0,0,false,75.7337,47.4000
2020-21,25,205651,FWD,0,0,false,54.0693,73.6000
2020-21,25,206325,DEF,0,0,false,55.6663,52.0000
2020-21,25,209244,MID,1,1,false,49.4282,27.4000
2020-21,25,220566,MID,1,1,false,65.4629,72.2000
2020-21,25,51940,GKP,0,0,false,87.1270,18.0000
2020-21,25,62398,MID,0,0,false,33.4383,18.4000
2020-21,25,74208,MID,2,2,false,41.9412,16.6000
2020-21,25,95658,DEF,0,0,false,90.0000,90.0000
2020-21,25,101582,MID,0,0,false,65.7200,86.6000
2020-21,25,106760,DEF,0,0,false,68.8169,90.0000
2020-21,25,141746,MID,0,0,false,78.6114,90.0000
2020-21,25,148225,FWD,0,0,false,59.8372,19.6000
2020-21,25,176297,MID,0,0,false,78.0701,82.6000
2020-21,25,184667,DEF,0,0,false,70.1351,72.0000
2020-21,25,195851,MID,1,1,false,49.2203,58.4000
2020-21,25,197365,DEF,6,4,false,15.7407,18.0000
2020-21,25,214590,DEF,0,0,false,86.2248,90.0000
2020-21,25,50232,MID,0,0,false,70.4881,90.0000
2020-21,25,56983,MID,7,4,false,16.3959,21.6000
2020-21,25,57145,DEF,7,4,false,28.5467,0.0000
2020-21,25,58845,DEF,0,0,false,56.5221,72.0000
2020-21,25,59735,GKP,0,0,false,90.0000,0.0000
2020-21,25,101148,DEF,0,0,false,49.8576,90.0000
2020-21,25,109528,DEF,2,2,false,26.0575,20.8000
2020-21,25,111773,DEF,0,0,false,38.0993,64.2000
2020-21,25,119471,DEF,2,2,false,50.2947,0.0000
2020-21,25,151119,DEF,7,4,true,16.0538,0.0000
2020-21,25,153127,MID,0,0,false,74.3323,62.4000
2020-21,25,179018,MID,0,0,false,76.6822,42.2000
2020-21,25,180974,FWD,0,0,false,43.2126,90.0000
2020-21,25,27436,FWD,0,0,false,57.2675,54.8000
2020-21,25,40386,DEF,0,0,false,79.9499,18.0000
2020-21,25,47247,MID,0,0,false,68.4005,87.8000
2020-21,25,63426,DEF,0,0,false,56.4834,90.0000
2020-21,25,82691,DEF,0,0,false,56.6346,80.8000
2020-21,25,83427,DEF,9,4,false,10.3567,0.0000
2020-21,25,108416,DEF,1,1,false,70.6603,2.6000
2020-21,25,153723,MID,0,0,false,69.8857,90.0000
2020-21,25,167878,MID,1,1,false,26.1383,28.2000
2020-21,25,169432,FWD,0,0,false,43.8578,42.4000
2020-21,25,207189,MID,12,4,false,11.1510,0.0000
2020-21,25,40146,DEF,0,0,false,81.8249,90.0000
2020-21,25,58376,GKP,0,0,false,83.3373,18.0000
2020-21,25,78056,MID,0,0,false,60.8218,0.0000
2020-21,25,84939,FWD,0,0,false,67.5395,37.4000
2020-21,25,88900,DEF,2,2,false,45.9728,12.4000
2020-21,25,91047,MID,0,0,false,57.0934,83.0000
2020-21,25,93100,DEF,0,0,false,54.0609,90.0000
2020-21,25,101178,MID,0,0,false,90.0000,90.0000
2020-21,25,153366,MID,0,0,false,77.5394,102.4000
2020-21,25,158534,DEF,1,1,false,31.3546,54.0000
2020-21,25,171771,DEF,0,0,false,87.7243,90.0000
2020-21,25,200439,FWD,0,0,false,53.8840,67.4000
2020-21,25,37915,GKP,0,0,false,82.9298,108.0000
2020-21,25,45268,MID,1,1,false,44.3696,17.0000
2020-21,25,55605,DEF,2,2,false,47.4530,72.0000
2020-21,25,78830,FWD,0,0,false,69.8627,105.8000
2020-21,25,80226,DEF,2,2,false,44.3663,16.0000
2020-21,25,85971,MID,0,0,false,85.3012,66.6000
2020-21,25,93264,DEF,0,0,false,65.3781,0.0000
2020-21,25,115556,DEF,1,1,false,57.5215,24.6000
2020-21,25,132015,MID,0,0,false,87.0614,108.0000
2020-21,25,157668,MID,5,4,false,21.5093,13.8000
2020-21,25,173904,DEF,0,0,false,52.8934,108.0000
2020-21,25,194252,MID,2,2,false,34.9192,4.8000
2020-21,25,231372,MID,0,0,false,66.3061,79.0000
2020-21,25,42427,DEF,4,4,false,30.9945,0.0000
2020-21,25,49944,MID,1,1,false,39.3567,0.2000
2020-21,25,59940,DEF,0,0,false,71.7102,90.0000
2020-21,25,61600,MID,2,2,false,43.8690,0.0000
2020-21,25,101982,GKP,0,0,false,84.9161,90.0000
2020-21,25,108053,DEF,0,0,false,50.0374,90.0000
2020-21,25,146426,DEF,0,0,false,79.8045,18.0000
2020-21,25,176420,DEF,0,0,false,56.2171,90.0000
2020-21,25,216616,DEF,0,0,false,52.5588,76.6000
2020-21,25,37096,GKP,0,0,false,81.2893,72.0000
2020-21,25,40669,DEF,2,2,false,64.9640,0.0000
2020-21,25,55459,DEF,0,0,false,86.9605,90.0000
2020-21,25,57531,FWD,0,0,false,55.0374,77.6000
2020-21,25,105717,DEF,13,4,false,9.0895,13.2000
2020-21,25,166640,DEF,9,4,false,15.5746,0.0000
2020-21,25,178186,MID,0,0,false,58.8798,48.0000
2020-21,25,179830,MID,7,4,false,14.3428,3.6000
2020-21,25,204480,MID,0,0,false,90.0000,72.0000
2020-21,25,215439,MID,0,0,false,79.5570,90.0000
2020-21,25,217593,MID,0,0,false,48.7541,51.4000
2020-21,25,219924,DEF,0,0,false,36.2833,90.0000
2020-21,25,19624,MID,0,0,false,78.3635,72.0000
2020-21,25,38533,GKP,0,0,false,90.0000,90.0000
2020-21,25,87835,DEF,0,0,false,33.8117,55.8000
2020-21,25,90585,DEF,3,3,false,38.5090,18.0000
2020-21,25,94147,DEF,0,0,false,87.9618,90.0000
2020-21,25,102057,FWD,15,4,false,18.1061,0.0000
2020-21,25,107613,DEF,0,0,false,55.9778,90.0000
2020-21,25,151589,MID,0,0,false,70.4525,74.8000
2020-21,25,159533,MID,0,0,false,74.4300,90.0000
2020-21,25,171317,MID,0,0,false,76.3211,86.8000
2020-21,25,200600,MID,3,3,false,26.6436,9.0000
2020-21,25,214048,DEF,1,1,false,36.1926,0.0000
2020-21,25,247632,MID,0,0,false,77.0755,90.0000
2020-21,25,180135,MID,7,4,false,19.5159,20.8000
2020-21,25,210407,MID,0,0,false,69.0142,82.0000
2020-21,25,225321,GKP,0,0,false,89.6053,90.0000
2020-21,25,169528,DEF,0,0,false,55.2436,45.2000
2020-21,25,83314,MID,2,2,false,40.8998,20.2000
2020-21,25,19188,DEF,1,1,false,44.6089,0.0000
2020-21,25,223175,MID,6,4,false,13.5993,0.0000
2020-21,25,232413,MID,0,0,false,82.6164,73.8000
2020-21,25,51090,DEF,3,3,false,43.2093,5.6000
2020-21,25,193645,DEF,13,4,false,5.1147,0.4000
2020-21,25,226597,DEF,1,1,false,36.0718,36.0000
2020-21,25,199796,DEF,1,1,false,69.1954,36.0000
2020-21,25,166477,DEF,0,0,false,43.1786,90.0000
2020-21,25,182539,MID,0,0,false,31.1563,13.4000
2020-21,25,119765,MID,10,4,false,8.4084,60.4000
2020-21,25,75115,FWD,2,2,false,58.4904,0.0000
2020-21,25,60025,MID,0,0,false,51.1478,15.6000
2020-21,25,199598,DEF,0,0,false,74.1711,81.0000
2020-21,25,226182,DEF,0,0,false,56.3986,32.4000
2020-21,25,155197,DEF,2,2,false,18.7197,0.0000
2020-21,25,121599,MID,0,0,false,82.6805,30.6000
2020-21,25,194799,DEF,0,0,false,72.6949,18.0000
2020-21,25,178301,FWD,0,0,false,90.0000,108.0000
2020-21,25,84182,GKP,0,0,false,89.7973,108.0000
2020-21,25,167074,DEF,0,0,false,52.7465,75.6000
2020-21,25,86881,MID,0,0,false,24.8083,14.4000
2020-21,25,153256,MID,0,0,false,30.2518,19.8000
2020-21,25,41135,DEF,7,4,false,10.6971,4.6000
2020-21,25,61558,MID,0,0,false,67.1144,62.0000
2020-21,25,199249,DEF,0,0,false,34.1620,83.2000
2020-21,25,232787,MID,0,0,false,70.8551,69.4000
2020-21,25,200402,DEF,0,0,false,86.8129,87.4000
2020-21,25,228286,GKP,0,0,false,77.0705,90.0000
2020-21,25,171314,DEF,0,0,false,79.1675,104.8000
2020-21,25,219352,MID,0,0,false,85.7827,97.6000
2020-21,25,164555,DEF,0,0,false,86.8641,90.0000
2020-21,25,444463,DEF,4,4,false,37.8354,58.8000
2020-21,25,159506,DEF,0,0,false,79.2020,95.2000
2020-21,25,198826,DEF,0,0,false,79.4740,74.8000
2020-21,25,167199,MID,2,2,false,35.3682,74.6000
2020-21,25,152590,DEF,5,4,false,12.1995,0.0000
2020-21,25,219961,MID,0,0,false,85.6899,90.0000
2020-21,25,174874,DEF,0,0,false,88.4728,108.0000
2020-21,25,109646,DEF,0,0,false,90.0000,108.0000
2020-21,25,111782,GKP,1,1,false,32.5241,18.0000
2020-21,25,60232,DEF,0,0,false,73.8601,90.0000
2020-21,25,57328,DEF,1,1,false,50.3605,0.0000
2020-21,25,180294,FWD,2,2,false,32.5115,1.4000
2020-21,25,197464,DEF,0,0,false,33.6891,72.0000
2020-21,25,215059,GKP,0,0,false,84.3058,90.0000
2020-21,25,109638,DEF,0,0,false,30.5367,72.0000
2020-21,25,73314,FWD,0,0,false,75.9300,59.8000
2020-21,25,164011,FWD,0,0,false,80.0687,87.0000
2020-21,29,41270,DEF,0,0,false,68.7585,10.4000
2020-21,29,54694,MID,0,0,false,57.1677,30.6000
2020-21,29,58822,DEF,1,1,false,43.4479,9.0000
2020-21,29,59966,FWD,0,0,false,59.1781,49.4000
2020-21,29,80201,GKP,0,0,false,81.8979,54.0000
2020-21,29,84450,MID,0,0,false,81.6625,72.0000
2020-21,29,92371,DEF,0,0,false,38.7981,36.0000
2020-21,29,98745,DEF,4,4,false,37.8963,31.4000
2020-21,29,98980,GKP,0,0,false,79.6567,90.0000
2020-21,29,154043,DEF,0,0,false,62.3432,86.4000
2020-21,29,156074,DEF,4,4,false,33.8362,72.0000
2020-21,29,192895,DEF,0,0,false,59.7843,9.0000
2020-21,29,209289,MID,0,0,false,39.2408,36.0000
2020-21,29,223340,MID,0,0,false,64.6190,49.6000
2020-21,29,37339,DEF,1,1,false,42.7927,18.0000
2020-21,29,114283,MID,5,4,false,41.4792,0.0000
2020-21,29,122806,MID,0,0,false,83.7207,90.0000
2020-21,29,149484,DEF,0,0,false,86.3024,90.0000
2020-21,29,169359,DEF,0,0,false,85.2768,90.0000
2020-21,29,199798,DEF,0,0,false,82.6126,90.0000
2020-21,29,230046,MID,0,0,false,67.5459,84.0000
2020-21,29,60307,MID,0,0,false,76.2110,85.2000
2020-21,29,78916,DEF,1,1,false,61.5137,36.6000
2020-21,29,83299,DEF,0,0,false,88.4415,90.0000
2020-21,29,109345,MID,7,4,false,23.0702,0.0000
2020-21,29,110735,DEF,6,4,false,35.7185,54.0000
2020-21,29,111478,DEF,0,0,false,81.3789,90.0000
2020-21,29,115382,FWD,0,0,false,78.8725,74.4000
2020-21,29,116216,MID,0,0,false,74.9395,74.2000
2020-21,29,131897,GKP,6,4,false,20.8638,36.0000
2020-21,29,198869,DEF,0,0,false,87.5063,72.0000
2020-21,29,227127,MID,0,0,false,77.2458,90.0000
2020-21,29,232792,DEF,16,4,false,5.3445,0.0000
2020-21,29,235382,MID,2,2,false,18.9973,0.0000
2020-21,29,17761,DEF,0,0,false,89.7523,90.0000
2020-21,29,39487,DEF,0,0,false,46.2218,24.4000
2020-21,29,40145,MID,2,2,false,51.5733,54.0000
2020-21,29,41674,DEF,4,4,false,8.7305,0.0000
2020-21,29,44699,FWD,4,4,false,30.0606,0.8000
2020-21,29,51927,DEF,0,0,false,81.2978,90.0000
2020-21,29,60551,MID,0,0,false,88.5528,90.0000
2020-21,29,60586,MID,0,0,false,36.3375,56.2000
2020-21,29,60689,FWD,0,0,false,54.0322,89.0000
2020-21,29,68983,DEF,0,0,false,82.0877,90.0000
2020-21,29,90517,MID,0,0,false,22.5979,0.0000
2020-21,29,98747,GKP,0,0,false,89.5474,54.0000
2020-21,29,103914,DEF,1,1,false,46.5799,65.4000
2020-21,29,172782,MID,0,0,false,58.3565,89.4000
2020-21,29,433154,MID,0,0,false,84.9056,86.8000
2020-21,29,41328,DEF,0,0,false,81.8888,53.0000
2020-21,29,82263,DEF,1,1,false,35.7234,33.0000
2020-21,29,85955,MID,0,0,false,63.2048,62.2000
2020-21,29,88894,MID,0,0,false,37.6400,44.4000
2020-21,29,91651,MID,1,1,false,58.5666,34.4000
2020-21,29,102380,DEF,0,0,false,66.1743,54.0000
2020-21,29,103192,DEF,1,1,false,33.0822,72.0000
2020-21,29,116594,MID,0,0,false,52.5300,28.6000
2020-21,29,124183,MID,0,0,false,34.4466,39.2000
2020-21,29,126187,MID,0,0,false,55.0717,31.4000
2020-21,29,135363,DEF,0,0,false,56.9418,65.4000
2020-21,29,165153,FWD,0,0,false,61.3461,57.8000
2020-21,29,176413,MID,0,0,false,33.7241,59.6000
2020-21,29,184341,MID,0,0,false,74.1361,78.0000
2020-21,29,225796,DEF,0,0,false,53.5665,57.6000
2020-21,29,19419,DEF,0,0,false,67.5380,36.0000
2020-21,29,40836,GKP,0,0,false,88.9551,72.0000
2020-21,29,49413,DEF,9,4,false,13.7197,0.0000
2020-21,29,50471,MID,8,4,false,26.5338,0.0000
2020-21,29,55037,MID,0,0,false,75.3902,72.0000
2020-21,29,55494,DEF,0,0,false,63.3743,72.0000
2020-21,29,60252,MID,0,0,false,52.4908,21.4000
2020-21,29,66975,MID,0,0,false,82.9592,70.4000
2020-21,29,74230,DEF,0,0,false,66.5565,54.0000
2020-21,29,80146,FWD,0,0,false,77.1876,48.6000
2020-21,29,82403,MID,0,0,false,47.6981,72.0000
2020-21,29,244723,DEF,3,3,false,23.0303,18.0000
2020-21,29,20467,MID,7,4,false,19.1019,45.4000
2020-21,29,55422,MID,1,1,false,55.2132,82.0000
2020-21,29,101188,DEF,0,0,false,81.9427,90.0000
2020-21,29,106611,DEF,0,0,false,77.9817,54.0000
2020-21,29,111234,GKP,0,0,false,69.3947,54.0000
2020-21,29,120250,MID,0,0,false,63.3704,32.8000
2020-21,29,164511,DEF,4,4,false,28.8808,29.6000
2020-21,29,177815,FWD,0,0,false,69.4635,54.0000
2020-21,29,194164,DEF,0,0,false,76.7351,90.0000
2020-21,29,212319,FWD,0,0,false,84.0128,89.6000
2020-21,29,76357,MID,13,4,false,2.3814,0.0000
2020-21,29,82514,DEF,21,4,false,0.8269,0.0000
2020-21,29,96994,FWD,2,2,false,42.3123,72.0000
2020-21,29,166324,MID,0,0,false,64.5567,41.8000
2020-21,29,203325,MID,0,0,false,59.3435,41.4000
2020-21,29,55914,DEF,2,2,false,59.7451,27.0000
2020-21,29,66588,DEF,0,0,false,89.9005,90.0000
2020-21,29,72222,MID,0,0,false,52.3755,25.6000
2020-21,29,87873,DEF,0,0,false,89.9665,90.0000
2020-21,29,105377,DEF,0,0,false,63.0697,78.6000
2020-21,29,106617,FWD,0,0,false,79.4834,69.4000
2020-21,29,221399,MID,0,0,false,67.3251,67.4000
2020-21,29,155405,MID,0,0,false,58.5084,72.0000
2020-21,29,222694,DEF,0,0,false,71.9190,63.0000
2020-21,29,437495,GKP,0,0,false,87.5877,90.0000
2020-21,29,17745,GKP,0,0,false,90.0000,90.0000
2020-21,29,37402,DEF,14,4,false,6.7193,0.0000
2020-21,29,37642,DEF,0,0,false,69.1497,90.0000
2020-21,29,51938,MID,0,0,false,37.5246,34.0000
2020-21,29,101668,FWD,0,0,false,73.9371,88.8000
2020-21,29,111931,DEF,0,0,false,61.7975,21.8000
2020-21,29,155569,DEF,1,1,false,32.7336,27.0000
2020-21,29,166989,MID,0,0,false,86.3560,90.0000
2020-21,29,172780,MID,3,3,false,45.7822,49.6000
2020-21,29,172850,DEF,0,0,false,54.2605,52.0000
2020-21,29,201666,MID,2,2,false,50.7676,0.0000
2020-21,29,203341,MID,0,0,false,69.6211,88.4000
2020-21,29,218031,DEF,0,0,false,71.8499,54.0000
2020-21,29,220627,DEF,5,4,true,32.8132,0.0000
2020-21,29,244619,DEF,2,2,false,13.5455,54.4000
2020-21,29,41733,MID,0,0,false,79.2578,52.2000
2020-21,29,56979,MID,3,3,false,41.7246,0.0000
2020-21,29,60914,DEF,8,4,false,10.0203,0.0000
2020-21,29,92217,FWD,2,2,false,62.7000,66.2000
2020-21,29,97032,DEF,22,4,false,13.7983,0.0000
2020-21,29,110979,MID,0,0,false,72.9406,53.0000
2020-21,29,116535,GKP,0,0,false,73.9809,72.0000
2020-21,29,116643,MID,0,0,false,46.5386,72.0000
2020-21,29,118748,MID,0,0,false,82.7069,57.8000
2020-21,29,122798,DEF,0,0,false,88.4958,66.0000
2020-21,29,169187,DEF,0,0,false,79.3594,72.0000
2020-21,29,171287,DEF,19,4,false,9.1531,0.0000
2020-21,29,58621,DEF,1,1,false,45.4238,36.0000
2020-21,29,59859,MID,1,1,false,60.2971,24.4000
2020-21,29,61366,MID,1,1,false,52.7310,17.4000
2020-21,29,97299,DEF,0,0,false,57.3664,26.6000
2020-21,29,102826,DEF,0,0,false,17.5078,50.6000
2020-21,29,103025,MID,1,1,false,56.7511,33.4000
2020-21,29,103955,MID,1,1,false,57.7609,41.4000
2020-21,29,121145,DEF,0,0,false,58.9851,36.0000
2020-21,29,121160,GKP,0,0,false,87.2844,72.0000
2020-21,29,126184,DEF,12,4,false,11.7572,29.6000
2020-21,29,146941,DEF,0,0,false,44.7790,45.0000
2020-21,29,165809,MID,0,0,false,63.0293,36.0000
2020-21,29,205651,FWD,0,0,false,55.1030,63.0000
2020-21,29,206325,DEF,1,1,false,52.1469,40.6000
2020-21,29,209244,MID,1,1,false,38.4482,21.6000
2020-21,29,220566,MID,0,0,false,61.5628,54.0000
2020-21,29,51940,GKP,2,2,false,61.0206,0.0000
2020-21,29,62398,MID,1,1,false,28.6803,0.2000
2020-21,29,74208,MID,5,4,false,25.0829,55.4000
2020-21,29,95658,DEF,0,0,false,90.0000,72.0000
2020-21,29,101582,MID,0,0,false,73.2353,62.6000
2020-21,29,106760,DEF,0,0,false,75.7870,72.0000
2020-21,29,109322,MID,0,0,false,49.0539,89.2000
2020-21,29,141746,MID,0,0,false,80.4698,71.8000
2020-21,29,148225,FWD,1,1,false,46.7466,0.0000
2020-21,29,172649,GKP,0,0,false,41.5181,72.0000
2020-21,29,176297,MID,0,0,false,80.4405,62.0000
2020-21,29,184667,DEF,0,0,false,70.8660,72.0000
2020-21,29,195851,MID,0,0,false,58.6709,55.2000
2020-21,29,197365,DEF,2,2,false,16.5794,0.0000
2020-21,29,200617,MID,0,0,false,46.8745,18.6000
2020-21,29,214590,DEF,0,0,false,87.3974,72.0000
2020-21,29,220688,MID,0,0,false,50.9828,57.6000
2020-21,29,50232,MID,0,0,false,77.7971,90.0000
2020-21,29,56983,MID,3,3,false,12.0330,90.0000
2020-21,29,57145,DEF,11,4,false,18.9879,68.4000
2020-21,29,58845,DEF,0,0,false,69.0626,65.2000
2020-21,29,59735,GKP,4,4,false,45.6443,0.0000
2020-21,29,101148,DEF,0,0,false,67.0211,18.0000
2020-21,29,106618,DEF,0,0,false,38.7378,90.0000
2020-21,29,109528,DEF,0,0,false,28.8967,1.4000
2020-21,29,111773,DEF,1,1,false,44.7773,15.6000
2020-21,29,119471,DEF,6,4,false,28.7667,3.4000
2020-21,29,151119,DEF,11,4,true,9.8215,0.0000
2020-21,29,153127,MID,0,0,false,73.5983,0.0000
2020-21,29,179018,MID,0,0,false,58.3618,85.2000
2020-21,29,180974,FWD,0,0,false,64.5309,62.4000
2020-21,29,27436,FWD,1,1,false,50.7437,83.0000
2020-21,29,40386,DEF,0,0,false,59.3389,18.0000
2020-21,29,47247,MID,0,0,false,75.9570,90.0000
2020-21,29,63426,DEF,0,0,false,71.6663,90.0000
2020-21,29,79934,MID,0,0,false,68.2180,84.8000
2020-21,29,82691,DEF,0,0,false,71.8599,80.8000
2020-21,29,83427,DEF,12,4,false,6.3794,0.0000
2020-21,29,108416,DEF,4,4,false,43.1505,74.6000
2020-21,29,153723,MID,0,0,false,77.6264,37.8000
2020-21,29,167878,MID,2,2,false,19.5174,84.8000
2020-21,29,169432,FWD,1,1,false,39.5246,18.8000
2020-21,29,207189,MID,15,4,false,7.4633,9.0000
2020-21,29,40146,DEF,0,0,false,84.4596,36.0000
2020-21,29,58376,GKP,1,1,false,58.8970,36.0000
2020-21,29,78056,MID,3,3,false,36.7211,0.0000
2020-21,29,84939,FWD,1,1,false,50.2117,45.4000
2020-21,29,88900,DEF,1,1,false,35.1689,18.0000
2020-21,29,91047,MID,0,0,false,66.8571,69.6000
2020-21,29,93100,DEF,0,0,false,67.1340,55.8000
2020-21,29,101178,MID,0,0,false,90.0000,72.0000
2020-21,29,153366,MID,0,0,false,80.1162,36.8000
2020-21,29,158534,DEF,0,0,false,37.7681,71.2000
2020-21,29,171771,DEF,0,0,false,88.2119,72.0000
2020-21,29,200439,FWD,0,0,false,64.0984,39.6000
2020-21,29,37915,GKP,0,0,false,83.7616,90.0000
2020-21,29,45268,MID,0,0,false,32.9762,23.8000
2020-21,29,55605,DEF,1,1,false,58.3547,54.0000
2020-21,29,78830,FWD,0,0,false,78.2854,72.0000
2020-21,29,80226,DEF,3,3,false,31.2857,72.0000
2020-21,29,85971,MID,1,1,false,67.0262,81.0000
2020-21,29,93264,DEF,4,4,false,32.2852,72.0000
2020-21,29,115556,DEF,0,0,false,39.8345,0.0000
2020-21,29,132015,MID,0,0,false,87.4071,90.0000
2020-21,29,157668,MID,2,2,false,20.1391,7.4000
2020-21,29,173904,DEF,0,0,false,71.2482,18.0000
2020-21,29,194252,MID,0,0,false,20.2528,4.4000
2020-21,29,231372,MID,0,0,false,61.0589,60.4000
2020-21,29,42427,DEF,7,4,false,16.5334,0.0000
2020-21,29,49944,MID,4,4,false,20.9940,0.2000
2020-21,29,59940,DEF,0,0,false,80.2437,88.8000
2020-21,29,61600,MID,5,4,false,23.4010,0.0000
2020-21,29,101982,GKP,0,0,false,87.2881,90.0000
2020-21,29,108053,DEF,0,0,false,68.6828,90.0000
2020-21,29,146426,DEF,3,3,false,42.5700,64.0000
2020-21,29,176420,DEF,0,0,false,71.9792,90.0000
2020-21,29,216616,DEF,0,0,false,70.0278,47.8000
2020-21,29,37096,GKP,0,0,false,76.1501,90.0000
2020-21,29,40669,DEF,6,4,false,37.7179,36.0000
2020-21,29,55459,DEF,0,0,false,87.3181,46.4000
2020-21,29,57531,FWD,0,0,false,68.8844,25.0000
2020-21,29,105717,DEF,17,4,false,6.1579,31.2000
2020-21,29,166640,DEF,13,4,false,9.8708,23.4000
2020-21,29,178186,MID,0,0,false,53.9016,65.8000
2020-21,29,179830,MID,2,2,false,9.4752,0.0000
2020-21,29,204480,MID,0,0,false,90.0000,0.0000
2020-21,29,215439,MID,0,0,false,80.7856,90.0000
2020-21,29,217593,MID,2,2,false,44.3625,83.0000
2020-21,29,219924,DEF,0,0,false,61.4997,90.0000
2020-21,29,19624,MID,0,0,false,83.2056,29.6000
2020-21,29,38533,GKP,0,0,false,90.0000,90.0000
2020-21,29,87835,DEF,1,1,false,45.8143,0.0000
2020-21,29,90585,DEF,0,0,false,34.9337,36.0000
2020-21,29,94147,DEF,0,0,false,88.8919,90.0000
2020-21,29,102057,FWD,18,4,false,14.6581,0.0000
2020-21,29,107613,DEF,0,0,false,70.4378,90.0000
2020-21,29,114128,DEF,0,0,false,54.8371,0.0000
2020-21,29,151589,MID,0,0,false,69.1004,90.0000
2020-21,29,159533,MID,0,0,false,80.3154,90.0000
2020-21,29,171317,MID,0,0,false,80.0884,67.6000
2020-21,29,200600,MID,6,4,false,14.9089,55.2000
2020-21,29,214048,DEF,4,4,false,19.9505,1.6000
2020-21,29,247632,MID,0,0,false,79.2597,24.2000
2020-21,29,180135,MID,0,0,false,14.1860,87.8000
2020-21,29,210407,MID,0,0,false,73.5759,86.4000
2020-21,29,225321,GKP,0,0,false,89.6517,90.0000
2020-21,29,169528,DEF,0,0,false,50.7554,54.0000
2020-21,29,83314,MID,0,0,false,35.6218,0.2000
2020-21,29,19188,DEF,4,4,false,26.1305,36.0000
2020-21,29,223175,MID,10,4,false,7.9706,0.0000
2020-21,29,232413,MID,0,0,false,76.2446,65.6000
2020-21,29,51090,DEF,6,4,false,23.0491,41.6000
2020-21,29,193645,DEF,0,0,false,2.8292,26.2000
2020-21,29,226597,DEF,1,1,false,30.0373,54.0000
2020-21,29,199796,DEF,0,0,false,44.4549,65.2000
2020-21,29,166477,DEF,0,0,false,65.0241,90.0000
2020-21,29,119765,MID,0,0,false,40.0035,54.0000
2020-21,29,75115,FWD,6,4,false,34.9919,35.8000
2020-21,29,60025,MID,3,3,false,27.7246,68.6000
2020-21,29,199598,DEF,0,0,false,81.5920,43.4000
2020-21,29,226182,DEF,1,1,false,40.8578,42.8000
2020-21,29,155197,DEF,5,4,false,9.9435,0.0000
2020-21,29,121599,MID,2,2,false,63.3876,0.0000
2020-21,29,194799,DEF,3,3,false,48.5596,0.0000
2020-21,29,178301,FWD,0,0,false,90.0000,90.0000
2020-21,29,84182,GKP,0,0,false,89.9024,72.0000
2020-21,29,167074,DEF,0,0,false,54.6492,36.0000
2020-21,29,86881,MID,2,2,false,19.5888,1.4000
2020-21,29,153256,MID,1,1,false,21.4851,39.2000
2020-21,29,7645,DEF,2,2,false,20.5908,18.0000
2020-21,29,41135,DEF,2,2,false,6.8158,2.4000
2020-21,29,61558,MID,0,0,false,60.8609,55.2000
2020-21,29,110504,MID,0,0,false,66.3396,81.6000
2020-21,29,199249,DEF,0,0,false,52.2023,84.6000
2020-21,29,232787,MID,0,0,false,78.4922,39.6000
2020-21,29,200402,DEF,0,0,false,86.6875,83.4000
2020-21,29,228286,GKP,0,0,false,83.1207,72.0000
2020-21,29,149915,DEF,0,0,false,50.6686,87.6000
2020-21,29,171314,DEF,0,0,false,82.5709,36.0000
2020-21,29,219352,MID,0,0,false,87.1904,40.8000
2020-21,29,164555,DEF,0,0,false,88.4424,90.0000
2020-21,29,444463,DEF,0,0,false,46.4039,75.2000
2020-21,29,159506,DEF,0,0,false,78.4492,70.6000
2020-21,29,198826,DEF,0,0,false,83.0686,74.8000
2020-21,29,167199,MID,0,0,false,55.4668,59.4000
2020-21,29,152590,DEF,8,4,false,6.6099,0.0000
2020-21,29,219961,MID,0,0,false,87.7566,36.0000
2020-21,29,174874,DEF,0,0,false,89.2694,72.0000
2020-21,29,109646,DEF,0,0,false,90.0000,54.0000
2020-21,29,111782,GKP,4,4,false,17.5261,36.0000
2020-21,29,60232,DEF,0,0,false,80.0670,61.0000
2020-21,29,57328,DEF,4,4,false,26.5824,0.0000
2020-21,29,180294,FWD,1,1,false,18.0847,3.4000
2020-21,29,197464,DEF,0,0,false,51.0084,36.0000
2020-21,29,215059,GKP,0,0,false,87.2068,90.0000
2020-21,29,109638,DEF,0,0,false,59.1751,36.0000
2020-21,29,73314,FWD,0,0,false,66.1560,62.8000
2020-21,29,164011,FWD,0,0,false,83.9027,81.0000
2020-21,29,101394,MID,0,0,false,75.0470,90.0000
2020-21,29,195480,FWD,0,0,false,57.6618,35.8000
2020-21,33,41270,DEF,4,4,false,39.0985,10.4000
2020-21,33,54694,MID,3,3,false,39.9720,64.6000
2020-21,33,58822,DEF,3,3,false,28.0825,0.0000
2020-21,33,59966,FWD,1,1,false,56.9130,10.4000
2020-21,33,80201,GKP,0,0,false,74.2421,72.0000
2020-21,33,84450,MID,0,0,false,77.1010,38.4000
2020-21,33,92371,DEF,0,0,false,41.1536,18.0000
2020-21,33,98745,DEF,1,1,false,28.7714,22.4000
2020-21,33,98980,GKP,0,0,false,80.7775,108.0000
2020-21,33,101184,DEF,0,0,false,42.0724,61.8000
2020-21,33,154043,DEF,0,0,false,72.5334,48.8000
2020-21,33,156074,DEF,0,0,false,57.2455,72.0000
2020-21,33,192895,DEF,3,3,false,35.5215,56.8000
2020-21,33,209289,MID,0,0,false,43.0219,63.0000
2020-21,33,223340,MID,0,0,false,65.0376,47.0000
2020-21,33,37339,DEF,0,0,false,36.0445,27.0000
2020-21,33,114283,MID,9,4,false,26.5372,41.2000
2020-21,33,122806,MID,0,0,false,85.1087,108.0000
2020-21,33,149484,DEF,0,0,false,87.3097,90.0000
2020-21,33,169359,DEF,0,0,false,85.9032,108.0000
2020-21,33,199798,DEF,0,0,false,84.1347,108.0000
2020-21,33,230046,MID,0,0,false,73.8905,70.2000
2020-21,33,60307,MID,0,0,false,77.2347,90.0000
2020-21,33,78916,DEF,1,1,false,46.3127,90.0000
2020-21,33,83299,DEF,0,0,false,88.9244,46.4000
2020-21,33,109345,MID,11,4,false,13.4131,0.0000
2020-21,33,110735,DEF,0,0,false,45.0901,90.0000
2020-21,33,111478,DEF,0,0,false,85.7037,18.0000
2020-21,33,115382,FWD,0,0,false,74.3510,36.0000
2020-21,33,116216,MID,0,0,false,73.0666,64.8000
2020-21,33,131897,GKP,1,1,false,26.2040,18.0000
2020-21,33,198869,DEF,1,1,false,74.3908,90.0000
2020-21,33,227127,MID,0,0,false,80.2803,90.0000
2020-21,33,232792,DEF,20,4,false,3.6397,0.0000
2020-21,33,235382,MID,6,4,false,11.4095,30.8000
2020-21,33,17761,DEF,0,0,false,89.8737,90.0000
2020-21,33,39487,DEF,2,2,false,37.7641,0.0000
2020-21,33,40145,MID,0,0,false,53.0454,87.0000
2020-21,33,41674,DEF,8,4,false,5.2880,0.0000
2020-21,33,44699,FWD,8,4,false,17.3358,6.8000
2020-21,33,51927,DEF,0,0,false,84.7592,72.0000
2020-21,33,60551,MID,0,0,false,88.8600,90.0000
2020-21,33,60586,MID,1,1,false,45.6198,42.6000
2020-21,33,60689,FWD,0,0,false,70.1980,82.8000
2020-21,33,68983,DEF,0,0,false,83.1508,90.0000
2020-21,33,90517,MID,4,4,false,12.1831,0.0000
2020-21,33,98747,GKP,0,0,false,70.5466,36.0000
2020-21,33,103914,DEF,0,0,false,54.1780,90.0000
2020-21,33,172782,MID,0,0,false,69.6247,81.0000
2020-21,33,433154,MID,0,0,false,87.2822,78.4000
2020-21,33,41328,DEF,0,0,false,74.1835,68.4000
2020-21,33,82263,DEF,1,1,false,35.3703,19.8000
2020-21,33,85955,MID,0,0,false,70.5534,52.2000
2020-21,33,88894,MID,0,0,false,37.4829,46.0000
2020-21,33,91651,MID,2,2,false,47.9460,24.6000
2020-21,33,102380,DEF,0,0,false,67.9718,54.0000
2020-21,33,103192,DEF,1,1,false,47.4786,45.4000
2020-21,33,109745,GKP,1,1,false,24.0155,27.0000
2020-21,33,116594,MID,0,0,false,44.3144,24.4000
2020-21,33,126187,MID,0,0,false,51.0108,17.6000
2020-21,33,135363,DEF,0,0,false,59.2459,27.0000
2020-21,33,165153,FWD,0,0,false,55.7615,72.0000
2020-21,33,176413,MID,0,0,false,53.4267,72.0000
2020-21,33,184341,MID,0,0,false,77.5119,69.0000
2020-21,33,225796,DEF,0,0,false,49.1384,90.0000
2020-21,33,19419,DEF,1,1,false,60.6645,72.0000
2020-21,33,40836,GKP,0,0,false,89.0651,90.0000
2020-21,33,49413,DEF,12,4,false,9.8029,32.8000
2020-21,33,50471,MID,11,4,false,18.9984,0.0000
2020-21,33,55037,MID,0,0,false,80.5543,107.6000
2020-21,33,55494,DEF,0,0,false,73.5324,108.0000
2020-21,33,60252,MID,0,0,false,35.1423,85.0000
2020-21,33,66975,MID,0,0,false,83.5150,48.8000
2020-21,33,74230,DEF,0,0,false,75.5040,0.4000
2020-21,33,80146,FWD,0,0,false,77.7446,39.0000
2020-21,33,82403,MID,0,0,false,65.7404,108.0000
2020-21,33,244723,DEF,6,4,false,13.3540,108.0000
2020-21,33,20467,MID,0,0,false,39.2008,31.2000
2020-21,33,55422,MID,0,0,false,68.7913,83.8000
2020-21,33,59949,DEF,0,0,false,48.9573,85.0000
2020-21,33,101188,DEF,0,0,false,85.4015,108.0000
2020-21,33,106611,DEF,1,1,false,69.9555,90.0000
2020-21,33,111234,GKP,0,0,false,63.1802,108.0000
2020-21,33,120250,MID,0,0,false,45.4296,21.6000
2020-21,33,164511,DEF,0,0,false,31.2806,30.2000
2020-21,33,177815,FWD,0,0,false,58.8426,108.0000
2020-21,33,194164,DEF,0,0,false,81.3074,68.8000
2020-21,33,212319,FWD,0,0,false,86.2057,104.0000
2020-21,33,76357,MID,16,4,false,1.4933,0.0000
2020-21,33,82514,DEF,24,4,false,0.5185,36.0000
2020-21,33,96994,FWD,0,0,false,60.0962,85.0000
2020-21,33,166324,MID,0,0,false,57.8184,87.4000
2020-21,33,203325,MID,0,0,false,53.7082,75.4000
2020-21,33,55914,DEF,2,2,false,43.8418,36.0000
2020-21,33,66588,DEF,0,0,false,89.9491,90.0000
2020-21,33,72222,MID,0,0,false,31.8802,50.8000
2020-21,33,87873,DEF,0,0,false,89.9828,90.0000
2020-21,33,105377,DEF,0,0,false,74.6439,81.0000
2020-21,33,106617,FWD,0,0,false,77.2739,65.6000
2020-21,33,221399,MID,0,0,false,64.9368,90.0000
2020-21,33,155405,MID,0,0,false,73.8751,45.2000
2020-21,33,222694,DEF,0,0,false,67.4917,67.2000
2020-21,33,437495,GKP,0,0,false,88.7648,54.0000
2020-21,33,17745,GKP,0,0,false,90.0000,90.0000
2020-21,33,37402,DEF,18,4,false,4.5043,0.0000
2020-21,33,37642,DEF,0,0,false,79.6951,18.0000
2020-21,33,101668,FWD,0,0,false,80.7779,87.8000
2020-21,33,111931,DEF,2,2,false,45.0186,23.8000
2020-21,33,155569,DEF,2,2,false,29.8477,0.0000
2020-21,33,166989,MID,0,0,false,87.2773,90.0000
2020-21,33,172780,MID,0,0,false,46.5232,62.2000
2020-21,33,172850,DEF,0,0,false,52.3349,70.0000
2020-21,33,201666,MID,6,4,false,28.1921,0.0000
2020-21,33,203341,MID,0,0,false,78.1344,84.4000
2020-21,33,218031,DEF,0,0,false,63.7347,90.0000
2020-21,33,220627,DEF,9,4,true,17.7049,0.0000
2020-21,33,244619,DEF,0,0,false,32.3016,71.8000
2020-21,33,41733,MID,0,0,false,75.2086,66.4000
2020-21,33,56979,MID,7,4,false,23.9952,0.0000
2020-21,33,60914,DEF,12,4,false,6.0223,0.0000
2020-21,33,92217,FWD,0,0,false,73.1804,72.2000
2020-21,33,97032,DEF,26,4,false,12.1188,0.0000
2020-21,33,110979,MID,0,0,false,70.5777,75.2000
2020-21,33,116535,GKP,0,0,false,80.7575,90.0000
2020-21,33,116643,MID,0,0,false,66.5352,90.0000
2020-21,33,118748,MID,0,0,false,77.0377,89.2000
2020-21,33,122798,DEF,0,0,false,86.2289,90.0000
2020-21,33,169187,DEF,0,0,false,84.3843,90.0000
2020-21,33,171287,DEF,23,4,false,7.6183,0.0000
2020-21,33,58621,DEF,0,0,false,50.9913,36.0000
2020-21,33,59859,MID,0,0,false,55.2730,32.8000
2020-21,33,61366,MID,2,2,false,44.1268,18.0000
2020-21,33,97299,DEF,0,0,false,52.7408,36.0000
2020-21,33,102826,DEF,1,1,false,28.7252,37.0000
2020-21,33,103025,MID,0,0,false,56.4675,30.8000
2020-21,33,103955,MID,1,1,false,51.4598,72.0000
2020-21,33,121145,DEF,1,1,false,48.3027,52.4000
2020-21,33,121160,GKP,0,0,false,87.9281,72.0000
2020-21,33,126184,DEF,1,1,false,16.2720,54.0000
2020-21,33,146941,DEF,0,0,false,43.4601,36.0000
2020-21,33,165809,MID,0,0,false,63.3056,33.2000
2020-21,33,205651,FWD,0,0,false,60.6947,71.2000
2020-21,33,206325,DEF,0,0,false,55.6609,42.6000
2020-21,33,209244,MID,0,0,false,38.7577,33.0000
2020-21,33,220566,MID,0,0,false,61.2895,78.8000
2020-21,33,51940,GKP,6,4,false,35.6188,36.0000
2020-21,33,74208,MID,0,0,false,42.9638,54.0000
2020-21,33,95658,DEF,0,0,false,90.0000,15.4000
2020-21,33,101582,MID,0,0,false,74.0880,48.4000
2020-21,33,106760,DEF,0,0,false,80.3304,54.0000
2020-21,33,109322,MID,0,0,false,64.8084,90.0000
2020-21,33,141746,MID,0,0,false,81.7260,55.4000
2020-21,33,148225,FWD,5,4,false,27.2945,0.0000
2020-21,33,172649,GKP,0,0,false,65.6000,54.0000
2020-21,33,176297,MID,0,0,false,79.0197,46.4000
2020-21,33,184667,DEF,0,0,false,79.9753,54.0000
2020-21,33,195851,MID,0,0,false,64.8108,48.2000
2020-21,33,197365,DEF,6,4,false,8.4769,55.4000
2020-21,33,200617,MID,0,0,false,38.9384,18.0000
2020-21,33,214590,DEF,0,0,false,88.1670,54.0000
2020-21,33,220688,MID,0,0,false,60.1389,47.6000
2020-21,33,50232,MID,0,0,false,81.8183,90.0000
2020-21,33,56983,MID,0,0,false,46.9066,88.6000
2020-21,33,57145,DEF,0,0,false,45.0611,85.8000
2020-21,33,58845,DEF,0,0,false,64.9176,16.6000
2020-21,33,59735,GKP,8,4,false,22.9867,0.0000
2020-21,33,67089,GKP,0,0,false,70.0379,90.0000
2020-21,33,101148,DEF,3,3,false,44.7744,0.0000
2020-21,33,106618,DEF,0,0,false,60.4737,90.0000
2020-21,33,109528,DEF,3,3,false,17.7484,0.0000
2020-21,33,111773,DEF,3,3,false,30.8218,68.4000
2020-21,33,119471,DEF,10,4,false,17.2173,6.8000
2020-21,33,151119,DEF,15,4,true,6.4167,0.0000
2020-21,33,153127,MID,4,4,false,41.0190,0.0000
2020-21,33,179018,MID,0,0,false,72.3633,83.6000
2020-21,33,180974,FWD,0,0,false,68.2937,30.2000
2020-21,33,27436,FWD,0,0,false,65.4970,88.4000
2020-21,33,40386,DEF,4,4,false,34.1689,90.0000
2020-21,33,47247,MID,0,0,false,81.6981,90.0000
2020-21,33,63426,DEF,0,0,false,80.8933,90.0000
2020-21,33,79934,MID,0,0,false,76.5871,90.0000
2020-21,33,82691,DEF,0,0,false,77.1872,72.0000
2020-21,33,83427,DEF,16,4,false,3.9167,54.0000
2020-21,33,108416,DEF,0,0,false,60.1051,90.0000
2020-21,33,153723,MID,0,0,false,59.9720,2.0000
2020-21,33,167878,MID,0,0,false,47.6518,71.8000
2020-21,33,207189,MID,19,4,false,5.1353,20.8000
2020-21,33,40146,DEF,1,1,false,73.4697,0.0000
2020-21,33,58376,GKP,0,0,false,50.9256,72.0000
2020-21,33,78056,MID,6,4,false,24.3277,6.0000
2020-21,33,84939,FWD,0,0,false,59.5513,52.0000
2020-21,33,88900,DEF,4,4,false,24.0527,90.0000
2020-21,33,91047,MID,0,0,false,72.8886,105.4000
2020-21,33,93100,DEF,0,0,false,73.9923,91.8000
2020-21,33,101178,MID,0,0,false,90.0000,108.0000
2020-21,33,153366,MID,0,0,false,71.6111,24.2000
2020-21,33,158534,DEF,0,0,false,55.1141,101.8000
2020-21,33,171771,DEF,0,0,false,88.5108,63.0000
2020-21,33,200439,FWD,0,0,false,54.5002,78.6000
2020-21,33,37915,GKP,0,0,false,84.4183,90.0000
2020-21,33,45268,MID,0,0,false,34.3211,0.2000
2020-21,33,55605,DEF,0,0,false,56.2607,90.0000
2020-21,33,78830,FWD,0,0,false,72.1840,90.0000
2020-21,33,80226,DEF,0,0,false,49.9976,36.0000
2020-21,33,85971,MID,0,0,false,72.6458,90.0000
2020-21,33,93264,DEF,0,0,false,48.6704,72.0000
2020-21,33,115556,DEF,3,3,false,23.4667,0.0000
2020-21,33,132015,MID,0,0,false,87.6801,90.0000
2020-21,33,173904,DEF,2,2,false,49.1170,18.0000
2020-21,33,231372,MID,0,0,false,64.6244,6.8000
2020-21,33,42427,DEF,11,4,false,7.9819,0.0000
2020-21,33,49944,MID,3,3,false,10.2333,3.0000
2020-21,33,59940,DEF,0,0,false,84.5916,90.0000
2020-21,33,61600,MID,9,4,false,11.2975,0.0000
2020-21,33,101982,GKP,0,0,false,88.6907,90.0000
2020-21,33,108053,DEF,0,0,false,79.7085,90.0000
2020-21,33,146426,DEF,0,0,false,50.9818,90.0000
2020-21,33,176420,DEF,0,0,false,81.3000,90.0000
2020-21,33,216616,DEF,0,0,false,59.6469,18.2000
2020-21,33,37096,GKP,0,0,false,81.0093,72.0000
2020-21,33,40669,DEF,0,0,false,46.2609,54.0000
2020-21,33,55459,DEF,2,2,false,60.9680,83.6000
2020-21,33,57531,FWD,3,3,false,40.5499,85.6000
2020-21,33,105717,DEF,2,2,false,18.7517,0.0000
2020-21,33,166640,DEF,0,0,false,21.4611,0.0000
2020-21,33,178186,MID,0,0,false,64.2548,44.6000
2020-21,33,179830,MID,6,4,false,4.5744,28.8000
2020-21,33,204480,MID,4,4,false,50.8801,54.0000
2020-21,33,215439,MID,0,0,false,81.7555,90.0000
2020-21,33,217593,MID,0,0,false,60.8068,89.6000
2020-21,33,219924,DEF,0,0,false,74.5275,36.4000
2020-21,33,19624,MID,1,1,false,62.3742,69.8000
2020-21,33,38533,GKP,0,0,false,90.0000,72.0000
2020-21,33,87835,DEF,4,4,false,28.6259,19.4000
2020-21,33,90585,DEF,0,0,false,43.9629,33.8000
2020-21,33,94147,DEF,0,0,false,89.4567,90.0000
2020-21,33,102057,FWD,22,4,false,12.2596,0.0000
2020-21,33,107613,DEF,0,0,false,79.2861,54.0000
2020-21,33,114128,DEF,4,4,true,31.4029,0.0000
2020-21,33,151589,MID,0,0,false,78.7665,52.4000
2020-21,33,159533,MID,0,0,false,83.9665,65.0000
2020-21,33,171317,MID,0,0,false,70.5721,69.4000
2020-21,33,200600,MID,0,0,false,37.2790,17.6000
2020-21,33,214048,DEF,8,4,false,10.0701,37.6000
2020-21,33,247632,MID,2,2,true,51.1091,0.0000
2020-21,33,450527,DEF,0,0,false,34.2397,78.0000
2020-21,33,180135,MID,0,0,false,46.8274,43.6000
2020-21,33,210407,MID,0,0,false,79.5797,72.0000
2020-21,33,225321,GKP,0,0,false,89.6884,90.0000
2020-21,33,169528,DEF,0,0,false,56.0764,36.0000
2020-21,33,83314,MID,2,2,false,21.2150,2.4000
2020-21,33,19188,DEF,0,0,false,31.4378,36.0000
2020-21,33,223175,MID,14,4,false,4.9325,0.0000
2020-21,33,232413,MID,0,0,false,77.9748,72.0000
2020-21,33,51090,DEF,0,0,false,28.6803,72.0000
2020-21,33,193645,DEF,0,0,false,6.5240,36.0000
2020-21,33,226597,DEF,1,1,false,35.5923,90.0000
2020-21,33,199796,DEF,1,1,false,48.2015,45.0000
2020-21,33,166477,DEF,0,0,false,77.9422,90.0000
2020-21,33,182539,MID,0,0,false,48.9474,33.0000
2020-21,33,119765,MID,0,0,false,46.5219,108.0000
2020-21,33,75115,FWD,0,0,false,32.5529,36.0000
2020-21,33,60025,MID,0,0,false,57.6655,15.4000
2020-21,33,199598,DEF,1,1,false,65.5802,0.0000
2020-21,33,226182,DEF,0,0,false,42.5566,27.0000
2020-21,33,155197,DEF,9,4,false,4.7886,0.0000
2020-21,33,121599,MID,6,4,false,36.3247,62.4000
2020-21,33,194799,DEF,7,4,false,28.3002,1.2000
2020-21,33,178301,FWD,0,0,false,90.0000,89.6000
2020-21,33,84182,GKP,0,0,false,89.9388,72.0000
2020-21,33,167074,DEF,1,1,false,54.6600,46.8000
2020-21,33,86881,MID,3,3,false,10.6730,16.4000
2020-21,33,40383,GKP,1,1,false,41.4062,36.0000
2020-21,33,153256,MID,1,1,false,23.5280,72.0000
2020-21,33,7645,DEF,3,3,false,18.1381,1.4000
2020-21,33,61558,MID,0,0,false,65.4846,90.0000
2020-21,33,110504,MID,0,0,false,73.1594,94.6000
2020-21,33,199249,DEF,0,0,false,66.4045,90.0000
2020-21,33,232787,MID,0,0,false,54.7683,90.0000
2020-21,33,200402,DEF,0,0,false,82.9556,72.0000
2020-21,33,228286,GKP,0,0,false,74.2105,63.0000
2020-21,33,149915,DEF,0,0,false,69.8864,60.6000
2020-21,33,171314,DEF,0,0,false,74.1206,54.0000
2020-21,33,219352,MID,0,0,false,69.3444,71.6000
2020-21,33,164555,DEF,0,0,false,89.2238,90.0000
2020-21,33,444463,DEF,0,0,false,64.9823,67.0000
2020-21,33,159506,DEF,0,0,false,81.9038,30.2000
2020-21,33,448514,DEF,0,0,false,52.1866,68.6000
2020-21,33,198826,DEF,0,0,false,78.9480,108.0000
2020-21,33,167199,MID,0,0,false,63.6897,55.2000
2020-21,33,152590,DEF,12,4,false,3.2210,36.0000
2020-21,33,219961,MID,2,2,false,63.0462,58.4000
2020-21,33,174874,DEF,0,0,false,89.5429,65.6000
2020-21,33,109646,DEF,0,0,false,78.8835,86.6000
2020-21,33,111782,GKP,2,2,false,27.6850,0.0000
2020-21,33,60232,DEF,1,1,false,64.4654,90.0000
2020-21,33,57328,DEF,7,4,false,14.8168,0.0000
2020-21,33,180294,FWD,1,1,false,11.0598,4.0000
2020-21,33,214225,DEF,0,0,false,42.4477,0.2000
2020-21,33,50175,FWD,0,0,false,58.2416,56.8000
2020-21,33,197464,DEF,2,2,false,43.8739,90.0000
2020-21,33,215059,GKP,0,0,false,88.6165,90.0000
2020-21,33,109638,DEF,0,0,false,55.7857,15.8000
2020-21,33,73314,FWD,0,0,false,73.8763,26.4000
2020-21,33,164011,FWD,0,0,false,80.8277,29.2000
2020-21,33,438277,DEF,0,0,false,77.4105,0.0000
2020-21,33,101394,MID,0,0,false,83.9186,85.6000
2020-21,33,195480,FWD,0,0,false,48.5720,31.2000
2021-22,5,192895,DEF,0,0,false,71.4251,54.0000
2021-22,5,209289,MID,0,0,false,52.6468,89.2000
2021-22,5,223340,MID,0,0,false,67.7397,78.8000
2021-22,5,114283,MID,0,0,false,72.4178,60.8000
2021-22,5,199796,DEF,0,0,false,75.5374,87.6000
2021-22,5,199798,DEF,0,0,false,86.8454,81.8000
2021-22,5,39155,MID,0,0,false,58.7499,87.2000
2021-22,5,61933,DEF,0,0,false,90.0000,72.0000
2021-22,5,83299,DEF,0,0,false,83.5789,90.0000
2021-22,5,115382,FWD,0,0,false,74.3272,65.4000
2021-22,5,116216,MID,0,0,false,76.6566,90.0000
2021-22,5,215059,GKP,0,0,false,76.9737,90.0000
2021-22,5,227127,MID,0,0,false,84.3002,11.8000
2021-22,5,61810,DEF,0,0,false,87.5292,90.0000
2021-22,5,128295,MID,0,0,false,90.0000,87.4000
2021-22,5,144485,FWD,0,0,false,90.0000,90.0000
2021-22,5,154561,GKP,0,0,false,90.0000,72.0000
2021-22,5,174932,MID,0,0,false,76.7603,83.4000
2021-22,5,194010,DEF,0,0,false,85.6075,90.0000
2021-22,5,204580,MID,0,0,false,83.6493,22.4000
2021-22,5,231065,DEF,0,0,false,90.0000,71.4000
2021-22,5,446008,MID,0,0,false,84.8930,63.4000
2021-22,5,17761,DEF,0,0,false,87.6316,90.0000
2021-22,5,44699,FWD,0,0,false,50.0537,11.8000
2021-22,5,51927,DEF,0,0,false,80.4342,36.0000
2021-22,5,60586,MID,0,0,false,52.7729,39.0000
2021-22,5,60689,FWD,0,0,false,77.9474,86.0000
2021-22,5,68983,DEF,0,0,false,85.2632,90.0000
2021-22,5,98747,GKP,0,0,false,82.8947,90.0000
2021-22,5,103914,DEF,0,0,false,76.9079,72.0000
2021-22,5,172782,MID,0,0,false,76.5781,90.0000
2021-22,5,433154,MID,0,0,false,84.5448,89.2000
2021-22,5,41328,DEF,0,0,false,64.7419,53.6000
2021-22,5,82263,DEF,0,0,false,57.2621,18.0000
2021-22,5,85955,MID,0,0,false,65.8124,49.0000
2021-22,5,91651,MID,0,0,false,62.8842,63.2000
2021-22,5,102380,DEF,0,0,false,67.5000,72.0000
2021-22,5,40836,GKP,0,0,false,88.8158,90.0000
2021-22,5,50471,MID,0,0,false,60.4163,90.0000
2021-22,5,54861,FWD,0,0,false,60.5006,45.6000
2021-22,5,55037,DEF,0,0,false,82.0602,25.0000
2021-22,5,80146,FWD,0,0,false,66.3202,54.2000
2021-22,5,82403,MID,0,0,false,79.3684,58.8000
2021-22,5,244723,DEF,0,0,false,67.5000,90.0000
2021-22,5,101188,DEF,0,0,false,80.2763,72.0000
2021-22,5,106611,DEF,0,0,false,84.3289,90.0000
2021-22,5,119765,MID,0,0,false,69.5029,90.0000
2021-22,5,121599,MID,0,0,false,77.1447,54.0000
2021-22,5,55914,DEF,0,0,false,73.7632,90.0000
2021-22,5,66588,DEF,0,0,false,89.4492,0.0000
2021-22,5,87873,MID,0,0,false,89.8684,87.4000
2021-22,5,106617,FWD,0,0,false,84.1970,0.0000
2021-22,5,219961,MID,0,0,false,72.7320,60.2000
2021-22,5,437495,GKP,0,0,false,86.4474,90.0000
2021-22,5,17745,GKP,0,0,false,90.0000,90.0000
2021-22,5,101668,FWD,0,0,false,81.5259,81.0000
2021-22,5,166989,MID,0,0,false,89.1579,90.0000
2021-22,5,172780,MID,0,0,false,61.1085,49.8000
2021-22,5,201666,MID,0,0,false,62.6641,45.0000
2021-22,5,203341,MID,0,0,false,73.6184,18.0000
2021-22,5,218031,DEF,0,0,false,68.8947,85.4000
2021-22,5,97032,DEF,0,0,false,49.8684,90.0000
2021-22,5,110979,MID,0,0,false,81.9474,74.6000
2021-22,5,116535,GKP,0,0,false,84.0789,72.0000
2021-22,5,118748,MID,0,0,false,85.4868,90.0000
2021-22,5,194634,MID,0,0,false,49.4061,51.8000
2021-22,5,59859,MID,0,0,false,69.8491,14.8000
2021-22,5,121145,DEF,0,0,false,75.2368,87.4000
2021-22,5,121160,GKP,0,0,false,87.6316,72.0000
2021-22,5,171314,DEF,0,0,false,82.4079,75.6000
2021-22,5,205651,FWD,0,0,false,60.2342,71.2000
2021-22,5,51940,GKP,0,0,false,75.1974,90.0000
2021-22,5,74208,MID,0,0,false,66.3259,43.0000
2021-22,5,95658,DEF,0,0,false,85.0921,67.2000
2021-22,5,106760,DEF,0,0,false,79.9079,78.6000
2021-22,5,141746,MID,0,0,false,85.1101,81.2000
2021-22,5,214590,DEF,0,0,false,85.2632,90.0000
2021-22,5,220688,MID,0,0,false,65.5949,60.8000
2021-22,5,56983,DEF,0,0,false,62.7237,90.0000
2021-22,5,170137,FWD,0,0,false,65.4474,88.0000
2021-22,5,179018,MID,0,0,false,72.9404,40.2000
2021-22,5,180135,MID,0,0,false,54.0489,76.8000
2021-22,5,20480,GKP,0,0,false,90.0000,90.0000
2021-22,5,57127,FWD,0,0,false,82.2988,87.6000
2021-22,5,83428,DEF,0,0,false,90.0000,89.4000
2021-22,5,193111,MID,0,0,false,55.7840,0.0000
2021-22,5,232980,DEF,0,0,false,90.0000,90.0000
2021-22,5,58376,GKP,0,0,false,80.5263,90.0000
2021-22,5,78056,MID,0,0,false,62.7519,89.8000
2021-22,5,84939,FWD,0,0,false,71.0396,66.2000
2021-22,5,88900,DEF,0,0,false,57.8114,0.0000
2021-22,5,101178,MID,0,0,false,90.0000,49.0000
2021-22,5,450527,DEF,0,0,false,50.9870,90.0000
2021-22,5,37915,GKP,0,0,false,90.0000,90.0000
2021-22,5,93264,DEF,0,0,false,69.0393,90.0000
2021-22,5,108823,MID,0,0,false,53.0658,12.4000
2021-22,5,132015,MID,0,0,false,89.9314,90.0000
2021-22,5,199249,DEF,0,0,false,74.5263,70.6000
2021-22,5,209042,MID,0,0,false,72.9792,76.0000
2021-22,5,131304,DEF,0,0,false,90.0000,90.0000
2021-22,5,232185,MID,0,0,false,90.0000,84.6000
2021-22,5,37096,GKP,0,0,false,86.4474,90.0000
2021-22,5,40669,DEF,0,0,false,77.7895,90.0000
2021-22,5,55459,DEF,0,0,false,86.7105,90.0000
2021-22,5,164555,DEF,0,0,false,85.1842,36.2000
2021-22,5,172841,MID,0,0,false,59.0108,82.6000
2021-22,5,178186,MID,0,0,false,76.4748,90.0000
2021-22,5,204480,MID,0,0,false,82.8947,90.0000
2021-22,5,215439,MID,0,0,false,90.0000,87.6000
2021-22,5,217593,MID,0,0,false,78.4407,87.4000
2021-22,5,19624,MID,0,0,false,74.9703,86.4000
2021-22,5,94147,DEF,0,0,false,88.0723,90.0000
2021-22,5,102057,FWD,0,0,false,55.8421,72.2000
2021-22,5,107613,DEF,0,0,false,69.9228,90.0000
2021-22,5,111291,DEF,0,0,false,50.5236,50.6000
2021-22,5,159533,MID,0,0,false,78.1943,37.0000
2021-22,5,171317,MID,0,0,false,80.1316,54.6000
2021-22,5,214048,DEF,0,0,false,62.1974,90.0000
2021-22,5,212723,MID,0,0,false,71.3261,36.0000
2021-22,5,230251,FWD,0,0,false,81.6269,51.6000
2021-22,5,222564,MID,0,0,false,77.6307,32.6000
2021-22,5,227560,MID,0,0,false,64.2567,3.0000
2021-22,5,55494,DEF,0,0,false,74.6711,90.0000
2021-22,5,149065,GKP,0,0,false,90.0000,90.0000
2021-22,5,209036,DEF,0,0,false,90.0000,90.0000
2021-22,5,60252,MID,0,0,false,67.0426,87.0000
2021-22,5,191866,DEF,0,0,false,87.2547,27.0000
2021-22,5,172632,MID,0,0,false,42.7180,85.4000
2021-22,5,174874,DEF,0,0,false,76.9959,90.0000
2021-22,5,441191,DEF,0,0,false,88.6274,90.0000
2021-22,5,155511,FWD,0,0,false,86.0755,54.2000
2021-22,9,54694,FWD,0,0,false,71.2880,84.6000
2021-22,9,167199,MID,0,0,false,56.2265,69.4000
2021-22,9,192895,DEF,1,1,false,66.0044,0.0000
2021-22,9,195735,MID,1,1,false,44.4751,1.0000
2021-22,9,200089,MID,0,0,false,49.9595,51.2000
2021-22,9,209289,MID,0,0,false,65.8226,84.6000
2021-22,9,223340,MID,0,0,false,71.4350,69.4000
2021-22,9,226597,DEF,0,0,false,66.1166,90.0000
2021-22,9,98980,GKP,0,0,false,85.0994,90.0000
2021-22,9,114283,MID,0,0,false,63.5464,16.0000
2021-22,9,122806,MID,0,0,false,81.7309,90.0000
2021-22,9,149484,DEF,0,0,false,83.7551,79.6000
2021-22,9,169359,DEF,0,0,false,82.9849,85.2000
2021-22,9,178301,FWD,0,0,false,79.1390,90.0000
2021-22,9,199796,DEF,0,0,false,78.5292,90.0000
2021-22,9,199798,DEF,0,0,false,87.7938,63.8000
2021-22,9,230046,MID,0,0,false,77.8998,22.6000
2021-22,9,39155,MID,0,0,false,69.3987,69.2000
2021-22,9,60307,MID,0,0,false,67.3260,38.2000
2021-22,9,61933,DEF,1,1,false,71.8691,64.8000
2021-22,9,78916,DEF,0,0,false,49.3882,0.0000
2021-22,9,83299,DEF,0,0,false,85.4135,90.0000
2021-22,9,111478,DEF,0,0,false,67.3613,67.8000
2021-22,9,115382,FWD,0,0,false,75.4223,38.4000
2021-22,9,116216,MID,0,0,false,81.0948,90.0000
2021-22,9,198869,DEF,0,0,false,80.2711,90.0000
2021-22,9,215059,GKP,0,0,false,80.6955,72.0000
2021-22,9,227127,MID,4,4,false,49.6994,83.8000
2021-22,9,61810,DEF,0,0,false,89.0935,90.0000
2021-22,9,128295,MID,0,0,false,88.4428,85.8000
2021-22,9,144485,FWD,0,0,false,90.0000,90.0000
2021-22,9,154561,GKP,0,0,false,90.0000,0.0000
2021-22,9,174932,MID,0,0,false,81.9236,82.2000
2021-22,9,194010,DEF,0,0,false,88.3884,82.8000
2021-22,9,204580,MID,3,3,false,41.4723,62.8000
2021-22,9,231065,DEF,0,0,false,75.1849,90.0000
2021-22,9,446008,MID,0,0,false,79.9947,72.0000
2021-22,9,17761,DEF,0,0,false,88.3083,54.0000
2021-22,9,51927,DEF,3,3,false,53.4689,72.0000
2021-22,9,60551,MID,0,0,false,86.4408,54.0000
2021-22,9,60689,FWD,0,0,false,80.1599,57.4000
2021-22,9,68983,DEF,0,0,false,86.6165,72.0000
2021-22,9,98747,GKP,0,0,false,84.9248,72.0000
2021-22,9,103914,DEF,0,0,false,70.8474,72.0000
2021-22,9,172782,MID,0,0,false,81.7280,72.0000
2021-22,9,433154,MID,0,0,false,85.9952,72.0000
2021-22,9,41328,DEF,1,1,false,62.2764,13.6000
2021-22,9,51090,DEF,0,0,false,55.5694,81.0000
2021-22,9,82263,DEF,3,3,false,37.0006,33.4000
2021-22,9,85955,MID,0,0,false,52.9393,69.2000
2021-22,9,91651,MID,0,0,false,67.5873,0.0000
2021-22,9,102380,DEF,0,0,false,64.1275,90.0000
2021-22,9,103192,DEF,0,0,false,61.5074,90.0000
2021-22,9,135363,DEF,1,1,false,45.9446,54.0000
2021-22,9,184341,MID,0,0,false,56.8683,33.6000
2021-22,9,228286,GKP,0,0,false,77.8282,90.0000
2021-22,9,232787,MID,0,0,false,76.2424,88.0000
2021-22,9,40836,GKP,0,0,false,89.1541,90.0000
2021-22,9,50471,MID,0,0,false,69.8050,33.8000
2021-22,9,54861,FWD,0,0,false,57.6112,63.0000
2021-22,9,55037,DEF,1,1,false,52.5622,88.8000
2021-22,9,66975,MID,0,0,false,53.6256,29.0000
2021-22,9,80146,FWD,1,1,false,56.8735,42.8000
2021-22,9,82403,MID,0,0,false,64.0575,86.2000
2021-22,9,244723,DEF,0,0,false,73.9286,90.0000
2021-22,9,59949,DEF,0,0,false,51.9606,90.0000
2021-22,9,101188,DEF,0,0,false,83.0545,72.0000
2021-22,9,106611,DEF,0,0,false,85.9492,90.0000
2021-22,9,111234,GKP,0,0,false,77.8000,90.0000
2021-22,9,119765,MID,0,0,false,75.9585,88.0000
2021-22,9,121599,MID,1,1,false,69.1621,36.0000
2021-22,9,164511,DEF,2,2,false,47.7878,0.0000
2021-22,9,198826,DEF,0,0,false,70.2275,90.0000
2021-22,9,212319,FWD,0,0,false,45.5750,72.0000
2021-22,9,55914,DEF,0,0,false,78.4023,90.0000
2021-22,9,66588,DEF,4,4,false,53.0443,0.0000
2021-22,9,72222,MID,0,0,false,64.9162,20.6000
2021-22,9,80954,FWD,0,0,false,58.7409,62.4000
2021-22,9,87873,MID,0,0,false,88.7155,90.0000
2021-22,9,106617,FWD,4,4,false,49.4592,0.0000
2021-22,9,149915,DEF,0,0,false,45.7321,90.0000
2021-22,9,155405,MID,2,2,false,56.3061,81.0000
2021-22,9,219961,MID,0,0,false,62.1778,72.0000
2021-22,9,222694,DEF,0,0,false,52.9376,72.0000
2021-22,9,437495,GKP,0,0,false,87.4624,90.0000
2021-22,9,17745,GKP,0,0,false,90.0000,90.0000
2021-22,9,101668,FWD,0,0,false,78.3173,90.0000
2021-22,9,111931,DEF,0,0,false,46.5528,18.0000
2021-22,9,155569,DEF,0,0,false,38.7048,31.0000
2021-22,9,166477,DEF,0,0,false,65.1454,90.0000
2021-22,9,166989,MID,0,0,false,89.3985,33.2000
2021-22,9,201666,MID,2,2,false,50.9374,64.6000
2021-22,9,203341,MID,3,3,false,48.6005,72.0000
2021-22,9,218031,DEF,0,0,false,71.9462,90.0000
2021-22,9,15157,MID,0,0,false,38.0148,7.6000
2021-22,9,56979,MID,0,0,false,66.5553,68.4000
2021-22,9,60914,DEF,1,1,false,46.8588,54.0000
2021-22,9,97032,DEF,0,0,false,61.3346,90.0000
2021-22,9,110979,MID,0,0,false,74.2761,90.0000
2021-22,9,116535,GKP,0,0,false,75.9696,90.0000
2021-22,9,116643,MID,2,2,false,55.0768,69.8000
2021-22,9,118748,MID,0,0,false,86.7763,90.0000
2021-22,9,122798,DEF,0,0,false,74.2855,72.0000
2021-22,9,169187,DEF,0,0,false,69.3153,90.0000
2021-22,9,194634,MID,0,0,false,51.5580,65.8000
2021-22,9,214285,DEF,1,1,false,15.2779,18.0000
2021-22,9,58621,DEF,0,0,false,61.3524,72.0000
2021-22,9,59859,MID,0,0,false,48.9967,54.0000
2021-22,9,121145,DEF,0,0,false,79.4549,87.4000
2021-22,9,121160,GKP,0,0,false,78.5072,90.0000
2021-22,9,146941,DEF,0,0,false,59.6685,42.2000
2021-22,9,165809,MID,0,0,false,71.5911,90.0000
2021-22,9,171314,DEF,0,0,false,76.7362,72.0000
2021-22,9,205651,FWD,0,0,false,61.2861,71.2000
2021-22,9,209244,MID,0,0,false,52.5898,47.4000
2021-22,9,220566,MID,0,0,false,74.9331,90.0000
2021-22,9,221399,MID,0,0,false,59.2781,64.8000
2021-22,9,51940,GKP,0,0,false,79.4267,90.0000
2021-22,9,74208,MID,0,0,false,57.8323,0.0000
2021-22,9,95658,DEF,0,0,false,76.4045,67.6000
2021-22,9,101582,MID,0,0,false,62.9136,69.8000
2021-22,9,106760,DEF,0,0,false,78.4021,49.2000
2021-22,9,141746,MID,0,0,false,82.9195,86.4000
2021-22,9,180804,DEF,0,0,false,34.3333,18.0000
2021-22,9,184667,DEF,0,0,false,62.1437,90.0000
2021-22,9,195851,MID,0,0,false,55.7545,81.0000
2021-22,9,200617,MID,0,0,false,51.5480,87.2000
2021-22,9,214590,DEF,0,0,false,86.6165,72.0000
2021-22,9,220688,MID,0,0,false,66.3329,13.2000
2021-22,9,232937,DEF,0,0,false,28.9799,68.4000
2021-22,9,56983,DEF,0,0,false,70.5169,67.2000
2021-22,9,58845,DEF,0,0,false,67.6531,55.6000
2021-22,9,59735,GKP,0,0,false,63.6032,54.0000
2021-22,9,75115,FWD,0,0,false,48.7887,90.0000
2021-22,9,101148,DEF,0,0,false,55.0436,72.0000
2021-22,9,109528,DEF,0,0,false,51.7498,36.0000
2021-22,9,153127,MID,0,0,false,70.2556,35.0000
2021-22,9,170137,FWD,0,0,false,71.1673,87.2000
2021-22,9,179018,MID,0,0,false,58.2254,26.4000
2021-22,9,180135,MID,0,0,false,59.9962,19.8000
2021-22,9,20480,GKP,0,0,false,90.0000,90.0000
2021-22,9,57127,FWD,0,0,false,85.4380,87.4000
2021-22,9,78607,MID,0,0,false,82.7721,90.0000
2021-22,9,83428,DEF,0,0,false,90.0000,71.4000
2021-22,9,193111,MID,4,4,false,20.4676,9.0000
2021-22,9,232980,DEF,0,0,false,90.0000,90.0000
2021-22,9,58376,GKP,0,0,false,83.2331,90.0000
2021-22,9,78056,MID,0,0,false,71.8547,86.2000
2021-22,9,83283,MID,0,0,false,62.5758,45.0000
2021-22,9,84939,FWD,0,0,false,74.0755,13.0000
2021-22,9,88900,DEF,4,4,false,32.1771,0.0000
2021-22,9,101178,MID,2,2,false,67.2613,87.8000
2021-22,9,158534,DEF,2,2,false,49.1037,72.4000
2021-22,9,171771,DEF,0,0,false,73.3246,79.8000
2021-22,9,200439,FWD,0,0,false,45.2174,75.2000
2021-22,9,450527,DEF,0,0,false,63.3654,90.0000
2021-22,9,37915,GKP,0,0,false,90.0000,72.0000
2021-22,9,45268,MID,0,0,false,65.3743,90.0000
2021-22,9,78830,FWD,0,0,false,81.1466,72.0000
2021-22,9,85971,MID,0,0,false,81.4016,70.0000
2021-22,9,93264,DEF,0,0,false,77.2398,72.0000
2021-22,9,95715,MID,0,0,false,60.9383,57.2000
2021-22,9,108823,MID,3,3,false,30.4548,3.8000
2021-22,9,132015,MID,0,0,false,89.9676,72.0000
2021-22,9,173904,DEF,3,3,false,31.8498,22.4000
2021-22,9,199249,DEF,0,0,false,78.0408,47.6000
2021-22,9,199584,DEF,3,3,false,21.3869,14.8000
2021-22,9,209042,MID,0,0,false,78.3646,49.0000
2021-22,9,231372,MID,0,0,false,56.2868,5.8000
2021-22,9,9089,GKP,0,0,false,66.0436,54.0000
2021-22,9,38290,DEF,1,1,false,55.5358,33.6000
2021-22,9,41338,DEF,0,0,false,65.1502,90.0000
2021-22,9,131304,DEF,0,0,false,90.0000,59.2000
2021-22,9,155651,DEF,0,0,false,42.0872,56.2000
2021-22,9,232185,MID,0,0,false,84.5607,49.4000
2021-22,9,37096,GKP,0,0,false,87.4624,90.0000
2021-22,9,40669,DEF,0,0,false,81.2782,22.2000
2021-22,9,55459,DEF,0,0,false,87.6504,66.0000
2021-22,9,57531,FWD,0,0,false,70.4862,90.0000
2021-22,9,164555,DEF,2,2,false,65.1035,25.2000
2021-22,9,172841,MID,0,0,false,67.6453,70.2000
2021-22,9,178186,MID,0,0,false,80.8623,69.8000
2021-22,9,204480,MID,0,0,false,84.9248,90.0000
2021-22,9,215439,MID,0,0,false,88.6932,90.0000
2021-22,9,217593,MID,0,0,false,80.8365,80.8000
2021-22,9,19624,MID,0,0,false,78.0760,90.0000
2021-22,9,94147,DEF,0,0,false,88.7172,90.0000
2021-22,9,102057,FWD,0,0,false,56.0182,89.8000
2021-22,9,107613,DEF,0,0,false,77.2959,90.0000
2021-22,9,111291,DEF,1,1,false,48.9282,0.0000
2021-22,9,159533,MID,0,0,false,66.3814,29.6000
2021-22,9,171317,MID,0,0,false,64.6486,72.0000
2021-22,9,200402,DEF,0,0,false,82.0882,82.4000
2021-22,9,214048,DEF,0,0,false,70.1410,90.0000
2021-22,9,230251,FWD,0,0,false,68.3914,64.6000
2021-22,9,83312,DEF,0,0,false,68.0737,72.0000
2021-22,9,189627,DEF,0,0,false,44.8391,6.6000
2021-22,9,244560,DEF,0,0,false,50.2045,17.4000
2021-22,9,222564,MID,2,2,false,40.5916,43.6000
2021-22,9,443967,DEF,2,2,false,46.0897,24.2000
2021-22,9,57145,DEF,2,2,false,44.7205,15.8000
2021-22,9,227560,MID,3,3,false,25.3732,0.0000
2021-22,9,78007,FWD,0,0,false,36.5560,90.0000
2021-22,9,212325,MID,0,0,false,69.0201,27.0000
2021-22,9,55494,DEF,0,0,false,79.0508,90.0000
2021-22,9,149065,GKP,0,0,false,90.0000,90.0000
2021-22,9,209036,DEF,0,0,false,90.0000,90.0000
2021-22,9,437742,MID,0,0,false,53.9174,64.4000
2021-22,9,60252,MID,0,0,false,74.2811,82.2000
2021-22,9,191866,DEF,0,0,false,51.8607,0.0000
2021-22,9,172632,MID,0,0,false,54.4089,59.8000
2021-22,9,174874,DEF,0,0,false,81.6602,54.0000
2021-22,9,441191,DEF,0,0,false,89.4964,90.0000
2021-22,9,221632,DEF,0,0,false,54.5075,36.0000
2021-22,9,69143,MID,0,0,false,80.2675,39.0000
2021-22,9,96787,MID,0,0,false,67.6838,43.4000
2021-22,9,155511,FWD,0,0,false,55.3845,84.6000
2021-22,9,180736,DEF,0,0,false,58.5670,47.8000
2021-22,9,66749,FWD,1,1,false,64.9648,5.8000
2021-22,9,90152,DEF,2,2,false,49.1766,18.0000
2021-22,9,184029,MID,0,0,false,46.6102,48.8000
2021-22,9,225321,GKP,0,0,false,82.0116,90.0000
2021-22,9,14937,FWD,0,0,false,80.0801,72.6000
2021-22,9,438277,DEF,0,0,false,57.3285,18.0000
2021-22,9,179276,MID,0,0,false,73.2272,60.8000
2021-22,9,184754,FWD,0,0,false,76.8831,87.8000
2021-22,9,179268,DEF,0,0,false,83.8946,84.6000
2021-22,9,241157,DEF,0,0,false,83.4145,70.4000
2021-22,9,223723,DEF,0,0,false,86.9991,90.0000
2021-22,9,57134,FWD,0,0,false,78.1724,35.2000
2021-22,9,48760,DEF,0,0,false,64.3030,20.2000
2021-22,13,54694,FWD,0,0,false,75.9083,16.6000
2021-22,13,167199,MID,0,0,false,58.5465,90.0000
2021-22,13,192895,DEF,5,4,false,38.8154,66.8000
2021-22,13,195735,MID,3,3,false,26.6871,1.4000
2021-22,13,200089,MID,0,0,false,48.9218,60.0000
2021-22,13,209289,MID,0,0,false,72.2302,21.0000
2021-22,13,223340,MID,0,0,false,74.5759,73.4000
2021-22,13,226597,DEF,0,0,false,74.3853,85.6000
2021-22,13,98980,GKP,0,0,false,87.5706,72.0000
2021-22,13,114283,MID,3,3,false,43.1684,46.6000
2021-22,13,122806,MID,0,0,false,85.6620,71.4000
2021-22,13,149484,DEF,0,0,false,82.3348,72.0000
2021-22,13,169359,DEF,0,0,false,86.4798,49.2000
2021-22,13,178301,FWD,0,0,false,84.3718,72.0000
2021-22,13,199796,DEF,0,0,false,81.5381,72.0000
2021-22,13,199798,DEF,0,0,false,77.0079,72.0000
2021-22,13,230046,MID,0,0,false,48.9435,69.2000
2021-22,13,39155,MID,1,1,false,62.2950,19.2000
2021-22,13,60307,MID,0,0,false,61.9986,10.8000
2021-22,13,61933,DEF,1,1,false,65.9981,28.8000
2021-22,13,78916,DEF,4,4,false,29.9365,36.0000
2021-22,13,83299,DEF,0,0,false,86.4327,18.0000
2021-22,13,110735,DEF,0,0,false,47.7753,7.0000
2021-22,13,111478,DEF,0,0,false,66.0374,47.2000
2021-22,13,115382,FWD,0,0,false,56.0083,36.0000
2021-22,13,116216,MID,0,0,false,83.4170,54.0000
2021-22,13,198869,DEF,0,0,false,84.5725,90.0000
2021-22,13,215059,GKP,0,0,false,73.0454,54.0000
2021-22,13,227127,MID,0,0,false,66.8378,52.6000
2021-22,13,61810,DEF,0,0,false,89.6000,54.0000
2021-22,13,128295,MID,0,0,false,85.5792,54.0000
2021-22,13,144485,FWD,0,0,false,90.0000,18.0000
2021-22,13,154561,GKP,4,4,false,39.7144,0.0000
2021-22,13,174932,MID,0,0,false,84.2449,28.0000
2021-22,13,194010,DEF,0,0,false,84.0340,51.2000
2021-22,13,204580,MID,0,0,false,55.4412,49.6000
2021-22,13,207283,MID,2,2,false,38.0968,17.8000
2021-22,13,231065,DEF,0,0,false,83.4625,36.0000
2021-22,13,446008,MID,0,0,false,76.0706,54.0000
2021-22,13,17761,DEF,0,0,false,88.6842,36.0000
2021-22,13,51927,DEF,0,0,false,66.7791,36.0000
2021-22,13,60551,MID,0,0,false,87.8376,32.0000
2021-22,13,60689,FWD,0,0,false,78.1938,41.4000
2021-22,13,68983,DEF,0,0,false,87.3684,50.8000
2021-22,13,98747,GKP,0,0,false,86.0526,54.0000
2021-22,13,103914,DEF,0,0,false,76.8170,54.0000
2021-22,13,172782,MID,0,0,false,84.0134,39.8000
2021-22,13,433154,MID,0,0,false,87.0069,53.4000
2021-22,13,41328,DEF,5,4,false,36.6704,61.8000
2021-22,13,51090,DEF,0,0,false,68.9949,81.0000
2021-22,13,82263,DEF,0,0,false,30.7695,80.2000
2021-22,13,85955,MID,0,0,false,66.3675,54.0000
2021-22,13,91651,MID,4,4,false,38.3013,5.0000
2021-22,13,102380,DEF,0,0,false,72.6411,90.0000
2021-22,13,103192,DEF,0,0,false,72.1825,32.0000
2021-22,13,116594,MID,1,1,false,47.7188,18.0000
2021-22,13,135363,DEF,2,2,false,41.4542,39.2000
2021-22,13,172850,DEF,1,1,true,56.1944,0.0000
2021-22,13,209046,MID,0,0,false,51.0717,8.4000
2021-22,13,225796,DEF,0,0,false,63.6750,72.0000
2021-22,13,228286,GKP,0,0,false,82.1767,90.0000
2021-22,13,232787,MID,0,0,false,79.7409,72.0000
2021-22,13,243568,MID,0,0,false,30.4497,70.0000
2021-22,13,40836,GKP,0,0,false,89.3421,54.0000
2021-22,13,50471,MID,2,2,false,52.5333,0.0000
2021-22,13,54861,FWD,0,0,false,64.5261,26.0000
2021-22,13,55037,DEF,0,0,false,70.1896,65.2000
2021-22,13,66975,MID,0,0,false,49.6942,0.0000
2021-22,13,82403,MID,0,0,false,72.5576,72.0000
2021-22,13,244723,DEF,0,0,false,77.5000,72.0000
2021-22,13,59949,DEF,0,0,false,66.3364,54.0000
2021-22,13,101188,DEF,0,0,false,77.7264,18.0000
2021-22,13,106611,DEF,0,0,false,86.8494,72.0000
2021-22,13,111234,GKP,0,0,false,82.1547,72.0000
2021-22,13,119765,MID,0,0,false,78.4824,36.0000
2021-22,13,121599,MID,0,0,false,52.3190,72.0000
2021-22,13,164511,DEF,6,4,false,28.8224,6.0000
2021-22,13,198826,DEF,0,0,false,78.2443,72.0000
2021-22,13,212319,FWD,1,1,false,54.9408,47.4000
2021-22,13,55914,DEF,0,0,false,80.9795,20.8000
2021-22,13,66588,DEF,8,4,false,35.3062,72.0000
2021-22,13,72222,MID,1,1,false,44.7691,48.0000
2021-22,13,80954,FWD,0,0,false,58.8815,9.0000
2021-22,13,87873,MID,0,0,false,89.3367,90.0000
2021-22,13,106617,FWD,8,4,false,32.6091,4.4000
2021-22,13,149915,DEF,0,0,false,62.1777,72.0000
2021-22,13,155405,MID,0,0,false,64.8886,28.8000
2021-22,13,219961,MID,0,0,false,63.6744,88.2000
2021-22,13,222694,DEF,0,0,false,62.2751,9.0000
2021-22,13,437495,GKP,0,0,false,88.0263,90.0000
2021-22,13,17745,GKP,0,0,false,90.0000,54.0000
2021-22,13,37642,DEF,0,0,false,65.6529,37.0000
2021-22,13,101668,FWD,0,0,false,82.6656,23.0000
2021-22,13,111931,DEF,2,2,false,33.7789,0.0000
2021-22,13,155569,DEF,1,1,false,36.0605,0.0000
2021-22,13,166477,DEF,0,0,false,74.8289,54.0000
2021-22,13,166989,MID,2,2,false,66.9868,18.0000
2021-22,13,201666,MID,0,0,false,56.5211,46.8000
2021-22,13,203341,MID,0,0,false,59.3047,54.0000
2021-22,13,218031,DEF,0,0,false,76.7982,54.0000
2021-22,13,244619,DEF,0,0,false,30.7093,54.0000
2021-22,13,15157,MID,0,0,false,24.5982,22.6000
2021-22,13,56979,MID,0,0,false,62.5409,65.8000
2021-22,13,60914,DEF,1,1,false,42.9486,90.0000
2021-22,13,97032,DEF,0,0,false,67.7047,54.0000
2021-22,13,110979,MID,0,0,false,80.5827,87.6000
2021-22,13,116535,GKP,0,0,false,81.8516,90.0000
2021-22,13,116643,MID,0,0,false,62.5530,54.0000
2021-22,13,118748,MID,0,0,false,87.4927,86.6000
2021-22,13,122798,DEF,0,0,false,72.3963,87.2000
2021-22,13,169187,DEF,0,0,false,78.7092,90.0000
2021-22,13,194634,MID,0,0,false,54.5879,76.0000
2021-22,13,206915,MID,3,3,false,26.2492,0.0000
2021-22,13,214285,DEF,1,1,false,17.3077,1.6000
2021-22,13,58621,DEF,0,0,false,71.8856,18.0000
2021-22,13,59859,MID,0,0,false,59.1035,33.2000
2021-22,13,121145,DEF,0,0,false,80.8057,72.0000
2021-22,13,121160,GKP,0,0,false,83.8253,90.0000
2021-22,13,146941,DEF,0,0,false,56.3071,72.0000
2021-22,13,165809,MID,0,0,false,77.2769,81.0000
2021-22,13,171314,DEF,0,0,false,72.1773,80.6000
2021-22,13,205651,FWD,0,0,false,62.4319,56.2000
2021-22,13,209244,MID,1,1,false,51.5287,39.6000
2021-22,13,220566,MID,0,0,false,80.7467,78.4000
2021-22,13,221399,MID,0,0,false,68.9265,57.0000
2021-22,13,51940,GKP,0,0,false,81.7763,54.0000
2021-22,13,74208,MID,4,4,false,33.6853,0.0000
2021-22,13,95658,DEF,1,1,false,68.3395,54.0000
2021-22,13,101582,MID,0,0,false,63.1226,54.0000
2021-22,13,106760,DEF,1,1,false,68.3787,0.0000
2021-22,13,141746,MID,0,0,false,84.2422,52.2000
2021-22,13,180804,DEF,2,2,false,26.2579,1.6000
2021-22,13,184667,DEF,0,0,false,73.9770,50.6000
2021-22,13,195851,MID,0,0,false,64.7287,54.0000
2021-22,13,200617,MID,0,0,false,63.2075,62.4000
2021-22,13,214590,DEF,0,0,false,87.3684,0.0000
2021-22,13,220688,MID,2,2,false,43.6826,10.2000
2021-22,13,232937,DEF,0,0,false,44.3083,50.4000
2021-22,13,50232,MID,0,0,false,51.1659,70.8000
2021-22,13,56983,DEF,0,0,false,71.7648,34.0000
2021-22,13,58845,DEF,1,1,false,63.3096,19.6000
2021-22,13,59735,GKP,1,1,false,62.2561,0.0000
2021-22,13,75115,FWD,0,0,false,66.0203,74.2000
2021-22,13,101148,DEF,0,0,false,67.9125,72.0000
2021-22,13,109528,DEF,3,3,false,34.7053,72.0000
2021-22,13,111773,DEF,0,0,false,43.4156,0.0000
2021-22,13,153127,MID,0,0,false,53.4442,33.4000
2021-22,13,170137,FWD,0,0,false,75.7176,75.8000
2021-22,13,179018,MID,0,0,false,46.6331,47.4000
2021-22,13,180135,MID,1,1,false,41.6267,5.8000
2021-22,13,20480,GKP,0,0,false,90.0000,72.0000
2021-22,13,57127,FWD,0,0,false,86.3526,72.0000
2021-22,13,78607,MID,0,0,false,86.8105,72.0000
2021-22,13,83428,DEF,0,0,false,78.3683,40.0000
2021-22,13,232980,DEF,0,0,false,90.0000,72.0000
2021-22,13,58376,GKP,0,0,false,84.7368,36.0000
2021-22,13,78056,MID,0,0,false,74.5898,54.0000
2021-22,13,83283,MID,0,0,false,48.2493,72.0000
2021-22,13,84939,FWD,1,1,false,49.4984,9.2000
2021-22,13,88900,DEF,8,4,false,20.0258,18.0000
2021-22,13,101178,MID,0,0,false,77.8875,72.0000
2021-22,13,158534,DEF,0,0,false,56.3744,72.0000
2021-22,13,171771,DEF,0,0,false,75.1067,34.8000
2021-22,13,200439,FWD,0,0,false,56.8804,36.0000
2021-22,13,450527,DEF,0,0,false,69.9599,54.0000
2021-22,13,37915,GKP,0,0,false,90.0000,54.0000
2021-22,13,45268,MID,0,0,false,72.9041,54.0000
2021-22,13,78830,FWD,0,0,false,84.1082,54.0000
2021-22,13,85971,MID,0,0,false,83.6584,53.2000
2021-22,13,93264,DEF,0,0,false,80.8274,54.0000
2021-22,13,95715,MID,0,0,false,63.1149,32.8000
2021-22,13,108823,MID,0,0,false,21.2112,16.0000
2021-22,13,132015,MID,0,0,false,89.9805,36.0000
2021-22,13,173904,DEF,0,0,false,24.5346,54.0000
2021-22,13,199249,DEF,0,0,false,68.7151,23.0000
2021-22,13,199584,DEF,0,0,false,22.4941,13.6000
2021-22,13,209042,MID,1,1,false,64.1761,41.2000
2021-22,13,9089,GKP,1,1,false,63.4275,0.0000
2021-22,13,38290,DEF,2,2,false,35.8209,29.6000
2021-22,13,41338,DEF,0,0,false,79.0345,54.0000
2021-22,13,54484,DEF,0,0,false,56.6065,54.0000
2021-22,13,131304,DEF,0,0,false,69.1171,54.0000
2021-22,13,154506,GKP,0,0,false,26.5725,54.0000
2021-22,13,155651,DEF,0,0,false,57.5429,2.2000
2021-22,13,232185,MID,1,1,false,68.1600,0.0000
2021-22,13,37096,GKP,0,0,false,88.0263,72.0000
2021-22,13,40669,DEF,2,2,true,55.6772,0.0000
2021-22,13,55459,DEF,0,0,false,84.3204,0.0000
2021-22,13,57531,FWD,0,0,false,76.4879,72.0000
2021-22,13,60232,DEF,0,0,false,49.8510,72.0000
2021-22,13,164555,DEF,0,0,false,44.7149,67.2000
2021-22,13,172841,MID,0,0,false,64.7159,32.6000
2021-22,13,178186,MID,0,0,false,70.8828,72.0000
2021-22,13,204480,MID,0,0,false,86.0526,72.0000
2021-22,13,215439,MID,0,0,false,89.3521,72.0000
2021-22,13,217593,MID,0,0,false,79.7516,37.6000
2021-22,13,222018,DEF,0,0,false,50.7425,27.0000
2021-22,13,19624,MID,0,0,false,81.7190,74.2000
2021-22,13,94147,DEF,0,0,false,89.0539,90.0000
2021-22,13,102057,FWD,0,0,false,66.1961,62.8000
2021-22,13,107613,DEF,0,0,false,81.0169,90.0000
2021-22,13,111291,DEF,5,4,false,25.8942,36.0000
2021-22,13,171317,MID,0,0,false,75.4441,70.2000
2021-22,13,200402,DEF,0,0,false,80.9050,72.0000
2021-22,13,214048,DEF,0,0,false,74.5541,90.0000
2021-22,13,212723,MID,0,0,false,66.8696,0.0000
2021-22,13,230251,FWD,0,0,false,65.2573,54.0000
2021-22,13,83312,DEF,0,0,false,70.8102,54.0000
2021-22,13,225902,MID,0,0,false,71.8812,25.8000
2021-22,13,244560,DEF,0,0,false,37.6216,0.0000
2021-22,13,222564,MID,0,0,false,46.4928,21.4000
2021-22,13,443967,DEF,0,0,false,32.9733,54.8000
2021-22,13,57145,DEF,6,4,false,27.6835,16.8000
2021-22,13,227560,MID,7,4,false,11.1964,0.0000
2021-22,13,78007,FWD,0,0,false,54.8058,54.0000
2021-22,13,448514,DEF,0,0,false,51.9304,54.0000
2021-22,13,212325,MID,2,2,false,41.7712,26.0000
2021-22,13,55494,DEF,0,0,false,81.4839,54.0000
2021-22,13,149065,GKP,0,0,false,90.0000,90.0000
2021-22,13,209036,DEF,0,0,false,90.0000,72.0000
2021-22,13,437742,MID,0,0,false,68.3966,1.8000
2021-22,13,60252,MID,0,0,false,76.4096,45.4000
2021-22,13,191866,DEF,4,4,false,22.8846,0.0000
2021-22,13,172632,MID,0,0,false,46.2834,52.8000
2021-22,13,174874,DEF,1,1,false,72.4775,1.8000
2021-22,13,441191,DEF,0,0,false,89.7778,72.0000
2021-22,13,221632,DEF,1,1,false,54.5866,0.0000
2021-22,13,69143,MID,2,2,false,55.9972,30.4000
2021-22,13,96787,MID,1,1,false,55.0881,13.8000
2021-22,13,155511,FWD,0,0,false,73.4680,24.8000
2021-22,13,180736,DEF,0,0,false,55.3005,23.0000
2021-22,13,66749,FWD,0,0,false,30.0894,13.8000
2021-22,13,90152,DEF,3,3,false,30.8063,0.0000
2021-22,13,225321,GKP,0,0,false,86.1537,90.0000
2021-22,13,149519,MID,0,0,false,60.9478,23.0000
2021-22,13,14937,FWD,0,0,false,71.4375,53.4000
2021-22,13,438277,DEF,3,3,false,35.2921,27.0000
2021-22,13,179276,MID,0,0,false,72.5914,0.0000
2021-22,13,184754,FWD,0,0,false,84.0631,40.0000
2021-22,13,179268,DEF,0,0,false,83.2148,54.0000
2021-22,13,241157,DEF,0,0,false,86.7949,34.4000
2021-22,13,223723,DEF,0,0,false,88.8217,84.6000
2021-22,13,57134,FWD,0,0,false,52.5901,18.0000
2021-22,13,48760,DEF,2,2,false,37.0933,0.0000
2021-22,17,54694,FWD,2,2,false,50.1620,0.0000
2021-22,17,84450,MID,0,0,false,47.2824,54.0000
2021-22,17,167199,MID,0,0,false,69.7817,50.8000
2021-22,17,192895,DEF,0,0,false,52.2431,54.0000
2021-22,17,195735,MID,1,1,false,17.9218,2.4000
2021-22,17,200089,MID,0,0,false,51.5106,9.0000
2021-22,17,209289,MID,0,0,false,48.2244,7.8000
2021-22,17,223340,MID,0,0,false,74.8246,47.4000
2021-22,17,226597,DEF,0,0,false,76.4525,47.6000
2021-22,17,98980,GKP,0,0,false,88.7724,54.0000
2021-22,17,114283,MID,0,0,false,52.8290,36.0000
2021-22,17,122806,MID,0,0,false,87.2129,18.0000
2021-22,17,149484,DEF,0,0,false,85.6100,36.0000
2021-22,17,169359,DEF,0,0,false,78.0748,36.0000
2021-22,17,178301,FWD,0,0,false,86.9457,36.0000
2021-22,17,184704,MID,1,1,false,44.3811,0.0000
2021-22,17,199796,DEF,0,0,false,83.3296,54.0000
2021-22,17,199798,DEF,0,0,false,82.9206,45.0000
2021-22,17,230046,MID,0,0,false,66.5084,54.0000
2021-22,17,232653,MID,0,0,false,49.2965,49.6000
2021-22,17,18892,DEF,0,0,false,51.7975,0.0000
2021-22,17,39155,MID,0,0,false,48.3064,57.8000
2021-22,17,60307,MID,1,1,false,46.4124,27.6000
2021-22,17,61933,DEF,1,1,false,55.0164,5.8000
2021-22,17,78916,DEF,0,0,false,44.2844,90.0000
2021-22,17,83299,DEF,2,2,false,63.8663,0.0000
2021-22,17,110735,DEF,2,2,false,35.6120,72.0000
2021-22,17,111478,DEF,0,0,false,70.7102,62.4000
2021-22,17,115382,FWD,1,1,false,54.8690,77.6000
2021-22,17,116216,MID,0,0,false,84.7526,48.6000
2021-22,17,198869,DEF,0,0,false,86.7361,54.0000
2021-22,17,215059,GKP,0,0,false,78.3612,90.0000
2021-22,17,227127,MID,0,0,false,74.7968,36.0000
2021-22,17,61810,DEF,0,0,false,89.7730,108.0000
2021-22,17,128295,MID,0,0,false,87.4909,90.0000
2021-22,17,144485,FWD,2,2,false,61.8823,108.0000
2021-22,17,154561,GKP,7,4,false,22.5410,0.0000
2021-22,17,174932,MID,1,1,false,66.2281,68.6000
2021-22,17,194010,DEF,0,0,false,84.2379,14.8000
2021-22,17,204580,MID,0,0,false,67.7224,50.6000
2021-22,17,213687,DEF,0,0,false,54.4142,0.0000
2021-22,17,231065,DEF,1,1,false,71.0155,103.4000
2021-22,17,446008,MID,0,0,false,82.0940,58.8000
2021-22,17,17761,DEF,0,0,false,79.6411,36.0000
2021-22,17,40145,MID,0,0,false,38.1359,29.4000
2021-22,17,51927,DEF,0,0,false,64.6690,36.0000
2021-22,17,60551,MID,0,0,false,76.5803,36.0000
2021-22,17,60586,MID,0,0,false,62.4682,27.0000
2021-22,17,60689,FWD,0,0,false,74.3169,52.6000
2021-22,17,68983,DEF,0,0,false,85.8845,36.0000
2021-22,17,98747,GKP,0,0,false,86.7703,0.0000
2021-22,17,103914,DEF,0,0,false,80.7672,36.0000
2021-22,17,172782,MID,0,0,false,75.1512,0.0000
2021-22,17,433154,MID,0,0,false,87.2239,34.6000
2021-22,17,41328,DEF,0,0,false,46.8652,90.0000
2021-22,17,51090,DEF,0,0,false,72.5177,82.2000
2021-22,17,82263,DEF,0,0,false,48.8866,100.6000
2021-22,17,85955,MID,0,0,false,67.8804,55.8000
2021-22,17,91651,MID,8,4,false,23.4909,66.4000
2021-22,17,102380,DEF,0,0,false,77.3176,108.0000
2021-22,17,103192,DEF,2,2,false,54.4764,0.0000
2021-22,17,116594,MID,5,4,false,29.0065,89.0000
2021-22,17,135363,DEF,1,1,false,41.0304,16.6000
2021-22,17,165153,FWD,1,1,false,36.1881,6.2000
2021-22,17,172850,DEF,5,4,true,33.6231,0.0000
2021-22,17,184341,MID,0,0,false,65.7529,91.8000
2021-22,17,209046,MID,1,1,false,32.3391,55.6000
2021-22,17,219847,MID,1,1,false,47.4558,17.6000
2021-22,17,225796,DEF,0,0,false,67.3456,41.2000
2021-22,17,228286,GKP,0,0,false,84.5031,72.0000
2021-22,17,232787,MID,0,0,false,82.7805,32.8000
2021-22,17,243568,MID,0,0,false,51.7624,36.0000
2021-22,17,40836,GKP,1,1,false,77.7830,36.0000
2021-22,17,49413,DEF,0,0,false,44.7570,19.4000
2021-22,17,50471,MID,6,4,false,29.8953,0.0000
2021-22,17,55037,DEF,0,0,false,75.1602,36.0000
2021-22,17,66975,MID,4,4,false,30.5010,20.0000
2021-22,17,80146,FWD,0,0,false,61.5370,54.0000
2021-22,17,82403,MID,0,0,false,79.3385,7.2000
2021-22,17,244723,DEF,0,0,false,79.7727,70.2000
2021-22,17,59949,DEF,1,1,false,62.2176,28.6000
2021-22,17,101188,DEF,3,3,false,52.3506,18.0000
2021-22,17,106611,DEF,0,0,false,87.4222,36.0000
2021-22,17,111234,GKP,0,0,false,84.4851,36.0000
2021-22,17,119765,MID,2,2,false,59.5475,17.2000
2021-22,17,121599,MID,0,0,false,68.7256,36.0000
2021-22,17,164511,DEF,2,2,false,21.7444,7.2000
2021-22,17,194164,DEF,0,0,false,46.1865,18.0000
2021-22,17,198826,DEF,0,0,false,82.3743,36.0000
2021-22,17,212319,FWD,1,1,false,55.7291,7.2000
2021-22,17,55914,DEF,2,2,false,54.1468,0.0000
2021-22,17,66588,DEF,0,0,false,55.3715,54.0000
2021-22,17,72222,MID,0,0,false,44.8926,51.4000
2021-22,17,80954,FWD,3,3,false,36.1497,5.0000
2021-22,17,87873,MID,0,0,false,89.6420,54.0000
2021-22,17,106617,FWD,2,2,false,25.4763,0.0000
2021-22,17,149915,DEF,0,0,false,70.8709,18.0000
2021-22,17,155405,MID,2,2,false,50.2400,0.0000
2021-22,17,219961,MID,0,0,false,73.2869,54.0000
2021-22,17,222694,DEF,3,3,false,39.6782,18.0000
2021-22,17,437495,GKP,0,0,false,88.3852,54.0000
2021-22,17,17745,GKP,0,0,false,90.0000,54.0000
2021-22,17,37642,DEF,0,0,false,62.6078,0.0000
2021-22,17,101668,FWD,1,1,false,65.6783,18.0000
2021-22,17,111931,DEF,5,4,false,21.9837,0.0000
2021-22,17,155569,DEF,4,4,false,23.0053,36.0000
2021-22,17,166477,DEF,0,0,false,79.1297,27.0000
2021-22,17,166989,MID,0,0,false,57.6557,38.8000
2021-22,17,172780,MID,0,0,false,66.6147,49.4000
2021-22,17,201666,MID,0,0,false,63.2872,3.0000
2021-22,17,203341,MID,0,0,false,69.4402,18.0000
2021-22,17,218031,DEF,0,0,false,79.5100,18.0000
2021-22,17,244619,DEF,0,0,false,50.2143,46.4000
2021-22,17,56979,MID,0,0,false,69.4727,49.8000
2021-22,17,60914,DEF,0,0,false,59.9813,54.0000
2021-22,17,61558,MID,0,0,false,57.3864,0.0000
2021-22,17,97032,DEF,1,1,false,60.0797,54.0000
2021-22,17,110979,MID,0,0,false,83.5144,52.0000
2021-22,17,116535,GKP,0,0,false,84.8535,54.0000
2021-22,17,116643,MID,1,1,false,62.4993,48.6000
2021-22,17,118748,MID,0,0,false,85.7426,54.0000
2021-22,17,122798,DEF,0,0,false,81.0227,33.2000
2021-22,17,169187,DEF,0,0,false,83.4006,72.0000
2021-22,17,194634,MID,0,0,false,59.4279,65.8000
2021-22,17,204716,DEF,0,0,false,32.8314,36.0000
2021-22,17,206915,MID,7,4,false,15.9372,18.2000
2021-22,17,214285,DEF,5,4,false,8.7591,37.6000
2021-22,17,58621,DEF,2,2,false,49.0275,18.0000
2021-22,17,59859,MID,0,0,false,52.3928,24.6000
2021-22,17,97299,DEF,0,0,false,35.9302,22.0000
2021-22,17,121145,DEF,1,1,false,71.1092,90.0000
2021-22,17,121160,GKP,0,0,false,86.4683,90.0000
2021-22,17,126184,DEF,0,0,false,20.3638,36.0000
2021-22,17,146941,DEF,0,0,false,61.2806,90.0000
2021-22,17,165809,MID,0,0,false,74.6280,90.0000
2021-22,17,171314,DEF,0,0,false,76.3008,67.8000
2021-22,17,205651,FWD,1,1,false,54.0812,48.8000
2021-22,17,206325,DEF,0,0,false,37.8587,36.0000
2021-22,17,209244,MID,0,0,false,51.8912,39.2000
2021-22,17,220566,MID,0,0,false,79.2434,49.4000
2021-22,17,221399,MID,0,0,false,69.7183,36.2000
2021-22,17,51940,GKP,0,0,false,83.2715,90.0000
2021-22,17,74208,MID,7,4,false,23.3730,0.0000
2021-22,17,95658,DEF,0,0,false,76.2712,39.8000
2021-22,17,101582,MID,0,0,false,72.0887,45.2000
2021-22,17,106760,DEF,4,4,false,45.6145,36.0000
2021-22,17,141746,MID,0,0,false,84.9741,59.6000
2021-22,17,152590,DEF,0,0,false,42.1491,54.0000
2021-22,17,184667,DEF,0,0,false,76.7530,36.0000
2021-22,17,195851,MID,0,0,false,72.6554,68.0000
2021-22,17,200617,MID,0,0,false,64.5475,23.6000
2021-22,17,214590,DEF,3,3,false,57.7738,34.6000
2021-22,17,220688,MID,0,0,false,35.4262,68.4000
2021-22,17,232937,DEF,0,0,false,48.3084,60.2000
2021-22,17,50232,MID,0,0,false,67.8839,36.0000
2021-22,17,56983,DEF,0,0,false,49.6207,18.0000
2021-22,17,58845,DEF,3,3,false,36.9298,18.0000
2021-22,17,59735,GKP,5,4,false,36.6036,0.0000
2021-22,17,67089,GKP,0,0,false,49.5386,54.0000
2021-22,17,75115,FWD,0,0,false,64.5694,27.0000
2021-22,17,101148,DEF,0,0,false,67.7896,54.0000
2021-22,17,109528,DEF,0,0,false,56.1179,18.0000
2021-22,17,111773,DEF,4,4,false,24.8788,18.0000
2021-22,17,119471,DEF,0,0,false,55.7664,36.0000
2021-22,17,153127,MID,0,0,false,44.4370,12.0000
2021-22,17,170137,FWD,0,0,false,75.8779,42.4000
2021-22,17,179018,MID,1,1,false,44.4788,19.6000
2021-22,17,180135,MID,5,4,false,24.2471,41.8000
2021-22,17,180974,FWD,0,0,false,68.0965,54.0000
2021-22,17,20480,GKP,0,0,false,90.0000,36.0000
2021-22,17,57127,FWD,0,0,false,88.2775,54.0000
2021-22,17,78607,MID,0,0,false,88.4937,54.0000
2021-22,17,83428,DEF,1,1,false,59.5083,36.0000
2021-22,17,232980,DEF,0,0,false,90.0000,51.8000
2021-22,17,466404,DEF,2,2,false,22.9940,0.0000
2021-22,17,58376,GKP,2,2,false,64.1945,0.0000
2021-22,17,78056,MID,0,0,false,68.6006,54.0000
2021-22,17,83283,MID,0,0,false,65.0315,50.2000
2021-22,17,84939,FWD,0,0,false,35.6177,47.4000
2021-22,17,88900,DEF,1,1,false,23.4549,0.0000
2021-22,17,101178,MID,0,0,false,83.8797,72.0000
2021-22,17,158534,DEF,0,0,false,71.2390,36.0000
2021-22,17,171771,DEF,1,1,false,61.3429,72.0000
2021-22,17,200439,FWD,2,2,false,50.0320,15.8000
2021-22,17,450527,DEF,0,0,false,64.1546,61.6000
2021-22,17,37915,GKP,0,0,false,90.0000,90.0000
2021-22,17,45268,MID,0,0,false,76.7752,54.0000
2021-22,17,78830,FWD,0,0,false,85.6375,84.6000
2021-22,17,85971,MID,0,0,false,84.8563,69.0000
2021-22,17,93264,DEF,0,0,false,82.8417,72.0000
2021-22,17,95715,MID,0,0,false,66.1766,61.4000
2021-22,17,108823,MID,2,2,false,15.1190,28.2000
2021-22,17,115556,DEF,0,0,false,54.3534,72.0000
2021-22,17,132015,MID,0,0,false,89.9866,69.6000
2021-22,17,173904,DEF,0,0,false,43.2962,90.0000
2021-22,17,199249,DEF,0,0,false,63.8484,59.8000
2021-22,17,199584,DEF,0,0,false,25.9867,36.0000
2021-22,17,209042,MID,0,0,false,73.4775,55.0000
2021-22,17,9089,GKP,4,4,false,36.0000,18.0000
2021-22,17,38290,DEF,1,1,false,39.6810,0.0000
2021-22,17,41338,DEF,0,0,false,83.7762,54.0000
2021-22,17,43250,MID,0,0,false,49.0293,2.8000
2021-22,17,54484,DEF,0,0,false,71.0466,12.6000
2021-22,17,131304,DEF,0,0,false,78.1474,18.0000
2021-22,17,154506,GKP,0,0,false,54.0000,36.0000
2021-22,17,155651,DEF,2,2,false,33.9801,36.0000
2021-22,17,232185,MID,4,4,false,38.6860,0.0000
2021-22,17,37096,GKP,0,0,false,88.3852,90.0000
2021-22,17,40669,DEF,6,4,true,33.8329,0.0000
2021-22,17,55459,DEF,4,4,false,49.8567,36.0000
2021-22,17,57531,FWD,0,0,false,79.8606,80.4000
2021-22,17,60232,DEF,0,0,false,66.2937,90.0000
2021-22,17,164555,DEF,0,0,false,63.1665,90.0000
2021-22,17,172841,MID,0,0,false,51.4389,46.8000
2021-22,17,178186,MID,0,0,false,78.3641,90.0000
2021-22,17,204480,MID,0,0,false,86.7703,72.0000
2021-22,17,215439,MID,0,0,false,89.6726,54.0000
2021-22,17,217593,MID,0,0,false,65.6470,40.6000
2021-22,17,222018,DEF,2,2,false,37.8931,25.2000
2021-22,17,19624,MID,0,0,false,76.5221,54.0000
2021-22,17,94147,DEF,0,0,false,89.2544,54.0000
2021-22,17,102057,FWD,1,1,false,55.5546,49.4000
2021-22,17,107613,DEF,0,0,false,83.1440,36.0000
2021-22,17,111291,DEF,0,0,false,26.1763,36.0000
2021-22,17,159533,MID,0,0,false,62.5617,9.4000
2021-22,17,171317,MID,0,0,false,73.0034,36.0000
2021-22,17,200402,DEF,0,0,false,84.4049,36.0000
2021-22,17,214048,DEF,0,0,false,77.3624,54.0000
2021-22,17,212723,MID,4,4,false,31.5801,32.2000
2021-22,17,230251,FWD,0,0,false,75.9566,43.6000
2021-22,17,432830,DEF,1,1,false,39.1669,0.0000
2021-22,17,83312,DEF,0,0,false,68.2283,72.0000
2021-22,17,225902,MID,0,0,false,60.4540,18.4000
2021-22,17,244560,DEF,4,4,false,17.7674,54.0000
2021-22,17,222564,MID,0,0,false,39.0368,28.6000
2021-22,17,443967,DEF,0,0,false,52.8212,22.4000
2021-22,17,57145,DEF,2,2,false,25.2998,0.0000
2021-22,17,227560,MID,10,4,false,6.3548,0.0000
2021-22,17,78007,FWD,0,0,false,63.5676,54.0000
2021-22,17,448514,DEF,1,1,false,54.4649,18.0000
2021-22,17,212325,MID,1,1,false,34.6281,58.8000
2021-22,17,55494,DEF,0,0,false,74.7742,72.0000
2021-22,17,149065,GKP,0,0,false,90.0000,54.0000
2021-22,17,209036,DEF,0,0,false,90.0000,54.0000
2021-22,17,437742,MID,1,1,false,33.5722,0.0000
2021-22,17,60252,MID,1,1,false,65.0954,0.0000
2021-22,17,191866,DEF,7,4,false,12.9888,36.0000
2021-22,17,172632,MID,1,1,false,47.9876,36.0000
2021-22,17,174874,DEF,0,0,false,44.0318,70.4000
2021-22,17,441191,DEF,0,0,false,89.8950,18.0000
2021-22,17,221632,DEF,3,3,false,34.9252,0.0000
2021-22,17,69143,MID,0,0,false,55.5187,51.2000
2021-22,17,96787,MID,1,1,false,34.9631,18.0000
2021-22,17,155511,FWD,1,1,false,48.9850,21.2000
2021-22,17,180736,DEF,0,0,false,33.8549,40.8000
2021-22,17,66749,FWD,1,1,false,22.0741,60.8000
2021-22,17,80179,MID,0,0,false,66.9170,40.2000
2021-22,17,90152,DEF,6,4,false,17.3148,76.8000
2021-22,17,240796,GKP,0,0,false,68.3208,90.0000
2021-22,17,184029,MID,0,0,false,56.6769,47.2000
2021-22,17,225321,GKP,0,0,false,88.0796,54.0000
2021-22,17,149519,MID,1,1,false,47.0649,9.0000
2021-22,17,14937,FWD,0,0,false,79.4694,68.0000
2021-22,17,438277,DEF,0,0,false,35.2870,18.0000
2021-22,17,179276,MID,4,4,false,32.7765,0.0000
2021-22,17,184754,FWD,0,0,false,62.2930,0.0000
2021-22,17,179268,DEF,0,0,false,86.4094,90.0000
2021-22,17,241157,DEF,1,1,false,67.8428,78.2000
2021-22,17,223723,DEF,0,0,false,89.4680,30.6000
2021-22,17,48760,DEF,5,4,false,20.2895,0.0000
2021-22,21,54694,FWD,5,4,false,33.1478,0.0000
2021-22,21,84450,MID,0,0,false,63.4342,54.0000
2021-22,21,156074,DEF,0,0,false,29.2790,21.8000
2021-22,21,167199,MID,0,0,false,73.4475,54.0000
2021-22,21,192895,DEF,0,0,false,66.0209,72.0000
2021-22,21,200089,MID,1,1,false,43.3736,71.4000
2021-22,21,209289,MID,0,0,false,35.5005,34.4000
2021-22,21,223340,MID,0,0,false,76.0646,68.0000
2021-22,21,226597,DEF,0,0,false,74.9319,72.0000
2021-22,21,98980,GKP,0,0,false,89.1845,90.0000
2021-22,21,114283,MID,1,1,false,41.2608,40.6000
2021-22,21,122806,MID,0,0,false,77.0781,70.8000
2021-22,21,123354,DEF,0,0,false,23.3925,9.2000
2021-22,21,149484,DEF,1,1,false,71.3203,90.0000
2021-22,21,169359,DEF,0,0,false,82.0601,36.0000
2021-22,21,178301,FWD,1,1,false,72.3534,72.2000
2021-22,21,184704,MID,3,3,false,30.2967,0.0000
2021-22,21,195546,MID,0,0,false,66.2032,75.8000
2021-22,21,199796,DEF,0,0,false,84.4301,84.8000
2021-22,21,199798,DEF,0,0,false,85.0521,44.2000
2021-22,21,230046,MID,0,0,false,73.6986,83.4000
2021-22,21,232653,MID,0,0,false,56.1112,89.6000
2021-22,21,18892,DEF,2,2,false,32.9218,7.4000
2021-22,21,39155,MID,0,0,false,59.2113,40.0000
2021-22,21,60307,MID,2,2,false,29.6415,63.2000
2021-22,21,61933,DEF,0,0,false,33.2374,18.2000
2021-22,21,78916,DEF,0,0,false,63.4360,90.0000
2021-22,21,83299,DEF,5,4,false,39.0941,28.6000
2021-22,21,110735,DEF,0,0,false,47.9578,90.0000
2021-22,21,111478,DEF,0,0,false,62.8860,101.6000
2021-22,21,115382,FWD,0,0,false,69.8477,91.4000
2021-22,21,116216,MID,0,0,false,67.0840,60.4000
2021-22,21,198869,DEF,0,0,false,87.7259,72.0000
2021-22,21,215059,GKP,0,0,false,81.9964,108.0000
2021-22,21,227127,MID,0,0,false,71.3774,41.2000
2021-22,21,61810,DEF,0,0,false,89.9066,108.0000
2021-22,21,128295,MID,0,0,false,76.4082,108.0000
2021-22,21,144485,FWD,0,0,false,78.4390,54.0000
2021-22,21,154561,GKP,10,4,false,9.2680,54.0000
2021-22,21,174932,MID,0,0,false,61.9663,83.0000
2021-22,21,194010,DEF,3,3,false,34.6355,73.8000
2021-22,21,204580,MID,0,0,false,44.4413,69.8000
2021-22,21,213687,DEF,3,3,true,22.3731,0.0000
2021-22,21,226956,DEF,0,0,false,58.0194,60.4000
2021-22,21,231065,DEF,0,0,false,78.3771,108.0000
2021-22,21,446008,MID,0,0,false,53.3848,92.4000
2021-22,21,17761,DEF,0,0,false,83.7769,90.0000
2021-22,21,40145,MID,0,0,false,51.4193,36.0000
2021-22,21,51927,DEF,0,0,false,74.3127,108.0000
2021-22,21,60551,MID,0,0,false,82.3038,72.0000
2021-22,21,60586,MID,0,0,false,61.9327,1.4000
2021-22,21,60689,FWD,0,0,false,78.5230,90.0000
2021-22,21,68983,DEF,0,0,false,87.0551,0.2000
2021-22,21,98747,GKP,2,2,false,54.3744,108.0000
2021-22,21,103914,DEF,0,0,false,83.0865,0.0000
2021-22,21,172782,MID,2,2,false,47.6137,90.0000
2021-22,21,433154,MID,0,0,false,86.6661,95.6000
2021-22,21,41328,DEF,0,0,false,57.1764,54.0000
2021-22,21,51090,DEF,0,0,false,64.4837,72.0000
2021-22,21,82263,DEF,0,0,false,61.1250,37.8000
2021-22,21,85955,MID,0,0,false,59.5956,44.8000
2021-22,21,91651,MID,0,0,false,41.9457,41.2000
2021-22,21,102380,DEF,0,0,false,80.0977,72.0000
2021-22,21,103192,DEF,5,4,false,30.4575,54.0000
2021-22,21,116594,MID,0,0,false,46.3504,54.0000
2021-22,21,135363,DEF,1,1,false,32.1734,18.0000
2021-22,21,165153,FWD,5,4,false,23.6486,6.2000
2021-22,21,172850,DEF,9,4,true,21.7142,0.0000
2021-22,21,176413,MID,0,0,false,58.0206,31.6000
2021-22,21,184341,MID,0,0,false,76.5935,37.8000
2021-22,21,209046,MID,0,0,false,35.7405,39.4000
2021-22,21,219847,MID,0,0,false,37.4795,20.0000
2021-22,21,225796,DEF,1,1,false,57.3732,0.0000
2021-22,21,228286,GKP,0,0,false,85.8416,18.0000
2021-22,21,232787,MID,2,2,false,58.5553,90.0000
2021-22,21,243568,MID,1,1,false,49.9584,41.2000
2021-22,21,40836,GKP,0,0,false,73.6639,63.0000
2021-22,21,49413,DEF,1,1,false,36.3045,0.0000
2021-22,21,50471,MID,9,4,false,19.3172,24.8000
2021-22,21,55037,DEF,1,1,false,67.9798,36.0000
2021-22,21,66975,MID,0,0,false,31.8817,4.8000
2021-22,21,80146,FWD,0,0,false,71.7112,42.2000
2021-22,21,82403,MID,2,2,false,52.8275,72.0000
2021-22,21,244723,DEF,0,0,false,80.4159,108.0000
2021-22,21,59949,DEF,0,0,false,67.5708,64.6000
2021-22,21,101188,DEF,4,4,false,41.9834,90.0000
2021-22,21,106611,DEF,0,0,false,87.8188,72.0000
2021-22,21,111234,GKP,0,0,false,85.4266,90.0000
2021-22,21,119765,MID,0,0,false,64.8381,52.8000
2021-22,21,121599,MID,0,0,false,72.9815,30.8000
2021-22,21,164511,DEF,3,3,false,17.7516,32.0000
2021-22,21,194164,DEF,0,0,false,55.2859,72.0000
2021-22,21,198826,DEF,0,0,false,83.7524,36.0000
2021-22,21,212319,FWD,2,2,false,44.6958,78.2000
2021-22,21,55914,DEF,4,4,false,39.0207,0.0000
2021-22,21,66588,DEF,0,0,false,66.4078,108.0000
2021-22,21,72222,MID,0,0,false,56.9069,86.6000
2021-22,21,80954,FWD,5,4,false,25.8726,86.0000
2021-22,21,87873,MID,0,0,false,89.7464,91.6000
2021-22,21,106617,FWD,4,4,false,20.3618,0.0000
2021-22,21,149915,DEF,0,0,false,65.3312,63.0000
2021-22,21,155405,MID,4,4,false,36.6008,0.0000
2021-22,21,219961,MID,0,0,false,77.5725,90.0000
2021-22,21,222694,DEF,5,4,false,29.0592,108.0000
2021-22,21,437495,GKP,0,0,false,88.6336,108.0000
2021-22,21,17745,GKP,0,0,false,90.0000,90.0000
2021-22,21,37642,DEF,2,2,false,43.2757,0.0000
2021-22,21,101668,FWD,0,0,false,60.8788,0.0000
2021-22,21,111931,DEF,7,4,false,15.2994,36.0000
2021-22,21,155569,DEF,0,0,false,43.6245,72.0000
2021-22,21,166477,DEF,0,0,false,75.3184,0.0000
2021-22,21,166989,MID,0,0,false,56.8294,77.8000
2021-22,21,172780,MID,0,0,false,69.4658,71.6000
2021-22,21,201666,MID,2,2,false,43.0709,35.8000
2021-22,21,203341,MID,0,0,false,62.4944,50.6000
2021-22,21,218031,DEF,2,2,false,53.3516,72.0000
2021-22,21,244619,DEF,0,0,false,61.4311,76.2000
2021-22,21,56979,MID,0,0,false,64.7943,70.0000
2021-22,21,60914,DEF,1,1,false,54.8832,108.0000
2021-22,21,61558,MID,3,3,false,35.9967,43.2000
2021-22,21,97032,DEF,0,0,false,59.8650,108.0000
2021-22,21,110979,MID,0,0,false,84.3307,49.2000
2021-22,21,116535,GKP,1,1,false,72.8817,108.0000
2021-22,21,116643,MID,0,0,false,61.4303,90.0000
2021-22,21,118748,MID,0,0,false,86.9958,60.0000
2021-22,21,122798,DEF,2,2,false,58.8159,90.0000
2021-22,21,169187,DEF,0,0,false,85.5714,90.0000
2021-22,21,194634,MID,0,0,false,65.3865,56.8000
2021-22,21,204716,DEF,0,0,false,44.5724,0.0000
2021-22,21,214285,DEF,0,0,false,30.4776,18.0000
2021-22,21,58621,DEF,6,4,false,28.8571,72.0000
2021-22,21,59859,MID,0,0,false,42.6941,41.0000
2021-22,21,61366,MID,0,0,false,60.1462,70.6000
2021-22,21,97299,DEF,3,3,false,23.7441,36.0000
2021-22,21,103955,MID,0,0,false,61.5515,79.2000
2021-22,21,121145,DEF,0,0,false,78.1280,72.0000
2021-22,21,121160,GKP,0,0,false,87.8406,90.0000
2021-22,21,126184,DEF,0,0,false,33.8305,18.0000
2021-22,21,146941,DEF,0,0,false,71.2014,72.0000
2021-22,21,165809,MID,0,0,false,79.4428,86.8000
2021-22,21,171314,DEF,0,0,false,80.2206,72.0000
2021-22,21,205651,FWD,0,0,false,56.8861,6.4000
2021-22,21,206325,DEF,2,2,false,37.6878,18.0000
2021-22,21,209244,MID,1,1,false,41.3938,83.6000
2021-22,21,220566,MID,0,0,false,62.9794,72.0000
2021-22,21,221399,MID,0,0,false,64.2007,99.0000
2021-22,21,51940,GKP,0,0,false,84.3067,126.0000
2021-22,21,62398,MID,0,0,false,43.2835,19.2000
2021-22,21,74208,MID,10,4,false,15.7878,52.6000
2021-22,21,95658,DEF,1,1,false,67.7228,93.8000
2021-22,21,101582,MID,1,1,false,47.1231,71.2000
2021-22,21,106760,DEF,0,0,false,55.3828,72.0000
2021-22,21,141746,MID,0,0,false,64.9723,125.6000
2021-22,21,152590,DEF,2,2,false,33.3105,56.0000
2021-22,21,184667,DEF,3,3,false,44.6652,72.0000
2021-22,21,195851,MID,0,0,false,77.0206,101.4000
2021-22,21,200617,MID,0,0,false,49.7812,98.0000
2021-22,21,214590,DEF,0,0,false,61.3287,18.0000
2021-22,21,220688,MID,0,0,false,47.2509,47.8000
2021-22,21,232937,DEF,0,0,false,55.5157,87.2000
2021-22,21,50232,MID,0,0,false,63.2428,90.0000
2021-22,21,56983,DEF,1,1,false,47.1470,0.0000
2021-22,21,58845,DEF,1,1,false,38.3030,4.2000
2021-22,21,59735,GKP,7,4,false,28.2209,0.0000
2021-22,21,67089,GKP,0,0,false,58.9734,90.0000
2021-22,21,75115,FWD,0,0,false,64.5467,0.0000
2021-22,21,101148,DEF,0,0,false,72.5706,49.6000
2021-22,21,109528,DEF,0,0,false,53.4102,14.6000
2021-22,21,111773,DEF,0,0,false,31.0203,26.4000
2021-22,21,119471,DEF,0,0,false,53.4623,90.0000
2021-22,21,153127,MID,1,1,false,40.4330,0.0000
2021-22,21,170137,FWD,0,0,false,72.2845,71.0000
2021-22,21,179018,MID,0,0,false,44.9419,3.0000
2021-22,21,180135,MID,0,0,false,33.9002,27.6000
2021-22,21,180974,FWD,0,0,false,73.0455,80.2000
2021-22,21,20480,GKP,0,0,false,64.7857,18.0000
2021-22,21,57127,FWD,0,0,false,75.3750,89.2000
2021-22,21,78607,MID,0,0,false,89.1883,67.8000
2021-22,21,83428,DEF,0,0,false,48.3550,90.0000
2021-22,21,232980,DEF,0,0,false,76.3032,82.2000
2021-22,21,428626,MID,0,0,false,45.2282,15.6000
2021-22,21,466404,DEF,5,4,false,12.3906,0.0000
2021-22,21,58376,GKP,5,4,false,40.7256,0.0000
2021-22,21,78056,MID,0,0,false,64.0787,90.0000
2021-22,21,83283,MID,0,0,false,59.0691,27.0000
2021-22,21,84939,FWD,0,0,false,50.3197,38.8000
2021-22,21,88900,DEF,4,4,false,15.8115,9.0000
2021-22,21,101178,MID,0,0,false,86.5528,90.0000
2021-22,21,158534,DEF,1,1,false,64.9675,72.0000
2021-22,21,171771,DEF,0,0,false,73.3176,77.0000
2021-22,21,200439,FWD,0,0,false,37.2691,80.4000
2021-22,21,450527,DEF,0,0,false,64.6871,90.0000
2021-22,21,37915,GKP,0,0,false,90.0000,108.0000
2021-22,21,45268,MID,0,0,false,79.3511,126.0000
2021-22,21,78830,FWD,0,0,false,84.2835,108.0000
2021-22,21,85971,MID,0,0,false,85.4700,69.8000
2021-22,21,93264,DEF,0,0,false,84.7678,54.0000
2021-22,21,95715,MID,0,0,false,58.9212,60.8000
2021-22,21,108823,MID,1,1,false,23.6054,19.6000
2021-22,21,115556,DEF,0,0,false,60.2332,108.0000
2021-22,21,132015,MID,0,0,false,79.8776,83.8000
2021-22,21,173904,DEF,0,0,false,66.8044,72.2000
2021-22,21,199249,DEF,0,0,false,60.9282,32.0000
2021-22,21,199584,DEF,2,2,false,21.6545,29.2000
2021-22,21,209042,MID,0,0,false,56.7465,24.6000
2021-22,21,9089,GKP,6,4,false,20.6533,108.0000
2021-22,21,38290,DEF,3,3,false,22.7651,0.0000
2021-22,21,41338,DEF,0,0,false,86.4294,108.0000
2021-22,21,54484,DEF,1,1,false,48.3540,109.8000
2021-22,21,108413,MID,0,0,false,50.0284,80.0000
2021-22,21,131304,DEF,0,0,false,65.6747,0.0000
2021-22,21,154506,GKP,0,0,false,69.3467,18.0000
2021-22,21,155651,DEF,0,0,false,57.8612,0.0000
2021-22,21,208973,DEF,0,0,false,41.7545,0.0000
2021-22,21,232185,MID,6,4,false,22.1943,45.0000
2021-22,21,471471,MID,0,0,false,45.9111,47.6000
2021-22,21,37096,GKP,0,0,false,88.6336,72.0000
2021-22,21,40669,DEF,9,4,true,21.6389,0.0000
2021-22,21,55459,DEF,0,0,false,41.9182,90.0000
2021-22,21,57531,FWD,0,0,false,77.6568,90.0000
2021-22,21,60232,DEF,0,0,false,75.3924,90.0000
2021-22,21,164555,DEF,0,0,false,76.3941,63.0000
2021-22,21,172841,MID,0,0,false,51.9803,28.4000
2021-22,21,178186,MID,0,0,false,82.5425,90.0000
2021-22,21,204480,MID,0,0,false,77.8998,90.0000
2021-22,21,215439,MID,0,0,false,78.7041,72.0000
2021-22,21,217593,MID,0,0,false,52.0648,83.2000
2021-22,21,219924,DEF,0,0,false,60.6950,35.2000
2021-22,21,222018,DEF,0,0,false,33.2124,9.0000
2021-22,21,19624,MID,0,0,false,79.9410,65.4000
2021-22,21,94147,DEF,0,0,false,89.3767,106.0000
2021-22,21,102057,FWD,0,0,false,62.0076,86.8000
2021-22,21,107613,DEF,0,0,false,84.3307,72.0000
2021-22,21,111291,DEF,0,0,false,43.7827,12.8000
2021-22,21,171317,MID,0,0,false,77.6883,90.0000
2021-22,21,200402,DEF,0,0,false,76.3052,102.0000
2021-22,21,214048,DEF,0,0,false,79.3067,108.0000
2021-22,21,212723,MID,0,0,false,29.8669,89.0000
2021-22,21,230251,FWD,0,0,false,71.5226,103.0000
2021-22,21,432830,DEF,3,3,false,21.4441,18.0000
2021-22,21,83312,DEF,0,0,false,78.2681,90.0000
2021-22,21,225902,MID,0,0,false,56.0067,14.6000
2021-22,21,244560,DEF,0,0,false,39.5592,72.0000
2021-22,21,443967,DEF,0,0,false,54.0834,34.2000
2021-22,21,57145,DEF,4,4,false,19.8790,0.0000
2021-22,21,227560,MID,12,4,false,3.6458,0.0000
2021-22,21,78007,FWD,0,0,false,69.3111,118.0000
2021-22,21,448514,DEF,3,3,false,38.4594,94.8000
2021-22,21,212325,MID,0,0,false,51.7161,64.8000
2021-22,21,55494,DEF,0,0,false,79.4529,72.0000
2021-22,21,149065,GKP,0,0,false,90.0000,108.0000
2021-22,21,209036,DEF,0,0,false,78.4825,108.0000
2021-22,21,437742,MID,4,4,false,18.9347,18.0000
2021-22,21,60252,MID,2,2,false,51.7914,34.0000
2021-22,21,191866,DEF,0,0,false,20.2772,90.0000
2021-22,21,172632,MID,0,0,false,55.8312,40.8000
2021-22,21,174874,DEF,0,0,false,61.9562,108.0000
2021-22,21,441191,DEF,2,2,false,59.9584,21.8000
2021-22,21,221632,DEF,7,4,false,12.7505,72.0000
2021-22,21,69143,MID,0,0,false,70.2180,60.4000
2021-22,21,96787,MID,2,2,false,30.3578,59.0000
2021-22,21,155511,FWD,0,0,false,41.0471,2.6000
2021-22,21,180736,DEF,0,0,false,43.4994,0.0000
2021-22,21,66749,FWD,1,1,false,28.3045,69.8000
2021-22,21,80179,MID,0,0,false,74.9677,50.2000
2021-22,21,90152,DEF,0,0,false,43.2855,91.0000
2021-22,21,240796,GKP,0,0,false,81.1529,18.0000
2021-22,21,184029,MID,0,0,false,61.6179,67.4000
2021-22,21,225321,GKP,0,0,false,88.8731,72.0000
2021-22,21,149519,MID,0,0,false,36.5380,60.4000
2021-22,21,14937,FWD,0,0,false,84.9310,89.2000
2021-22,21,438277,DEF,2,2,false,30.4208,0.0000
2021-22,21,179276,MID,7,4,false,17.3475,24.6000
2021-22,21,184754,FWD,2,2,false,40.0183,23.0000
2021-22,21,179268,DEF,0,0,false,88.2420,108.0000
2021-22,21,199670,FWD,0,0,false,69.7245,42.8000
2021-22,21,241157,DEF,0,0,false,79.8045,57.8000
2021-22,21,223723,DEF,0,0,false,74.2800,0.0000
2021-22,21,48760,DEF,8,4,false,8.1148,0.0000
2021-22,25,54694,FWD,7,4,true,24.1083,0.0000
2021-22,25,58822,DEF,0,0,false,20.6323,105.0000
2021-22,25,59966,FWD,0,0,false,69.2525,99.0000
2021-22,25,84450,MID,0,0,false,59.0723,108.0000
2021-22,25,156074,DEF,0,0,false,37.6845,1.0000
2021-22,25,167199,MID,0,0,false,64.5006,108.0000
2021-22,25,192895,DEF,0,0,false,73.1781,108.0000
2021-22,25,200089,MID,0,0,false,57.0526,87.8000
2021-22,25,209289,MID,0,0,false,39.0377,39.8000
2021-22,25,223340,MID,0,0,false,76.6423,99.0000
2021-22,25,226597,DEF,0,0,false,78.6416,108.0000
2021-22,25,444145,MID,0,0,false,60.7715,61.8000
2021-22,25,98980,GKP,0,0,false,89.6407,108.0000
2021-22,25,114283,MID,1,1,false,43.2915,36.0000
2021-22,25,122806,MID,0,0,false,75.0704,108.0000
2021-22,25,149484,DEF,0,0,false,81.2824,108.0000
2021-22,25,169359,DEF,1,1,false,54.9937,108.0000
2021-22,25,178301,FWD,0,0,false,77.8506,94.6000
2021-22,25,184704,MID,7,4,false,14.9594,0.0000
2021-22,25,195546,MID,0,0,false,71.4677,34.2000
2021-22,25,199796,DEF,0,0,false,85.2883,102.8000
2021-22,25,199798,DEF,1,1,false,69.0846,36.0000
2021-22,25,230046,MID,0,0,false,81.4398,94.4000
2021-22,25,232653,MID,0,0,false,68.7563,101.0000
2021-22,25,39155,MID,0,0,false,43.7102,12.4000
2021-22,25,60307,MID,0,0,false,49.4126,40.8000
2021-22,25,61933,DEF,0,0,false,13.3107,54.0000
2021-22,25,78916,DEF,0,0,false,65.7605,108.0000
2021-22,25,83299,DEF,0,0,false,41.2441,72.0000
2021-22,25,110735,DEF,0,0,false,70.9153,0.0000
2021-22,25,111478,DEF,0,0,false,73.6211,87.4000
2021-22,25,115382,FWD,0,0,false,72.1776,78.2000
2021-22,25,116216,MID,0,0,false,58.3447,79.0000
2021-22,25,198869,DEF,0,0,false,88.2714,108.0000
2021-22,25,215059,GKP,0,0,false,84.4354,90.0000
2021-22,25,227127,MID,0,0,false,51.3562,61.2000
2021-22,25,232792,DEF,0,0,false,48.3795,68.0000
2021-22,25,243505,MID,0,0,false,67.9610,37.2000
2021-22,25,61810,DEF,0,0,false,89.9583,90.0000
2021-22,25,128295,MID,0,0,false,83.9335,81.6000
2021-22,25,144485,FWD,2,2,false,60.2944,59.6000
2021-22,25,154561,GKP,0,0,false,28.6822,90.0000
2021-22,25,174932,MID,0,0,false,65.6012,51.2000
2021-22,25,194010,DEF,0,0,false,49.1422,86.6000
2021-22,25,204580,MID,0,0,false,51.6306,74.2000
2021-22,25,207283,MID,0,0,false,54.9944,38.6000
2021-22,25,213687,DEF,7,4,true,9.9859,0.0000
2021-22,25,226956,DEF,1,1,false,56.3166,7.8000
2021-22,25,228044,DEF,3,3,false,24.9590,0.0000
2021-22,25,231065,DEF,0,0,false,84.8123,90.0000
2021-22,25,446008,MID,0,0,false,64.5241,90.0000
2021-22,25,17761,DEF,0,0,false,87.1027,90.0000
2021-22,25,39487,DEF,0,0,false,52.8853,47.8000
2021-22,25,40145,MID,3,3,false,23.6130,47.8000
2021-22,25,51927,DEF,0,0,false,82.0467,61.8000
2021-22,25,60551,MID,0,0,false,86.9224,59.4000
2021-22,25,60586,MID,2,2,true,28.5835,0.0000
2021-22,25,60689,FWD,0,0,false,83.7621,108.0000
2021-22,25,68983,DEF,3,3,false,41.8192,0.2000
2021-22,25,98747,GKP,0,0,false,74.5800,108.0000
2021-22,25,103914,DEF,3,3,false,38.7345,60.0000
2021-22,25,172782,MID,0,0,false,61.7091,108.0000
2021-22,25,433154,MID,0,0,false,78.0719,108.0000
2021-22,25,41328,DEF,0,0,false,67.6584,9.0000
2021-22,25,51090,DEF,0,0,false,72.0202,54.0000
2021-22,25,82263,DEF,0,0,false,57.4021,3.2000
2021-22,25,85955,MID,0,0,false,56.7517,68.6000
2021-22,25,91651,MID,0,0,false,49.5192,29.6000
2021-22,25,102380,DEF,0,0,false,81.7047,54.0000
2021-22,25,103192,DEF,1,1,false,37.6317,90.0000
2021-22,25,116594,MID,0,0,false,52.0287,47.4000
2021-22,25,124183,MID,0,0,false,43.9124,36.0000
2021-22,25,135363,DEF,3,3,false,22.0879,54.0000
2021-22,25,172850,DEF,11,4,true,16.4889,0.0000
2021-22,25,176413,MID,1,1,false,45.7691,38.4000
2021-22,25,184341,MID,0,0,false,72.7428,45.8000
2021-22,25,209046,MID,0,0,false,45.3085,0.0000
2021-22,25,225796,DEF,3,3,false,39.2976,13.8000
2021-22,25,228286,GKP,2,2,false,57.8713,72.0000
2021-22,25,232787,MID,0,0,false,73.0926,72.0000
2021-22,25,243568,MID,0,0,false,40.4032,49.0000
2021-22,25,40836,GKP,0,0,false,74.3882,45.0000
2021-22,25,49413,DEF,5,4,false,18.5944,0.0000
2021-22,25,50471,MID,0,0,false,15.5577,38.0000
2021-22,25,55037,DEF,5,4,false,38.8778,68.8000
2021-22,25,80146,FWD,0,0,false,53.2040,25.2000
2021-22,25,82403,MID,0,0,false,53.9550,90.0000
2021-22,25,244723,DEF,0,0,false,82.0510,90.0000
2021-22,25,59949,DEF,0,0,false,62.8403,90.0000
2021-22,25,101188,DEF,0,0,false,69.0539,55.8000
2021-22,25,106611,DEF,0,0,false,77.7745,63.0000
2021-22,25,111234,GKP,0,0,false,86.5696,72.0000
2021-22,25,119765,MID,0,0,false,62.1548,61.4000
2021-22,25,121599,MID,2,2,false,50.9944,72.0000
2021-22,25,164511,DEF,1,1,false,30.1264,0.0000
2021-22,25,177815,FWD,0,0,false,51.2011,34.4000
2021-22,25,194164,DEF,0,0,false,64.7493,90.0000
2021-22,25,198826,DEF,2,2,false,58.8540,36.0000
2021-22,25,212319,FWD,0,0,false,64.5396,89.4000
2021-22,25,55914,DEF,8,4,false,21.7347,0.0000
2021-22,25,66588,DEF,0,0,false,79.7039,126.0000
2021-22,25,72222,MID,0,0,false,64.4840,81.4000
2021-22,25,80954,FWD,0,0,false,51.5226,87.2000
2021-22,25,87873,MID,0,0,false,77.2804,126.0000
2021-22,25,106617,FWD,8,4,false,15.5220,19.8000
2021-22,25,149915,DEF,0,0,false,66.2182,52.8000
2021-22,25,155405,MID,8,4,false,21.2126,0.0000
2021-22,25,193645,DEF,0,0,false,59.6044,76.0000
2021-22,25,219961,MID,0,0,false,75.3699,99.0000
2021-22,25,222694,DEF,0,0,false,60.5745,117.0000
2021-22,25,437495,GKP,0,0,false,88.8158,118.8000
2021-22,25,17745,GKP,0,0,false,90.0000,90.0000
2021-22,25,37642,DEF,6,4,false,23.2371,5.2000
2021-22,25,101668,FWD,4,4,false,31.1847,15.6000
2021-22,25,111931,DEF,0,0,false,22.9503,39.0000
2021-22,25,155569,DEF,0,0,false,56.3263,90.0000
2021-22,25,166477,DEF,4,4,false,35.8438,12.6000
2021-22,25,166989,MID,0,0,false,68.1711,68.2000
2021-22,25,172780,MID,0,0,false,75.7039,42.8000
2021-22,25,201666,MID,0,0,false,46.5987,72.0000
2021-22,25,203341,MID,0,0,false,57.0605,53.4000
2021-22,25,218031,DEF,0,0,false,59.2389,90.0000
2021-22,25,244619,DEF,0,0,false,64.0729,72.0000
2021-22,25,56979,MID,0,0,false,59.2447,75.4000
2021-22,25,60914,DEF,0,0,false,67.8571,72.0000
2021-22,25,61558,MID,0,0,false,36.0305,41.8000
2021-22,25,97032,DEF,0,0,false,69.6050,90.0000
2021-22,25,110979,MID,0,0,false,55.1948,90.0000
2021-22,25,116535,GKP,0,0,false,80.9411,90.0000
2021-22,25,116643,MID,0,0,false,74.6783,72.0000
2021-22,25,118748,MID,0,0,false,64.0106,71.2000
2021-22,25,122798,DEF,0,0,false,75.0416,72.0000
2021-22,25,169187,DEF,0,0,false,87.1155,72.0000
2021-22,25,194634,MID,0,0,false,63.3828,18.2000
2021-22,25,204716,DEF,4,4,false,20.6244,18.0000
2021-22,25,206915,MID,1,1,false,31.2937,15.6000
2021-22,25,214285,DEF,4,4,false,14.5620,18.0000
2021-22,25,58621,DEF,0,0,false,46.0385,54.0000
2021-22,25,59859,MID,0,0,false,40.1143,35.2000
2021-22,25,61366,MID,1,1,false,59.5741,69.8000
2021-22,25,97299,DEF,1,1,false,32.9422,54.0000
2021-22,25,103955,MID,0,0,false,70.9709,28.6000
2021-22,25,121145,DEF,1,1,false,69.8346,72.0000
2021-22,25,121160,GKP,0,0,false,88.5750,72.0000
2021-22,25,126184,DEF,0,0,false,30.7541,0.0000
2021-22,25,146941,DEF,1,1,false,64.5804,72.0000
2021-22,25,165809,MID,0,0,false,80.0205,72.0000
2021-22,25,171314,DEF,0,0,false,76.7881,36.0000
2021-22,25,205651,FWD,2,2,false,35.6865,2.6000
2021-22,25,206325,DEF,0,0,false,33.9411,0.0000
2021-22,25,209244,MID,0,0,false,58.2693,72.0000
2021-22,25,220566,MID,1,1,false,62.9366,72.0000
2021-22,25,221399,MID,0,0,false,77.5354,89.4000
2021-22,25,51940,GKP,0,0,false,85.0658,72.0000
2021-22,25,62398,MID,3,3,false,24.8754,30.4000
2021-22,25,74208,MID,0,0,false,31.5179,61.8000
2021-22,25,95658,DEF,0,0,false,70.0693,54.0000
2021-22,25,101582,MID,0,0,false,50.1671,52.8000
2021-22,25,106760,DEF,0,0,false,56.0280,21.2000
2021-22,25,141746,MID,0,0,false,80.0919,54.0000
2021-22,25,152590,DEF,0,0,false,34.4532,50.6000
2021-22,25,184667,DEF,0,0,false,45.2787,55.4000
2021-22,25,195851,MID,0,0,false,72.6029,36.0000
2021-22,25,200617,MID,0,0,false,64.8586,120.0000
2021-22,25,214590,DEF,4,4,false,29.8139,54.0000
2021-22,25,220688,MID,2,2,false,38.9493,0.0000
2021-22,25,232937,DEF,0,0,false,65.8978,88.0000
2021-22,25,50232,MID,0,0,false,76.9919,72.0000
2021-22,25,56983,DEF,5,4,false,22.7624,0.0000
2021-22,25,58845,DEF,2,2,false,22.6423,0.0000
2021-22,25,59735,GKP,11,4,false,16.9037,0.0000
2021-22,25,67089,GKP,0,0,false,71.9237,108.0000
2021-22,25,75115,FWD,4,4,false,31.7010,0.0000
2021-22,25,101148,DEF,1,1,false,61.9866,19.4000
2021-22,25,109528,DEF,0,0,false,34.4316,18.4000
2021-22,25,111773,DEF,0,0,false,22.5104,90.0000
2021-22,25,119471,DEF,0,0,false,69.8136,108.0000
2021-22,25,153127,MID,5,4,false,21.3078,0.0000
2021-22,25,170137,FWD,0,0,false,77.8897,13.2000
2021-22,25,180135,MID,2,2,false,31.1554,22.8000
2021-22,25,180974,FWD,0,0,false,74.1757,72.0000
2021-22,25,20480,GKP,3,3,false,39.3711,54.0000
2021-22,25,57127,FWD,0,0,false,82.6790,90.0000
2021-22,25,78607,MID,0,0,false,78.0437,90.0000
2021-22,25,83428,DEF,0,0,false,70.5170,72.0000
2021-22,25,232980,DEF,0,0,false,77.7431,73.2000
2021-22,25,235546,DEF,2,2,false,24.4005,0.0000
2021-22,25,466404,DEF,9,4,true,5.7967,0.0000
2021-22,25,40383,GKP,0,0,false,59.2505,90.0000
2021-22,25,58376,GKP,9,4,false,24.9044,0.0000
2021-22,25,78056,MID,0,0,false,74.2663,81.4000
2021-22,25,83283,MID,2,2,false,43.9098,3.2000
2021-22,25,84939,FWD,0,0,false,37.5461,76.8000
2021-22,25,88900,DEF,0,0,false,16.9689,19.8000
2021-22,25,101178,MID,0,0,false,88.3361,90.0000
2021-22,25,158534,DEF,0,0,false,68.8614,78.4000
2021-22,25,171771,DEF,0,0,false,72.9799,90.0000
2021-22,25,200439,FWD,0,0,false,58.9426,88.4000
2021-22,25,450527,DEF,0,0,false,72.7703,72.0000
2021-22,25,37915,GKP,0,0,false,90.0000,126.0000
2021-22,25,45268,MID,0,0,false,81.4240,108.0000
2021-22,25,78830,FWD,0,0,false,86.6987,126.0000
2021-22,25,85971,MID,0,0,false,69.9336,116.0000
2021-22,25,93264,DEF,2,2,false,53.2274,126.0000
2021-22,25,95715,MID,0,0,false,60.9416,11.6000
2021-22,25,108823,MID,0,0,false,22.7869,17.2000
2021-22,25,115556,DEF,0,0,false,72.1315,125.2000
2021-22,25,132015,MID,1,1,false,68.1804,126.0000
2021-22,25,157668,MID,0,0,false,56.9923,27.4000
2021-22,25,173904,DEF,0,0,false,75.4229,7.8000
2021-22,25,199249,DEF,1,1,false,49.4842,62.4000
2021-22,25,199584,DEF,2,2,true,24.6717,0.0000
2021-22,25,209042,MID,2,2,true,38.6807,0.0000
2021-22,25,9089,GKP,0,0,false,54.4908,108.0000
2021-22,25,38290,DEF,7,4,false,8.1802,0.0000
2021-22,25,41338,DEF,0,0,false,78.1261,90.2000
2021-22,25,54484,DEF,0,0,false,66.4498,77.8000
2021-22,25,108413,MID,0,0,false,65.3900,17.4000
2021-22,25,131304,DEF,4,4,false,23.5989,0.0000
2021-22,25,154506,GKP,2,2,false,35.5092,0.0000
2021-22,25,155651,DEF,4,4,false,20.7913,0.0000
2021-22,25,208973,DEF,4,4,false,15.0036,0.0000
2021-22,25,232185,MID,0,0,false,15.4640,54.0000
2021-22,25,37096,GKP,0,0,false,80.5363,90.0000
2021-22,25,40669,DEF,13,4,true,15.6742,0.0000
2021-22,25,55459,DEF,0,0,false,64.2992,83.2000
2021-22,25,57531,FWD,0,0,false,81.0134,75.2000
2021-22,25,60232,DEF,0,0,false,79.7422,90.0000
2021-22,25,164555,DEF,0,0,false,77.1633,0.0000
2021-22,25,172841,MID,0,0,false,37.5793,57.0000
2021-22,25,178186,MID,0,0,false,84.5892,46.6000
2021-22,25,204480,MID,0,0,false,82.7086,72.0000
2021-22,25,215439,MID,0,0,false,77.1012,90.0000
2021-22,25,217593,MID,0,0,false,65.3345,78.8000
2021-22,25,219924,DEF,0,0,false,52.6404,0.8000
2021-22,25,222018,DEF,4,4,false,18.3454,81.0000
2021-22,25,19624,MID,2,2,false,58.2411,101.4000
2021-22,25,94147,DEF,0,0,false,88.1824,126.0000
2021-22,25,102057,FWD,0,0,false,60.6193,85.0000
2021-22,25,107613,DEF,0,0,false,67.3372,126.0000
2021-22,25,111291,DEF,1,1,false,28.3773,51.4000
2021-22,25,171317,MID,0,0,false,74.7957,112.8000
2021-22,25,200402,DEF,0,0,false,83.0942,30.0000
2021-22,25,214048,DEF,0,0,false,80.7325,87.6000
2021-22,25,107265,GKP,0,0,false,50.6289,36.0000
2021-22,25,212723,MID,0,0,false,61.8676,76.2000
2021-22,25,230251,FWD,0,0,false,70.5471,106.2000
2021-22,25,432830,DEF,6,4,false,8.2471,64.0000
2021-22,25,83312,DEF,0,0,false,84.5114,72.0000
2021-22,25,244560,DEF,0,0,false,66.4020,29.4000
2021-22,25,443967,DEF,3,3,false,25.1845,81.4000
2021-22,25,57145,DEF,8,4,false,13.0314,0.0000
2021-22,25,227560,MID,16,4,false,1.3100,3.4000
2021-22,25,78007,FWD,0,0,false,74.0928,50.0000
2021-22,25,448514,DEF,0,0,false,55.0566,71.4000
2021-22,25,212325,MID,0,0,false,65.0696,43.0000
2021-22,25,55494,DEF,0,0,false,82.6452,0.0000
2021-22,25,149065,GKP,0,0,false,90.0000,126.0000
2021-22,25,209036,DEF,0,0,false,84.6117,90.0000
2021-22,25,437742,MID,1,1,false,27.1324,0.0000
2021-22,25,60252,MID,1,1,false,44.6315,8.4000
2021-22,25,191866,DEF,0,0,false,50.9522,78.0000
2021-22,25,172632,MID,1,1,false,44.6711,32.2000
2021-22,25,209243,MID,0,0,false,56.7393,59.6000
2021-22,25,174874,DEF,0,0,false,75.1208,90.0000
2021-22,25,441191,DEF,0,0,false,31.2681,72.0000
2021-22,25,221632,DEF,0,0,false,35.1115,118.2000
2021-22,25,69143,MID,0,0,false,63.5442,20.0000
2021-22,25,153673,DEF,0,0,false,35.0882,69.4000
2021-22,25,215413,MID,0,0,false,76.5054,87.6000
2021-22,25,216051,DEF,0,0,false,70.9717,18.0000
2021-22,25,96787,MID,0,0,false,44.2601,79.8000
2021-22,25,155511,FWD,3,3,false,20.4116,3.6000
2021-22,25,180736,DEF,2,2,false,26.8564,54.0000
2021-22,25,66749,FWD,0,0,false,50.5898,24.2000
2021-22,25,80179,MID,0,0,false,42.9333,107.2000
2021-22,25,90152,DEF,0,0,false,61.4346,37.0000
2021-22,25,240796,GKP,3,3,false,44.0635,0.0000
2021-22,25,184029,MID,0,0,false,64.8992,102.0000
2021-22,25,225321,GKP,0,0,false,89.2687,90.0000
2021-22,25,149519,MID,0,0,false,54.0969,48.2000
2021-22,25,14937,FWD,0,0,false,71.2280,51.2000
2021-22,25,438277,DEF,6,4,false,16.1009,36.0000
2021-22,25,179276,MID,0,0,false,14.7996,64.4000
2021-22,25,184754,FWD,0,0,false,18.2844,72.6000
2021-22,25,179268,DEF,0,0,false,89.3135,90.0000
2021-22,25,219352,MID,0,0,false,59.3425,32.8000
2021-22,25,241157,DEF,0,0,false,54.5656,34.0000
2021-22,25,223723,DEF,2,2,false,46.4470,0.0000
2021-22,25,48760,DEF,12,4,false,3.5841,0.0000
2021-22,29,54694,FWD,10,4,true,13.8775,0.0000
2021-22,29,58822,DEF,0,0,false,58.2338,81.8000
2021-22,29,59966,FWD,0,0,false,75.4095,51.6000
2021-22,29,84450,MID,0,0,false,77.0729,108.0000
2021-22,29,101184,DEF,0,0,false,47.2458,0.0000
2021-22,29,167199,MID,0,0,false,76.6608,32.8000
2021-22,29,192895,DEF,0,0,false,81.4955,18.0000
2021-22,29,200089,MID,0,0,false,62.3023,42.8000
2021-22,29,209289,MID,0,0,false,28.0224,81.6000
2021-22,29,223340,MID,0,0,false,80.0998,100.2000
2021-22,29,226597,DEF,0,0,false,82.6999,108.0000
2021-22,29,444145,MID,0,0,false,60.1158,50.8000
2021-22,29,98980,GKP,0,0,false,89.8500,72.0000
2021-22,29,114283,MID,0,0,false,48.2217,37.4000
2021-22,29,122806,MID,0,0,false,83.5858,72.0000
2021-22,29,149484,DEF,0,0,false,85.9009,72.0000
2021-22,29,169359,DEF,0,0,false,77.2452,90.0000
2021-22,29,178301,FWD,0,0,false,80.3686,70.2000
2021-22,29,184704,MID,11,4,false,7.7666,0.2000
2021-22,29,195546,MID,0,0,false,39.7146,23.0000
2021-22,29,199796,DEF,0,0,false,83.9377,72.0000
2021-22,29,199798,DEF,2,2,false,43.4181,72.0000
2021-22,29,230046,MID,0,0,false,78.9839,54.6000
2021-22,29,232653,MID,0,0,false,74.0189,67.6000
2021-22,29,39155,MID,0,0,false,27.1958,5.6000
2021-22,29,60307,MID,0,0,false,48.8196,77.6000
2021-22,29,61933,DEF,0,0,false,35.5794,0.0000
2021-22,29,78916,DEF,0,0,false,77.4937,90.0000
2021-22,29,83299,DEF,0,0,false,61.0328,90.0000
2021-22,29,110735,DEF,4,4,false,36.7106,19.0000
2021-22,29,111478,DEF,0,0,false,78.9856,90.0000
2021-22,29,115382,FWD,0,0,false,74.5343,35.0000
2021-22,29,116216,MID,0,0,false,70.4743,70.8000
2021-22,29,198869,DEF,0,0,false,88.8627,108.0000
2021-22,29,215059,GKP,0,0,false,85.6211,90.0000
2021-22,29,227127,MID,0,0,false,57.0873,32.6000
2021-22,29,232792,DEF,0,0,false,54.3830,48.8000
2021-22,29,243016,MID,0,0,false,63.7107,90.0000
2021-22,29,243505,MID,0,0,false,47.4995,1.0000
2021-22,29,61810,DEF,0,0,false,89.9784,72.0000
2021-22,29,128295,MID,0,0,false,81.1957,72.0000
2021-22,29,144485,FWD,0,0,false,59.6804,90.0000
2021-22,29,154561,GKP,0,0,false,58.2480,90.0000
2021-22,29,174932,MID,0,0,false,65.2995,2.8000
2021-22,29,194010,DEF,0,0,false,68.8428,86.0000
2021-22,29,204580,MID,0,0,false,66.1172,73.4000
2021-22,29,213687,DEF,11,4,true,5.1709,0.0000
2021-22,29,226956,DEF,1,1,false,31.0975,42.2000
2021-22,29,228044,DEF,7,4,false,12.9244,31.8000
2021-22,29,231065,DEF,0,0,false,87.3137,58.0000
2021-22,29,446008,MID,0,0,false,76.8079,86.2000
2021-22,29,17761,DEF,0,0,false,82.0597,108.0000
2021-22,29,39487,DEF,2,2,false,40.8571,0.0000
2021-22,29,40145,MID,2,2,false,29.8773,68.0000
2021-22,29,51927,DEF,2,2,false,61.0935,0.0000
2021-22,29,60551,MID,0,0,false,70.5653,59.8000
2021-22,29,60586,MID,6,4,true,13.8955,0.0000
2021-22,29,60689,FWD,0,0,false,86.2317,63.4000
2021-22,29,68983,DEF,3,3,false,22.7573,34.4000
2021-22,29,98747,GKP,0,0,false,82.9266,108.0000
2021-22,29,103914,DEF,0,0,false,50.2580,108.0000
2021-22,29,172782,MID,0,0,false,77.8626,102.0000
2021-22,29,433154,MID,0,0,false,84.6726,64.8000
2021-22,29,41328,DEF,1,1,false,39.6666,72.0000
2021-22,29,51090,DEF,1,1,false,65.8591,75.4000
2021-22,29,82263,DEF,2,2,false,28.5670,80.8000
2021-22,29,85955,MID,0,0,false,71.1081,36.0000
2021-22,29,91651,MID,0,0,false,43.8295,23.2000
2021-22,29,102380,DEF,0,0,false,71.8144,54.0000
2021-22,29,103192,DEF,0,0,false,60.7115,41.6000
2021-22,29,116594,MID,0,0,false,56.0743,83.0000
2021-22,29,124183,MID,0,0,false,42.8816,26.8000
2021-22,29,135363,DEF,0,0,false,44.8801,27.0000
2021-22,29,165153,FWD,0,0,false,35.6481,77.6000
2021-22,29,172850,DEF,14,4,true,11.6953,0.0000
2021-22,29,176413,MID,0,0,false,44.4543,15.6000
2021-22,29,184341,MID,0,0,false,67.6588,85.6000
2021-22,29,209046,MID,3,3,true,22.0045,0.0000
2021-22,29,219847,MID,0,0,false,58.3733,61.8000
2021-22,29,225796,DEF,1,1,false,30.5057,48.4000
2021-22,29,228286,GKP,0,0,false,74.5311,90.0000
2021-22,29,232787,MID,0,0,false,73.8583,59.2000
2021-22,29,243568,MID,0,0,false,39.4428,21.4000
2021-22,29,40836,GKP,0,0,false,64.4291,72.0000
2021-22,29,49413,DEF,9,4,false,9.4406,0.0000
2021-22,29,50471,MID,2,2,false,25.4899,34.6000
2021-22,29,55037,DEF,0,0,false,56.4093,39.0000
2021-22,29,80146,FWD,0,0,false,38.8188,56.2000
2021-22,29,82403,MID,0,0,false,72.1907,72.0000
2021-22,29,105666,GKP,2,2,false,25.5709,0.0000
2021-22,29,244723,DEF,0,0,false,83.1795,42.6000
2021-22,29,59949,DEF,0,0,false,75.4646,54.0000
2021-22,29,101188,DEF,0,0,false,59.6354,18.2000
2021-22,29,106611,DEF,0,0,false,68.0316,48.8000
2021-22,29,111234,GKP,0,0,false,75.7541,90.0000
2021-22,29,119765,MID,0,0,false,60.2874,43.8000
2021-22,29,121599,MID,0,0,false,65.8231,55.2000
2021-22,29,153133,MID,0,0,false,39.5953,90.0000
2021-22,29,164511,DEF,5,4,false,15.9616,18.0000
2021-22,29,177815,FWD,0,0,false,42.0794,47.4000
2021-22,29,194164,DEF,0,0,false,77.6738,53.2000
2021-22,29,198826,DEF,0,0,false,51.7023,72.0000
2021-22,29,212319,FWD,0,0,false,78.4504,90.0000
2021-22,29,55914,DEF,12,4,false,13.0874,54.0000
2021-22,29,66588,DEF,0,0,false,86.0313,71.6000
2021-22,29,72222,MID,0,0,false,62.4990,42.6000
2021-22,29,80954,FWD,0,0,false,52.9762,68.6000
2021-22,29,87873,MID,0,0,false,85.1322,72.0000
2021-22,29,106617,FWD,0,0,false,21.0356,4.4000
2021-22,29,149915,DEF,0,0,false,48.9722,61.8000
2021-22,29,155405,MID,12,4,false,13.4207,29.0000
2021-22,29,193645,DEF,0,0,false,55.9347,37.0000
2021-22,29,219961,MID,0,0,false,78.9614,52.4000
2021-22,29,222694,DEF,0,0,false,72.1037,18.2000
2021-22,29,437495,GKP,0,0,false,88.9551,64.8000
2021-22,29,17745,GKP,0,0,false,90.0000,108.0000
2021-22,29,37642,DEF,10,4,false,15.2853,35.8000
2021-22,29,51938,MID,0,0,false,64.4525,0.0000
2021-22,29,101668,FWD,1,1,false,29.0460,3.8000
2021-22,29,111931,DEF,0,0,false,34.0178,18.0000
2021-22,29,155569,DEF,0,0,false,69.4782,60.4000
2021-22,29,166477,DEF,8,4,false,20.8633,66.8000
2021-22,29,166989,MID,1,1,false,64.3908,107.0000
2021-22,29,172780,MID,0,0,false,55.5184,95.6000
2021-22,29,201666,MID,0,0,false,59.2767,58.6000
2021-22,29,203341,MID,0,0,true,60.0244,0.0000
2021-22,29,218031,DEF,0,0,false,72.8496,72.0000
2021-22,29,244619,DEF,0,0,false,73.5128,36.0000
2021-22,29,56979,MID,0,0,false,67.7891,53.0000
2021-22,29,60914,DEF,0,0,false,65.7763,72.0000
2021-22,29,61558,MID,0,0,false,40.0861,69.6000
2021-22,29,97032,DEF,0,0,false,75.1761,72.0000
2021-22,29,110979,MID,0,0,false,73.8064,50.8000
2021-22,29,116535,GKP,0,0,false,85.2090,72.0000
2021-22,29,116643,MID,0,0,false,75.1494,58.6000
2021-22,29,118748,MID,0,0,false,66.8397,67.6000
2021-22,29,122798,DEF,0,0,false,76.9272,72.0000
2021-22,29,169187,DEF,0,0,false,81.4203,54.0000
2021-22,29,194634,MID,0,0,false,40.4188,52.0000
2021-22,29,204716,DEF,1,1,false,19.5549,0.0000
2021-22,29,214285,DEF,2,2,false,12.8427,0.0000
2021-22,29,58621,DEF,0,0,false,56.5365,36.0000
2021-22,29,59859,MID,1,1,false,39.5148,42.6000
2021-22,29,61366,MID,0,0,false,70.9312,61.0000
2021-22,29,97299,DEF,0,0,false,51.2437,33.2000
2021-22,29,103955,MID,2,2,false,53.0197,50.8000
2021-22,29,121145,DEF,0,0,false,77.9080,72.0000
2021-22,29,121160,GKP,0,0,false,88.9803,72.0000
2021-22,29,126184,DEF,4,4,false,16.9420,32.4000
2021-22,29,146941,DEF,0,0,false,73.6704,66.4000
2021-22,29,165809,MID,0,0,false,82.7008,38.4000
2021-22,29,171314,DEF,2,2,false,59.7044,27.0000
2021-22,29,205651,FWD,2,2,false,22.7703,41.0000
2021-22,29,206325,DEF,4,4,false,19.6710,20.6000
2021-22,29,209244,MID,0,0,false,70.8950,48.6000
2021-22,29,220566,MID,0,0,false,75.1376,68.0000
2021-22,29,221399,MID,0,0,false,67.1535,72.0000
2021-22,29,51940,GKP,0,0,false,85.6463,108.0000
2021-22,29,62398,MID,0,0,false,31.7135,69.8000
2021-22,29,74208,MID,0,0,false,51.0385,42.0000
2021-22,29,95658,DEF,0,0,false,70.5058,72.0000
2021-22,29,101582,MID,0,0,false,59.0457,25.0000
2021-22,29,106760,DEF,2,2,false,42.7751,9.0000
2021-22,29,141746,MID,1,1,false,72.7575,106.6000
2021-22,29,152590,DEF,0,0,false,47.2853,77.6000
2021-22,29,184667,DEF,0,0,false,53.7975,90.0000
2021-22,29,195851,MID,1,1,false,59.1993,46.8000
2021-22,29,200617,MID,0,0,false,72.8093,54.4000
2021-22,29,214590,DEF,1,1,false,45.1330,36.0000
2021-22,29,220688,MID,6,4,false,24.0104,0.0000
2021-22,29,232937,DEF,0,0,false,72.1311,1.2000
2021-22,29,50232,MID,1,1,false,63.3908,72.0000
2021-22,29,56983,DEF,9,4,false,11.1885,3.2000
2021-22,29,58845,DEF,6,4,false,12.4029,0.0000
2021-22,29,59735,GKP,15,4,false,11.2017,0.0000
2021-22,29,67089,GKP,0,0,false,78.3826,90.0000
2021-22,29,75115,FWD,8,4,false,16.0568,0.0000
2021-22,29,90105,MID,0,0,false,61.3490,20.4000
2021-22,29,101148,DEF,0,0,false,36.3604,22.0000
2021-22,29,109528,DEF,0,0,false,24.3843,11.6000
2021-22,29,111773,DEF,0,0,false,51.0640,72.0000
2021-22,29,119471,DEF,0,0,false,77.8312,72.0000
2021-22,29,153127,MID,9,4,false,12.0502,0.0000
2021-22,29,170137,FWD,0,0,false,38.1330,87.0000
2021-22,29,180135,MID,0,0,false,26.6241,18.6000
2021-22,29,180974,FWD,0,0,false,62.5196,78.8000
2021-22,29,20480,GKP,0,0,false,51.5574,72.0000
2021-22,29,57127,FWD,0,0,false,86.8835,71.6000
2021-22,29,78607,MID,0,0,false,84.9103,68.6000
2021-22,29,83428,DEF,1,1,false,68.7308,72.0000
2021-22,29,232980,DEF,0,0,false,74.5299,6.4000
2021-22,29,235546,DEF,6,4,false,10.3871,0.0000
2021-22,29,466404,DEF,13,4,true,2.4676,0.0000
2021-22,29,40383,GKP,0,0,false,71.3130,90.0000
2021-22,29,58376,GKP,13,4,false,16.1403,0.0000
2021-22,29,78056,MID,0,0,false,75.1177,73.6000
2021-22,29,83283,MID,0,0,false,24.4825,24.4000
2021-22,29,84939,FWD,0,0,false,57.4324,15.4000
2021-22,29,88900,DEF,1,1,false,20.4935,0.0000
2021-22,29,91047,MID,0,0,false,72.7015,57.2000
2021-22,29,101178,MID,0,0,false,89.2750,90.0000
2021-22,29,158534,DEF,0,0,false,73.2760,88.4000
2021-22,29,171771,DEF,0,0,false,81.9574,90.0000
2021-22,29,200439,FWD,0,0,false,74.2876,58.0000
2021-22,29,450527,DEF,0,0,false,68.1342,54.0000
2021-22,29,37915,GKP,0,0,false,90.0000,90.0000
2021-22,29,45268,MID,0,0,false,82.6658,72.0000
2021-22,29,78830,FWD,0,0,false,88.0012,90.0000
2021-22,29,85971,MID,0,0,false,77.1097,86.8000
2021-22,29,87835,DEF,0,0,false,51.2490,40.0000
2021-22,29,93264,DEF,0,0,false,74.0115,90.0000
2021-22,29,95715,MID,0,0,false,31.1283,11.4000
2021-22,29,115556,DEF,0,0,false,78.1665,90.0000
2021-22,29,132015,MID,0,0,false,81.6873,90.0000
2021-22,29,157668,MID,0,0,false,34.0389,6.6000
2021-22,29,173904,DEF,1,1,false,35.6810,3.2000
2021-22,29,184349,DEF,1,1,false,32.3818,14.6000
2021-22,29,199249,DEF,0,0,false,48.4100,49.2000
2021-22,29,199584,DEF,6,4,true,10.4702,0.0000
2021-22,29,209042,MID,6,4,true,14.3975,0.0000
2021-22,29,9089,GKP,0,0,false,75.9301,72.0000
2021-22,29,38290,DEF,11,4,false,3.2412,0.0000
2021-22,29,41338,DEF,0,0,false,73.5577,5.0000
2021-22,29,43250,MID,1,1,false,54.7631,21.6000
2021-22,29,54484,DEF,0,0,false,65.5109,53.4000
2021-22,29,108413,MID,1,1,false,36.8879,0.0000
2021-22,29,131304,DEF,8,4,false,9.3506,0.0000
2021-22,29,154506,GKP,6,4,false,14.0699,0.0000
2021-22,29,155651,DEF,8,4,false,8.2381,0.0000
2021-22,29,208973,DEF,8,4,false,5.9449,0.0000
2021-22,29,232185,MID,2,2,false,28.6353,67.4000
2021-22,29,471471,MID,0,0,false,61.5698,66.2000
2021-22,29,37096,GKP,0,0,false,84.6778,90.0000
2021-22,29,40669,DEF,17,4,true,12.0950,0.0000
2021-22,29,55459,DEF,0,0,false,71.7514,90.0000
2021-22,29,57531,FWD,0,0,false,77.7922,60.0000
2021-22,29,60232,DEF,0,0,false,82.3025,89.0000
2021-22,29,164555,DEF,4,4,false,44.7623,36.0000
2021-22,29,172841,MID,0,0,false,43.1184,61.2000
2021-22,29,178186,MID,1,1,false,69.5386,53.2000
2021-22,29,204480,MID,0,0,false,75.1938,77.6000
2021-22,29,215439,MID,0,0,false,83.3364,90.0000
2021-22,29,217593,MID,0,0,false,75.8957,63.0000
2021-22,29,219924,DEF,0,0,false,29.9049,30.2000
2021-22,29,222018,DEF,0,0,false,44.7275,54.0000
2021-22,29,19624,MID,0,0,false,66.1964,72.0000
2021-22,29,94147,DEF,0,0,false,89.0503,72.0000
2021-22,29,102057,FWD,0,0,false,57.8848,28.4000
2021-22,29,107613,DEF,0,0,false,79.1386,33.6000
2021-22,29,111291,DEF,0,0,false,37.8903,35.0000
2021-22,29,171317,MID,0,0,false,82.5583,4.8000
2021-22,29,200402,DEF,3,3,false,48.6480,18.0000
2021-22,29,200600,MID,0,0,false,69.1775,28.8000
2021-22,29,214048,DEF,0,0,false,71.7907,36.0000
2021-22,29,107265,GKP,2,2,false,38.4426,0.0000
2021-22,29,212723,MID,0,0,false,70.2032,66.8000
2021-22,29,230251,FWD,0,0,false,81.3726,48.6000
2021-22,29,432830,DEF,0,0,false,38.9847,90.0000
2021-22,29,83312,DEF,0,0,false,76.7525,54.0000
2021-22,29,244560,DEF,0,0,false,48.1525,46.6000
2021-22,29,443967,DEF,1,1,false,49.8422,0.0000
2021-22,29,57145,DEF,12,4,false,9.4353,0.0000
2021-22,29,78007,FWD,0,0,false,49.2267,23.4000
2021-22,29,448514,DEF,1,1,false,45.2150,18.8000
2021-22,29,212325,MID,0,0,false,55.1979,59.8000
2021-22,29,55494,DEF,4,4,false,41.5937,29.2000
2021-22,29,149065,GKP,0,0,false,90.0000,72.0000
2021-22,29,209036,DEF,0,0,false,87.6218,72.0000
2021-22,29,437742,MID,4,4,false,9.2767,39.0000
2021-22,29,60252,MID,0,0,false,26.3674,0.0000
2021-22,29,191866,DEF,0,0,false,65.6544,65.4000
2021-22,29,172632,MID,0,0,false,37.5124,53.4000
2021-22,29,209243,MID,0,0,false,65.7063,81.0000
2021-22,29,174874,DEF,0,0,false,81.9733,72.0000
2021-22,29,441191,DEF,1,1,false,52.0229,41.2000
2021-22,29,57328,DEF,0,0,false,48.3423,72.0000
2021-22,29,221632,DEF,0,0,false,65.2236,90.0000
2021-22,29,69143,MID,0,0,false,37.9801,48.8000
2021-22,29,204727,DEF,0,0,false,31.5138,18.0000
2021-22,29,153673,DEF,0,0,false,48.2125,36.0000
2021-22,29,232826,MID,0,0,false,68.4991,70.8000
2021-22,29,215413,MID,0,0,false,83.9191,105.6000
2021-22,29,216051,DEF,0,0,false,51.3138,90.0000
2021-22,29,215476,FWD,0,0,false,67.0245,0.0000
2021-22,29,96787,MID,0,0,false,64.3460,67.0000
2021-22,29,440323,FWD,0,0,false,72.4349,52.6000
2021-22,29,155511,FWD,1,1,false,10.8357,9.0000
2021-22,29,180736,DEF,0,0,false,53.5081,18.0000
2021-22,29,66749,FWD,0,0,false,36.3621,23.6000
2021-22,29,80179,MID,0,0,false,61.6421,36.0000
2021-22,29,90152,DEF,0,0,false,56.0421,54.0000
2021-22,29,240796,GKP,7,4,false,22.7917,0.0000
2021-22,29,184029,MID,0,0,false,71.7881,107.0000
2021-22,29,225321,GKP,0,0,false,89.7447,90.0000
2021-22,29,17349,MID,0,0,false,77.2271,56.0000
2021-22,29,149519,MID,0,0,false,47.5660,76.0000
2021-22,29,14937,FWD,0,0,false,67.0355,72.0000
2021-22,29,438277,DEF,0,0,false,29.0111,0.0000
2021-22,29,179276,MID,0,0,false,42.2351,65.4000
2021-22,29,184754,FWD,0,0,false,42.6534,40.2000
2021-22,29,179268,DEF,0,0,false,89.7010,90.0000
2021-22,29,192290,DEF,0,0,false,77.5824,73.8000
2021-22,29,241157,DEF,0,0,false,34.1883,69.4000
2021-22,29,223723,DEF,5,4,false,15.7393,0.2000
2021-22,29,48760,DEF,16,4,false,1.8484,18.0000
2021-22,29,171099,DEF,0,0,false,89.6194,72.0000
2021-22,29,162651,DEF,0,0,false,90.0000,67.4000
2021-22,29,442335,MID,1,1,false,26.0493,6.6000
2021-22,29,84583,MID,0,0,false,80.0249,62.0000
2021-22,29,120202,FWD,0,0,false,77.1993,94.2000
2021-22,29,445044,MID,0,0,false,77.9550,80.2000
2021-22,29,202993,MID,0,0,false,69.0331,83.0000
2021-22,33,54694,FWD,14,4,true,10.1711,0.0000
2021-22,33,58822,DEF,0,0,false,56.5617,84.6000
2021-22,33,59966,FWD,0,0,false,58.4893,13.8000
2021-22,33,84450,MID,0,0,false,82.7953,102.4000
2021-22,33,101184,DEF,3,3,false,29.9354,75.6000
2021-22,33,167199,MID,2,2,false,48.6639,0.0000
2021-22,33,192895,DEF,3,3,true,45.8255,0.0000
2021-22,33,200089,MID,0,0,false,46.0959,31.2000
2021-22,33,209289,MID,0,0,false,47.5372,31.2000
2021-22,33,223340,MID,0,0,false,82.5908,96.6000
2021-22,33,226597,DEF,0,0,false,84.2950,101.4000
2021-22,33,444145,MID,0,0,false,51.5475,76.6000
2021-22,33,98980,GKP,0,0,false,89.9067,108.0000
2021-22,33,114283,MID,1,1,false,40.5049,73.8000
2021-22,33,122806,MID,0,0,false,85.9159,126.0000
2021-22,33,149484,DEF,0,0,false,87.2121,126.0000
2021-22,33,169359,DEF,0,0,false,83.2084,90.0000
2021-22,33,178301,FWD,0,0,false,83.0688,121.4000
2021-22,33,184704,MID,14,4,false,5.6189,29.0000
2021-22,33,199796,DEF,0,0,false,85.1244,126.0000
2021-22,33,199798,DEF,0,0,false,60.7924,63.8000
2021-22,33,230046,MID,0,0,false,74.4437,108.4000
2021-22,33,232653,MID,0,0,false,75.0319,71.4000
2021-22,33,39155,MID,0,0,false,19.4665,3.2000
2021-22,33,60307,MID,0,0,false,67.2736,59.8000
2021-22,33,61933,DEF,3,3,false,18.1231,0.0000
2021-22,33,78916,DEF,0,0,false,81.3494,90.0000
2021-22,33,83299,DEF,0,0,false,74.2669,90.0000
2021-22,33,109345,MID,0,0,false,45.9647,65.0000
2021-22,33,110735,DEF,0,0,false,26.8019,45.8000
2021-22,33,111478,DEF,0,0,false,82.6284,90.0000
2021-22,33,115382,FWD,0,0,false,50.4897,27.2000
2021-22,33,116216,MID,0,0,false,67.2692,69.2000
2021-22,33,198869,DEF,0,0,false,89.1002,36.0000
2021-22,33,215059,GKP,0,0,false,86.2880,90.0000
2021-22,33,227127,MID,0,0,false,52.3157,63.0000
2021-22,33,232792,DEF,0,0,false,55.3825,7.0000
2021-22,33,243016,MID,0,0,false,73.0007,85.2000
2021-22,33,243505,MID,2,2,true,25.9944,0.0000
2021-22,33,61810,DEF,0,0,false,78.1665,90.0000
2021-22,33,128295,MID,0,0,false,85.5179,50.0000
2021-22,33,144485,FWD,0,0,false,74.5651,90.0000
2021-22,33,154561,GKP,0,0,false,73.8359,90.0000
2021-22,33,174932,MID,1,1,false,35.0396,3.2000
2021-22,33,194010,DEF,0,0,false,77.3189,84.4000
2021-22,33,204580,MID,0,0,false,68.0511,59.0000
2021-22,33,213687,DEF,15,4,true,2.6324,0.0000
2021-22,33,226956,DEF,1,1,false,28.9213,39.0000
2021-22,33,228044,DEF,0,0,false,17.3584,77.0000
2021-22,33,231065,DEF,0,0,true,77.6973,0.0000
2021-22,33,446008,MID,0,0,false,80.9138,85.0000
2021-22,33,17761,DEF,0,0,false,86.0251,81.2000
2021-22,33,39487,DEF,5,4,false,21.0110,3.6000
2021-22,33,40145,MID,0,0,false,41.6339,108.0000
2021-22,33,51927,DEF,5,4,false,32.7702,0.0000
2021-22,33,60551,MID,0,0,true,64.1784,0.0000
2021-22,33,60586,MID,9,4,true,8.6999,0.0000
2021-22,33,60689,FWD,0,0,false,82.6861,21.6000
2021-22,33,68983,DEF,0,0,false,32.6154,16.8000
2021-22,33,98747,GKP,0,0,false,85.8243,108.0000
2021-22,33,103914,DEF,0,0,false,69.9481,108.0000
2021-22,33,172782,MID,0,0,false,80.0273,104.4000
2021-22,33,433154,MID,0,0,false,68.9379,104.4000
2021-22,33,41328,DEF,0,0,false,49.0144,90.6000
2021-22,33,51090,DEF,0,0,false,63.9538,108.0000
2021-22,33,82263,DEF,0,0,false,47.7724,99.0000
2021-22,33,85955,MID,3,3,false,41.1505,81.0000
2021-22,33,91651,MID,1,1,false,41.2073,32.8000
2021-22,33,102380,DEF,1,1,false,63.4264,103.0000
2021-22,33,103192,DEF,1,1,false,53.4077,72.0000
2021-22,33,116594,MID,0,0,false,66.9809,66.4000
2021-22,33,124183,MID,0,0,false,39.2069,45.6000
2021-22,33,126187,MID,0,0,false,52.2687,68.2000
2021-22,33,135363,DEF,0,0,false,45.4336,18.0000
2021-22,33,165153,FWD,0,0,false,56.4669,60.4000
2021-22,33,172850,DEF,17,4,true,9.4537,0.2000
2021-22,33,176413,MID,1,1,false,32.4377,58.6000
2021-22,33,184341,MID,0,0,false,74.2434,89.6000
2021-22,33,209046,MID,6,4,true,13.3234,0.0000
2021-22,33,219847,MID,0,0,false,54.6417,67.4000
2021-22,33,225796,DEF,0,0,false,41.7239,105.4000
2021-22,33,228286,GKP,0,0,false,80.7205,126.0000
2021-22,33,232787,MID,0,0,false,70.9225,87.6000
2021-22,33,243568,MID,0,0,false,35.0990,66.2000
2021-22,33,40836,GKP,0,0,false,75.1118,54.0000
2021-22,33,49413,DEF,12,4,false,6.1315,0.0000
2021-22,33,50471,MID,0,0,false,27.1020,37.4000
2021-22,33,55037,DEF,0,0,false,60.4167,22.6000
2021-22,33,80146,FWD,0,0,false,51.3281,49.2000
2021-22,33,82403,MID,0,0,false,78.7170,93.6000
2021-22,33,105666,GKP,5,4,false,14.8882,54.0000
2021-22,33,244723,DEF,0,0,false,76.8983,57.4000
2021-22,33,59949,DEF,0,0,false,63.1133,106.6000
2021-22,33,101188,DEF,0,0,false,51.6100,108.0000
2021-22,33,106611,DEF,1,1,false,55.4152,86.4000
2021-22,33,111234,GKP,0,0,false,81.6472,108.0000
2021-22,33,119765,MID,0,0,false,51.5833,20.0000
2021-22,33,121599,MID,1,1,false,54.9717,115.2000
2021-22,33,153133,MID,0,0,false,61.1907,126.0000
2021-22,33,164511,DEF,0,0,false,22.9053,21.4000
2021-22,33,177815,FWD,1,1,false,49.1930,56.6000
2021-22,33,194164,DEF,2,2,false,59.8308,126.0000
2021-22,33,198826,DEF,0,0,false,69.1333,0.0000
2021-22,33,212319,FWD,0,0,false,83.2160,105.8000
2021-22,33,55914,DEF,0,0,false,31.4374,72.0000
2021-22,33,66588,DEF,0,0,false,87.2221,41.2000
2021-22,33,72222,MID,0,0,false,60.6466,59.6000
2021-22,33,80954,FWD,0,0,false,64.1567,91.0000
2021-22,33,87873,MID,0,0,false,86.8685,27.0000
2021-22,33,106617,FWD,2,2,false,18.4459,0.0000
2021-22,33,149915,DEF,0,0,false,56.9651,90.0000
2021-22,33,155405,MID,0,0,false,17.4445,108.0000
2021-22,33,193645,DEF,0,0,false,52.7928,94.4000
2021-22,33,219961,MID,0,0,false,72.8421,99.2000
2021-22,33,222694,DEF,1,1,false,56.4067,53.4000
2021-22,33,437495,GKP,0,0,false,85.8539,108.0000
2021-22,33,17745,GKP,0,0,false,90.0000,108.0000
2021-22,33,37642,DEF,0,0,false,29.5421,83.2000
2021-22,33,51938,MID,4,4,false,30.0176,27.0000
2021-22,33,86881,MID,0,0,false,54.8457,103.0000
2021-22,33,101668,FWD,5,4,false,17.3382,80.6000
2021-22,33,111931,DEF,0,0,false,27.0752,4.0000
2021-22,33,155569,DEF,0,0,false,60.4294,80.2000
2021-22,33,166477,DEF,0,0,false,36.8247,121.8000
2021-22,33,166989,MID,0,0,false,79.2320,91.8000
2021-22,33,172780,MID,0,0,false,65.5525,88.2000
2021-22,33,201666,MID,0,0,false,55.2978,67.6000
2021-22,33,203341,MID,4,4,true,28.9917,0.0000
2021-22,33,218031,DEF,0,0,false,60.8423,36.0000
2021-22,33,220627,DEF,0,0,false,49.9720,72.0000
2021-22,33,244619,DEF,0,0,false,52.9101,36.0000
2021-22,33,56979,MID,0,0,false,73.3338,67.0000
2021-22,33,60914,DEF,0,0,false,72.5214,90.0000
2021-22,33,61558,MID,0,0,false,57.1187,53.0000
2021-22,33,97032,DEF,0,0,false,77.6642,72.0000
2021-22,33,110979,MID,0,0,false,71.8769,79.6000
2021-22,33,116535,GKP,0,0,false,86.6499,108.0000
2021-22,33,116643,MID,0,0,false,73.2195,45.4000
2021-22,33,118748,MID,0,0,false,73.7414,50.2000
2021-22,33,122798,DEF,0,0,false,82.2757,66.6000
2021-22,33,169187,DEF,0,0,false,75.3216,72.0000
2021-22,33,194634,MID,0,0,false,45.4819,86.6000
2021-22,33,204716,DEF,4,4,false,11.2855,54.0000
2021-22,33,214285,DEF,5,4,false,7.5534,41.2000
2021-22,33,58621,DEF,1,1,false,55.5470,0.0000
2021-22,33,59859,MID,0,0,false,48.3024,65.0000
2021-22,33,61366,MID,0,0,false,74.8341,83.2000
2021-22,33,97299,DEF,0,0,false,54.4587,18.0000
2021-22,33,103955,MID,1,1,false,52.2777,78.8000
2021-22,33,121145,DEF,0,0,false,81.7703,108.0000
2021-22,33,121160,GKP,0,0,false,89.1956,108.0000
2021-22,33,126184,DEF,0,0,false,27.1678,23.0000
2021-22,33,146941,DEF,0,0,false,78.1598,95.6000
2021-22,33,165809,MID,0,0,false,75.7058,51.4000
2021-22,33,171314,DEF,0,0,false,44.0392,45.0000
2021-22,33,205651,FWD,0,0,false,29.8728,84.6000
2021-22,33,206325,DEF,0,0,false,14.9235,87.0000
2021-22,33,209244,MID,0,0,false,74.0211,55.2000
2021-22,33,220566,MID,0,0,false,80.7978,102.4000
2021-22,33,221399,MID,0,0,false,74.7855,97.2000
2021-22,33,51940,GKP,0,0,false,86.1046,90.0000
2021-22,33,62398,MID,0,0,false,40.0803,53.8000
2021-22,33,74208,MID,0,0,true,50.7963,0.0000
2021-22,33,95658,DEF,0,0,false,79.7370,22.0000
2021-22,33,101582,MID,1,1,false,44.6837,27.6000
2021-22,33,106760,DEF,2,2,false,29.3297,0.0000
2021-22,33,141746,MID,0,0,false,80.9392,88.6000
2021-22,33,152590,DEF,0,0,false,47.1752,90.0000
2021-22,33,184667,DEF,0,0,false,62.7488,90.0000
2021-22,33,195851,MID,2,2,false,37.4758,90.0000
2021-22,33,200617,MID,0,0,false,70.0888,43.2000
2021-22,33,214590,DEF,0,0,false,47.8982,0.0000
2021-22,33,220688,MID,9,4,false,14.7240,0.0000
2021-22,33,232937,DEF,1,1,false,43.2870,36.0000
2021-22,33,50232,MID,0,0,false,74.8244,18.0000
2021-22,33,56983,DEF,12,4,false,7.8154,3.4000
2021-22,33,58845,DEF,9,4,false,9.2278,0.0000
2021-22,33,59735,GKP,18,4,false,9.1062,0.0000
2021-22,33,67089,GKP,0,0,false,80.6745,90.0000
2021-22,33,75115,FWD,11,4,false,11.4263,40.4000
2021-22,33,90105,MID,1,1,false,42.3628,2.6000
2021-22,33,101148,DEF,2,2,false,23.1538,68.0000
2021-22,33,109528,DEF,2,2,false,18.8668,0.0000
2021-22,33,111773,DEF,0,0,false,58.9242,66.2000
2021-22,33,119471,DEF,0,0,false,80.5046,21.6000
2021-22,33,153127,MID,12,4,false,9.1158,0.0000
2021-22,33,170137,FWD,0,0,false,58.2249,83.4000
2021-22,33,180974,FWD,0,0,false,70.7896,69.2000
2021-22,33,20480,GKP,0,0,false,67.8391,72.0000
2021-22,33,57127,FWD,0,0,false,87.9239,108.0000
2021-22,33,78607,MID,0,0,false,84.2402,18.0000
2021-22,33,83428,DEF,0,0,false,77.7390,108.0000
2021-22,33,232980,DEF,3,3,false,42.9641,96.4000
2021-22,33,235546,DEF,9,4,false,5.9878,46.4000
2021-22,33,466404,DEF,16,4,true,1.4225,0.0000
2021-22,33,40383,GKP,0,0,false,76.5049,54.0000
2021-22,33,58376,GKP,16,4,false,12.2133,36.0000
2021-22,33,78056,MID,0,0,false,71.9107,59.2000
2021-22,33,83283,MID,0,0,false,18.8986,88.4000
2021-22,33,84939,FWD,0,0,false,47.9137,60.4000
2021-22,33,88900,DEF,4,4,false,12.6423,36.0000
2021-22,33,91047,MID,0,0,false,70.4905,48.0000
2021-22,33,101178,MID,0,0,false,89.6351,90.0000
2021-22,33,158534,DEF,0,0,false,79.4204,90.0000
2021-22,33,171771,DEF,0,0,false,85.4676,54.0000
2021-22,33,200439,FWD,0,0,false,61.2849,37.8000
2021-22,33,450527,DEF,1,1,false,52.8088,90.0000
2021-22,33,37915,GKP,0,0,false,90.0000,108.0000
2021-22,33,45268,MID,0,0,false,83.4944,108.0000
2021-22,33,78830,FWD,0,0,false,88.4473,108.0000
2021-22,33,85971,MID,0,0,false,80.6951,102.4000
2021-22,33,87835,DEF,1,1,true,46.9165,0.0000
2021-22,33,93264,DEF,0,0,false,79.9371,108.0000
2021-22,33,115556,DEF,0,0,false,80.6959,106.2000
2021-22,33,132015,MID,0,0,false,85.3825,108.0000
2021-22,33,173904,DEF,5,4,false,21.7709,59.6000
2021-22,33,184349,DEF,5,4,false,17.6667,102.0000
2021-22,33,199249,DEF,0,0,false,54.9207,0.0000
2021-22,33,199584,DEF,10,4,true,6.4553,0.0000
2021-22,33,209042,MID,10,4,true,7.8549,0.0000
2021-22,33,9089,GKP,0,0,false,81.5854,90.0000
2021-22,33,38290,DEF,14,4,false,1.9385,0.0000
2021-22,33,41338,DEF,0,0,false,44.4652,41.2000
2021-22,33,43250,MID,0,0,false,35.0367,46.2000
2021-22,33,54484,DEF,0,0,false,74.8808,54.0000
2021-22,33,85624,DEF,0,0,false,51.4748,90.0000
2021-22,33,108413,MID,4,4,false,20.9383,46.8000
2021-22,33,131304,DEF,11,4,false,5.5922,2.4000
2021-22,33,154506,GKP,9,4,false,8.4146,18.0000
2021-22,33,155651,DEF,11,4,false,4.9269,41.8000
2021-22,33,208973,DEF,11,4,false,3.5554,0.0000
2021-22,33,232185,MID,0,0,false,53.3002,49.4000
2021-22,33,471471,MID,0,0,false,71.5470,32.8000
2021-22,33,37096,GKP,0,0,false,86.8773,90.0000
2021-22,33,40669,DEF,21,4,true,9.8825,0.0000
2021-22,33,55459,DEF,0,0,false,80.2951,90.0000
2021-22,33,57531,FWD,0,0,false,75.8556,48.8000
2021-22,33,60232,DEF,0,0,false,83.8455,66.2000
2021-22,33,86934,MID,0,0,false,56.2926,65.6000
2021-22,33,164555,DEF,1,1,false,37.8322,88.0000
2021-22,33,172841,MID,0,0,false,46.5843,46.4000
2021-22,33,178186,MID,0,0,false,68.8518,75.4000
2021-22,33,204480,MID,0,0,false,81.6258,77.6000
2021-22,33,215439,MID,0,0,false,86.5916,56.6000
2021-22,33,217593,MID,0,0,false,66.0843,88.0000
2021-22,33,219924,DEF,0,0,false,36.7712,0.0000
2021-22,33,222018,DEF,0,0,false,43.3781,20.0000
2021-22,33,19624,MID,0,0,false,73.8579,106.8000
2021-22,33,94147,DEF,0,0,false,89.2762,99.0000
2021-22,33,102057,FWD,2,2,false,42.5683,95.2000
2021-22,33,107613,DEF,2,2,false,61.1406,47.6000
2021-22,33,111291,DEF,0,0,false,45.1749,0.0000
2021-22,33,114128,DEF,0,0,false,47.8990,97.4000
2021-22,33,151589,MID,1,1,false,55.2692,89.8000
2021-22,33,171317,MID,2,2,false,57.7044,78.2000
2021-22,33,200402,DEF,6,4,false,34.1238,28.4000
2021-22,33,200600,MID,1,1,false,59.9685,3.0000
2021-22,33,214048,DEF,0,0,true,68.2219,0.0000
2021-22,33,50175,FWD,0,0,false,53.1035,90.0000
2021-22,33,107265,GKP,5,4,false,22.1609,36.0000
2021-22,33,212723,MID,0,0,false,77.4124,70.4000
2021-22,33,230251,FWD,0,0,false,70.9666,50.4000
2021-22,33,432830,DEF,0,0,false,58.6570,108.0000
2021-22,33,83312,DEF,0,0,false,82.3633,18.0000
2021-22,33,244560,DEF,0,0,false,49.4573,46.6000
2021-22,33,423649,MID,0,0,false,33.3573,26.6000
2021-22,33,443967,DEF,4,4,false,31.3942,75.2000
2021-22,33,57145,DEF,15,4,false,7.9330,0.0000
2021-22,33,78007,FWD,0,0,false,33.1486,50.2000
2021-22,33,448514,DEF,0,0,false,38.9023,90.0000
2021-22,33,212325,MID,0,0,false,61.8406,90.2000
2021-22,33,55494,DEF,1,1,false,33.7421,72.0000
2021-22,33,149065,GKP,0,0,false,90.0000,81.0000
2021-22,33,209036,DEF,0,0,false,88.6501,86.4000
2021-22,33,437742,MID,0,0,false,28.4115,5.6000
2021-22,33,60252,MID,3,3,true,16.9158,0.0000
2021-22,33,191866,DEF,0,0,false,74.2332,65.6000
2021-22,33,172632,MID,0,0,false,39.9904,90.4000
2021-22,33,209243,MID,0,0,false,71.6491,18.0000
2021-22,33,174874,DEF,0,0,false,84.5140,108.0000
2021-22,33,441191,DEF,0,0,false,44.5553,7.2000
2021-22,33,57328,DEF,0,0,false,63.1359,108.0000
2021-22,33,221632,DEF,0,0,false,76.4826,54.0000
2021-22,33,69143,MID,0,0,false,55.2644,18.0000
2021-22,33,204727,DEF,0,0,false,33.3022,6.8000
2021-22,33,153673,DEF,2,2,false,41.7494,26.6000
2021-22,33,232826,MID,0,0,false,65.0949,102.8000
2021-22,33,215413,MID,0,0,false,86.4974,102.4000
2021-22,33,216051,DEF,0,0,false,60.1972,87.6000
2021-22,33,449434,MID,0,0,false,50.1388,75.0000
2021-22,33,215476,FWD,3,3,true,38.6375,2.8000
2021-22,33,96787,MID,0,0,false,73.7559,39.4000
2021-22,33,440323,FWD,0,0,false,68.0069,41.4000
2021-22,33,180736,DEF,3,3,false,28.3779,54.0000
2021-22,33,66749,FWD,0,0,false,33.4179,58.2000
2021-22,33,80179,MID,1,1,true,59.0645,0.0000
2021-22,33,90152,DEF,2,2,false,36.5271,72.0000
2021-22,33,240796,GKP,11,4,false,11.5959,0.0000
2021-22,33,184029,MID,0,0,false,77.1880,108.0000
2021-22,33,225321,GKP,0,0,false,83.4356,108.0000
2021-22,33,212721,DEF,0,0,false,31.8023,36.0000
2021-22,33,17349,MID,0,0,false,60.7214,42.4000
2021-22,33,149519,MID,0,0,false,63.4598,57.6000
2021-22,33,14937,FWD,0,0,false,56.6041,72.0000
2021-22,33,438277,DEF,3,3,true,17.9554,0.0000
2021-22,33,179276,MID,0,0,false,62.5125,61.2000
2021-22,33,184754,FWD,0,0,false,41.9696,71.8000
2021-22,33,179268,DEF,0,0,false,89.8480,90.0000
2021-22,33,192290,DEF,0,0,false,64.9593,99.0000
2021-22,33,219352,MID,0,0,false,44.1923,29.4000
2021-22,33,241157,DEF,0,0,false,50.9960,103.2000
2021-22,33,223723,DEF,9,4,false,6.6715,59.2000
2021-22,33,48760,DEF,1,1,true,12.7876,0.0000
2021-22,33,224967,DEF,0,0,false,55.8552,103.0000
2021-22,33,171099,DEF,0,0,false,89.7866,73.8000
2021-22,33,162651,DEF,0,0,false,90.0000,82.8000
2021-22,33,442335,MID,1,1,false,17.2145,72.8000
2021-22,33,84583,MID,0,0,false,78.3365,82.4000
2021-22,33,244731,MID,0,0,false,53.0135,74.2000
2021-22,33,208706,MID,0,0,false,62.7233,89.2000
2021-22,33,80607,MID,0,0,false,62.9276,90.0000
2021-22,33,120202,FWD,0,0,false,76.8136,63.0000
2021-22,33,445044,MID,0,0,false,77.0105,71.6000
2021-22,33,202993,MID,0,0,false,74.9910,102.6000
2022-23,5,84450,MID,0,0,false,75.3272,72.0000
2022-23,5,184029,MID,0,0,false,78.5826,46.6000
2022-23,5,198869,DEF,0,0,false,76.4670,68.4000
2022-23,5,223340,MID,0,0,false,82.9099,72.0000
2022-23,5,225321,GKP,0,0,false,85.2632,72.0000
2022-23,5,226597,DEF,0,0,false,85.3026,72.0000
2022-23,5,444145,MID,0,0,false,67.8549,69.4000
2022-23,5,462424,DEF,0,0,false,90.0000,72.0000
2022-23,5,205651,FWD,0,0,false,67.8554,69.8000
2022-23,5,98980,GKP,0,0,false,87.6316,72.0000
2022-23,5,101188,DEF,0,0,false,77.1053,36.0000
2022-23,5,122806,MID,0,0,false,81.4400,64.0000
2022-23,5,178301,FWD,0,0,false,79.2861,72.0000
2022-23,5,199796,DEF,0,0,false,89.4342,23.2000
2022-23,5,199798,DEF,0,0,false,70.3281,72.0000
2022-23,5,232653,MID,0,0,false,66.7277,63.6000
2022-23,5,226944,MID,0,0,false,86.5684,26.6000
2022-23,5,54469,DEF,0,0,false,79.6117,72.0000
2022-23,5,128340,FWD,0,0,false,68.6981,14.8000
2022-23,5,152551,MID,0,0,false,90.0000,72.0000
2022-23,5,168991,MID,0,0,false,60.2741,69.0000
2022-23,5,223911,DEF,0,0,false,87.9223,72.0000
2022-23,5,144485,FWD,0,0,false,83.2632,72.0000
2022-23,5,154561,GKP,0,0,false,73.4211,72.0000
2022-23,5,194010,DEF,0,0,false,81.5132,72.0000
2022-23,5,207283,MID,0,0,false,57.6813,66.0000
2022-23,5,446008,FWD,0,0,false,77.0970,55.6000
2022-23,5,50175,FWD,0,0,false,55.3350,54.0000
2022-23,5,60307,MID,0,0,false,71.7500,47.0000
2022-23,5,83299,DEF,0,0,false,78.8553,54.0000
2022-23,5,109345,MID,0,0,false,63.4905,54.0000
2022-23,5,110735,DEF,0,0,false,63.8026,54.0000
2022-23,5,111478,DEF,0,0,false,76.6857,53.4000
2022-23,5,116216,MID,0,0,false,78.0925,52.8000
2022-23,5,179268,DEF,0,0,false,80.4973,32.2000
2022-23,5,215059,GKP,0,0,false,88.8158,54.0000
2022-23,5,243016,MID,0,0,false,72.7895,54.0000
2022-23,5,486672,MID,0,0,false,52.0370,53.6000
2022-23,5,51090,DEF,0,0,false,79.8553,36.0000
2022-23,5,85955,MID,0,0,false,65.6507,30.4000
2022-23,5,126187,MID,0,0,false,52.5725,36.2000
2022-23,5,184341,MID,0,0,false,67.6889,36.8000
2022-23,5,219847,FWD,0,0,false,64.0992,35.6000
2022-23,5,228286,GKP,0,0,false,85.2632,18.0000
2022-23,5,40836,GKP,0,0,false,79.9342,54.0000
2022-23,5,80146,MID,0,0,false,54.7558,48.8000
2022-23,5,86417,MID,0,0,false,65.6900,39.2000
2022-23,5,174874,DEF,0,0,false,83.3421,36.0000
2022-23,5,209036,DEF,0,0,false,87.3947,54.0000
2022-23,5,232413,MID,0,0,false,49.5000,44.8000
2022-23,5,244723,DEF,0,0,false,69.9176,35.4000
2022-23,5,111234,GKP,0,0,false,86.4474,54.0000
2022-23,5,153133,MID,0,0,false,71.6974,72.0000
2022-23,5,172632,MID,0,0,false,74.9207,70.0000
2022-23,5,224967,DEF,0,0,false,58.2913,72.0000
2022-23,5,232826,MID,0,0,false,74.9605,47.4000
2022-23,5,243571,DEF,0,0,false,90.0000,36.0000
2022-23,5,17761,DEF,0,0,false,85.8684,72.0000
2022-23,5,82514,DEF,0,0,false,89.3074,72.0000
2022-23,5,96994,MID,0,0,false,90.0000,66.0000
2022-23,5,109646,DEF,0,0,false,90.0000,72.0000
2022-23,5,128389,FWD,0,0,false,90.0000,43.0000
2022-23,5,153366,MID,0,0,false,90.0000,68.0000
2022-23,5,167074,DEF,0,0,false,84.5121,36.0000
2022-23,5,169528,DEF,0,0,false,90.0000,23.6000
2022-23,5,154296,MID,0,0,false,89.3074,52.8000
2022-23,5,80954,MID,0,0,false,64.1168,31.4000
2022-23,5,149915,DEF,0,0,false,75.8026,18.0000
2022-23,5,193645,DEF,0,0,false,65.6842,54.0000
2022-23,5,221399,MID,0,0,false,76.4005,42.6000
2022-23,5,222694,DEF,0,0,false,71.9737,54.0000
2022-23,5,437495,GKP,0,0,false,89.5263,54.0000
2022-23,5,224209,DEF,0,0,false,90.0000,30.0000
2022-23,5,234370,MID,0,0,false,73.9919,45.0000
2022-23,5,427637,MID,0,0,false,81.4279,48.6000
2022-23,5,37642,DEF,0,0,false,62.7105,72.0000
2022-23,5,95463,GKP,0,0,false,46.1842,72.0000
2022-23,5,101668,FWD,0,0,false,63.9108,23.6000
2022-23,5,166989,MID,0,0,false,68.7081,66.0000
2022-23,5,203341,MID,0,0,false,56.0035,43.8000
2022-23,5,215413,MID,0,0,false,71.4094,54.2000
2022-23,5,220627,DEF,0,0,false,58.1053,71.0000
2022-23,5,56979,MID,0,0,false,65.6882,29.6000
2022-23,5,97032,DEF,0,0,false,85.2632,54.0000
2022-23,5,116535,GKP,0,0,false,87.6316,54.0000
2022-23,5,116643,MID,0,0,false,67.4851,40.2000
2022-23,5,118748,MID,0,0,false,81.2895,49.6000
2022-23,5,122798,DEF,0,0,false,70.2293,6.2000
2022-23,5,169187,DEF,0,0,false,78.8708,38.6000
2022-23,5,244731,MID,0,0,false,56.6999,35.2000
2022-23,5,444884,MID,0,0,false,39.8525,23.8000
2022-23,5,215136,DEF,0,0,false,45.0921,50.8000
2022-23,5,58621,DEF,0,0,false,67.3575,23.8000
2022-23,5,59859,MID,0,0,false,59.3001,36.4000
2022-23,5,61366,MID,0,0,false,63.9868,60.8000
2022-23,5,103955,MID,0,0,false,70.1015,36.0000
2022-23,5,121145,DEF,0,0,false,80.8407,67.8000
2022-23,5,121160,GKP,0,0,false,88.8158,72.0000
2022-23,5,165809,MID,0,0,false,71.9205,62.0000
2022-23,5,171314,DEF,0,0,false,72.3502,54.0000
2022-23,5,209244,MID,0,0,false,64.1403,58.4000
2022-23,5,220566,MID,0,0,false,77.8686,52.0000
2022-23,5,223094,FWD,0,0,false,77.7850,72.0000
2022-23,5,514356,MID,0,0,false,81.4896,0.0000
2022-23,5,51940,GKP,0,0,false,90.0000,54.0000
2022-23,5,141746,MID,0,0,false,85.8524,54.0000
2022-23,5,176297,MID,0,0,false,60.0709,45.4000
2022-23,5,195851,MID,0,0,false,71.8297,31.0000
2022-23,5,209243,MID,0,0,false,59.5692,27.0000
2022-23,5,216051,DEF,0,0,false,68.1594,54.0000
2022-23,5,156689,MID,0,0,false,82.5702,61.6000
2022-23,5,77794,DEF,0,0,false,50.6447,69.0000
2022-23,5,78916,DEF,0,0,false,74.3805,54.6000
2022-23,5,179018,MID,0,0,false,64.2157,66.0000
2022-23,5,180974,MID,0,0,false,78.6053,40.8000
2022-23,5,200089,MID,0,0,false,66.9772,72.0000
2022-23,5,98747,GKP,0,0,false,87.6316,72.0000
2022-23,5,168281,DEF,0,0,false,90.0000,72.0000
2022-23,5,208912,DEF,0,0,false,90.0000,23.4000
2022-23,5,242898,FWD,0,0,false,80.9406,70.8000
2022-23,5,172649,GKP,0,0,false,90.0000,72.0000
2022-23,5,101178,MID,0,0,false,87.3026,72.0000
2022-23,5,155511,FWD,0,0,false,51.1318,49.4000
2022-23,5,158534,DEF,0,0,false,79.6053,69.6000
2022-23,5,431131,MID,0,0,false,39.3922,29.6000
2022-23,5,450527,DEF,0,0,false,84.0921,54.0000
2022-23,5,456350,GKP,0,0,false,90.0000,72.0000
2022-23,5,37915,GKP,0,0,false,90.0000,72.0000
2022-23,5,78830,FWD,0,0,false,87.5132,69.2000
2022-23,5,85971,MID,0,0,false,80.1946,52.8000
2022-23,5,93264,DEF,0,0,false,85.4079,72.0000
2022-23,5,115556,DEF,0,0,false,78.0384,18.0000
2022-23,5,132015,MID,0,0,false,87.0526,68.8000
2022-23,5,241157,DEF,0,0,false,74.0172,37.2000
2022-23,5,445044,MID,0,0,false,57.7550,16.2000
2022-23,5,37096,GKP,0,0,false,84.5606,72.0000
2022-23,5,55459,DEF,0,0,false,78.2604,54.0000
2022-23,5,57531,FWD,0,0,false,70.9601,35.2000
2022-23,5,103192,DEF,0,0,false,72.3421,72.0000
2022-23,5,164555,DEF,0,0,false,69.8317,36.0000
2022-23,5,172841,MID,0,0,false,59.4939,8.8000
2022-23,5,178186,MID,0,0,false,83.8129,72.0000
2022-23,5,204480,MID,0,0,false,86.8158,72.0000
2022-23,5,215439,MID,0,0,false,85.2763,72.0000
2022-23,5,217593,MID,0,0,false,76.3424,58.4000
2022-23,5,114128,DEF,0,0,false,57.3863,68.2000
2022-23,5,149065,GKP,0,0,false,88.2237,72.0000
2022-23,5,171317,MID,0,0,false,79.9868,54.0000
2022-23,5,214048,DEF,0,0,false,80.3684,72.0000
2022-23,5,247632,MID,0,0,false,47.3109,37.8000
2022-23,5,222531,MID,0,0,false,34.6417,71.8000
2022-23,5,222690,DEF,0,0,false,70.4379,27.0000
2022-23,5,200785,MID,0,0,false,90.0000,54.0000
2022-23,5,472713,DEF,0,0,false,77.9315,58.2000
2022-23,5,193204,MID,0,0,false,62.5268,57.0000
2022-23,5,438464,MID,0,0,false,85.8449,47.2000
2022-23,5,432830,DEF,0,0,false,66.9737,24.4000
2022-23,5,80607,MID,0,0,false,56.5303,52.4000
2022-23,5,114241,DEF,0,0,false,71.0575,18.0000
2022-23,5,243345,MID,0,0,false,84.1102,13.2000
2022-23,5,51927,DEF,0,0,false,67.0011,68.0000
2022-23,5,221820,DEF,0,0,false,82.6544,51.8000
2022-23,5,433154,MID,0,0,false,75.4699,23.8000
2022-23,5,201658,MID,0,0,false,87.5181,69.8000
2022-23,9,80201,GKP,0,0,false,53.8018,90.0000
2022-23,9,84450,MID,0,0,false,79.5673,68.8000
2022-23,9,167199,MID,0,0,false,51.9466,72.0000
2022-23,9,184029,MID,0,0,false,67.7240,65.0000
2022-23,9,198869,DEF,0,0,false,79.4642,65.2000
2022-23,9,223340,MID,0,0,false,85.1449,57.4000
2022-23,9,225321,GKP,0,0,false,86.6165,72.0000
2022-23,9,226597,DEF,0,0,false,86.6447,72.0000
2022-23,9,444145,MID,0,0,false,72.7862,62.4000
2022-23,9,462424,DEF,0,0,false,90.0000,69.0000
2022-23,9,205651,FWD,0,0,false,72.8107,70.2000
2022-23,9,98980,GKP,0,0,false,88.3083,78.8000
2022-23,9,101188,DEF,1,1,false,67.1978,4.2000
2022-23,9,122806,MID,0,0,false,82.2435,57.4000
2022-23,9,149484,DEF,0,0,false,78.7070,90.0000
2022-23,9,178301,FWD,0,0,false,83.0909,88.0000
2022-23,9,199796,DEF,2,2,false,58.8280,74.6000
2022-23,9,199798,DEF,0,0,false,77.1413,90.0000
2022-23,9,215711,MID,0,0,false,47.9912,50.4000
2022-23,9,232653,MID,0,0,false,70.8788,57.0000
2022-23,9,226944,MID,1,1,false,58.1047,0.0000
2022-23,9,54469,DEF,0,0,false,85.5553,90.0000
2022-23,9,152551,MID,0,0,false,90.0000,90.0000
2022-23,9,154566,FWD,0,0,false,71.7945,80.0000
2022-23,9,155408,MID,0,0,false,78.7654,90.0000
2022-23,9,168991,MID,0,0,false,77.1419,77.8000
2022-23,9,223911,DEF,0,0,false,89.1111,90.0000
2022-23,9,235530,DEF,2,2,false,42.1892,0.0000
2022-23,9,447932,DEF,0,0,false,74.8444,26.6000
2022-23,9,61810,DEF,0,0,false,72.4816,0.0000
2022-23,9,144485,FWD,0,0,false,85.1880,90.0000
2022-23,9,154561,GKP,0,0,false,78.1579,90.0000
2022-23,9,194010,DEF,0,0,false,83.9380,89.2000
2022-23,9,207283,MID,0,0,false,64.7559,70.8000
2022-23,9,446008,FWD,0,0,false,74.6356,70.6000
2022-23,9,50175,FWD,0,0,false,65.4980,69.6000
2022-23,9,60307,MID,0,0,false,72.0712,81.6000
2022-23,9,83299,DEF,0,0,false,82.0395,90.0000
2022-23,9,109345,MID,0,0,false,71.1886,90.0000
2022-23,9,110735,DEF,0,0,false,71.2876,90.0000
2022-23,9,111478,DEF,0,0,false,80.6661,66.4000
2022-23,9,116216,MID,0,0,false,80.6270,84.8000
2022-23,9,179268,DEF,1,1,false,64.2967,58.6000
2022-23,9,215059,GKP,0,0,false,89.1541,90.0000
2022-23,9,243016,MID,0,0,false,77.7068,89.2000
2022-23,9,486672,MID,0,0,false,62.9310,89.6000
2022-23,9,51090,DEF,0,0,false,82.7538,54.0000
2022-23,9,85955,MID,0,0,false,56.9985,59.0000
2022-23,9,126187,MID,0,0,false,52.1380,82.6000
2022-23,9,184341,MID,0,0,false,66.2719,80.4000
2022-23,9,219847,FWD,0,0,false,60.7522,60.0000
2022-23,9,225796,DEF,0,0,false,66.8978,3.6000
2022-23,9,228286,GKP,1,1,false,69.6790,9.0000
2022-23,9,40836,GKP,0,0,false,82.8102,90.0000
2022-23,9,55494,DEF,0,0,false,76.9874,90.0000
2022-23,9,57328,DEF,0,0,false,47.3261,0.0000
2022-23,9,80146,MID,0,0,false,65.3065,53.0000
2022-23,9,82403,MID,0,0,false,76.0674,87.2000
2022-23,9,86417,MID,0,0,false,58.8105,77.6000
2022-23,9,174874,DEF,1,1,false,68.3068,90.0000
2022-23,9,209036,DEF,0,0,false,88.1391,90.0000
2022-23,9,232413,MID,0,0,false,54.7243,84.2000
2022-23,9,244723,DEF,0,0,false,72.9791,70.0000
2022-23,9,111234,GKP,0,0,false,76.0332,90.0000
2022-23,9,153133,MID,0,0,false,76.9267,86.4000
2022-23,9,172632,MID,0,0,false,78.0931,81.0000
2022-23,9,224967,DEF,0,0,false,67.4457,90.0000
2022-23,9,232826,MID,0,0,false,65.2421,65.2000
2022-23,9,243571,DEF,1,1,false,68.8574,5.2000
2022-23,9,17761,DEF,0,0,false,87.0489,90.0000
2022-23,9,82514,DEF,0,0,false,89.7037,90.0000
2022-23,9,96994,MID,0,0,false,85.8095,87.0000
2022-23,9,109646,DEF,0,0,false,90.0000,36.0000
2022-23,9,128389,FWD,0,0,false,77.1169,70.8000
2022-23,9,153366,MID,0,0,false,90.0000,73.4000
2022-23,9,167074,DEF,1,1,false,66.5093,2.8000
2022-23,9,169528,DEF,2,2,false,42.4183,90.0000
2022-23,9,154296,MID,1,1,false,67.7230,90.0000
2022-23,9,80954,MID,0,0,false,57.4190,58.8000
2022-23,9,149915,DEF,1,1,false,62.9215,18.0000
2022-23,9,193645,DEF,0,0,false,72.6316,81.0000
2022-23,9,221399,MID,0,0,false,73.0874,70.2000
2022-23,9,222694,DEF,0,0,false,77.1241,70.8000
2022-23,9,437495,GKP,0,0,false,89.6617,90.0000
2022-23,9,224209,DEF,0,0,false,67.6006,70.6000
2022-23,9,234370,MID,0,0,false,70.9337,78.2000
2022-23,9,427637,MID,0,0,false,81.9165,87.0000
2022-23,9,37642,DEF,0,0,false,70.5075,18.0000
2022-23,9,95463,GKP,0,0,false,58.7030,90.0000
2022-23,9,101668,FWD,0,0,false,51.9085,42.0000
2022-23,9,155569,DEF,2,2,false,38.2239,76.6000
2022-23,9,166477,DEF,0,0,false,66.9829,85.2000
2022-23,9,166989,MID,0,0,false,73.2111,88.2000
2022-23,9,172780,MID,0,0,false,74.3003,72.0000
2022-23,9,201666,MID,0,0,false,65.2665,85.2000
2022-23,9,203341,MID,0,0,false,59.8456,0.0000
2022-23,9,215413,MID,0,0,false,68.2996,75.2000
2022-23,9,220627,DEF,0,0,false,67.2180,88.4000
2022-23,9,56979,MID,0,0,false,56.9270,50.8000
2022-23,9,92217,FWD,0,0,false,50.3627,72.8000
2022-23,9,97032,DEF,0,0,false,86.6165,90.0000
2022-23,9,116535,GKP,0,0,false,88.3083,90.0000
2022-23,9,116643,MID,0,0,false,74.1458,55.0000
2022-23,9,118748,MID,0,0,false,83.7782,85.4000
2022-23,9,122798,DEF,1,1,false,52.5728,55.8000
2022-23,9,169187,DEF,0,0,false,78.5752,48.4000
2022-23,9,171287,DEF,1,1,false,36.2618,81.0000
2022-23,9,244731,MID,0,0,false,57.7711,8.2000
2022-23,9,444884,MID,0,0,false,42.1242,52.6000
2022-23,9,215136,DEF,0,0,false,50.7461,62.0000
2022-23,9,58621,DEF,0,0,false,53.9795,0.0000
2022-23,9,59859,MID,0,0,false,58.1627,35.6000
2022-23,9,61366,MID,0,0,false,68.2167,67.8000
2022-23,9,97299,DEF,1,1,false,47.2840,18.0000
2022-23,9,103955,MID,0,0,false,75.8675,51.2000
2022-23,9,121145,DEF,0,0,false,84.5445,67.8000
2022-23,9,121160,GKP,0,0,false,89.1541,72.0000
2022-23,9,126184,DEF,0,0,false,31.6335,36.0000
2022-23,9,165809,MID,0,0,false,74.8068,69.4000
2022-23,9,171314,DEF,1,1,false,64.4977,57.6000
2022-23,9,206325,DEF,0,0,false,38.5540,0.0000
2022-23,9,209244,MID,0,0,false,68.1478,37.6000
2022-23,9,220566,MID,1,1,false,67.3070,72.0000
2022-23,9,223094,FWD,0,0,false,84.7737,51.8000
2022-23,9,514356,MID,3,3,false,34.8659,0.0000
2022-23,9,51940,GKP,0,0,false,90.0000,90.0000
2022-23,9,90152,DEF,0,0,false,58.6969,48.0000
2022-23,9,141746,MID,0,0,false,87.0394,90.0000
2022-23,9,176297,MID,0,0,false,61.3987,73.6000
2022-23,9,195851,MID,0,0,false,71.1303,12.0000
2022-23,9,209243,MID,0,0,false,61.9237,45.4000
2022-23,9,216051,DEF,0,0,false,74.4136,90.0000
2022-23,9,156689,MID,0,0,false,81.0503,82.6000
2022-23,9,77794,DEF,0,0,false,60.6809,88.6000
2022-23,9,78916,DEF,0,0,false,71.0339,87.4000
2022-23,9,119471,DEF,0,0,false,70.1351,88.4000
2022-23,9,169359,DEF,0,0,false,58.2547,7.4000
2022-23,9,179018,MID,0,0,false,69.9735,84.0000
2022-23,9,180974,MID,1,1,false,68.2692,67.8000
2022-23,9,200089,MID,0,0,false,74.3474,58.2000
2022-23,9,208706,MID,0,0,false,39.7095,82.8000
2022-23,9,98747,GKP,0,0,false,88.3083,90.0000
2022-23,9,220237,DEF,0,0,false,56.4230,86.0000
2022-23,9,56917,DEF,0,0,false,61.5140,90.0000
2022-23,9,168281,DEF,0,0,false,90.0000,90.0000
2022-23,9,204968,MID,0,0,false,59.1248,90.0000
2022-23,9,208912,DEF,1,1,false,56.4122,11.2000
2022-23,9,242898,FWD,0,0,false,85.2858,65.0000
2022-23,9,172649,GKP,0,0,false,90.0000,90.0000
2022-23,9,96787,MID,0,0,false,52.3905,73.4000
2022-23,9,101178,MID,0,0,false,88.0733,90.0000
2022-23,9,155511,FWD,0,0,false,51.9548,59.4000
2022-23,9,158534,DEF,0,0,false,82.5752,46.6000
2022-23,9,200439,FWD,0,0,false,67.8857,72.0000
2022-23,9,431131,MID,1,1,false,37.1285,8.4000
2022-23,9,450527,DEF,1,1,false,72.1884,90.0000
2022-23,9,456350,GKP,0,0,false,90.0000,90.0000
2022-23,9,477386,DEF,0,0,false,84.7143,26.2000
2022-23,9,37915,GKP,0,0,false,90.0000,90.0000
2022-23,9,78830,FWD,0,0,false,87.0563,89.8000
2022-23,9,85971,MID,0,0,false,72.7277,87.8000
2022-23,9,93264,DEF,0,0,false,86.7199,76.8000
2022-23,9,115556,DEF,3,3,false,48.4098,73.8000
2022-23,9,132015,MID,0,0,false,85.4784,72.0000
2022-23,9,173904,DEF,0,0,false,42.8326,29.4000
2022-23,9,202993,MID,0,0,false,63.1157,78.0000
2022-23,9,221632,DEF,0,0,false,50.3797,53.2000
2022-23,9,241157,DEF,0,0,false,67.3854,30.4000
2022-23,9,445044,MID,1,1,false,44.3309,0.0000
2022-23,9,37096,GKP,0,0,false,86.8133,81.0000
2022-23,9,55459,DEF,0,0,false,73.9611,90.0000
2022-23,9,103192,DEF,0,0,false,77.3872,72.0000
2022-23,9,164555,DEF,1,1,false,62.6932,18.4000
2022-23,9,178186,MID,0,0,false,85.6611,89.4000
2022-23,9,204480,MID,0,0,false,87.7256,90.0000
2022-23,9,215439,MID,0,0,false,86.6259,90.0000
2022-23,9,217593,MID,0,0,false,71.8704,33.0000
2022-23,9,94147,DEF,0,0,false,85.5986,90.0000
2022-23,9,114128,DEF,0,0,false,66.8787,45.4000
2022-23,9,149065,GKP,0,0,false,88.7312,90.0000
2022-23,9,171317,MID,0,0,false,82.8477,72.0000
2022-23,9,200600,MID,0,0,false,55.6030,90.0000
2022-23,9,214048,DEF,0,0,false,83.1203,90.0000
2022-23,9,247632,MID,0,0,false,48.5586,0.0000
2022-23,9,448514,DEF,0,0,false,62.4359,21.6000
2022-23,9,222531,MID,0,0,false,52.1741,82.8000
2022-23,9,19624,MID,0,0,false,76.5699,66.4000
2022-23,9,222690,DEF,0,0,false,66.3961,0.0000
2022-23,9,200785,MID,0,0,false,90.0000,72.0000
2022-23,9,472713,DEF,0,0,false,70.5064,16.4000
2022-23,9,193204,MID,0,0,false,66.8417,75.2000
2022-23,9,438464,MID,0,0,false,85.7354,41.6000
2022-23,9,432830,DEF,1,1,false,52.5955,54.0000
2022-23,9,80607,MID,0,0,false,66.1164,48.4000
2022-23,9,86129,DEF,1,1,false,50.6795,45.0000
2022-23,9,114241,DEF,3,3,false,30.4025,39.0000
2022-23,9,243345,MID,0,0,false,50.5093,2.0000
2022-23,9,51927,DEF,0,0,false,73.9328,68.0000
2022-23,9,109322,MID,0,0,false,39.1397,44.6000
2022-23,9,221820,DEF,0,0,false,84.1687,90.0000
2022-23,9,201658,MID,0,0,false,86.7651,84.2000
2022-23,9,221466,DEF,0,0,false,55.5066,87.2000
2022-23,9,449871,MID,0,0,false,73.4583,87.4000
2022-23,9,181284,MID,0,0,false,62.6569,16.8000
2022-23,9,201057,DEF,0,0,false,90.0000,90.0000
2022-23,9,465351,MID,0,0,false,82.9910,68.4000
2022-23,13,80201,GKP,0,0,false,64.2570,90.0000
2022-23,13,84450,MID,0,0,false,81.9238,71.8000
2022-23,13,167199,MID,0,0,false,66.3443,86.6000
2022-23,13,184029,MID,0,0,false,72.2976,88.4000
2022-23,13,198869,DEF,0,0,false,78.2786,83.8000
2022-23,13,223340,MID,0,0,false,85.3532,77.2000
2022-23,13,225321,GKP,0,0,false,87.3684,90.0000
2022-23,13,226597,DEF,0,0,false,87.3904,90.0000
2022-23,13,444145,MID,0,0,false,73.9473,83.8000
2022-23,13,462424,DEF,0,0,false,90.0000,87.0000
2022-23,13,205651,FWD,0,0,false,76.2193,54.0000
2022-23,13,98980,GKP,0,0,false,88.6842,42.8000
2022-23,13,101188,DEF,5,4,false,37.9171,72.0000
2022-23,13,122806,MID,0,0,false,74.0562,59.6000
2022-23,13,149484,DEF,0,0,false,84.1702,90.0000
2022-23,13,178301,FWD,0,0,false,84.0638,69.4000
2022-23,13,199796,DEF,0,0,false,69.1730,54.4000
2022-23,13,199798,DEF,0,0,false,81.2940,88.2000
2022-23,13,215711,MID,0,0,false,46.5120,59.0000
2022-23,13,230046,MID,0,0,false,70.7440,86.6000
2022-23,13,232653,MID,0,0,false,65.4618,37.4000
2022-23,13,226944,MID,5,4,false,23.4623,55.2000
2022-23,13,54469,DEF,0,0,false,88.2053,90.0000
2022-23,13,81012,DEF,0,0,false,36.3924,16.8000
2022-23,13,152551,MID,0,0,false,90.0000,90.0000
2022-23,13,154566,FWD,0,0,false,73.6535,89.6000
2022-23,13,155408,MID,0,0,false,85.4636,87.8000
2022-23,13,168991,MID,0,0,false,80.4768,67.6000
2022-23,13,223911,DEF,0,0,false,89.6411,36.0000
2022-23,13,229600,GKP,0,0,false,19.8176,90.0000
2022-23,13,235530,DEF,6,4,false,17.0358,36.0000
2022-23,13,447932,DEF,0,0,false,37.8239,67.8000
2022-23,13,61810,DEF,4,4,false,42.9979,0.2000
2022-23,13,144485,FWD,0,0,false,86.2573,72.0000
2022-23,13,154561,GKP,0,0,false,80.7895,90.0000
2022-23,13,191866,DEF,0,0,false,52.2625,16.4000
2022-23,13,194010,DEF,0,0,false,84.8975,90.0000
2022-23,13,204580,MID,0,0,false,70.8158,63.4000
2022-23,13,207283,MID,0,0,false,68.0524,67.0000
2022-23,13,446008,FWD,0,0,false,71.7331,74.8000
2022-23,13,50175,FWD,0,0,false,71.5126,16.6000
2022-23,13,60307,MID,0,0,false,73.3603,90.0000
2022-23,13,83299,DEF,0,0,false,83.8085,90.0000
2022-23,13,109345,MID,0,0,false,76.4987,85.4000
2022-23,13,110735,DEF,0,0,false,75.4459,36.0000
2022-23,13,111478,DEF,0,0,false,80.3584,24.4000
2022-23,13,115382,FWD,0,0,false,48.0135,41.6000
2022-23,13,116216,MID,0,0,false,81.7597,79.6000
2022-23,13,179268,DEF,0,0,false,61.9601,70.0000
2022-23,13,215059,GKP,0,0,false,89.3421,90.0000
2022-23,13,243016,MID,0,0,false,79.8430,54.0000
2022-23,13,486672,MID,0,0,false,69.2008,72.0000
2022-23,13,51090,DEF,0,0,false,65.1276,88.6000
2022-23,13,85955,MID,0,0,false,65.9744,68.2000
2022-23,13,109745,GKP,0,0,false,51.4444,45.0000
2022-23,13,126187,MID,0,0,false,63.7089,34.6000
2022-23,13,180736,DEF,0,0,false,55.5071,54.4000
2022-23,13,184341,MID,0,0,false,71.4857,80.2000
2022-23,13,219847,FWD,1,1,false,52.7851,70.0000
2022-23,13,225796,DEF,3,3,false,34.7493,10.4000
2022-23,13,228286,GKP,5,4,false,38.5556,45.0000
2022-23,13,40836,GKP,0,0,false,84.4079,90.0000
2022-23,13,55494,DEF,0,0,false,81.4975,46.6000
2022-23,13,57328,DEF,4,4,false,23.5743,64.6000
2022-23,13,80146,MID,0,0,false,60.4734,67.6000
2022-23,13,82403,MID,0,0,false,80.6401,90.0000
2022-23,13,86417,MID,0,0,false,62.7550,88.6000
2022-23,13,174874,DEF,0,0,false,79.6009,90.0000
2022-23,13,199670,FWD,0,0,false,63.2950,19.0000
2022-23,13,209036,DEF,0,0,false,88.5526,72.0000
2022-23,13,232413,MID,0,0,false,65.7871,72.2000
2022-23,13,244723,DEF,0,0,false,72.6813,54.4000
2022-23,13,59949,DEF,0,0,false,60.7056,42.8000
2022-23,13,111234,GKP,0,0,false,82.8415,90.0000
2022-23,13,153133,MID,0,0,false,77.7580,90.0000
2022-23,13,172632,MID,0,0,false,77.4473,75.8000
2022-23,13,224967,DEF,0,0,false,72.5607,77.6000
2022-23,13,232826,MID,0,0,false,63.9266,41.8000
2022-23,13,243571,DEF,5,4,false,27.8042,58.8000
2022-23,13,17761,DEF,0,0,false,87.7047,90.0000
2022-23,13,82514,DEF,0,0,false,89.8804,90.0000
2022-23,13,96994,MID,0,0,false,88.3079,61.2000
2022-23,13,109646,DEF,0,0,false,63.5686,0.2000
2022-23,13,128389,FWD,0,0,false,73.6881,52.8000
2022-23,13,153366,MID,0,0,false,78.8355,66.2000
2022-23,13,167074,DEF,5,4,false,26.8561,56.8000
2022-23,13,169528,DEF,0,0,false,70.7868,90.0000
2022-23,13,154296,MID,0,0,false,81.0047,86.8000
2022-23,13,55914,DEF,0,0,false,56.4388,86.2000
2022-23,13,80954,MID,0,0,false,58.5633,74.2000
2022-23,13,149915,DEF,1,1,false,44.5682,3.6000
2022-23,13,193645,DEF,0,0,false,70.8570,90.0000
2022-23,13,221399,MID,0,0,false,70.7831,35.8000
2022-23,13,222694,DEF,0,0,false,67.8236,90.0000
2022-23,13,437495,GKP,0,0,false,89.7368,90.0000
2022-23,13,224209,DEF,1,1,false,62.7002,70.4000
2022-23,13,234370,MID,0,0,false,73.6067,71.2000
2022-23,13,427637,MID,0,0,false,85.3149,87.4000
2022-23,13,37642,DEF,3,3,false,43.4182,0.0000
2022-23,13,95463,GKP,0,0,false,65.6579,90.0000
2022-23,13,155569,DEF,0,0,false,57.0871,90.0000
2022-23,13,166477,DEF,0,0,false,73.6550,90.0000
2022-23,13,166989,MID,0,0,false,79.1022,71.0000
2022-23,13,172780,MID,0,0,false,69.5655,40.8000
2022-23,13,201666,MID,0,0,false,71.8265,86.0000
2022-23,13,203341,MID,4,4,false,32.0746,26.2000
2022-23,13,215413,MID,0,0,false,72.1641,74.0000
2022-23,13,220627,DEF,0,0,false,71.4623,36.0000
2022-23,13,61558,MID,1,1,false,43.2245,85.2000
2022-23,13,92217,FWD,0,0,false,56.3512,47.4000
2022-23,13,97032,DEF,0,0,false,87.3684,90.0000
2022-23,13,116535,GKP,0,0,false,88.6842,90.0000
2022-23,13,116643,MID,0,0,false,64.4790,66.0000
2022-23,13,118748,MID,0,0,false,83.1078,90.0000
2022-23,13,122798,DEF,0,0,false,53.9130,83.2000
2022-23,13,169187,DEF,0,0,false,60.8581,83.4000
2022-23,13,171287,DEF,0,0,false,53.6586,39.6000
2022-23,13,244731,MID,3,3,false,29.9208,0.0000
2022-23,13,215136,DEF,0,0,false,54.6038,27.6000
2022-23,13,58621,DEF,3,3,false,33.0617,0.0000
2022-23,13,59859,MID,1,1,false,45.6787,72.6000
2022-23,13,61366,MID,0,0,false,73.4686,90.0000
2022-23,13,97299,DEF,4,4,false,28.0205,90.0000
2022-23,13,103955,MID,0,0,false,62.0153,62.0000
2022-23,13,114283,MID,0,0,false,43.6197,62.2000
2022-23,13,121145,DEF,0,0,false,84.5880,44.4000
2022-23,13,121160,GKP,0,0,false,89.3421,90.0000
2022-23,13,126184,DEF,1,1,false,38.2293,54.0000
2022-23,13,165809,MID,0,0,false,79.2776,71.2000
2022-23,13,171314,DEF,0,0,false,73.9555,3.8000
2022-23,13,206325,DEF,3,3,false,23.1452,48.6000
2022-23,13,209244,MID,0,0,false,62.0017,29.8000
2022-23,13,220566,MID,0,0,false,76.5523,90.0000
2022-23,13,223094,FWD,0,0,false,85.0061,59.2000
2022-23,13,514356,MID,7,4,false,14.0786,27.6000
2022-23,13,51940,GKP,0,0,false,90.0000,90.0000
2022-23,13,90152,DEF,0,0,false,59.4068,33.2000
2022-23,13,106760,DEF,0,0,false,59.8110,84.8000
2022-23,13,141746,MID,0,0,false,87.7153,72.0000
2022-23,13,176297,MID,0,0,false,61.7282,80.0000
2022-23,13,209243,MID,0,0,false,59.1363,0.0000
2022-23,13,216051,DEF,0,0,false,78.0044,36.0000
2022-23,13,156689,MID,0,0,false,83.6321,85.2000
2022-23,13,75115,FWD,0,0,false,55.5835,34.0000
2022-23,13,77794,DEF,0,0,false,67.0176,87.8000
2022-23,13,78916,DEF,0,0,false,77.2151,90.0000
2022-23,13,119471,DEF,0,0,false,77.1439,88.4000
2022-23,13,170137,MID,3,3,false,29.2786,10.8000
2022-23,13,179018,MID,0,0,false,73.0494,84.0000
2022-23,13,180135,MID,0,0,false,66.8964,90.0000
2022-23,13,180974,MID,0,0,false,66.9419,72.0000
2022-23,13,200089,MID,0,0,false,63.7519,74.4000
2022-23,13,208706,MID,0,0,false,57.3155,88.4000
2022-23,13,98747,GKP,0,0,false,88.6842,90.0000
2022-23,13,220237,DEF,0,0,false,76.4418,85.2000
2022-23,13,56917,DEF,0,0,false,78.4975,35.8000
2022-23,13,168281,DEF,0,0,false,90.0000,36.0000
2022-23,13,204968,MID,0,0,false,77.5328,90.0000
2022-23,13,208912,DEF,0,0,false,28.3497,59.2000
2022-23,13,242898,FWD,0,0,false,75.1569,77.0000
2022-23,13,172649,GKP,0,0,false,90.0000,72.0000
2022-23,13,96787,MID,0,0,false,63.3545,83.8000
2022-23,13,101178,MID,0,0,false,88.5015,90.0000
2022-23,13,155511,FWD,0,0,false,60.1189,18.2000
2022-23,13,158534,DEF,1,1,false,68.0354,36.0000
2022-23,13,200439,FWD,0,0,false,64.0964,84.6000
2022-23,13,450527,DEF,0,0,false,80.5520,89.8000
2022-23,13,456350,GKP,0,0,false,90.0000,90.0000
2022-23,13,477386,DEF,2,2,false,49.8599,46.6000
2022-23,13,37915,GKP,0,0,false,90.0000,72.0000
2022-23,13,78830,FWD,0,0,false,88.0074,90.0000
2022-23,13,85971,MID,0,0,false,80.0163,54.0000
2022-23,13,93264,DEF,0,0,false,86.4119,60.6000
2022-23,13,115556,DEF,0,0,false,57.3444,72.2000
2022-23,13,132015,MID,1,1,false,74.9348,89.4000
2022-23,13,202993,MID,0,0,false,71.2981,42.4000
2022-23,13,221632,DEF,1,1,false,54.5062,18.0000
2022-23,13,241157,DEF,0,0,false,49.8524,39.0000
2022-23,13,445044,MID,5,4,false,23.9459,40.2000
2022-23,13,37096,GKP,0,0,false,88.2802,81.0000
2022-23,13,55459,DEF,0,0,false,80.6099,90.0000
2022-23,13,103192,DEF,0,0,false,71.4703,38.8000
2022-23,13,164555,DEF,0,0,false,44.1576,36.0000
2022-23,13,178186,MID,0,0,false,86.3015,90.0000
2022-23,13,204480,MID,0,0,false,88.2310,90.0000
2022-23,13,215439,MID,0,0,false,87.3757,62.4000
2022-23,13,217593,MID,0,0,false,55.6377,8.2000
2022-23,13,219924,DEF,1,1,false,34.6988,90.0000
2022-23,13,222018,DEF,0,0,false,46.0045,0.0000
2022-23,13,94147,DEF,0,0,false,87.8236,72.0000
2022-23,13,114128,DEF,0,0,false,57.0000,14.0000
2022-23,13,149065,GKP,0,0,false,89.0132,90.0000
2022-23,13,171317,MID,0,0,false,77.1047,90.0000
2022-23,13,200600,MID,0,0,false,68.4708,61.8000
2022-23,13,214048,DEF,0,0,false,84.6491,90.0000
2022-23,13,247632,MID,4,4,false,23.4266,0.0000
2022-23,13,448514,DEF,2,2,false,44.0726,13.0000
2022-23,13,222531,MID,0,0,false,62.3618,64.0000
2022-23,13,19624,MID,0,0,false,73.6119,71.0000
2022-23,13,222690,DEF,4,4,false,23.3791,59.0000
2022-23,13,200785,MID,1,1,false,71.4454,71.2000
2022-23,13,472713,DEF,3,3,false,37.7202,0.0000
2022-23,13,193204,MID,0,0,false,69.2923,47.0000
2022-23,13,171101,DEF,0,0,false,34.1676,83.2000
2022-23,13,438464,MID,1,1,false,61.5318,66.6000
2022-23,13,432830,DEF,0,0,false,51.6483,90.0000
2022-23,13,80607,MID,0,0,false,48.9221,78.8000
2022-23,13,86129,DEF,1,1,false,51.0401,54.0000
2022-23,13,114241,DEF,1,1,false,36.9462,5.6000
2022-23,13,243345,MID,3,3,false,20.5082,14.8000
2022-23,13,51927,DEF,1,1,false,63.9339,90.0000
2022-23,13,109322,MID,0,0,false,39.1973,39.6000
2022-23,13,221820,DEF,0,0,false,87.9467,54.0000
2022-23,13,201658,MID,0,0,false,86.5474,49.2000
2022-23,13,18892,DEF,0,0,false,61.7112,60.4000
2022-23,13,69752,GKP,0,0,false,71.8872,0.0000
2022-23,13,221466,DEF,0,0,false,74.2836,89.4000
2022-23,13,449871,MID,0,0,false,81.0339,80.8000
2022-23,13,89076,MID,0,0,false,71.0474,87.6000
2022-23,13,201057,DEF,0,0,false,90.0000,72.0000
2022-23,13,465351,MID,0,0,false,76.8431,34.2000
2022-23,13,233420,DEF,0,0,false,31.1467,59.8000
2022-23,13,224024,MID,2,2,false,43.9097,70.2000
2022-23,13,467169,MID,0,0,false,84.3084,30.8000
2022-23,13,211975,DEF,0,0,false,82.3974,86.2000
2022-23,13,80801,MID,0,0,false,80.9588,71.8000
2022-23,13,218218,DEF,0,0,false,83.8635,90.0000
2022-23,13,47431,MID,0,0,false,50.0634,86.0000
2022-23,13,18507,FWD,0,0,false,60.9885,45.0000
2022-23,17,80201,GKP,0,0,false,70.0517,108.0000
2022-23,17,84450,MID,0,0,false,72.9564,90.0000
2022-23,17,167199,MID,0,0,false,75.7089,80.2000
2022-23,17,184029,MID,0,0,false,80.0086,86.4000
2022-23,17,198869,DEF,0,0,false,83.3315,70.6000
2022-23,17,223340,MID,0,0,false,81.2416,90.0000
2022-23,17,225321,GKP,0,0,false,87.8469,90.0000
2022-23,17,226597,DEF,0,0,false,87.8648,90.0000
2022-23,17,444145,MID,0,0,false,75.7656,79.4000
2022-23,17,462424,DEF,0,0,false,88.3353,90.0000
2022-23,17,205651,FWD,1,1,false,66.6680,0.0000
2022-23,17,98980,GKP,1,1,false,72.4344,72.0000
2022-23,17,101188,DEF,0,0,false,54.5839,42.0000
2022-23,17,122806,MID,0,0,false,69.3165,15.4000
2022-23,17,149484,DEF,0,0,false,86.5951,90.0000
2022-23,17,178301,FWD,0,0,false,74.6183,73.4000
2022-23,17,199796,DEF,1,1,false,65.9469,30.8000
2022-23,17,199798,DEF,0,0,false,83.4754,88.2000
2022-23,17,215711,MID,0,0,false,48.9713,81.2000
2022-23,17,230046,MID,0,0,false,78.0016,82.8000
2022-23,17,232653,MID,1,1,false,56.3594,43.0000
2022-23,17,226944,MID,0,0,false,39.8056,88.2000
2022-23,17,54469,DEF,0,0,false,89.1814,66.4000
2022-23,17,152551,MID,0,0,false,90.0000,88.6000
2022-23,17,154566,FWD,0,0,false,82.3382,36.0000
2022-23,17,155408,MID,0,0,false,87.9308,40.6000
2022-23,17,168991,MID,0,0,false,77.6445,53.4000
2022-23,17,223911,DEF,2,2,false,61.1624,54.0000
2022-23,17,229600,GKP,0,0,false,57.9885,36.0000
2022-23,17,235530,DEF,0,0,false,23.3464,72.0000
2022-23,17,447932,DEF,0,0,false,55.1876,49.8000
2022-23,17,61810,DEF,8,4,false,28.9988,0.2000
2022-23,17,128295,MID,0,0,false,35.6535,90.0000
2022-23,17,144485,FWD,0,0,false,78.4270,70.2000
2022-23,17,154561,GKP,0,0,false,82.4641,90.0000
2022-23,17,191866,DEF,3,3,false,36.8403,34.2000
2022-23,17,194010,DEF,0,0,false,85.9532,72.0000
2022-23,17,204580,MID,0,0,false,70.4060,53.2000
2022-23,17,207283,MID,0,0,false,66.8961,78.4000
2022-23,17,226956,DEF,0,0,false,48.4553,63.6000
2022-23,17,231065,DEF,0,0,false,72.8492,90.0000
2022-23,17,446008,FWD,0,0,false,75.1454,77.4000
2022-23,17,50175,FWD,1,1,false,46.3314,29.0000
2022-23,17,60307,MID,0,0,false,78.6749,90.0000
2022-23,17,83299,DEF,0,0,false,84.9342,90.0000
2022-23,17,109345,MID,0,0,false,78.2550,84.2000
2022-23,17,110735,DEF,2,2,false,55.0985,0.4000
2022-23,17,111478,DEF,0,0,false,61.0549,48.8000
2022-23,17,116216,MID,0,0,false,82.2479,19.6000
2022-23,17,179268,DEF,0,0,false,65.3328,68.2000
2022-23,17,215059,GKP,0,0,false,89.4617,90.0000
2022-23,17,243016,MID,1,1,false,69.4090,40.0000
2022-23,17,486672,MID,0,0,false,73.2021,60.6000
2022-23,17,51090,DEF,0,0,false,75.6068,108.0000
2022-23,17,85955,MID,0,0,false,68.4185,63.2000
2022-23,17,109745,GKP,0,0,false,41.1059,108.0000
2022-23,17,126187,MID,1,1,false,48.9371,0.0000
2022-23,17,180736,DEF,0,0,false,56.6332,49.6000
2022-23,17,184341,MID,0,0,false,75.2614,79.2000
2022-23,17,219847,FWD,0,0,false,57.3224,105.6000
2022-23,17,225796,DEF,0,0,false,28.2070,11.8000
2022-23,17,228286,GKP,1,1,false,48.8941,0.0000
2022-23,17,40836,GKP,0,0,false,85.4246,108.0000
2022-23,17,55494,DEF,0,0,false,58.5006,50.0000
2022-23,17,57328,DEF,0,0,false,41.4421,93.8000
2022-23,17,80146,MID,0,0,false,63.6817,82.4000
2022-23,17,82403,MID,0,0,false,83.9364,84.8000
2022-23,17,86417,MID,0,0,false,72.2641,76.6000
2022-23,17,174874,DEF,0,0,false,83.8511,43.4000
2022-23,17,209036,DEF,1,1,false,76.3253,108.0000
2022-23,17,232413,MID,0,0,false,63.3242,66.0000
2022-23,17,244723,DEF,0,0,false,69.5792,72.0000
2022-23,17,59949,DEF,1,1,false,54.5244,50.0000
2022-23,17,111234,GKP,0,0,false,85.8549,90.0000
2022-23,17,153133,MID,0,0,false,80.6685,90.0000
2022-23,17,172632,MID,0,0,false,72.5760,72.0000
2022-23,17,224967,DEF,0,0,false,68.8067,81.0000
2022-23,17,232826,MID,0,0,false,58.9713,8.4000
2022-23,17,243571,DEF,0,0,false,46.3566,26.2000
2022-23,17,17761,DEF,0,0,false,88.1220,90.0000
2022-23,17,82514,DEF,0,0,false,89.9454,108.0000
2022-23,17,96994,MID,0,0,false,74.9400,88.6000
2022-23,17,109646,DEF,4,4,false,28.9948,38.8000
2022-23,17,128389,FWD,0,0,false,57.4097,90.0000
2022-23,17,153366,MID,0,0,false,71.8099,92.4000
2022-23,17,167074,DEF,0,0,false,40.2802,105.8000
2022-23,17,169528,DEF,0,0,false,81.2365,90.0000
2022-23,17,154296,MID,0,0,false,83.1280,108.0000
2022-23,17,55914,DEF,0,0,false,67.5881,72.0000
2022-23,17,80954,MID,0,0,false,65.3009,67.8000
2022-23,17,149915,DEF,0,0,false,29.2948,0.0000
2022-23,17,193645,DEF,0,0,false,76.3216,89.4000
2022-23,17,221399,MID,2,2,false,50.0535,78.0000
2022-23,17,222694,DEF,0,0,false,76.1383,84.6000
2022-23,17,437495,GKP,0,0,false,89.7847,108.0000
2022-23,17,224209,DEF,0,0,false,73.1370,4.0000
2022-23,17,234370,MID,0,0,false,76.3481,68.2000
2022-23,17,427637,MID,0,0,false,85.8875,64.8000
2022-23,17,37642,DEF,7,4,false,24.4373,0.0000
2022-23,17,95463,GKP,0,0,false,70.0837,90.0000
2022-23,17,155569,DEF,0,0,false,70.7956,72.0000
2022-23,17,166477,DEF,0,0,false,78.8955,90.0000
2022-23,17,166989,MID,0,0,false,78.7242,78.2000
2022-23,17,172780,MID,1,1,false,58.2381,17.4000
2022-23,17,201666,MID,0,0,false,75.2585,90.0000
2022-23,17,215413,MID,0,0,false,70.8307,44.8000
2022-23,17,220627,DEF,2,2,true,52.9459,0.0000
2022-23,17,225902,MID,0,0,false,49.2740,19.4000
2022-23,17,244619,DEF,0,0,false,37.0139,65.4000
2022-23,17,60914,DEF,0,0,false,36.0923,58.6000
2022-23,17,61558,MID,0,0,false,59.9970,89.0000
2022-23,17,92217,FWD,1,1,false,52.0114,0.0000
2022-23,17,97032,DEF,0,0,false,87.8469,27.0000
2022-23,17,116535,GKP,0,0,false,88.9234,90.0000
2022-23,17,116643,MID,0,0,false,72.7758,33.0000
2022-23,17,118748,MID,0,0,false,85.0839,90.0000
2022-23,17,122798,DEF,0,0,false,70.3254,74.2000
2022-23,17,169187,DEF,0,0,false,71.8366,74.6000
2022-23,17,171287,DEF,0,0,false,45.6078,41.0000
2022-23,17,244731,MID,7,4,false,16.4079,0.0000
2022-23,17,215136,DEF,0,0,false,39.8322,23.2000
2022-23,17,447203,FWD,0,0,false,62.6633,59.4000
2022-23,17,58621,DEF,7,4,false,19.4463,46.4000
2022-23,17,59859,MID,0,0,false,66.0840,53.8000
2022-23,17,61366,MID,0,0,false,79.3246,75.4000
2022-23,17,97299,DEF,0,0,false,56.2564,72.0000
2022-23,17,103955,MID,0,0,false,60.3840,21.0000
2022-23,17,114283,MID,0,0,false,49.0703,83.8000
2022-23,17,121145,DEF,0,0,false,70.0328,27.0000
2022-23,17,121160,GKP,0,0,false,89.4617,108.0000
2022-23,17,126184,DEF,0,0,false,41.5946,99.0000
2022-23,17,165809,MID,1,1,false,70.7269,68.0000
2022-23,17,171314,DEF,2,2,false,40.9561,0.2000
2022-23,17,206325,DEF,0,0,false,34.3265,82.8000
2022-23,17,209244,MID,0,0,false,50.3981,23.6000
2022-23,17,220566,MID,0,0,false,82.5789,104.2000
2022-23,17,223094,FWD,0,0,false,69.5002,101.8000
2022-23,17,514356,MID,1,1,false,25.0627,49.6000
2022-23,17,51940,GKP,0,0,false,90.0000,126.0000
2022-23,17,90152,DEF,0,0,false,42.9417,108.0000
2022-23,17,106760,DEF,0,0,false,68.6942,126.0000
2022-23,17,141746,MID,0,0,false,79.3052,126.0000
2022-23,17,176297,MID,0,0,false,70.4774,117.0000
2022-23,17,184667,DEF,1,1,false,40.9382,19.6000
2022-23,17,209243,MID,4,4,false,32.4355,6.2000
2022-23,17,216051,DEF,2,2,false,57.2381,20.4000
2022-23,17,156689,MID,0,0,false,84.1464,98.8000
2022-23,17,75115,FWD,1,1,false,43.0595,68.2000
2022-23,17,77794,DEF,0,0,false,70.5253,90.0000
2022-23,17,78916,DEF,0,0,false,81.4463,90.0000
2022-23,17,119471,DEF,0,0,false,80.0440,90.0000
2022-23,17,179018,MID,0,0,false,75.1780,79.8000
2022-23,17,180135,MID,0,0,false,73.9898,90.0000
2022-23,17,180974,MID,0,0,false,68.1464,90.0000
2022-23,17,200089,MID,0,0,false,68.9493,73.4000
2022-23,17,208706,MID,0,0,false,67.6475,63.0000
2022-23,17,98747,GKP,0,0,false,88.9234,90.0000
2022-23,17,220237,DEF,0,0,false,81.1756,90.0000
2022-23,17,56917,DEF,2,2,false,55.9573,0.0000
2022-23,17,168281,DEF,2,2,false,61.3262,39.0000
2022-23,17,204968,MID,0,0,false,84.3135,53.8000
2022-23,17,208912,DEF,0,0,false,44.2802,72.0000
2022-23,17,242898,FWD,0,0,false,77.4670,85.8000
2022-23,17,172649,GKP,1,1,false,74.4240,54.0000
2022-23,17,96787,MID,0,0,false,70.5732,67.4000
2022-23,17,101178,MID,0,0,false,88.7739,90.0000
2022-23,17,158534,DEF,0,0,false,51.5858,72.0000
2022-23,17,200439,FWD,0,0,false,71.4603,80.8000
2022-23,17,244560,DEF,0,0,false,65.0306,39.8000
2022-23,17,450527,DEF,0,0,false,84.3056,89.8000
2022-23,17,456350,GKP,0,0,false,90.0000,90.0000
2022-23,17,477386,DEF,1,1,false,41.9090,24.6000
2022-23,17,37915,GKP,1,1,false,77.9640,108.0000
2022-23,17,78830,FWD,0,0,false,88.5714,108.0000
2022-23,17,85971,MID,0,0,false,65.5040,103.6000
2022-23,17,93264,DEF,0,0,false,82.8741,90.0000
2022-23,17,115556,DEF,0,0,false,60.0302,70.6000
2022-23,17,132015,MID,0,0,false,82.1073,107.4000
2022-23,17,202993,MID,1,1,false,59.2533,50.8000
2022-23,17,221632,DEF,5,4,false,31.0503,107.2000
2022-23,17,241157,DEF,1,1,false,47.3998,55.8000
2022-23,17,445044,MID,0,0,false,38.8496,71.0000
2022-23,17,37096,GKP,0,0,false,85.3652,90.0000
2022-23,17,55459,DEF,0,0,false,83.7425,40.4000
2022-23,17,60232,DEF,0,0,false,60.8711,54.0000
2022-23,17,103192,DEF,1,1,false,57.1356,18.0000
2022-23,17,164555,DEF,0,0,false,38.9122,85.4000
2022-23,17,178186,MID,0,0,false,87.1500,90.0000
2022-23,17,204480,MID,0,0,false,88.5526,90.0000
2022-23,17,215439,MID,0,0,false,81.7618,38.2000
2022-23,17,219924,DEF,0,0,false,57.0774,73.6000
2022-23,17,222018,DEF,4,4,false,25.8226,10.8000
2022-23,17,94147,DEF,1,1,false,76.7595,90.0000
2022-23,17,114128,DEF,2,2,false,34.5388,6.2000
2022-23,17,149065,GKP,0,0,false,89.1926,90.0000
2022-23,17,171317,MID,0,0,false,81.8702,90.0000
2022-23,17,200600,MID,0,0,false,60.4896,43.6000
2022-23,17,214048,DEF,0,0,false,85.6220,90.0000
2022-23,17,247632,MID,8,4,false,12.5403,0.0000
2022-23,17,448514,DEF,0,0,false,31.5739,33.4000
2022-23,17,222531,MID,1,1,false,52.8934,86.0000
2022-23,17,19624,MID,0,0,false,73.3310,55.4000
2022-23,17,222690,DEF,0,0,false,43.1149,37.6000
2022-23,17,200785,MID,1,1,false,65.1497,108.0000
2022-23,17,472713,DEF,7,4,false,17.2049,12.0000
2022-23,17,193204,MID,0,0,false,53.0011,18.4000
2022-23,17,171101,DEF,0,0,false,59.5857,54.8000
2022-23,17,438464,MID,0,0,false,64.0471,102.2000
2022-23,17,432830,DEF,0,0,false,67.0602,72.0000
2022-23,17,80607,MID,0,0,false,61.5337,74.0000
2022-23,17,86129,DEF,0,0,false,51.9887,56.4000
2022-23,17,114241,DEF,0,0,false,21.6977,1.2000
2022-23,17,51927,DEF,0,0,false,73.4636,90.0000
2022-23,17,109322,MID,0,0,false,41.3476,0.0000
2022-23,17,221820,DEF,1,1,false,72.9415,72.6000
2022-23,17,201658,MID,1,1,false,69.9105,0.0000
2022-23,17,18892,DEF,0,0,false,55.6887,74.6000
2022-23,17,490721,DEF,0,0,false,57.8093,62.4000
2022-23,17,69752,GKP,4,4,false,32.3616,54.0000
2022-23,17,221466,DEF,0,0,false,82.5538,69.4000
2022-23,17,449871,MID,0,0,false,79.8983,72.0000
2022-23,17,89076,MID,0,0,false,80.1012,90.0000
2022-23,17,201057,DEF,0,0,false,90.0000,27.0000
2022-23,17,465351,MID,0,0,false,45.2378,90.0000
2022-23,17,61256,MID,0,0,false,81.7442,85.8000
2022-23,17,48760,DEF,0,0,false,40.3938,39.2000
2022-23,17,233420,DEF,0,0,false,44.3731,88.6000
2022-23,17,224024,MID,0,0,false,60.6742,78.8000
2022-23,17,467169,MID,0,0,false,45.0036,70.8000
2022-23,17,211975,DEF,0,0,false,84.9665,99.0000
2022-23,17,80801,MID,0,0,false,76.0992,80.2000
2022-23,17,218218,DEF,0,0,false,87.4865,90.0000
2022-23,17,47431,MID,0,0,false,70.4901,97.8000
2022-23,17,173271,DEF,1,1,false,44.5866,45.8000
2022-23,17,18507,FWD,0,0,false,51.6829,22.0000
2022-23,17,80226,DEF,0,0,false,71.0498,77.8000
2022-23,21,80201,GKP,0,0,false,73.7762,90.0000
2022-23,21,84450,MID,0,0,false,79.4151,99.4000
2022-23,21,167199,MID,0,0,false,78.6814,57.8000
2022-23,21,184029,MID,0,0,false,83.4709,121.8000
2022-23,21,198869,DEF,0,0,false,75.3406,96.8000
2022-23,21,223340,MID,0,0,false,84.8220,124.2000
2022-23,21,225321,GKP,0,0,false,88.1781,126.0000
2022-23,21,226597,DEF,0,0,false,88.1933,126.0000
2022-23,21,444145,MID,0,0,false,77.0867,97.2000
2022-23,21,462424,DEF,0,0,false,89.2339,126.0000
2022-23,21,205651,FWD,5,4,false,36.1528,0.0000
2022-23,21,98980,GKP,0,0,false,73.6677,90.0000
2022-23,21,101188,DEF,1,1,false,46.7985,39.2000
2022-23,21,122806,MID,3,3,false,47.2197,60.0000
2022-23,21,149484,DEF,0,0,false,87.8159,72.0000
2022-23,21,178301,FWD,0,0,false,72.4118,86.2000
2022-23,21,199796,DEF,0,0,false,51.6328,63.0000
2022-23,21,199798,DEF,0,0,false,84.0682,90.0000
2022-23,21,215711,MID,0,0,false,60.6119,48.8000
2022-23,21,230046,MID,0,0,false,79.1453,85.2000
2022-23,21,232653,MID,0,0,false,54.3703,61.2000
2022-23,21,226944,MID,0,0,false,65.9578,81.8000
2022-23,21,54469,DEF,0,0,false,73.7782,81.2000
2022-23,21,152551,MID,0,0,false,89.1794,63.0000
2022-23,21,154566,FWD,2,2,false,58.8617,72.0000
2022-23,21,155408,MID,1,1,false,65.1961,4.0000
2022-23,21,168991,MID,1,1,false,62.1774,78.6000
2022-23,21,223911,DEF,1,1,false,52.3938,63.2000
2022-23,21,229600,GKP,2,2,false,47.1986,0.0000
2022-23,21,235530,DEF,0,0,false,58.0741,0.0000
2022-23,21,447932,DEF,0,0,false,48.1571,83.4000
2022-23,21,61810,DEF,3,3,false,21.4605,0.0000
2022-23,21,128295,MID,0,0,false,62.0349,70.6000
2022-23,21,144485,FWD,0,0,false,73.6126,72.0000
2022-23,21,154561,GKP,0,0,false,83.6235,72.0000
2022-23,21,191866,DEF,0,0,false,43.7394,18.0000
2022-23,21,194010,DEF,0,0,false,76.5068,69.0000
2022-23,21,204580,MID,0,0,false,64.7545,25.4000
2022-23,21,207283,MID,0,0,false,70.4938,70.2000
2022-23,21,226956,DEF,0,0,false,56.6844,24.0000
2022-23,21,231065,DEF,0,0,false,79.9132,72.0000
2022-23,21,446008,FWD,0,0,false,76.1651,66.2000
2022-23,21,50175,FWD,0,0,false,37.4778,14.0000
2022-23,21,60307,MID,0,0,false,81.4932,72.0000
2022-23,21,83299,DEF,0,0,false,85.7136,72.0000
2022-23,21,109345,MID,0,0,false,78.2779,68.6000
2022-23,21,110735,DEF,1,1,false,30.2031,47.6000
2022-23,21,111478,DEF,0,0,false,53.7557,68.8000
2022-23,21,116216,MID,0,0,false,52.2087,60.2000
2022-23,21,179268,DEF,0,0,false,60.3765,29.8000
2022-23,21,215059,GKP,0,0,false,89.5445,54.0000
2022-23,21,243016,MID,0,0,false,62.9268,54.0000
2022-23,21,486672,MID,0,0,false,68.5965,60.6000
2022-23,21,41328,DEF,0,0,false,50.9684,22.6000
2022-23,21,51090,DEF,0,0,false,81.8072,39.6000
2022-23,21,85955,MID,0,0,false,63.7873,69.2000
2022-23,21,109745,GKP,0,0,false,61.0944,90.0000
2022-23,21,126187,MID,5,4,false,24.8398,44.4000
2022-23,21,180736,DEF,0,0,false,54.0398,2.4000
2022-23,21,184341,MID,0,0,false,69.8520,37.4000
2022-23,21,219847,FWD,0,0,false,70.3000,77.2000
2022-23,21,225796,DEF,4,4,false,16.9137,47.8000
2022-23,21,228286,GKP,5,4,false,28.9056,0.0000
2022-23,21,40836,GKP,0,0,false,86.1285,90.0000
2022-23,21,55494,DEF,0,0,false,53.6790,0.0000
2022-23,21,57328,DEF,0,0,false,55.4971,90.0000
2022-23,21,80146,MID,0,0,false,64.6390,83.2000
2022-23,21,82403,MID,0,0,false,82.6444,18.0000
2022-23,21,86417,MID,0,0,false,63.4727,62.4000
2022-23,21,174874,DEF,1,1,false,61.0035,54.0000
2022-23,21,209036,DEF,0,0,false,83.6272,90.0000
2022-23,21,232413,MID,0,0,false,58.0362,31.2000
2022-23,21,244723,DEF,0,0,false,66.4430,88.2000
2022-23,21,443661,MID,0,0,false,63.5004,81.6000
2022-23,21,59949,DEF,0,0,false,50.6182,102.0000
2022-23,21,111234,GKP,0,0,false,87.3668,108.0000
2022-23,21,153133,MID,0,0,false,82.4538,103.4000
2022-23,21,172632,MID,0,0,false,79.0366,33.2000
2022-23,21,177815,FWD,0,0,false,53.8023,12.2000
2022-23,21,224967,DEF,0,0,false,68.4745,90.0000
2022-23,21,232826,MID,1,1,false,36.5941,32.4000
2022-23,21,243571,DEF,2,2,false,36.2744,0.0000
2022-23,21,17761,DEF,0,0,false,88.4109,108.0000
2022-23,21,82514,DEF,0,0,false,89.9766,90.0000
2022-23,21,96994,MID,0,0,false,75.3543,61.6000
2022-23,21,109646,DEF,1,1,false,33.0287,0.0000
2022-23,21,128389,FWD,0,0,false,66.5840,52.6000
2022-23,21,153366,MID,0,0,false,73.3710,81.0000
2022-23,21,167074,DEF,0,0,false,67.0517,88.4000
2022-23,21,169528,DEF,0,0,false,75.0123,90.0000
2022-23,21,154296,MID,0,0,false,87.0538,72.0000
2022-23,21,55914,DEF,1,1,false,63.3189,18.0000
2022-23,21,80954,MID,0,0,false,73.0505,0.0000
2022-23,21,149915,DEF,4,4,true,19.3563,0.0000
2022-23,21,193645,DEF,0,0,false,79.0147,90.0000
2022-23,21,221399,MID,0,0,false,57.7159,94.0000
2022-23,21,222694,DEF,0,0,false,77.4189,17.6000
2022-23,21,437495,GKP,0,0,false,89.8178,108.0000
2022-23,21,224209,DEF,3,3,false,36.3620,9.0000
2022-23,21,234370,MID,0,0,false,75.0287,12.0000
2022-23,21,427637,MID,0,0,false,79.1977,42.8000
2022-23,21,37642,DEF,11,4,false,15.0160,0.0000
2022-23,21,95463,GKP,0,0,false,73.1478,90.0000
2022-23,21,155569,DEF,0,0,false,77.6948,0.0000
2022-23,21,166477,DEF,0,0,false,81.7624,88.8000
2022-23,21,166989,MID,0,0,false,78.0225,29.8000
2022-23,21,172780,MID,0,0,false,37.0402,66.6000
2022-23,21,201666,MID,0,0,false,79.8816,81.0000
2022-23,21,203341,MID,1,1,false,38.7298,23.8000
2022-23,21,215413,MID,0,0,false,56.0750,78.8000
2022-23,21,220627,DEF,6,4,true,28.5658,0.0000
2022-23,21,244619,DEF,0,0,false,55.9651,1.8000
2022-23,21,60914,DEF,1,1,false,43.0701,54.0000
2022-23,21,61558,MID,0,0,false,71.2476,17.0000
2022-23,21,92217,FWD,5,4,false,27.6191,14.4000
2022-23,21,97032,DEF,2,2,false,61.2620,72.0000
2022-23,21,116535,GKP,0,0,false,89.0891,108.0000
2022-23,21,116643,MID,0,0,false,58.0831,73.4000
2022-23,21,118748,MID,0,0,false,86.1800,107.8000
2022-23,21,122798,DEF,0,0,false,71.7777,89.0000
2022-23,21,169187,DEF,0,0,false,69.6599,103.8000
2022-23,21,171287,DEF,0,0,false,38.0905,54.0000
2022-23,21,204716,DEF,0,0,false,41.0247,36.0000
2022-23,21,244731,MID,11,4,false,10.0890,0.0000
2022-23,21,447203,FWD,0,0,false,53.7589,76.4000
2022-23,21,58621,DEF,1,1,false,26.3892,92.0000
2022-23,21,59859,MID,0,0,false,59.4864,84.0000
2022-23,21,61366,MID,0,0,false,71.5235,71.6000
2022-23,21,97299,DEF,0,0,false,60.7773,0.0000
2022-23,21,103955,MID,2,2,false,37.1418,44.8000
2022-23,21,114283,MID,0,0,false,57.7093,97.0000
2022-23,21,121145,DEF,1,1,true,50.6854,0.0000
2022-23,21,121160,GKP,0,0,false,89.5445,108.0000
2022-23,21,126184,DEF,0,0,false,57.8305,71.0000
2022-23,21,146941,DEF,0,0,false,36.0192,36.0000
2022-23,21,165809,MID,0,0,false,59.9252,75.6000
2022-23,21,171314,DEF,1,1,false,23.4305,81.0000
2022-23,21,206325,DEF,0,0,false,54.8917,124.2000
2022-23,21,220566,MID,0,0,false,83.3899,100.8000
2022-23,21,223094,FWD,0,0,false,77.1282,95.2000
2022-23,21,514356,MID,0,0,false,37.8011,83.6000
2022-23,21,51940,GKP,0,0,false,90.0000,90.0000
2022-23,21,90152,DEF,0,0,false,58.2101,54.0000
2022-23,21,106760,DEF,0,0,false,76.3088,85.6000
2022-23,21,141746,MID,0,0,false,84.6298,90.0000
2022-23,21,176297,MID,0,0,false,72.9462,84.4000
2022-23,21,184667,DEF,2,2,false,30.8018,20.2000
2022-23,21,209243,MID,8,4,false,18.6611,27.2000
2022-23,21,214590,DEF,0,0,false,55.3977,24.8000
2022-23,21,216051,DEF,2,2,false,30.8567,66.6000
2022-23,21,156689,MID,0,0,false,82.3856,88.2000
2022-23,21,75115,FWD,0,0,false,52.0763,35.4000
2022-23,21,77794,DEF,0,0,false,74.0693,66.6000
2022-23,21,78916,DEF,0,0,false,83.7359,71.2000
2022-23,21,119471,DEF,0,0,false,82.4077,54.0000
2022-23,21,179018,MID,0,0,false,74.9572,59.8000
2022-23,21,180135,MID,0,0,false,77.9302,66.4000
2022-23,21,180974,MID,0,0,false,77.2694,68.0000
2022-23,21,200089,MID,0,0,false,68.8764,28.4000
2022-23,21,208706,MID,0,0,false,68.8054,18.0000
2022-23,21,98747,GKP,0,0,false,89.0891,58.2000
2022-23,21,220237,DEF,0,0,false,85.7733,72.0000
2022-23,21,56917,DEF,6,4,false,26.8025,0.0000
2022-23,21,168281,DEF,0,0,false,44.4082,19.2000
2022-23,21,204968,MID,0,0,false,73.3762,4.0000
2022-23,21,208912,DEF,0,0,false,68.1011,70.6000
2022-23,21,242898,FWD,0,0,false,81.5920,89.0000
2022-23,21,172649,GKP,1,1,true,67.6181,0.0000
2022-23,21,96787,MID,0,0,false,68.4965,50.4000
2022-23,21,101178,MID,0,0,false,88.9626,90.0000
2022-23,21,158534,DEF,0,0,false,69.1353,21.8000
2022-23,21,200439,FWD,0,0,false,73.1611,31.6000
2022-23,21,450527,DEF,0,0,false,86.1416,36.0000
2022-23,21,456350,GKP,0,0,false,90.0000,90.0000
2022-23,21,477386,DEF,2,2,false,32.8146,54.0000
2022-23,21,37915,GKP,0,0,false,84.7114,18.0000
2022-23,21,78830,FWD,0,0,false,88.9125,90.0000
2022-23,21,85971,MID,0,0,false,76.4738,59.2000
2022-23,21,93264,DEF,0,0,false,79.7306,72.0000
2022-23,21,115556,DEF,0,0,false,57.5550,88.8000
2022-23,21,132015,MID,0,0,false,85.7774,90.0000
2022-23,21,202993,MID,0,0,false,47.2346,30.8000
2022-23,21,221632,DEF,0,0,false,60.2637,71.2000
2022-23,21,241157,DEF,0,0,false,46.2617,58.8000
2022-23,21,445044,MID,0,0,false,48.2026,81.8000
2022-23,21,45034,DEF,0,0,false,67.7227,50.8000
2022-23,21,37096,GKP,0,0,false,87.4936,67.6000
2022-23,21,55459,DEF,1,1,false,66.9425,9.0000
2022-23,21,60232,DEF,2,2,false,51.8501,108.0000
2022-23,21,103192,DEF,0,0,false,44.9510,4.2000
2022-23,21,164555,DEF,0,0,false,59.7383,63.0000
2022-23,21,178186,MID,0,0,false,87.6784,90.0000
2022-23,21,204480,MID,0,0,false,88.7753,90.0000
2022-23,21,215439,MID,0,0,false,65.4725,69.2000
2022-23,21,219924,DEF,0,0,false,54.8155,90.0000
2022-23,21,222018,DEF,0,0,false,17.0201,48.8000
2022-23,21,90585,DEF,0,0,false,42.1316,19.2000
2022-23,21,94147,DEF,0,0,false,83.2491,72.0000
2022-23,21,114128,DEF,3,3,false,21.3944,20.4000
2022-23,21,149065,GKP,0,0,false,89.3168,108.0000
2022-23,21,171317,MID,0,0,false,84.3573,108.0000
2022-23,21,200402,DEF,0,0,false,70.1338,106.6000
2022-23,21,200600,MID,0,0,false,54.1370,15.2000
2022-23,21,214048,DEF,0,0,false,86.2955,108.0000
2022-23,21,247632,MID,12,4,false,7.2269,9.0000
2022-23,21,222531,MID,0,0,false,62.4761,90.0000
2022-23,21,19624,MID,0,0,false,68.2087,48.8000
2022-23,21,222690,DEF,1,1,false,36.8270,16.2000
2022-23,21,200785,MID,0,0,false,78.3268,108.0000
2022-23,21,472713,DEF,11,4,false,8.2408,45.0000
2022-23,21,171101,DEF,1,1,false,53.6938,51.4000
2022-23,21,438464,MID,0,0,false,76.8386,82.4000
2022-23,21,432830,DEF,0,0,false,74.8989,9.0000
2022-23,21,80607,MID,0,0,false,64.8023,0.0000
2022-23,21,86129,DEF,1,1,false,50.5932,45.0000
2022-23,21,114241,DEF,2,2,false,11.0962,4.8000
2022-23,21,51927,DEF,0,0,false,78.4540,72.0000
2022-23,21,109322,MID,4,4,false,21.4324,2.6000
2022-23,21,221820,DEF,0,0,false,54.8214,75.0000
2022-23,21,201658,MID,5,4,false,33.4859,16.6000
2022-23,21,18892,DEF,0,0,false,64.0438,26.6000
2022-23,21,490721,DEF,0,0,false,68.6268,43.8000
2022-23,21,460028,DEF,1,1,false,46.6181,0.0000
2022-23,21,69752,GKP,0,0,false,43.0243,90.0000
2022-23,21,221466,DEF,1,1,false,69.6328,82.4000
2022-23,21,449871,MID,0,0,false,74.5830,100.2000
2022-23,21,89076,MID,0,0,false,85.3178,85.8000
2022-23,21,204214,DEF,0,0,false,78.3949,63.2000
2022-23,21,201057,DEF,2,2,false,53.2424,45.0000
2022-23,21,465351,MID,0,0,false,68.8273,84.8000
2022-23,21,61256,MID,1,1,false,73.1620,29.0000
2022-23,21,48760,DEF,1,1,false,37.8074,1.6000
2022-23,21,233420,DEF,0,0,false,67.9711,84.8000
2022-23,21,224024,MID,0,0,false,70.9068,48.4000
2022-23,21,467169,MID,0,0,false,51.1360,34.0000
2022-23,21,211975,DEF,0,0,false,83.1375,68.8000
2022-23,21,80801,MID,0,0,false,77.7007,99.0000
2022-23,21,218218,DEF,0,0,false,88.8475,90.0000
2022-23,21,47431,MID,0,0,false,77.7568,79.8000
2022-23,21,492859,FWD,0,0,false,62.3858,88.2000
2022-23,21,173271,DEF,0,0,false,54.6074,0.0000
2022-23,21,18507,FWD,2,2,false,36.0276,19.0000
2022-23,21,80226,DEF,0,0,false,78.6511,60.6000
2022-23,25,80201,GKP,0,0,false,76.1850,72.0000
2022-23,25,84450,MID,0,0,false,78.7600,72.2000
2022-23,25,167199,MID,0,0,false,51.3823,83.8000
2022-23,25,184029,MID,0,0,false,84.2790,86.6000
2022-23,25,198869,DEF,0,0,false,75.2473,77.2000
2022-23,25,223340,MID,0,0,false,85.9568,74.2000
2022-23,25,225321,GKP,0,0,false,88.4211,90.0000
2022-23,25,226597,DEF,0,0,false,88.4342,89.0000
2022-23,25,444145,MID,0,0,false,69.6793,85.6000
2022-23,25,154043,MID,0,0,false,43.9729,51.0000
2022-23,25,462424,DEF,0,0,false,89.7127,36.0000
2022-23,25,205651,FWD,9,4,false,18.5324,35.2000
2022-23,25,98980,GKP,0,0,false,81.4188,108.0000
2022-23,25,101188,DEF,0,0,false,46.8582,10.4000
2022-23,25,122806,MID,0,0,false,54.7993,108.0000
2022-23,25,149484,DEF,0,0,false,79.8607,108.0000
2022-23,25,178301,FWD,0,0,false,78.7746,105.6000
2022-23,25,199796,DEF,0,0,false,58.5172,51.8000
2022-23,25,199798,DEF,0,0,false,85.2782,108.0000
2022-23,25,215711,MID,0,0,false,54.8946,54.6000
2022-23,25,230046,MID,0,0,false,80.4953,107.2000
2022-23,25,232653,MID,0,0,false,58.1406,101.2000
2022-23,25,226944,MID,0,0,false,77.3574,20.6000
2022-23,25,54469,DEF,0,0,false,75.4821,103.4000
2022-23,25,152551,MID,0,0,false,83.4537,88.0000
2022-23,25,154566,FWD,0,0,false,66.0617,106.6000
2022-23,25,155408,MID,5,4,false,31.9270,13.0000
2022-23,25,168991,MID,0,0,false,68.7652,102.6000
2022-23,25,223911,DEF,0,0,false,54.4385,36.0000
2022-23,25,229600,GKP,6,4,false,23.1135,0.0000
2022-23,25,235530,DEF,4,4,false,28.4393,90.0000
2022-23,25,447932,DEF,0,0,false,68.6900,12.6000
2022-23,25,61810,DEF,6,4,false,17.3730,41.6000
2022-23,25,128295,MID,0,0,false,71.6925,117.4000
2022-23,25,144485,FWD,0,0,false,79.4325,126.0000
2022-23,25,154561,GKP,0,0,false,84.4737,126.0000
2022-23,25,191866,DEF,1,1,false,39.3244,0.0000
2022-23,25,194010,DEF,0,0,false,78.9632,125.2000
2022-23,25,204580,MID,0,0,false,54.8036,31.6000
2022-23,25,207283,MID,0,0,false,74.9294,107.6000
2022-23,25,226956,DEF,1,1,false,48.9012,15.0000
2022-23,25,231065,DEF,0,0,false,82.9476,126.0000
2022-23,25,446008,FWD,0,0,false,77.8190,100.4000
2022-23,25,50175,FWD,2,2,false,29.8673,55.6000
2022-23,25,60307,MID,0,0,false,83.0259,108.0000
2022-23,25,83299,DEF,0,0,false,86.2851,108.0000
2022-23,25,109345,MID,0,0,false,80.4999,105.0000
2022-23,25,110735,DEF,0,0,false,38.6566,57.8000
2022-23,25,111478,DEF,0,0,false,67.5571,99.8000
2022-23,25,116216,MID,0,0,false,53.2484,52.2000
2022-23,25,179268,DEF,2,2,false,49.6407,65.2000
2022-23,25,215059,GKP,0,0,false,89.6053,0.0000
2022-23,25,243016,MID,0,0,false,63.2816,103.8000
2022-23,25,486672,MID,0,0,false,67.9106,105.8000
2022-23,25,41328,DEF,1,1,false,41.8318,0.0000
2022-23,25,51090,DEF,0,0,false,65.2928,0.0000
2022-23,25,85955,MID,0,0,false,61.7473,7.4000
2022-23,25,91651,MID,1,1,false,33.9866,100.6000
2022-23,25,109745,GKP,0,0,false,69.4693,108.0000
2022-23,25,126187,MID,0,0,false,30.5044,44.0000
2022-23,25,180736,DEF,1,1,false,31.7474,7.2000
2022-23,25,184341,MID,0,0,false,59.1570,0.0000
2022-23,25,219847,FWD,0,0,false,69.8618,102.0000
2022-23,25,225796,DEF,0,0,false,36.4838,72.0000
2022-23,25,228286,GKP,9,4,false,20.5307,0.0000
2022-23,25,40836,GKP,0,0,false,86.6447,54.0000
2022-23,25,55494,DEF,4,4,false,32.8881,57.0000
2022-23,25,57328,DEF,0,0,false,68.0698,50.6000
2022-23,25,80146,MID,0,0,false,72.7032,64.4000
2022-23,25,82403,MID,4,4,false,48.8410,81.0000
2022-23,25,86417,MID,0,0,false,68.1902,79.6000
2022-23,25,174874,DEF,0,0,false,58.6802,90.0000
2022-23,25,209036,DEF,0,0,false,86.2586,108.0000
2022-23,25,232413,MID,0,0,false,40.3824,63.4000
2022-23,25,244723,DEF,0,0,false,75.8967,108.0000
2022-23,25,443661,MID,0,0,false,70.1619,97.2000
2022-23,25,59949,DEF,0,0,false,67.7192,85.0000
2022-23,25,111234,GKP,0,0,false,88.2652,90.0000
2022-23,25,153133,MID,0,0,false,81.2342,89.6000
2022-23,25,172632,MID,0,0,false,47.5534,85.8000
2022-23,25,177815,FWD,3,3,false,30.4093,0.0000
2022-23,25,194164,DEF,0,0,false,15.3560,0.0000
2022-23,25,224967,DEF,0,0,false,75.4709,13.0000
2022-23,25,232826,MID,0,0,false,36.8272,31.6000
2022-23,25,243571,DEF,6,4,false,15.2823,0.6000
2022-23,25,17761,DEF,0,0,false,88.6228,90.0000
2022-23,25,82514,DEF,0,0,false,89.9879,72.0000
2022-23,25,96994,MID,0,0,false,73.3994,43.6000
2022-23,25,109646,DEF,5,4,false,17.0895,36.0000
2022-23,25,128389,FWD,2,2,false,51.6818,36.0000
2022-23,25,153366,MID,0,0,false,74.4856,58.6000
2022-23,25,167074,DEF,0,0,false,78.1263,55.0000
2022-23,25,169528,DEF,0,0,false,82.2452,72.0000
2022-23,25,154296,MID,0,0,false,88.4756,35.4000
2022-23,25,55914,DEF,3,3,false,39.3145,3.2000
2022-23,25,66588,DEF,0,0,false,71.4972,108.0000
2022-23,25,80954,MID,4,4,false,38.0319,23.6000
2022-23,25,149915,DEF,8,4,true,13.6939,0.0000
2022-23,25,193645,DEF,0,0,false,74.4941,104.6000
2022-23,25,221399,MID,0,0,false,68.8770,104.6000
2022-23,25,222694,DEF,3,3,false,46.0904,55.8000
2022-23,25,437495,GKP,0,0,false,89.8421,108.0000
2022-23,25,443967,DEF,0,0,false,44.0837,99.8000
2022-23,25,224209,DEF,1,1,false,21.7284,30.0000
2022-23,25,234370,MID,0,0,false,38.7477,85.0000
2022-23,25,427637,MID,0,0,false,53.8984,85.2000
2022-23,25,37642,DEF,15,4,false,10.0487,0.2000
2022-23,25,95463,GKP,0,0,false,75.3947,36.0000
2022-23,25,155569,DEF,4,4,false,43.1294,49.0000
2022-23,25,166477,DEF,0,0,false,82.6557,108.0000
2022-23,25,166989,MID,0,0,false,58.7871,0.0000
2022-23,25,172780,MID,1,1,false,47.0786,106.4000
2022-23,25,201666,MID,0,0,false,82.4642,82.0000
2022-23,25,203341,MID,0,0,false,34.8192,71.2000
2022-23,25,215413,MID,0,0,false,64.8746,85.8000
2022-23,25,220627,DEF,10,4,true,16.2546,0.0000
2022-23,25,244619,DEF,3,3,false,32.4959,6.0000
2022-23,25,444463,DEF,0,0,false,18.3590,86.0000
2022-23,25,60914,DEF,0,0,false,48.9867,18.0000
2022-23,25,61558,MID,3,3,false,39.9543,6.0000
2022-23,25,92217,FWD,0,0,false,20.2794,26.2000
2022-23,25,97032,DEF,0,0,false,63.1012,72.0000
2022-23,25,116535,GKP,0,0,false,89.2105,90.0000
2022-23,25,116643,MID,0,0,false,59.2160,79.8000
2022-23,25,118748,MID,0,0,false,86.8114,72.8000
2022-23,25,122798,DEF,0,0,false,69.3063,72.6000
2022-23,25,169187,DEF,0,0,false,77.5335,66.8000
2022-23,25,171287,DEF,1,1,false,39.7319,18.0000
2022-23,25,204716,DEF,0,0,false,30.3922,90.0000
2022-23,25,244731,MID,15,4,false,6.4544,0.0000
2022-23,25,447203,FWD,0,0,false,56.0633,54.0000
2022-23,25,58621,DEF,0,0,false,47.0009,25.0000
2022-23,25,59859,MID,0,0,false,62.3403,72.0000
2022-23,25,61366,MID,1,1,false,63.6165,51.0000
2022-23,25,97299,DEF,4,4,false,31.2828,46.6000
2022-23,25,103025,MID,0,0,false,46.9936,29.0000
2022-23,25,103955,MID,0,0,false,41.0552,27.8000
2022-23,25,114283,MID,0,0,false,66.4206,71.6000
2022-23,25,121145,DEF,5,4,true,30.5963,0.0000
2022-23,25,121160,GKP,0,0,false,89.6053,72.0000
2022-23,25,126184,DEF,0,0,false,52.7549,70.0000
2022-23,25,146941,DEF,1,1,false,38.9650,0.0000
2022-23,25,165809,MID,1,1,false,63.5706,28.8000
2022-23,25,171314,DEF,0,0,false,46.2344,72.0000
2022-23,25,206325,DEF,0,0,false,69.6795,79.4000
2022-23,25,220566,MID,0,0,false,81.6059,68.4000
2022-23,25,223094,FWD,0,0,false,76.9517,49.6000
2022-23,25,514356,MID,0,0,false,61.1517,94.2000
2022-23,25,51940,GKP,0,0,false,90.0000,90.0000
2022-23,25,90152,DEF,2,2,false,50.5148,70.4000
2022-23,25,106760,DEF,0,0,false,76.9433,61.2000
2022-23,25,141746,MID,0,0,false,86.4722,90.0000
2022-23,25,176297,MID,0,0,false,74.4616,86.8000
2022-23,25,184667,DEF,0,0,false,32.2905,2.2000
2022-23,25,209243,MID,0,0,false,26.9211,49.2000
2022-23,25,214590,DEF,0,0,false,45.2880,36.0000
2022-23,25,216051,DEF,0,0,false,44.0861,54.0000
2022-23,25,156689,MID,0,0,false,84.8981,66.0000
2022-23,25,75115,FWD,0,0,false,45.4375,40.2000
2022-23,25,77794,DEF,0,0,false,72.7348,107.2000
2022-23,25,78916,DEF,0,0,false,84.9428,106.0000
2022-23,25,119471,DEF,0,0,false,83.7377,90.0000
2022-23,25,179018,MID,0,0,false,72.8701,19.6000
2022-23,25,180135,MID,0,0,false,80.1035,93.4000
2022-23,25,180974,MID,0,0,false,78.4494,58.4000
2022-23,25,200089,MID,1,1,false,55.9449,80.4000
2022-23,25,208706,MID,3,3,false,42.8781,108.0000
2022-23,25,98747,GKP,0,0,false,79.8372,108.0000
2022-23,25,220237,DEF,0,0,false,87.5289,108.0000
2022-23,25,56917,DEF,10,4,false,13.1254,0.0000
2022-23,25,168281,DEF,2,2,false,31.1255,0.0000
2022-23,25,204968,MID,4,4,false,35.9329,20.0000
2022-23,25,208912,DEF,0,0,false,69.7826,53.4000
2022-23,25,242898,FWD,0,0,false,85.0707,103.2000
2022-23,25,172649,GKP,5,4,true,33.1131,0.0000
2022-23,25,96787,MID,0,0,false,62.7043,55.8000
2022-23,25,101178,MID,0,0,false,89.1009,108.0000
2022-23,25,158534,DEF,0,0,false,42.3122,101.6000
2022-23,25,171771,DEF,0,0,false,51.5089,96.6000
2022-23,25,200439,FWD,2,2,false,48.6528,59.2000
2022-23,25,244560,DEF,0,0,false,60.7621,74.0000
2022-23,25,450527,DEF,2,2,false,64.8101,16.4000
2022-23,25,456350,GKP,0,0,false,90.0000,108.0000
2022-23,25,477386,DEF,0,0,false,42.9726,73.4000
2022-23,25,37915,GKP,3,3,false,58.1025,36.0000
2022-23,25,78830,FWD,0,0,false,89.1004,90.0000
2022-23,25,85971,MID,0,0,false,64.2520,86.8000
2022-23,25,93264,DEF,0,0,false,83.8869,72.0000
2022-23,25,115556,DEF,0,0,false,71.0507,42.0000
2022-23,25,132015,MID,0,0,false,87.3529,90.0000
2022-23,25,202993,MID,2,2,true,40.2215,0.0000
2022-23,25,221632,DEF,0,0,false,62.9985,90.0000
2022-23,25,241157,DEF,0,0,false,57.8242,2.6000
2022-23,25,445044,MID,0,0,false,61.0388,65.8000
2022-23,25,45034,DEF,1,1,false,51.9100,64.6000
2022-23,25,37096,GKP,0,0,false,85.5921,54.0000
2022-23,25,40669,DEF,0,0,false,56.1152,31.6000
2022-23,25,55459,DEF,0,0,false,44.8980,18.4000
2022-23,25,60232,DEF,0,0,false,71.9569,75.8000
2022-23,25,103192,DEF,4,4,false,26.5123,76.2000
2022-23,25,164555,DEF,0,0,false,66.4024,23.4000
2022-23,25,178186,MID,0,0,false,88.0350,90.0000
2022-23,25,204480,MID,0,0,false,88.9386,90.0000
2022-23,25,215439,MID,0,0,false,69.6572,76.6000
2022-23,25,219924,DEF,0,0,false,67.0753,36.0000
2022-23,25,210494,DEF,0,0,false,65.8419,72.0000
2022-23,25,90585,DEF,2,2,false,30.7487,0.0000
2022-23,25,94147,DEF,0,0,false,76.4595,0.0000
2022-23,25,114128,DEF,2,2,false,12.4431,48.2000
2022-23,25,149065,GKP,0,0,false,89.4079,90.0000
2022-23,25,171317,MID,0,0,false,85.8836,64.6000
2022-23,25,200402,DEF,0,0,false,77.9705,83.2000
2022-23,25,214048,DEF,0,0,false,86.7895,90.0000
2022-23,25,247632,MID,16,4,false,4.1448,28.8000
2022-23,25,222531,MID,0,0,false,69.8510,104.2000
2022-23,25,19624,MID,0,0,false,57.6405,36.4000
2022-23,25,222690,DEF,1,1,false,28.0669,31.2000
2022-23,25,200785,MID,0,0,false,84.8376,36.0000
2022-23,25,472713,DEF,0,0,false,23.9600,104.2000
2022-23,25,171101,DEF,0,0,false,51.5674,87.2000
2022-23,25,438464,MID,0,0,false,82.3562,73.0000
2022-23,25,432830,DEF,4,4,false,36.2074,21.2000
2022-23,25,80607,MID,3,3,false,38.3673,2.6000
2022-23,25,86129,DEF,0,0,false,45.7701,108.0000
2022-23,25,51927,DEF,0,0,false,80.9275,124.2000
2022-23,25,221820,DEF,0,0,false,63.5060,85.4000
2022-23,25,433154,MID,0,0,false,69.0887,90.0000
2022-23,25,201658,MID,1,1,false,27.1448,25.8000
2022-23,25,18892,DEF,2,2,false,46.4582,54.8000
2022-23,25,490721,DEF,0,0,false,56.3086,5.0000
2022-23,25,460028,DEF,4,4,false,27.0555,49.6000
2022-23,25,69752,GKP,0,0,false,67.0567,108.0000
2022-23,25,221466,DEF,0,0,false,75.6783,88.8000
2022-23,25,449871,MID,0,0,false,78.9761,80.2000
2022-23,25,89076,MID,0,0,false,87.7205,75.6000
2022-23,25,204214,DEF,0,0,false,78.4894,103.4000
2022-23,25,201057,DEF,1,1,false,53.0395,48.4000
2022-23,25,465351,MID,0,0,false,69.7362,53.4000
2022-23,25,61256,MID,2,2,false,46.9062,21.8000
2022-23,25,219168,FWD,0,0,false,28.4485,75.2000
2022-23,25,233420,DEF,0,0,false,75.4001,59.8000
2022-23,25,224024,MID,0,0,false,56.3848,65.4000
2022-23,25,467169,MID,2,2,false,35.7539,73.6000
2022-23,25,211975,DEF,0,0,false,65.5608,72.0000
2022-23,25,80801,MID,0,0,false,78.5455,80.0000
2022-23,25,218218,DEF,0,0,false,89.4467,89.2000
2022-23,25,47431,MID,0,0,false,78.9332,33.2000
2022-23,25,492859,FWD,0,0,false,73.4089,27.2000
2022-23,25,173271,DEF,4,4,false,26.2169,18.0000
2022-23,25,80226,DEF,1,1,false,63.4728,54.0000
2022-23,25,243298,MID,0,0,false,61.0937,70.0000
2022-23,25,242880,DEF,1,1,false,57.7915,36.8000
2022-23,25,220087,DEF,0,0,false,75.9178,54.0000
2022-23,25,151086,MID,0,0,false,56.7424,68.6000
2022-23,25,120202,FWD,0,0,false,63.9521,34.0000
2022-23,25,88484,MID,0,0,false,68.2595,34.2000
2022-23,25,533463,MID,0,0,false,80.0525,85.4000
2022-23,29,80201,GKP,0,0,false,77.9217,108.0000
2022-23,29,84450,MID,0,0,false,75.4513,65.8000
2022-23,29,167199,MID,0,0,false,62.4603,68.0000
2022-23,29,184029,MID,0,0,false,85.1494,83.6000
2022-23,29,198869,DEF,0,0,false,75.8953,90.0000
2022-23,29,223340,MID,0,0,false,78.1804,84.4000
2022-23,29,225321,GKP,0,0,false,88.6068,90.0000
2022-23,29,226597,DEF,0,0,false,88.1078,88.8000
2022-23,29,444145,MID,0,0,false,74.3142,69.6000
2022-23,29,154043,MID,0,0,false,35.2176,50.8000
2022-23,29,462424,DEF,2,2,true,66.2495,0.0000
2022-23,29,205651,FWD,0,0,false,23.9157,81.0000
2022-23,29,98980,GKP,0,0,false,85.9030,81.0000
2022-23,29,101188,DEF,0,0,false,29.5063,10.4000
2022-23,29,122806,MID,0,0,false,73.9926,90.0000
2022-23,29,149484,DEF,0,0,false,85.1214,90.0000
2022-23,29,178301,FWD,0,0,false,83.2594,90.0000
2022-23,29,195546,MID,0,0,false,71.8012,83.8000
2022-23,29,199796,DEF,1,1,false,53.9988,0.0000
2022-23,29,199798,DEF,0,0,false,86.0950,90.0000
2022-23,29,215711,MID,0,0,false,50.0901,5.4000
2022-23,29,230046,MID,0,0,false,84.0007,90.0000
2022-23,29,232653,MID,0,0,false,71.2661,86.0000
2022-23,29,226944,MID,0,0,false,43.9899,0.0000
2022-23,29,54469,DEF,0,0,false,81.3356,58.6000
2022-23,29,152551,MID,0,0,false,78.8196,86.8000
2022-23,29,154566,FWD,0,0,false,79.3611,89.0000
2022-23,29,155408,MID,0,0,false,16.8332,12.6000
2022-23,29,168991,MID,0,0,false,78.0590,81.8000
2022-23,29,223911,DEF,3,3,false,30.6214,72.0000
2022-23,29,229600,GKP,10,4,false,9.8551,0.0000
2022-23,29,235530,DEF,0,0,false,56.3419,84.0000
2022-23,29,447932,DEF,3,3,false,34.4749,0.0000
2022-23,29,61810,DEF,0,0,false,35.5869,3.0000
2022-23,29,128295,MID,0,0,false,79.4312,43.0000
2022-23,29,144485,FWD,0,0,false,85.0613,88.4000
2022-23,29,154561,GKP,0,0,false,85.1238,90.0000
2022-23,29,191866,DEF,5,4,false,18.5854,0.0000
2022-23,29,194010,DEF,0,0,false,84.2624,80.4000
2022-23,29,204580,MID,2,2,false,36.6952,54.6000
2022-23,29,207283,MID,0,0,false,71.5229,74.2000
2022-23,29,226956,DEF,0,0,false,28.7894,18.0000
2022-23,29,231065,DEF,0,0,false,85.8158,90.0000
2022-23,29,446008,FWD,0,0,false,78.7183,62.8000
2022-23,29,50175,FWD,0,0,false,38.1552,52.4000
2022-23,29,60307,MID,0,0,false,84.2776,72.0000
2022-23,29,83299,DEF,0,0,false,86.7221,90.0000
2022-23,29,109345,MID,0,0,false,81.4753,70.4000
2022-23,29,110735,DEF,0,0,false,45.1715,57.4000
2022-23,29,111478,DEF,0,0,false,76.1971,35.0000
2022-23,29,116216,MID,0,0,false,59.4932,30.8000
2022-23,29,179268,DEF,0,0,false,55.0532,13.4000
2022-23,29,215059,GKP,3,3,false,42.7533,18.0000
2022-23,29,243016,MID,0,0,false,73.9673,77.0000
2022-23,29,486672,MID,0,0,false,73.9132,77.0000
2022-23,29,451340,MID,0,0,false,82.4442,78.8000
2022-23,29,41328,DEF,5,4,false,22.6913,27.0000
2022-23,29,51090,DEF,4,4,false,34.3189,36.0000
2022-23,29,85955,MID,0,0,false,42.9775,27.6000
2022-23,29,91651,MID,0,0,false,57.9823,60.6000
2022-23,29,109745,GKP,0,0,false,74.9700,72.0000
2022-23,29,126187,MID,0,0,false,35.2667,0.0000
2022-23,29,172850,DEF,0,0,false,54.4592,58.4000
2022-23,29,180736,DEF,1,1,false,19.0849,38.8000
2022-23,29,184341,MID,4,4,false,31.0137,3.2000
2022-23,29,219847,FWD,0,0,false,77.8905,21.0000
2022-23,29,225796,DEF,0,0,false,49.4860,24.6000
2022-23,29,228286,GKP,13,4,false,15.0300,0.0000
2022-23,29,40836,GKP,0,0,false,70.3329,0.0000
2022-23,29,49413,DEF,1,1,false,17.3227,0.2000
2022-23,29,55494,DEF,0,0,false,41.4226,80.2000
2022-23,29,57328,DEF,2,2,false,54.3930,0.6000
2022-23,29,80146,MID,0,0,false,59.3693,87.8000
2022-23,29,82403,MID,0,0,false,64.0803,16.6000
2022-23,29,86417,MID,0,0,false,66.5091,69.6000
2022-23,29,174874,DEF,0,0,false,65.3020,81.0000
2022-23,29,209036,DEF,0,0,false,87.8847,90.0000
2022-23,29,232413,MID,0,0,false,41.5855,90.0000
2022-23,29,244723,DEF,0,0,false,82.8001,90.0000
2022-23,29,443661,MID,0,0,false,72.1339,90.0000
2022-23,29,59949,DEF,0,0,false,74.2030,26.2000
2022-23,29,106611,DEF,0,0,false,52.4371,90.0000
2022-23,29,111234,GKP,0,0,false,88.6550,90.0000
2022-23,29,153133,MID,0,0,false,83.0136,90.0000
2022-23,29,172632,MID,0,0,false,62.8865,52.0000
2022-23,29,177815,FWD,7,4,false,18.4686,52.2000
2022-23,29,194164,DEF,4,4,false,11.5251,15.8000
2022-23,29,198826,DEF,0,0,false,49.9187,40.2000
2022-23,29,224967,DEF,0,0,false,45.0711,81.0000
2022-23,29,232826,MID,0,0,false,30.0464,34.4000
2022-23,29,243571,DEF,10,4,false,8.1375,16.0000
2022-23,29,17761,DEF,0,0,false,88.7848,90.0000
2022-23,29,82514,DEF,0,0,false,89.9929,76.2000
2022-23,29,96994,MID,0,0,false,68.2920,60.8000
2022-23,29,109646,DEF,1,1,false,21.4626,108.0000
2022-23,29,128389,FWD,1,1,false,51.3575,0.0000
2022-23,29,153366,MID,0,0,false,76.9524,77.2000
2022-23,29,167074,DEF,0,0,false,80.5685,71.8000
2022-23,29,169528,DEF,0,0,false,85.4568,108.0000
2022-23,29,154296,MID,0,0,false,67.4876,108.0000
2022-23,29,55914,DEF,0,0,false,23.1925,42.6000
2022-23,29,66588,DEF,0,0,false,79.3938,54.0000
2022-23,29,80954,MID,0,0,false,30.4212,49.2000
2022-23,29,149915,DEF,12,4,true,10.6276,0.0000
2022-23,29,193645,DEF,0,0,false,77.5262,90.0000
2022-23,29,221399,MID,0,0,false,77.4489,85.0000
2022-23,29,222694,DEF,0,0,false,46.2633,36.0000
2022-23,29,437495,GKP,0,0,false,89.8607,90.0000
2022-23,29,443967,DEF,0,0,false,64.8422,47.8000
2022-23,29,224209,DEF,0,0,false,25.1148,60.0000
2022-23,29,234370,MID,0,0,false,57.5825,90.0000
2022-23,29,427637,MID,0,0,false,64.5112,42.0000
2022-23,29,37642,DEF,2,2,false,7.1015,0.0000
2022-23,29,95463,GKP,2,2,false,46.9156,0.0000
2022-23,29,155569,DEF,1,1,false,37.3314,18.0000
2022-23,29,166477,DEF,0,0,false,84.2600,90.0000
2022-23,29,166989,MID,4,4,false,30.7973,61.4000
2022-23,29,172780,MID,0,0,false,68.4878,72.0000
2022-23,29,201666,MID,0,0,false,75.4477,45.4000
2022-23,29,203341,MID,0,0,false,48.5115,49.8000
2022-23,29,215413,MID,0,0,false,73.9750,21.2000
2022-23,29,220627,DEF,14,4,true,9.0417,0.0000
2022-23,29,244619,DEF,0,0,false,21.4624,26.4000
2022-23,29,444463,DEF,0,0,false,41.3555,62.0000
2022-23,29,56979,MID,0,0,false,61.3828,87.0000
2022-23,29,60914,DEF,0,0,false,41.4927,18.0000
2022-23,29,61558,MID,6,4,false,23.5530,19.2000
2022-23,29,97032,DEF,0,0,false,63.9751,108.0000
2022-23,29,116535,GKP,0,0,false,89.3034,108.0000
2022-23,29,116643,MID,0,0,false,68.7816,98.0000
2022-23,29,118748,MID,0,0,false,76.5857,104.6000
2022-23,29,122798,DEF,0,0,false,66.8333,94.8000
2022-23,29,169187,DEF,0,0,false,69.0247,108.0000
2022-23,29,171287,DEF,0,0,false,32.7868,0.0000
2022-23,29,194634,FWD,0,0,false,46.2229,62.6000
2022-23,29,204716,DEF,0,0,false,54.6270,90.0000
2022-23,29,244731,MID,18,4,false,4.9010,35.2000
2022-23,29,447203,FWD,0,0,false,56.7404,36.0000
2022-23,29,58621,DEF,1,1,false,39.1544,78.8000
2022-23,29,59859,MID,0,0,false,70.9688,50.2000
2022-23,29,61366,MID,0,0,false,61.8317,46.0000
2022-23,29,97299,DEF,0,0,false,42.8142,74.0000
2022-23,29,103025,MID,0,0,false,44.0227,67.0000
2022-23,29,103955,MID,0,0,false,27.6335,54.2000
2022-23,29,114283,MID,0,0,false,73.2911,85.8000
2022-23,29,121145,DEF,8,4,true,22.7437,0.0000
2022-23,29,121160,GKP,0,0,false,89.6517,72.0000
2022-23,29,126184,DEF,0,0,false,63.9331,31.2000
2022-23,29,146941,DEF,4,4,false,27.5129,18.0000
2022-23,29,165809,MID,0,0,false,54.0381,62.2000
2022-23,29,171314,DEF,0,0,false,61.5475,90.0000
2022-23,29,206325,DEF,0,0,false,70.3123,64.0000
2022-23,29,209244,MID,1,1,false,43.4221,4.6000
2022-23,29,220566,MID,0,0,false,82.9985,80.4000
2022-23,29,223094,FWD,1,1,false,66.7744,76.6000
2022-23,29,514356,MID,0,0,false,71.2608,86.8000
2022-23,29,51940,GKP,0,0,false,90.0000,90.0000
2022-23,29,90152,DEF,0,0,false,66.7652,0.0000
2022-23,29,106760,DEF,0,0,false,73.2188,54.0000
2022-23,29,141746,MID,0,0,false,87.7328,90.0000
2022-23,29,176297,MID,0,0,false,78.1150,69.0000
2022-23,29,184667,DEF,0,0,false,21.3981,72.0000
2022-23,29,209243,MID,0,0,false,36.4583,63.0000
2022-23,29,214590,DEF,1,1,false,33.8967,68.0000
2022-23,29,216051,DEF,0,0,false,56.0859,72.0000
2022-23,29,156689,MID,0,0,false,83.4832,74.2000
2022-23,29,75115,FWD,0,0,false,36.6608,46.8000
2022-23,29,77794,DEF,0,0,false,76.2888,85.8000
2022-23,29,78916,DEF,0,0,false,84.8913,71.8000
2022-23,29,119471,DEF,0,0,false,78.0400,86.6000
2022-23,29,179018,MID,2,2,false,39.9905,29.2000
2022-23,29,180135,MID,0,0,false,79.7874,46.0000
2022-23,29,180974,MID,0,0,false,57.2968,87.8000
2022-23,29,200089,MID,0,0,false,59.8928,83.8000
2022-23,29,208706,MID,0,0,false,66.3633,85.8000
2022-23,29,98747,GKP,0,0,false,85.6222,90.0000
2022-23,29,220237,DEF,0,0,false,89.0518,90.0000
2022-23,29,56917,DEF,14,4,false,5.5964,0.0000
2022-23,29,168281,DEF,6,4,false,13.2712,21.8000
2022-23,29,204968,MID,1,1,false,25.8566,1.8000
2022-23,29,208912,DEF,0,0,false,49.1607,58.0000
2022-23,29,242898,FWD,0,0,false,85.5483,68.8000
2022-23,29,172649,GKP,9,4,true,14.1186,0.0000
2022-23,29,88900,DEF,0,0,false,64.5399,54.0000
2022-23,29,96787,MID,0,0,false,53.9005,45.8000
2022-23,29,101178,MID,0,0,false,89.2067,81.0000
2022-23,29,158534,DEF,0,0,false,64.0422,90.0000
2022-23,29,171771,DEF,0,0,false,65.1087,80.0000
2022-23,29,200439,FWD,1,1,false,51.9865,8.4000
2022-23,29,244560,DEF,0,0,false,66.7403,27.0000
2022-23,29,450527,DEF,1,1,true,43.5380,0.0000
2022-23,29,456350,GKP,0,0,false,90.0000,54.0000
2022-23,29,477386,DEF,1,1,false,46.0391,72.0000
2022-23,29,37915,GKP,0,0,false,47.7319,45.0000
2022-23,29,40383,GKP,1,1,false,48.8857,45.0000
2022-23,29,78830,FWD,0,0,false,89.2316,90.0000
2022-23,29,85971,MID,0,0,false,74.0255,87.6000
2022-23,29,93264,DEF,0,0,false,79.1543,90.0000
2022-23,29,115556,DEF,1,1,false,60.2617,20.6000
2022-23,29,132015,MID,0,0,false,88.2618,90.0000
2022-23,29,202993,MID,6,4,true,23.1947,0.0000
2022-23,29,221632,DEF,0,0,false,73.3853,90.0000
2022-23,29,241157,DEF,1,1,false,35.0158,0.0000
2022-23,29,445044,MID,0,0,false,61.3431,66.4000
2022-23,29,45034,DEF,0,0,false,55.7889,87.0000
2022-23,29,37096,GKP,0,0,false,72.0095,108.0000
2022-23,29,40669,DEF,2,2,false,34.6902,50.2000
2022-23,29,55459,DEF,0,0,false,27.0876,99.0000
2022-23,29,60232,DEF,0,0,false,71.0773,81.0000
2022-23,29,103192,DEF,0,0,false,50.8717,75.6000
2022-23,29,164555,DEF,0,0,false,40.1665,100.6000
2022-23,29,172841,MID,0,0,false,65.0110,61.8000
2022-23,29,178186,MID,0,0,false,88.2918,102.6000
2022-23,29,204480,MID,0,0,false,89.0635,90.0000
2022-23,29,215439,MID,0,0,false,71.2518,90.0000
2022-23,29,219924,DEF,0,0,false,63.4376,31.6000
2022-23,29,210494,DEF,0,0,false,78.3421,54.0000
2022-23,29,84182,GKP,1,1,false,17.9226,0.0000
2022-23,29,90585,DEF,6,4,false,15.1793,0.0000
2022-23,29,94147,DEF,4,4,false,46.6438,0.0000
2022-23,29,102057,FWD,1,1,false,47.2373,0.0000
2022-23,29,114128,DEF,1,1,false,30.0418,0.0000
2022-23,29,149065,GKP,0,0,false,89.4776,90.0000
2022-23,29,171317,MID,0,0,false,83.0560,45.0000
2022-23,29,200402,DEF,0,0,false,77.9088,81.0000
2022-23,29,214048,DEF,0,0,false,87.1672,90.0000
2022-23,29,247632,MID,0,0,false,16.3146,18.0000
2022-23,29,222531,MID,0,0,false,72.2873,89.4000
2022-23,29,19624,MID,0,0,false,51.3878,15.0000
2022-23,29,222690,DEF,0,0,false,23.0468,39.8000
2022-23,29,200785,MID,2,2,true,53.5684,0.0000
2022-23,29,472713,DEF,0,0,false,55.3581,65.4000
2022-23,29,171101,DEF,0,0,false,68.1684,42.8000
2022-23,29,438464,MID,0,0,false,70.6483,66.0000
2022-23,29,432830,DEF,1,1,false,31.7469,9.4000
2022-23,29,80607,MID,6,4,false,20.4949,45.2000
2022-23,29,86129,DEF,0,0,false,70.6235,18.0000
2022-23,29,114241,DEF,0,0,false,24.6277,18.8000
2022-23,29,51927,DEF,0,0,false,83.1217,88.2000
2022-23,29,221820,DEF,0,0,false,74.5783,18.0000
2022-23,29,433154,MID,0,0,false,78.1356,90.0000
2022-23,29,201658,MID,0,0,false,22.2361,59.4000
2022-23,29,18892,DEF,0,0,false,44.0739,78.4000
2022-23,29,109533,DEF,0,0,false,56.3985,27.0000
2022-23,29,490721,DEF,0,0,false,33.7022,33.8000
2022-23,29,460028,DEF,0,0,false,33.9407,34.6000
2022-23,29,69752,GKP,0,0,false,80.2317,90.0000
2022-23,29,221466,DEF,0,0,false,83.0707,33.6000
2022-23,29,449871,MID,0,0,false,81.9349,26.2000
2022-23,29,89076,MID,0,0,false,74.4256,39.4000
2022-23,29,204214,DEF,0,0,false,82.9549,86.4000
2022-23,29,201057,DEF,0,0,false,59.4065,37.4000
2022-23,29,465351,MID,0,0,false,58.5410,87.6000
2022-23,29,61256,MID,1,1,false,33.2740,72.0000
2022-23,29,219168,FWD,0,0,false,47.3999,69.4000
2022-23,29,233420,DEF,0,0,false,62.7940,71.2000
2022-23,29,224024,MID,0,0,false,70.3563,82.0000
2022-23,29,467169,MID,0,0,false,56.8607,61.6000
2022-23,29,211975,DEF,0,0,false,75.2009,65.6000
2022-23,29,80801,MID,0,0,false,81.3822,77.6000
2022-23,29,218218,DEF,0,0,false,78.8092,90.0000
2022-23,29,47431,MID,2,2,false,54.7687,66.2000
2022-23,29,212701,MID,3,3,false,9.8092,14.6000
2022-23,29,492859,FWD,1,1,false,43.3389,28.6000
2022-23,29,173271,DEF,0,0,false,24.6267,27.8000
2022-23,29,80226,DEF,1,1,false,53.6624,36.0000
2022-23,29,243298,MID,0,0,false,61.1444,80.4000
2022-23,29,242880,DEF,1,1,false,41.3410,18.0000
2022-23,29,428399,FWD,0,0,false,67.0790,22.2000
2022-23,29,220087,DEF,1,1,false,57.1178,29.2000
2022-23,29,106468,DEF,0,0,false,71.8212,79.0000
2022-23,29,151086,MID,0,0,false,62.5157,77.2000
2022-23,29,120202,FWD,0,0,false,48.1234,10.4000
2022-23,29,88484,MID,0,0,false,51.3433,27.0000
2022-23,29,533463,MID,0,0,false,77.5134,33.6000
2022-23,29,481510,DEF,0,0,false,50.3061,63.4000
2022-23,29,225295,MID,0,0,false,47.2398,32.6000
2022-23,29,241519,MID,0,0,false,67.3513,83.8000
2022-23,29,424044,MID,0,0,false,41.2785,0.0000
2022-23,29,448047,MID,0,0,false,89.2716,58.8000
2022-23,29,194190,DEF,0,0,false,90.0000,18.0000
2022-23,29,101338,MID,0,0,false,55.5685,34.8000
2022-23,29,28411,GKP,0,0,false,90.0000,90.0000
2022-23,29,116404,DEF,0,0,false,84.8841,89.2000
2022-23,29,504783,MID,0,0,false,58.4851,48.6000
2022-23,29,441164,DEF,0,0,false,63.7041,87.0000
2022-23,33,80201,GKP,0,0,false,79.2916,108.0000
2022-23,33,84450,MID,0,0,false,66.7482,75.0000
2022-23,33,167199,MID,0,0,false,71.0614,44.8000
2022-23,33,184029,MID,0,0,false,82.9551,81.8000
2022-23,33,198869,DEF,0,0,false,81.6747,90.0000
2022-23,33,223340,MID,0,0,false,81.6024,79.6000
2022-23,33,225321,GKP,0,0,false,88.7535,90.0000
2022-23,33,226597,DEF,0,0,false,88.4895,88.8000
2022-23,33,444145,MID,0,0,false,74.1493,25.8000
2022-23,33,154043,MID,0,0,false,41.6652,38.2000
2022-23,33,462424,DEF,6,4,true,34.9607,0.0000
2022-23,33,205651,FWD,0,0,false,47.9772,86.4000
2022-23,33,98980,GKP,0,0,false,82.6598,90.0000
2022-23,33,122806,MID,0,0,false,80.8385,90.0000
2022-23,33,149484,DEF,0,0,false,87.0296,90.0000
2022-23,33,178301,FWD,0,0,false,85.6933,89.2000
2022-23,33,195546,MID,0,0,false,76.7911,53.6000
2022-23,33,199796,DEF,5,4,false,33.9744,36.2000
2022-23,33,199798,DEF,0,0,false,86.5956,90.0000
2022-23,33,215711,MID,3,3,false,30.3491,46.6000
2022-23,33,230046,MID,0,0,false,85.7782,88.0000
2022-23,33,232653,MID,0,0,false,76.1611,90.0000
2022-23,33,226944,MID,4,4,false,23.5201,41.4000
2022-23,33,54469,DEF,0,0,false,64.9521,71.4000
2022-23,33,152551,MID,0,0,false,82.0300,90.0000
2022-23,33,154566,FWD,0,0,false,84.0475,89.4000
2022-23,33,155408,MID,1,1,false,13.5972,29.4000
2022-23,33,168991,MID,0,0,false,82.3591,58.4000
2022-23,33,223911,DEF,0,0,false,58.2520,18.0000
2022-23,33,229600,GKP,14,4,false,5.2692,18.0000
2022-23,33,235530,DEF,0,0,false,68.2686,90.0000
2022-23,33,447932,DEF,7,4,false,18.4327,0.0000
2022-23,33,61810,DEF,3,3,true,25.1677,0.0000
2022-23,33,128295,MID,1,1,true,66.7414,0.0000
2022-23,33,144485,FWD,0,0,false,85.5830,36.0000
2022-23,33,154561,GKP,0,0,false,85.6371,90.0000
2022-23,33,191866,DEF,9,4,false,12.9001,0.0000
2022-23,33,194010,DEF,0,0,false,84.4565,80.0000
2022-23,33,204580,MID,0,0,false,45.9468,84.2000
2022-23,33,207283,MID,0,0,false,71.0194,58.2000
2022-23,33,226956,DEF,0,0,false,28.9127,1.4000
2022-23,33,231065,DEF,0,0,false,86.7280,90.0000
2022-23,33,446008,FWD,0,0,false,69.6692,89.6000
2022-23,33,49262,GKP,0,0,false,50.6989,144.0000
2022-23,33,50175,FWD,0,0,false,38.7821,71.6000
2022-23,33,60307,MID,0,0,false,84.9851,121.6000
2022-23,33,83299,DEF,0,0,false,87.0672,108.0000
2022-23,33,109345,MID,0,0,false,82.9642,22.8000
2022-23,33,110735,DEF,1,1,false,40.0702,57.8000
2022-23,33,111478,DEF,1,1,false,59.6295,39.4000
2022-23,33,116216,MID,0,0,false,46.3036,57.2000
2022-23,33,179268,DEF,2,2,false,43.4872,0.0000
2022-23,33,215059,GKP,1,1,false,39.3011,0.0000
2022-23,33,243016,MID,0,0,false,78.9064,109.4000
2022-23,33,486672,MID,0,0,false,77.2086,122.0000
2022-23,33,451340,MID,0,0,false,85.5594,119.4000
2022-23,33,41328,DEF,0,0,false,22.8922,75.0000
2022-23,33,51090,DEF,0,0,false,37.3100,90.0000
2022-23,33,85955,MID,0,0,false,32.4271,82.8000
2022-23,33,91651,MID,0,0,false,62.1495,31.0000
2022-23,33,109745,GKP,0,0,false,77.4063,90.0000
2022-23,33,126187,MID,3,3,false,23.5396,43.8000
2022-23,33,172850,DEF,0,0,false,58.8743,32.8000
2022-23,33,180736,DEF,0,0,false,36.6072,81.8000
2022-23,33,184341,MID,1,1,false,23.5248,0.0000
2022-23,33,219847,FWD,2,2,false,55.8628,70.0000
2022-23,33,225796,DEF,1,1,true,44.0940,0.0000
2022-23,33,228286,GKP,16,4,false,12.5937,18.0000
2022-23,33,40836,GKP,4,4,false,41.6560,0.0000
2022-23,33,55494,DEF,0,0,false,56.3207,90.0000
2022-23,33,57328,DEF,3,3,false,31.4839,0.0000
2022-23,33,80146,MID,0,0,false,70.6655,88.6000
2022-23,33,82403,MID,4,4,false,38.4189,44.6000
2022-23,33,86417,MID,0,0,false,63.1325,32.6000
2022-23,33,174874,DEF,0,0,false,70.1231,90.0000
2022-23,33,209036,DEF,0,0,false,88.5852,90.0000
2022-23,33,232413,MID,0,0,false,59.9639,90.0000
2022-23,33,244723,DEF,0,0,false,85.6710,90.0000
2022-23,33,443661,MID,0,0,false,77.1997,89.8000
2022-23,33,59949,DEF,3,3,true,49.6595,9.0000
2022-23,33,106611,DEF,0,0,false,69.3386,30.2000
2022-23,33,111234,GKP,0,0,false,88.9072,90.0000
2022-23,33,153133,MID,0,0,false,84.3399,90.0000
2022-23,33,172632,MID,1,1,false,61.0470,29.0000
2022-23,33,177815,FWD,0,0,false,32.4664,53.2000
2022-23,33,194164,DEF,1,1,false,17.9771,12.6000
2022-23,33,198826,DEF,0,0,false,51.1427,0.0000
2022-23,33,224967,DEF,0,0,false,59.4124,36.0000
2022-23,33,243571,DEF,2,2,false,7.9589,50.6000
2022-23,33,17761,DEF,0,0,false,88.9127,90.0000
2022-23,33,82514,DEF,0,0,false,89.9967,4.2000
2022-23,33,96994,MID,0,0,false,61.7114,26.6000
2022-23,33,109646,DEF,0,0,false,57.8364,108.0000
2022-23,33,128389,FWD,5,4,false,24.1013,38.8000
2022-23,33,153366,MID,0,0,false,76.0127,74.8000
2022-23,33,167074,DEF,0,0,false,74.8615,90.0000
2022-23,33,169528,DEF,0,0,false,87.8679,108.0000
2022-23,33,154296,MID,0,0,false,79.4353,105.2000
2022-23,33,55914,DEF,0,0,false,36.1212,24.6000
2022-23,33,66588,DEF,0,0,false,65.0498,90.0000
2022-23,33,80954,MID,0,0,false,43.1034,63.6000
2022-23,33,149915,DEF,16,4,true,8.9742,0.0000
2022-23,33,193645,DEF,0,0,false,80.6543,72.0000
2022-23,33,221399,MID,0,0,false,79.6045,73.0000
2022-23,33,222694,DEF,2,2,false,43.0896,30.4000
2022-23,33,437495,GKP,0,0,false,89.8753,18.0000
2022-23,33,443967,DEF,0,0,false,61.9483,42.0000
2022-23,33,224209,DEF,1,1,false,36.4709,90.0000
2022-23,33,234370,MID,0,0,false,72.3706,30.8000
2022-23,33,427637,MID,0,0,false,57.8524,14.4000
2022-23,33,37642,DEF,6,4,false,5.6909,48.0000
2022-23,33,95463,GKP,6,4,false,25.6617,0.0000
2022-23,33,155569,DEF,3,3,false,30.0753,0.0000
2022-23,33,166477,DEF,0,0,false,85.1181,90.0000
2022-23,33,166989,MID,0,0,false,44.5858,83.8000
2022-23,33,172780,MID,0,0,false,67.2479,81.0000
2022-23,33,201666,MID,0,0,false,58.2136,70.8000
2022-23,33,203341,MID,1,1,false,45.0242,47.6000
2022-23,33,215413,MID,1,1,false,53.5311,16.8000
2022-23,33,218031,DEF,0,0,false,38.6070,36.0000
2022-23,33,220627,DEF,18,4,true,6.2726,0.0000
2022-23,33,244619,DEF,2,2,false,18.3664,60.8000
2022-23,33,444463,DEF,0,0,false,52.1822,62.0000
2022-23,33,56979,MID,0,0,false,68.4708,62.2000
2022-23,33,60914,DEF,0,0,false,37.8605,18.0000
2022-23,33,61558,MID,0,0,false,24.9158,0.0000
2022-23,33,97032,DEF,0,0,false,75.6707,90.0000
2022-23,33,116535,GKP,0,0,false,89.3767,90.0000
2022-23,33,116643,MID,0,0,false,72.1414,99.2000
2022-23,33,118748,MID,0,0,false,81.0090,106.0000
2022-23,33,122798,DEF,0,0,false,76.4529,71.2000
2022-23,33,169187,DEF,0,0,false,78.0614,108.0000
2022-23,33,171287,DEF,4,4,false,17.8786,18.0000
2022-23,33,194634,FWD,0,0,false,56.7123,47.8000
2022-23,33,204716,DEF,1,1,false,55.8965,90.0000
2022-23,33,244731,MID,0,0,false,9.8889,65.8000
2022-23,33,215136,DEF,0,0,true,54.2237,0.0000
2022-23,33,447203,FWD,0,0,false,38.9497,32.6000
2022-23,33,58621,DEF,0,0,false,53.3450,115.2000
2022-23,33,59859,MID,0,0,false,63.4844,69.4000
2022-23,33,61366,MID,0,0,false,67.1550,31.6000
2022-23,33,97299,DEF,0,0,false,51.4398,59.2000
2022-23,33,103025,MID,0,0,false,45.9416,121.0000
2022-23,33,103955,MID,0,0,false,42.3525,69.0000
2022-23,33,114283,MID,0,0,false,75.9099,38.4000
2022-23,33,121145,DEF,11,4,true,17.0356,0.0000
2022-23,33,121160,GKP,0,0,false,89.6884,72.0000
2022-23,33,126184,DEF,2,2,false,45.5641,38.2000
2022-23,33,146941,DEF,1,1,false,29.7964,69.4000
2022-23,33,165809,MID,0,0,false,63.2292,39.0000
2022-23,33,171314,DEF,0,0,false,72.4627,54.0000
2022-23,33,206325,DEF,0,0,false,65.5116,26.4000
2022-23,33,220566,MID,0,0,false,79.8972,74.0000
2022-23,33,223094,FWD,0,0,false,68.4051,90.6000
2022-23,33,514356,MID,0,0,false,78.5477,83.0000
2022-23,33,51940,GKP,0,0,false,90.0000,126.0000
2022-23,33,90152,DEF,3,3,false,41.5917,52.0000
2022-23,33,106760,DEF,0,0,false,59.3897,99.0000
2022-23,33,141746,MID,0,0,false,88.2960,123.6000
2022-23,33,176297,MID,0,0,false,69.3739,80.4000
2022-23,33,184667,DEF,0,0,false,39.7437,126.0000
2022-23,33,209243,MID,0,0,false,50.5060,87.4000
2022-23,33,214590,DEF,0,0,false,51.7764,89.2000
2022-23,33,216051,DEF,0,0,false,59.5805,54.6000
2022-23,33,156689,MID,0,0,false,80.3121,11.4000
2022-23,33,75115,FWD,0,0,false,42.2282,74.4000
2022-23,33,77794,DEF,0,0,false,76.1614,108.0000
2022-23,33,78916,DEF,0,0,false,74.6923,91.2000
2022-23,33,119471,DEF,0,0,false,79.9981,108.0000
2022-23,33,179018,MID,0,0,false,38.3266,77.0000
2022-23,33,180135,MID,0,0,false,69.5644,18.0000
2022-23,33,180974,MID,0,0,false,70.5189,70.0000
2022-23,33,200089,MID,0,0,false,69.1626,62.6000
2022-23,33,208706,MID,0,0,false,71.7976,108.0000
2022-23,33,98747,GKP,0,0,false,87.4398,90.0000
2022-23,33,220237,DEF,0,0,false,89.5100,108.0000
2022-23,33,56917,DEF,18,4,false,2.9922,0.0000
2022-23,33,168281,DEF,1,1,true,19.0827,0.0000
2022-23,33,204968,MID,5,4,false,13.8248,68.4000
2022-23,33,208912,DEF,0,0,false,50.6437,77.2000
2022-23,33,242898,FWD,0,0,false,77.4165,51.0000
2022-23,33,172649,GKP,13,4,true,7.5488,0.0000
2022-23,33,88900,DEF,1,1,false,61.0284,0.0000
2022-23,33,96787,MID,0,0,false,54.1464,33.8000
2022-23,33,101178,MID,0,0,false,83.3755,89.2000
2022-23,33,158534,DEF,0,0,false,75.0386,90.0000
2022-23,33,171771,DEF,0,0,false,70.0803,90.0000
2022-23,33,200439,FWD,0,0,false,34.4064,17.6000
2022-23,33,244560,DEF,0,0,true,53.2239,0.0000
2022-23,33,450527,DEF,5,4,true,27.3929,0.0000
2022-23,33,456350,GKP,1,1,false,76.3782,0.0000
2022-23,33,477386,DEF,1,1,false,53.3270,25.4000
2022-23,33,37915,GKP,1,1,true,50.7743,0.0000
2022-23,33,40383,GKP,0,0,false,45.1467,90.0000
2022-23,33,78830,FWD,0,0,false,89.3265,90.0000
2022-23,33,85971,MID,0,0,false,79.7048,86.6000
2022-23,33,93264,DEF,0,0,false,83.9020,18.4000
2022-23,33,115556,DEF,0,0,false,36.5361,88.6000
2022-23,33,132015,MID,0,0,false,88.7757,54.0000
2022-23,33,202993,MID,10,4,true,13.9430,0.0000
2022-23,33,221632,DEF,0,0,false,79.1279,54.0000
2022-23,33,241157,DEF,5,4,false,21.3854,68.8000
2022-23,33,445044,MID,0,0,false,60.4982,48.8000
2022-23,33,45034,DEF,0,0,false,70.4952,19.0000
2022-23,33,37096,GKP,0,0,false,80.6393,108.0000
2022-23,33,40669,DEF,3,3,false,26.4924,86.2000
2022-23,33,55459,DEF,0,0,false,56.7054,59.0000
2022-23,33,60232,DEF,0,0,false,79.0907,63.0000
2022-23,33,103192,DEF,0,0,false,67.9473,12.6000
2022-23,33,164555,DEF,0,0,false,61.7245,66.2000
2022-23,33,172841,MID,0,0,false,64.5540,46.8000
2022-23,33,178186,MID,0,0,false,86.7544,75.2000
2022-23,33,204480,MID,0,0,false,89.1620,78.4000
2022-23,33,215439,MID,0,0,false,79.8532,65.4000
2022-23,33,219924,DEF,4,4,false,31.8612,100.8000
2022-23,33,210494,DEF,0,0,false,65.6283,72.0000
2022-23,33,84182,GKP,5,4,false,9.3259,0.0000
2022-23,33,90585,DEF,10,4,false,9.4835,18.2000
2022-23,33,94147,DEF,8,4,false,29.3362,24.8000
2022-23,33,102057,FWD,5,4,false,28.6059,20.4000
2022-23,33,114128,DEF,5,4,false,17.2647,0.0000
2022-23,33,149065,GKP,0,0,false,89.5325,54.0000
2022-23,33,171317,MID,0,0,false,64.5644,80.4000
2022-23,33,200402,DEF,0,0,false,81.7995,81.0000
2022-23,33,214048,DEF,0,0,false,87.4654,67.4000
2022-23,33,222531,MID,0,0,false,75.4572,89.6000
2022-23,33,19624,MID,1,1,false,38.5373,0.2000
2022-23,33,200785,MID,6,4,true,29.1318,0.0000
2022-23,33,199170,DEF,0,0,false,49.5086,90.0000
2022-23,33,472713,DEF,0,0,false,55.0280,83.6000
2022-23,33,171101,DEF,0,0,false,60.8287,71.4000
2022-23,33,438464,MID,1,1,false,63.0502,83.4000
2022-23,33,432830,DEF,0,0,false,19.2990,46.4000
2022-23,33,80607,MID,0,0,false,32.6741,81.2000
2022-23,33,86129,DEF,2,2,false,52.4133,1.8000
2022-23,33,51927,DEF,0,0,false,83.4288,90.0000
2022-23,33,221820,DEF,2,2,true,53.0303,0.0000
2022-23,33,433154,MID,0,0,false,83.3067,90.0000
2022-23,33,201658,MID,0,0,true,47.2416,0.0000
2022-23,33,18892,DEF,0,0,false,58.5603,50.8000
2022-23,33,109533,DEF,4,4,false,28.9339,67.0000
2022-23,33,207270,GKP,0,0,false,60.8090,90.0000
2022-23,33,490721,DEF,0,0,false,29.5190,32.6000
2022-23,33,460028,DEF,0,0,false,43.3112,83.6000
2022-23,33,69752,GKP,0,0,false,84.7798,72.0000
2022-23,33,221466,DEF,0,0,false,55.4720,72.0000
2022-23,33,449871,MID,0,0,false,58.7939,41.6000
2022-23,33,89076,MID,1,1,false,60.9220,0.0000
2022-23,33,204214,DEF,0,0,false,82.6348,135.0000
2022-23,33,201057,DEF,1,1,false,40.8809,63.0000
2022-23,33,465351,MID,0,0,false,72.1599,67.0000
2022-23,33,61256,MID,0,0,false,47.3637,121.2000
2022-23,33,219168,FWD,0,0,false,53.0205,107.4000
2022-23,33,48760,DEF,0,0,false,23.0348,38.4000
2022-23,33,233420,DEF,0,0,false,67.0448,79.0000
2022-23,33,224024,MID,0,0,false,69.3452,81.6000
2022-23,33,467169,MID,0,0,false,63.7991,73.0000
2022-23,33,211975,DEF,0,0,false,75.6307,67.8000
2022-23,33,80801,MID,0,0,false,78.9256,80.4000
2022-23,33,218218,DEF,0,0,false,84.0386,90.0000
2022-23,33,47431,MID,1,1,false,56.2391,83.4000
2022-23,33,212701,MID,1,1,false,14.6823,0.0000
2022-23,33,492859,FWD,1,1,false,28.6524,46.2000
2022-23,33,173271,DEF,0,0,false,32.8065,0.0000
2022-23,33,80226,DEF,0,0,false,41.9527,84.6000
2022-23,33,243298,MID,0,0,false,68.3900,79.8000
2022-23,33,242880,DEF,1,1,false,35.6784,36.0000
2022-23,33,428399,FWD,0,0,false,52.6647,27.0000
2022-23,33,220087,DEF,1,1,false,40.8411,77.0000
2022-23,33,106468,DEF,0,0,false,75.3698,51.8000
2022-23,33,151086,MID,0,0,false,68.7049,72.0000
2022-23,33,120202,FWD,0,0,false,34.7407,25.8000
2022-23,33,513046,MID,0,0,false,60.3148,68.4000
2022-23,33,88484,MID,1,1,false,41.1376,13.8000
2022-23,33,533463,MID,0,0,false,46.7472,73.2000
2022-23,33,481510,DEF,0,0,false,65.7943,15.4000
2022-23,33,241519,MID,0,0,false,77.4235,78.4000
2022-23,33,424044,MID,4,4,false,19.6566,0.0000
2022-23,33,448047,MID,0,0,false,82.6100,104.0000
2022-23,33,194190,DEF,2,2,false,53.4648,18.2000
2022-23,33,101338,MID,2,2,false,37.6022,23.0000
2022-23,33,28411,GKP,0,0,false,90.0000,72.0000
2022-23,33,116404,DEF,0,0,false,87.0032,69.6000
2022-23,33,504783,MID,0,0,false,47.7951,46.0000
2022-23,33,441164,DEF,0,0,false,76.1847,72.8000
2023-24,5,219847,MID,0,0,false,62.7558,48.4000
2023-24,5,444145,MID,0,0,false,70.3281,37.4000
2023-24,5,205533,FWD,0,0,false,47.3466,68.8000
2023-24,5,184029,MID,0,0,false,85.4495,69.4000
2023-24,5,223340,MID,0,0,false,86.7183,65.4000
2023-24,5,462424,DEF,0,0,false,76.7763,90.0000
2023-24,5,224068,GKP,0,0,false,90.0000,90.0000
2023-24,5,198869,DEF,0,0,false,85.1842,85.0000
2023-24,5,199796,DEF,0,0,false,68.6334,85.8000
2023-24,5,101188,DEF,0,0,false,63.6610,90.0000
2023-24,5,230046,MID,0,0,false,78.5653,89.8000
2023-24,5,226944,MID,0,0,false,63.7992,85.4000
2023-24,5,199798,DEF,0,0,false,88.7105,90.0000
2023-24,5,122806,MID,0,0,false,75.8227,86.8000
2023-24,5,178301,FWD,0,0,false,82.2206,90.0000
2023-24,5,168991,MID,0,0,false,80.9094,83.2000
2023-24,5,158499,MID,0,0,false,61.3356,66.2000
2023-24,5,69752,GKP,0,0,false,76.3816,72.0000
2023-24,5,154566,FWD,0,0,false,82.6974,88.8000
2023-24,5,477580,DEF,0,0,false,48.9079,90.0000
2023-24,5,432830,DEF,0,0,false,59.4795,90.0000
2023-24,5,118342,GKP,0,0,false,90.0000,72.0000
2023-24,5,194010,DEF,0,0,true,80.9056,0.0000
2023-24,5,472713,DEF,0,0,false,65.5976,62.6000
2023-24,5,204580,MID,0,0,false,69.0440,76.6000
2023-24,5,207283,MID,0,0,false,76.0269,75.6000
2023-24,5,446008,MID,0,0,false,83.2237,90.0000
2023-24,5,128295,MID,0,0,false,63.3059,90.0000
2023-24,5,231065,DEF,0,0,false,80.5263,90.0000
2023-24,5,216646,FWD,0,0,false,63.5982,82.8000
2023-24,5,83299,DEF,0,0,false,87.6316,90.0000
2023-24,5,60307,MID,0,0,false,86.5846,54.0000
2023-24,5,451340,MID,0,0,false,74.5917,81.0000
2023-24,5,215059,GKP,0,0,false,72.2368,90.0000
2023-24,5,172850,DEF,0,0,false,46.1164,5.8000
2023-24,5,460028,DEF,0,0,false,59.5164,90.0000
2023-24,5,448047,MID,0,0,false,63.9826,67.4000
2023-24,5,232787,MID,0,0,false,61.5047,90.0000
2023-24,5,482609,DEF,0,0,false,75.0301,29.4000
2023-24,5,517052,FWD,0,0,false,88.4470,45.2000
2023-24,5,103955,MID,0,0,false,69.1295,74.0000
2023-24,5,51090,DEF,0,0,false,75.9342,90.0000
2023-24,5,174874,DEF,0,0,false,81.6053,90.0000
2023-24,5,80146,MID,0,0,false,71.5721,90.0000
2023-24,5,438464,MID,0,0,false,81.4474,72.0000
2023-24,5,199670,FWD,0,0,false,66.3324,69.6000
2023-24,5,232413,MID,0,0,false,79.6184,35.4000
2023-24,5,101982,GKP,0,0,false,55.6579,90.0000
2023-24,5,244723,DEF,0,0,false,83.0132,85.8000
2023-24,5,86417,MID,0,0,false,72.6259,46.0000
2023-24,5,55494,DEF,0,0,false,73.9918,72.0000
2023-24,5,121599,MID,0,0,false,63.5822,83.8000
2023-24,5,232928,MID,0,0,false,42.0967,90.0000
2023-24,5,80801,MID,0,0,false,75.2351,27.0000
2023-24,5,449871,MID,0,0,false,77.7105,85.0000
2023-24,5,243571,DEF,0,0,false,49.8212,31.8000
2023-24,5,111234,GKP,0,0,false,88.8158,90.0000
2023-24,5,17761,DEF,0,0,false,90.0000,90.0000
2023-24,5,156689,MID,0,0,false,70.5255,59.0000
2023-24,5,219924,DEF,0,0,false,71.4211,50.0000
2023-24,5,80201,GKP,0,0,false,87.6316,90.0000
2023-24,5,153366,MID,0,0,false,70.0031,48.0000
2023-24,5,167074,DEF,0,0,false,76.3169,0.0000
2023-24,5,153682,MID,0,0,false,54.8082,27.2000
2023-24,5,116535,GKP,0,0,false,88.8158,90.0000
2023-24,5,244731,MID,0,0,false,41.8631,64.4000
2023-24,5,243016,MID,0,0,false,72.2302,87.2000
2023-24,5,122798,DEF,0,0,false,78.9342,54.0000
2023-24,5,118748,MID,0,0,false,86.9205,86.6000
2023-24,5,424876,MID,0,0,false,90.0000,90.0000
2023-24,5,461358,FWD,0,0,false,63.9372,77.8000
2023-24,5,121160,GKP,0,0,false,86.4474,72.0000
2023-24,5,209244,MID,0,0,false,57.3483,89.2000
2023-24,5,223094,FWD,0,0,false,80.6529,90.0000
2023-24,5,220566,MID,0,0,false,81.5713,45.0000
2023-24,5,58621,DEF,0,0,false,70.6974,90.0000
2023-24,5,141746,MID,0,0,false,88.6447,90.0000
2023-24,5,61256,MID,0,0,false,69.2149,45.0000
2023-24,5,80607,MID,0,0,false,61.8673,34.0000
2023-24,5,221820,DEF,0,0,false,66.1204,0.0000
2023-24,5,176297,MID,0,0,false,82.1991,80.0000
2023-24,5,214590,DEF,0,0,false,50.1342,0.0000
2023-24,5,179018,MID,0,0,false,61.7705,66.2000
2023-24,5,208706,MID,0,0,false,80.4698,83.6000
2023-24,5,78916,DEF,0,0,false,85.9079,90.0000
2023-24,5,232826,MID,0,0,false,59.4312,65.4000
2023-24,5,98747,GKP,0,0,false,87.9079,90.0000
2023-24,5,119471,DEF,0,0,false,87.1974,90.0000
2023-24,5,77794,DEF,0,0,false,88.9737,81.4000
2023-24,5,210156,FWD,0,0,false,53.5276,35.0000
2023-24,5,222531,MID,0,0,false,86.4605,76.2000
2023-24,5,168281,DEF,0,0,false,62.3578,0.0000
2023-24,5,208912,DEF,0,0,false,71.7467,2.4000
2023-24,5,204968,MID,0,0,false,53.7410,9.4000
2023-24,5,233821,DEF,0,0,false,90.0000,54.0000
2023-24,5,82143,GKP,0,0,false,90.0000,90.0000
2023-24,5,79934,MID,0,0,false,68.6477,66.2000
2023-24,5,227127,MID,0,0,false,56.4815,58.0000
2023-24,5,445044,MID,0,0,false,71.3096,89.8000
2023-24,5,172780,MID,0,0,false,75.2942,82.0000
2023-24,5,221632,DEF,0,0,false,70.8074,90.0000
2023-24,5,85971,MID,0,0,false,78.1726,78.4000
2023-24,5,487053,DEF,0,0,false,84.8250,61.6000
2023-24,5,184254,GKP,0,0,false,90.0000,90.0000
2023-24,5,57531,FWD,0,0,false,61.1285,72.6000
2023-24,5,84182,GKP,0,0,false,49.0395,90.0000
2023-24,5,172841,MID,0,0,false,54.8687,13.2000
2023-24,5,178186,MID,0,0,false,87.5263,90.0000
2023-24,5,164555,DEF,0,0,false,72.5430,90.0000
2023-24,5,109533,DEF,0,0,false,62.3289,72.0000
2023-24,5,224024,MID,0,0,false,72.7597,88.2000
2023-24,5,204480,MID,0,0,false,88.0526,78.6000
2023-24,5,103192,DEF,0,0,false,71.1579,90.0000
2023-24,5,448514,DEF,0,0,false,48.7767,68.6000
2023-24,5,60232,DEF,0,0,false,71.4466,90.0000
2023-24,5,102057,FWD,0,0,false,48.2316,46.4000
2023-24,5,448089,MID,0,0,false,49.2411,54.4000
2023-24,5,214048,DEF,0,0,false,88.5132,90.0000
2023-24,5,151086,MID,0,0,false,60.2814,71.0000
2023-24,5,247632,MID,0,0,false,57.6579,87.2000
2023-24,5,149065,GKP,0,0,false,87.6316,90.0000
2023-24,5,200402,DEF,0,0,false,79.6447,70.6000
2023-24,5,83427,DEF,0,0,false,88.4901,83.0000
2023-24,5,244954,DEF,0,0,false,85.7448,90.0000
2023-24,5,18892,DEF,0,0,false,71.1746,58.6000
2023-24,5,430871,FWD,0,0,false,51.9836,80.2000
2023-24,5,544877,DEF,0,0,false,85.3330,66.0000
2023-24,5,202641,GKP,0,0,false,90.0000,90.0000
2023-24,5,243557,MID,0,0,false,81.5494,78.4000
2023-24,5,220307,MID,0,0,false,39.0886,5.8000
2023-24,5,220362,DEF,0,0,false,90.0000,67.2000
2023-24,5,424001,MID,0,0,false,73.6321,90.0000
2023-24,5,491279,DEF,0,0,false,90.0000,90.0000
2023-24,5,232980,DEF,0,0,false,87.8038,71.6000
2023-24,9,226597,DEF,0,0,false,80.2962,72.0000
2023-24,9,444145,MID,0,0,false,56.9499,79.6000
2023-24,9,205533,FWD,0,0,false,49.8186,44.8000
2023-24,9,184029,MID,0,0,false,85.2506,36.0000
2023-24,9,223340,MID,0,0,false,76.5208,84.4000
2023-24,9,462424,DEF,0,0,false,80.5545,90.0000
2023-24,9,224068,GKP,0,0,false,90.0000,18.0000
2023-24,9,198869,DEF,0,0,false,86.5602,29.8000
2023-24,9,433979,FWD,0,0,false,44.6769,69.2000
2023-24,9,199796,DEF,0,0,false,73.8246,57.4000
2023-24,9,101188,DEF,0,0,false,71.4218,86.6000
2023-24,9,230046,MID,0,0,false,83.0165,88.8000
2023-24,9,226944,MID,0,0,false,71.2351,67.0000
2023-24,9,199798,DEF,0,0,false,89.0789,86.6000
2023-24,9,98980,GKP,0,0,false,83.2382,90.0000
2023-24,9,122806,MID,0,0,false,79.7566,84.8000
2023-24,9,184704,MID,0,0,false,90.0000,50.0000
2023-24,9,178301,FWD,0,0,false,85.4014,90.0000
2023-24,9,168991,MID,0,0,false,81.4662,39.0000
2023-24,9,158499,MID,0,0,false,57.6795,90.0000
2023-24,9,155408,MID,0,0,false,58.1025,54.0000
2023-24,9,235530,DEF,0,0,false,47.6306,63.0000
2023-24,9,69752,GKP,0,0,false,80.2726,54.0000
2023-24,9,154566,FWD,0,0,false,84.0068,88.8000
2023-24,9,201658,MID,0,0,false,51.5204,82.6000
2023-24,9,477580,DEF,0,0,false,60.6485,90.0000
2023-24,9,432830,DEF,0,0,false,70.4673,54.0000
2023-24,9,118342,GKP,0,0,false,74.7538,81.0000
2023-24,9,194010,DEF,4,4,true,48.5065,0.0000
2023-24,9,472713,DEF,1,1,false,58.6386,16.6000
2023-24,9,204580,MID,0,0,false,71.5207,78.0000
2023-24,9,207283,MID,0,0,false,76.6172,42.2000
2023-24,9,446008,MID,0,0,false,85.1598,87.4000
2023-24,9,128295,MID,0,0,false,72.1192,90.0000
2023-24,9,231065,DEF,0,0,false,83.2331,90.0000
2023-24,9,154561,GKP,0,0,false,74.5995,72.0000
2023-24,9,216646,FWD,0,0,false,69.4084,79.0000
2023-24,9,486672,MID,0,0,false,74.5729,74.0000
2023-24,9,83299,DEF,0,0,false,88.3083,50.4000
2023-24,9,204214,DEF,2,2,false,51.5834,0.0000
2023-24,9,60307,MID,0,0,false,72.6422,78.6000
2023-24,9,109345,MID,0,0,true,66.0329,0.0000
2023-24,9,451340,MID,0,0,false,75.7268,51.6000
2023-24,9,215059,GKP,0,0,false,77.3120,90.0000
2023-24,9,49262,GKP,0,0,false,44.7921,54.0000
2023-24,9,111478,DEF,0,0,false,64.4972,61.6000
2023-24,9,487968,DEF,0,0,false,82.9583,18.0000
2023-24,9,241231,DEF,2,2,false,50.8468,71.0000
2023-24,9,172782,MID,0,0,false,63.5820,88.8000
2023-24,9,172567,MID,0,0,false,85.3055,12.8000
2023-24,9,435973,FWD,0,0,false,66.0933,0.0000
2023-24,9,216616,DEF,0,0,false,40.9401,88.4000
2023-24,9,192290,DEF,0,0,false,77.6406,0.0000
2023-24,9,103914,DEF,0,0,false,72.8498,90.0000
2023-24,9,460028,DEF,0,0,false,68.5922,48.0000
2023-24,9,448047,MID,0,0,false,69.9780,60.0000
2023-24,9,232787,MID,0,0,false,70.7748,76.4000
2023-24,9,482609,DEF,0,0,false,52.4879,7.8000
2023-24,9,517052,FWD,0,0,false,52.9356,81.8000
2023-24,9,103955,MID,0,0,false,67.5288,84.2000
2023-24,9,51090,DEF,0,0,false,79.9530,90.0000
2023-24,9,174874,DEF,0,0,false,84.0038,90.0000
2023-24,9,80146,MID,0,0,false,79.0346,80.2000
2023-24,9,438464,MID,0,0,false,74.0899,40.0000
2023-24,9,199670,FWD,0,0,false,65.3850,82.0000
2023-24,9,232413,MID,2,2,false,60.8532,34.0000
2023-24,9,209036,DEF,0,0,false,83.3264,90.0000
2023-24,9,108413,MID,0,0,false,47.5170,72.8000
2023-24,9,101982,GKP,0,0,false,65.4699,90.0000
2023-24,9,152551,MID,0,0,false,57.1020,87.6000
2023-24,9,244723,DEF,0,0,false,85.0094,85.8000
2023-24,9,86417,MID,1,1,false,57.4155,54.6000
2023-24,9,55494,DEF,0,0,false,68.9228,85.8000
2023-24,9,480455,DEF,0,0,false,80.0769,90.0000
2023-24,9,121599,MID,0,0,false,68.6575,89.8000
2023-24,9,232928,MID,0,0,false,59.0279,90.0000
2023-24,9,80801,MID,2,2,false,54.7669,63.0000
2023-24,9,433154,MID,0,0,false,60.0126,86.4000
2023-24,9,224967,DEF,0,0,false,67.0023,90.0000
2023-24,9,449871,MID,0,0,false,78.7192,27.0000
2023-24,9,111234,GKP,0,0,false,89.1541,90.0000
2023-24,9,17761,DEF,0,0,false,90.0000,90.0000
2023-24,9,156689,MID,0,0,false,67.7994,64.2000
2023-24,9,96994,MID,0,0,false,58.1033,25.2000
2023-24,9,219924,DEF,1,1,false,62.8957,0.0000
2023-24,9,80201,GKP,0,0,false,88.3083,90.0000
2023-24,9,212314,MID,0,0,false,23.9686,3.2000
2023-24,9,154296,MID,0,0,false,75.5080,72.0000
2023-24,9,82514,DEF,0,0,false,79.9336,90.0000
2023-24,9,169528,DEF,0,0,false,81.0519,90.0000
2023-24,9,167074,DEF,4,4,false,44.2004,14.8000
2023-24,9,169187,DEF,0,0,false,62.9748,89.4000
2023-24,9,116535,GKP,0,0,false,89.1541,72.0000
2023-24,9,244731,MID,0,0,false,55.8265,28.0000
2023-24,9,243016,MID,0,0,false,78.6620,65.6000
2023-24,9,60914,DEF,0,0,false,50.4536,49.6000
2023-24,9,122798,DEF,1,1,false,70.4403,0.0000
2023-24,9,118748,MID,0,0,false,86.5756,90.0000
2023-24,9,424876,MID,0,0,false,90.0000,76.2000
2023-24,9,97032,DEF,0,0,false,70.8889,90.0000
2023-24,9,208904,DEF,1,1,false,34.7578,0.0000
2023-24,9,165183,DEF,2,2,false,49.9573,36.0000
2023-24,9,156658,DEF,0,0,false,68.6705,0.0000
2023-24,9,244262,DEF,0,0,false,71.3595,63.6000
2023-24,9,156700,FWD,0,0,false,85.0328,74.4000
2023-24,9,229164,FWD,0,0,false,68.4100,80.6000
2023-24,9,211975,DEF,0,0,false,65.4013,72.0000
2023-24,9,461358,FWD,0,0,false,66.2888,82.0000
2023-24,9,165809,MID,0,0,false,55.7206,88.8000
2023-24,9,171314,DEF,0,0,false,63.9991,72.0000
2023-24,9,121160,GKP,1,1,false,75.8068,90.0000
2023-24,9,209244,MID,0,0,false,69.2209,77.4000
2023-24,9,223094,FWD,0,0,false,83.5066,81.0000
2023-24,9,91651,MID,1,1,false,43.1710,21.4000
2023-24,9,220566,MID,0,0,false,62.8913,86.0000
2023-24,9,58621,DEF,0,0,false,76.2124,90.0000
2023-24,9,467169,MID,0,0,false,41.3735,23.4000
2023-24,9,141746,MID,0,0,false,89.0320,90.0000
2023-24,9,61256,MID,1,1,false,59.4963,0.0000
2023-24,9,216051,DEF,0,0,false,72.6277,90.0000
2023-24,9,184667,DEF,0,0,false,60.8132,50.6000
2023-24,9,221820,DEF,4,4,false,37.9351,0.0000
2023-24,9,176297,MID,0,0,false,79.8769,65.0000
2023-24,9,214590,DEF,4,4,false,28.2204,36.6000
2023-24,9,179018,MID,0,0,false,62.0428,67.8000
2023-24,9,220237,DEF,3,3,false,52.4641,0.0000
2023-24,9,208706,MID,0,0,false,79.6734,72.0000
2023-24,9,78916,DEF,0,0,false,87.0771,27.0000
2023-24,9,232826,MID,0,0,false,56.2434,90.0000
2023-24,9,219168,FWD,0,0,false,47.8120,34.0000
2023-24,9,180974,MID,0,0,false,47.6093,90.0000
2023-24,9,98747,GKP,0,0,false,88.5056,89.0000
2023-24,9,119471,DEF,0,0,false,87.9981,90.0000
2023-24,9,77794,DEF,0,0,false,84.8007,90.0000
2023-24,9,80226,DEF,0,0,false,61.2718,42.6000
2023-24,9,210156,FWD,2,2,false,42.7274,35.4000
2023-24,9,90585,DEF,0,0,false,55.9273,25.4000
2023-24,9,222531,MID,0,0,false,81.8857,88.4000
2023-24,9,179519,MID,0,0,false,64.1579,88.4000
2023-24,9,168281,DEF,4,4,false,34.4272,0.0000
2023-24,9,208912,DEF,0,0,false,42.4688,0.0000
2023-24,9,233821,DEF,1,1,false,71.8691,27.0000
2023-24,9,207189,MID,0,0,false,65.8865,78.0000
2023-24,9,226182,DEF,0,0,false,59.7935,72.0000
2023-24,9,108416,DEF,2,2,false,40.6237,0.0000
2023-24,9,82143,GKP,0,0,false,90.0000,90.0000
2023-24,9,169432,FWD,0,0,false,56.3826,18.0000
2023-24,9,79934,MID,0,0,false,65.8714,90.0000
2023-24,9,227127,MID,1,1,false,50.1375,62.8000
2023-24,9,445044,MID,0,0,false,76.8491,83.8000
2023-24,9,172780,MID,0,0,false,76.1679,26.6000
2023-24,9,441164,DEF,0,0,false,65.4668,90.0000
2023-24,9,221632,DEF,0,0,false,77.5728,24.4000
2023-24,9,482442,MID,0,0,false,48.9163,42.4000
2023-24,9,85971,MID,0,0,false,76.9786,90.0000
2023-24,9,487053,DEF,0,0,false,78.3861,46.8000
2023-24,9,184254,GKP,0,0,false,90.0000,90.0000
2023-24,9,210494,DEF,0,0,false,67.7934,90.0000
2023-24,9,57531,FWD,0,0,false,66.3594,26.0000
2023-24,9,84182,GKP,0,0,false,60.7425,90.0000
2023-24,9,178186,MID,0,0,false,88.2331,72.0000
2023-24,9,164555,DEF,0,0,false,77.6639,90.0000
2023-24,9,109533,DEF,0,0,false,70.2350,72.0000
2023-24,9,224024,MID,0,0,false,76.8712,72.0000
2023-24,9,204480,MID,0,0,false,84.2281,89.6000
2023-24,9,215439,MID,0,0,false,70.6851,75.4000
2023-24,9,103192,DEF,0,0,false,76.5414,54.0000
2023-24,9,448514,DEF,0,0,false,53.1214,56.8000
2023-24,9,60232,DEF,0,0,false,77.1435,72.0000
2023-24,9,102057,FWD,0,0,false,42.0264,59.2000
2023-24,9,448089,MID,0,0,false,51.4306,36.0000
2023-24,9,214048,DEF,0,0,false,88.9380,90.0000
2023-24,9,151086,MID,1,1,false,57.5496,71.0000
2023-24,9,465351,MID,1,1,false,44.5016,3.8000
2023-24,9,247632,MID,0,0,false,66.8985,15.2000
2023-24,9,149065,GKP,0,0,false,88.3083,76.4000
2023-24,9,200402,DEF,1,1,false,70.4088,85.2000
2023-24,9,108796,DEF,0,0,false,76.7879,81.0000
2023-24,9,83427,DEF,0,0,false,83.5169,90.0000
2023-24,9,104047,MID,0,0,false,58.6624,27.4000
2023-24,9,244954,DEF,0,0,false,88.4387,90.0000
2023-24,9,222677,MID,0,0,false,42.0021,41.8000
2023-24,9,18892,DEF,0,0,false,68.5027,68.0000
2023-24,9,430871,FWD,0,0,false,59.4215,88.4000
2023-24,9,47431,MID,0,0,false,65.6769,71.8000
2023-24,9,492831,FWD,0,0,false,57.5628,69.8000
2023-24,9,544877,DEF,0,0,false,81.8737,45.0000
2023-24,9,432720,GKP,0,0,false,90.0000,90.0000
2023-24,9,202641,GKP,0,0,false,90.0000,90.0000
2023-24,9,243557,MID,0,0,false,77.8708,60.2000
2023-24,9,476369,DEF,0,0,false,53.0087,71.2000
2023-24,9,159506,DEF,0,0,false,34.4170,63.4000
2023-24,9,487702,MID,0,0,false,57.5368,78.2000
2023-24,9,220362,DEF,1,1,false,71.8691,67.2000
2023-24,9,54738,GKP,0,0,false,90.0000,90.0000
2023-24,9,477424,DEF,0,0,false,65.5777,53.2000
2023-24,9,497894,FWD,0,0,false,59.6314,51.4000
2023-24,9,242453,FWD,0,0,false,62.8350,24.8000
2023-24,9,424001,MID,0,0,false,83.9945,55.2000
2023-24,9,491279,DEF,0,0,false,90.0000,27.0000
2023-24,9,213999,MID,0,0,false,75.0941,63.6000
2023-24,9,232980,DEF,0,0,false,74.6256,48.2000
2023-24,9,196100,MID,0,0,false,78.0412,86.2000
2023-24,9,101178,MID,0,0,false,89.1340,86.4000
2023-24,9,248875,MID,0,0,false,59.4342,58.4000
2023-24,9,166477,DEF,0,0,false,83.5930,75.0000
2023-24,9,244619,DEF,0,0,false,60.0450,76.0000
2023-24,9,210462,MID,0,0,false,74.5374,66.6000
2023-24,13,226597,DEF,0,0,false,78.2887,90.0000
2023-24,13,444145,MID,0,0,false,68.2773,71.4000
2023-24,13,205533,FWD,0,0,false,45.5435,10.4000
2023-24,13,184029,MID,0,0,false,62.1212,90.0000
2023-24,13,225321,GKP,0,0,false,44.1912,0.0000
2023-24,13,223340,MID,0,0,false,80.2355,89.6000
2023-24,13,462424,DEF,0,0,false,82.6535,90.0000
2023-24,13,201410,DEF,0,0,false,65.8832,89.4000
2023-24,13,224068,GKP,3,3,false,49.2288,54.0000
2023-24,13,198869,DEF,0,0,false,62.6356,74.2000
2023-24,13,206325,DEF,0,0,false,63.9594,77.2000
2023-24,13,433979,FWD,0,0,false,54.0752,80.8000
2023-24,13,199796,DEF,0,0,false,68.1322,38.8000
2023-24,13,101188,DEF,0,0,false,75.6794,62.4000
2023-24,13,230046,MID,0,0,false,84.6876,72.0000
2023-24,13,226944,MID,0,0,false,74.2352,49.2000
2023-24,13,199798,DEF,0,0,false,89.2836,81.6000
2023-24,13,98980,GKP,0,0,false,85.9030,90.0000
2023-24,13,122806,MID,0,0,false,82.9922,84.8000
2023-24,13,184704,MID,1,1,false,72.3099,14.2000
2023-24,13,178301,FWD,0,0,false,86.9489,89.8000
2023-24,13,168991,MID,0,0,false,63.3403,32.0000
2023-24,13,158499,MID,0,0,false,69.7494,72.0000
2023-24,13,155408,MID,0,0,false,54.6164,59.0000
2023-24,13,235530,DEF,0,0,false,59.5593,0.0000
2023-24,13,69752,GKP,0,0,false,67.3911,72.0000
2023-24,13,221466,DEF,0,0,false,58.5618,72.0000
2023-24,13,154566,FWD,0,0,false,85.0130,71.4000
2023-24,13,201658,MID,0,0,false,62.9028,59.0000
2023-24,13,477580,DEF,0,0,false,67.1711,72.0000
2023-24,13,191866,DEF,0,0,false,57.1757,0.0000
2023-24,13,432830,DEF,1,1,false,64.4953,2.8000
2023-24,13,118342,GKP,0,0,false,77.6150,72.0000
2023-24,13,194010,DEF,8,4,true,32.6352,0.0000
2023-24,13,472713,DEF,3,3,true,40.4910,0.0000
2023-24,13,204580,MID,0,0,false,71.6036,71.4000
2023-24,13,207283,MID,1,1,false,64.8856,0.0000
2023-24,13,446008,MID,0,0,false,86.2354,23.2000
2023-24,13,51927,DEF,0,0,false,49.6999,68.0000
2023-24,13,128295,MID,0,0,false,76.7435,54.0000
2023-24,13,231065,DEF,0,0,false,84.7368,72.0000
2023-24,13,154561,GKP,1,1,false,70.8088,90.0000
2023-24,13,216646,FWD,0,0,false,69.1151,61.0000
2023-24,13,535818,MID,0,0,false,73.8249,77.2000
2023-24,13,486672,MID,0,0,false,71.8731,72.0000
2023-24,13,83299,DEF,0,0,false,76.6551,52.8000
2023-24,13,204214,DEF,6,4,false,32.6602,0.0000
2023-24,13,60307,MID,0,0,false,80.9178,78.6000
2023-24,13,109345,MID,4,4,true,39.9428,0.0000
2023-24,13,451340,MID,1,1,false,63.5692,68.0000
2023-24,13,215059,GKP,0,0,false,80.1316,52.6000
2023-24,13,49262,GKP,1,1,false,42.3733,36.0000
2023-24,13,469142,DEF,0,0,false,39.8581,90.0000
2023-24,13,489639,GKP,0,0,false,44.9932,54.0000
2023-24,13,110735,DEF,1,1,false,42.3673,0.0000
2023-24,13,487968,DEF,3,3,false,47.4162,4.0000
2023-24,13,241231,DEF,0,0,false,62.1674,72.0000
2023-24,13,172782,MID,0,0,false,76.9582,90.0000
2023-24,13,172567,MID,0,0,false,46.1938,0.0000
2023-24,13,435973,FWD,4,4,false,30.4631,21.8000
2023-24,13,60586,MID,0,0,false,53.0842,27.2000
2023-24,13,216616,DEF,0,0,false,67.3878,88.4000
2023-24,13,192290,DEF,4,4,false,35.7853,4.2000
2023-24,13,103914,DEF,0,0,false,82.0953,72.0000
2023-24,13,441455,DEF,0,0,false,54.4640,89.2000
2023-24,13,460028,DEF,0,0,false,50.1164,82.2000
2023-24,13,179268,DEF,0,0,false,58.3913,25.6000
2023-24,13,448047,MID,0,0,false,62.3263,53.2000
2023-24,13,232787,MID,0,0,false,72.8413,62.8000
2023-24,13,517052,FWD,0,0,false,69.7332,70.6000
2023-24,13,103955,MID,0,0,false,74.2802,68.6000
2023-24,13,51090,DEF,0,0,false,82.1857,72.0000
2023-24,13,174874,DEF,0,0,false,85.3363,90.0000
2023-24,13,80146,MID,0,0,false,76.3848,64.6000
2023-24,13,438464,MID,0,0,true,62.9246,0.0000
2023-24,13,199670,FWD,0,0,false,69.8248,44.2000
2023-24,13,232413,MID,0,0,false,55.9284,4.2000
2023-24,13,209036,DEF,0,0,false,86.4530,90.0000
2023-24,13,108413,MID,0,0,false,53.2995,50.0000
2023-24,13,101982,GKP,0,0,false,70.9211,53.2000
2023-24,13,152551,MID,0,0,false,72.3293,66.4000
2023-24,13,244723,DEF,0,0,false,84.5151,59.6000
2023-24,13,86417,MID,0,0,false,63.2045,46.2000
2023-24,13,55494,DEF,0,0,false,74.5510,56.2000
2023-24,13,480455,DEF,0,0,false,85.6212,72.0000
2023-24,13,177815,FWD,0,0,false,56.8024,64.2000
2023-24,13,121599,MID,0,0,false,74.2734,63.0000
2023-24,13,232928,MID,0,0,false,67.6903,72.0000
2023-24,13,80801,MID,0,0,false,58.5683,49.6000
2023-24,13,153133,MID,0,0,false,72.4692,78.6000
2023-24,13,433154,MID,0,0,false,70.3574,90.0000
2023-24,13,224967,DEF,0,0,false,76.5659,72.0000
2023-24,13,449871,MID,1,1,false,57.3448,42.6000
2023-24,13,111234,GKP,0,0,false,89.3421,90.0000
2023-24,13,17761,DEF,0,0,false,90.0000,90.0000
2023-24,13,156689,MID,0,0,false,67.9771,73.0000
2023-24,13,219924,DEF,5,4,false,36.5030,18.0000
2023-24,13,80201,GKP,0,0,false,88.6842,90.0000
2023-24,13,154296,MID,1,1,false,70.4322,80.6000
2023-24,13,82514,DEF,0,0,false,83.6259,18.0000
2023-24,13,169528,DEF,0,0,false,84.6840,81.2000
2023-24,13,167074,DEF,8,4,false,28.7218,20.6000
2023-24,13,169187,DEF,0,0,false,75.0216,90.0000
2023-24,13,116535,GKP,0,0,false,89.3421,54.0000
2023-24,13,243016,MID,0,0,false,72.4649,24.4000
2023-24,13,60914,DEF,0,0,false,49.1784,13.6000
2023-24,13,122798,DEF,5,4,false,41.7567,0.0000
2023-24,13,118748,MID,0,0,false,87.9578,85.2000
2023-24,13,424876,MID,0,0,false,83.6568,75.6000
2023-24,13,97032,DEF,0,0,false,78.9751,90.0000
2023-24,13,208904,DEF,5,4,false,16.0202,2.8000
2023-24,13,165183,DEF,0,0,false,38.4646,69.0000
2023-24,13,156658,DEF,4,4,false,31.6509,0.0000
2023-24,13,244262,DEF,0,0,false,75.5294,53.4000
2023-24,13,156700,FWD,0,0,false,81.3236,23.4000
2023-24,13,229164,FWD,0,0,false,77.9934,19.2000
2023-24,13,211975,DEF,0,0,false,67.9226,36.2000
2023-24,13,126184,DEF,0,0,false,48.9307,36.6000
2023-24,13,461358,FWD,0,0,false,69.6011,66.6000
2023-24,13,165809,MID,0,0,false,69.2169,72.0000
2023-24,13,171314,DEF,0,0,false,65.1666,72.0000
2023-24,13,121160,GKP,0,0,false,82.2481,72.0000
2023-24,13,209244,MID,0,0,false,71.4037,64.8000
2023-24,13,223094,FWD,0,0,false,80.9642,36.0000
2023-24,13,91651,MID,1,1,false,35.4938,21.4000
2023-24,13,244851,MID,0,0,false,52.9162,76.8000
2023-24,13,220566,MID,0,0,false,73.3958,54.0000
2023-24,13,58621,DEF,0,0,false,79.2763,72.0000
2023-24,13,141746,MID,0,0,false,89.2471,72.0000
2023-24,13,61256,MID,5,4,false,35.1199,0.0000
2023-24,13,216051,DEF,0,0,false,78.0267,72.0000
2023-24,13,184667,DEF,0,0,false,60.5981,9.0000
2023-24,13,95658,DEF,0,0,false,53.2817,54.0000
2023-24,13,221820,DEF,8,4,false,24.4071,0.0000
2023-24,13,195851,MID,0,0,false,55.1369,90.0000
2023-24,13,244856,DEF,0,0,false,64.3529,69.0000
2023-24,13,176297,MID,0,0,false,74.9967,25.8000
2023-24,13,214590,DEF,0,0,false,27.7553,33.8000
2023-24,13,179018,MID,0,0,false,62.6821,82.6000
2023-24,13,220237,DEF,7,4,false,34.2976,11.8000
2023-24,13,208706,MID,0,0,false,73.3259,90.0000
2023-24,13,78916,DEF,2,2,false,62.3665,33.4000
2023-24,13,232826,MID,0,0,false,68.3721,85.2000
2023-24,13,219168,FWD,0,0,false,38.0041,59.0000
2023-24,13,180974,MID,0,0,false,66.9704,61.0000
2023-24,13,101148,DEF,0,0,false,52.3945,79.0000
2023-24,13,180135,MID,1,1,false,66.1685,41.2000
2023-24,13,98747,GKP,0,0,false,88.8377,17.0000
2023-24,13,119471,DEF,0,0,false,88.4430,74.6000
2023-24,13,77794,DEF,0,0,false,87.2157,71.0000
2023-24,13,80226,DEF,1,1,false,45.6339,18.0000
2023-24,13,210156,FWD,1,1,false,41.9357,0.0000
2023-24,13,90585,DEF,1,1,false,36.2424,44.8000
2023-24,13,222531,MID,0,0,false,84.6535,81.0000
2023-24,13,179519,MID,0,0,false,71.6027,79.4000
2023-24,13,168281,DEF,8,4,false,21.2287,0.0000
2023-24,13,199170,DEF,0,0,false,51.5197,51.6000
2023-24,13,114241,DEF,0,0,false,48.0526,87.0000
2023-24,13,208912,DEF,4,4,false,26.9250,0.0000
2023-24,13,233821,DEF,0,0,false,39.7144,72.0000
2023-24,13,82691,DEF,0,0,false,50.3439,22.8000
2023-24,13,207189,MID,0,0,false,72.7659,90.0000
2023-24,13,226182,DEF,0,0,false,66.5558,85.0000
2023-24,13,108416,DEF,6,4,false,17.9260,0.0000
2023-24,13,82143,GKP,0,0,false,90.0000,90.0000
2023-24,13,169432,FWD,0,0,false,32.8806,22.4000
2023-24,13,79934,MID,0,0,false,79.3528,41.4000
2023-24,13,227127,MID,1,1,false,48.5808,64.6000
2023-24,13,445044,MID,0,0,false,77.0806,90.0000
2023-24,13,172780,MID,2,2,false,55.1357,0.0000
2023-24,13,441164,DEF,0,0,false,71.7730,90.0000
2023-24,13,221632,DEF,2,2,false,54.4971,63.0000
2023-24,13,482442,MID,1,1,false,43.8232,48.0000
2023-24,13,85971,MID,0,0,false,82.1292,88.8000
2023-24,13,487053,DEF,0,0,false,57.3795,72.0000
2023-24,13,184254,GKP,0,0,false,90.0000,90.0000
2023-24,13,210494,DEF,0,0,false,74.1510,72.0000
2023-24,13,57531,FWD,1,1,false,48.9105,0.0000
2023-24,13,84182,GKP,0,0,false,67.2442,36.0000
2023-24,13,178186,MID,1,1,false,77.0693,89.4000
2023-24,13,164555,DEF,0,0,false,80.4783,90.0000
2023-24,13,109533,DEF,0,0,false,67.7557,81.0000
2023-24,13,224024,MID,0,0,false,71.9641,84.0000
2023-24,13,204480,MID,0,0,false,86.5936,90.0000
2023-24,13,215439,MID,0,0,false,73.2368,90.0000
2023-24,13,103192,DEF,0,0,false,71.3605,66.6000
2023-24,13,448514,DEF,0,0,false,55.8035,21.2000
2023-24,13,60232,DEF,1,1,false,68.6612,85.8000
2023-24,13,184754,MID,0,0,false,65.2532,90.0000
2023-24,13,102057,FWD,0,0,false,45.0138,52.0000
2023-24,13,448089,MID,0,0,false,48.3647,72.0000
2023-24,13,214048,DEF,0,0,false,89.1740,90.0000
2023-24,13,151086,MID,0,0,false,67.9037,63.8000
2023-24,13,247632,MID,3,3,false,41.5174,0.0000
2023-24,13,149065,GKP,0,0,false,88.6842,40.4000
2023-24,13,200402,DEF,0,0,false,75.6102,87.8000
2023-24,13,510362,DEF,0,0,false,58.4483,85.8000
2023-24,13,108796,DEF,0,0,false,83.9104,26.8000
2023-24,13,83427,DEF,0,0,false,87.1392,72.0000
2023-24,13,244954,DEF,0,0,false,89.3111,70.0000
2023-24,13,18892,DEF,0,0,false,66.2794,44.0000
2023-24,13,430871,FWD,0,0,false,67.2955,88.2000
2023-24,13,47431,MID,0,0,false,71.7991,27.0000
2023-24,13,492831,FWD,0,0,false,64.2080,83.2000
2023-24,13,544877,DEF,0,0,false,56.2894,52.4000
2023-24,13,432720,GKP,0,0,false,90.0000,90.0000
2023-24,13,202641,GKP,0,0,false,90.0000,90.0000
2023-24,13,243557,MID,0,0,false,72.2058,40.6000
2023-24,13,476369,DEF,1,1,false,56.9345,45.0000
2023-24,13,159506,DEF,0,0,false,60.0981,19.0000
2023-24,13,487702,MID,0,0,false,69.1384,22.0000
2023-24,13,223434,DEF,1,1,false,35.7308,64.8000
2023-24,13,232892,DEF,0,0,false,62.9361,72.0000
2023-24,13,220362,DEF,1,1,false,63.4610,90.0000
2023-24,13,54738,GKP,0,0,false,90.0000,72.0000
2023-24,13,477424,DEF,1,1,false,51.9073,66.8000
2023-24,13,497894,FWD,1,1,false,55.3924,58.4000
2023-24,13,88894,MID,0,0,false,55.5402,72.0000
2023-24,13,424001,MID,0,0,false,73.5186,71.0000
2023-24,13,491279,DEF,2,2,false,54.8861,0.0000
2023-24,13,213999,MID,0,0,false,65.3357,67.4000
2023-24,13,232980,DEF,1,1,false,63.1416,0.0000
2023-24,13,221399,MID,0,0,false,66.2265,84.0000
2023-24,13,196100,MID,0,0,false,82.0629,76.2000
2023-24,13,101178,MID,0,0,false,88.0411,90.0000
2023-24,13,248875,MID,0,0,false,62.6892,10.2000
2023-24,13,166477,DEF,0,0,false,86.6518,69.0000
2023-24,13,244619,DEF,0,0,false,65.8549,9.0000
2023-24,13,575476,DEF,0,0,false,74.3856,87.4000
2023-24,13,37642,DEF,2,2,false,38.9380,38.4000
2023-24,13,250199,MID,0,0,false,68.1142,9.0000
2023-24,13,210462,MID,1,1,false,66.0264,21.8000
2023-24,17,226597,DEF,0,0,false,84.0572,88.0000
2023-24,17,205651,FWD,0,0,false,57.8829,69.4000
2023-24,17,444145,MID,0,0,false,70.6407,58.8000
2023-24,17,184029,MID,0,0,false,75.2544,90.0000
2023-24,17,225321,GKP,4,4,false,30.1517,0.0000
2023-24,17,223340,MID,0,0,false,84.2645,90.0000
2023-24,17,462424,DEF,0,0,false,83.9892,90.0000
2023-24,17,201410,DEF,0,0,false,78.2543,87.8000
2023-24,17,224068,GKP,0,0,false,51.0716,90.0000
2023-24,17,198869,DEF,0,0,false,69.2405,85.2000
2023-24,17,206325,DEF,0,0,false,68.0007,66.6000
2023-24,17,433979,FWD,0,0,false,60.6515,44.6000
2023-24,17,199796,DEF,0,0,false,50.7406,39.2000
2023-24,17,165659,DEF,0,0,false,48.9365,50.6000
2023-24,17,101188,DEF,1,1,false,63.8535,24.4000
2023-24,17,230046,MID,1,1,false,74.4979,90.0000
2023-24,17,226944,MID,0,0,false,68.7041,30.4000
2023-24,17,199798,DEF,0,0,false,85.3742,90.0000
2023-24,17,98980,GKP,0,0,false,87.2871,90.0000
2023-24,17,122806,MID,0,0,false,82.7878,88.6000
2023-24,17,184704,MID,0,0,false,53.4803,0.0000
2023-24,17,178301,FWD,0,0,false,87.7010,90.0000
2023-24,17,168991,MID,0,0,false,51.8678,26.6000
2023-24,17,158499,MID,0,0,false,75.2433,85.6000
2023-24,17,155408,MID,0,0,false,65.4859,58.0000
2023-24,17,235530,DEF,3,3,false,39.3136,22.4000
2023-24,17,69752,GKP,0,0,false,74.6746,90.0000
2023-24,17,221466,DEF,0,0,false,69.4732,72.0000
2023-24,17,154566,FWD,0,0,false,85.7850,88.4000
2023-24,17,201658,MID,0,0,false,63.7241,89.4000
2023-24,17,477580,DEF,0,0,false,71.3218,90.0000
2023-24,17,191866,DEF,4,4,false,30.6355,2.6000
2023-24,17,432830,DEF,0,0,false,38.5477,69.4000
2023-24,17,118342,GKP,0,0,false,84.1510,72.0000
2023-24,17,194010,DEF,12,4,true,23.9008,0.0000
2023-24,17,472713,DEF,7,4,true,24.8466,0.0000
2023-24,17,204580,MID,0,0,false,77.5271,69.2000
2023-24,17,207283,MID,5,4,false,39.2017,46.2000
2023-24,17,446008,MID,2,2,false,59.7379,0.0000
2023-24,17,51927,DEF,0,0,false,66.6961,36.0000
2023-24,17,128295,MID,0,0,false,71.2536,49.2000
2023-24,17,231065,DEF,0,0,false,85.6938,72.0000
2023-24,17,154561,GKP,0,0,false,80.3029,90.0000
2023-24,17,216646,FWD,0,0,false,69.6379,35.0000
2023-24,17,535818,MID,0,0,false,79.5147,9.0000
2023-24,17,486672,MID,0,0,false,80.1957,67.0000
2023-24,17,83299,DEF,0,0,false,66.9883,72.0000
2023-24,17,204214,DEF,10,4,false,22.6189,50.2000
2023-24,17,243568,MID,0,0,false,54.8518,84.0000
2023-24,17,60307,MID,0,0,false,80.6011,90.0000
2023-24,17,109345,MID,8,4,true,26.4017,0.0000
2023-24,17,451340,MID,0,0,false,64.8000,16.4000
2023-24,17,215059,GKP,1,1,false,69.4833,0.0000
2023-24,17,49262,GKP,2,2,false,39.7009,72.0000
2023-24,17,469142,DEF,0,0,false,57.5071,90.0000
2023-24,17,489639,GKP,0,0,false,49.0713,18.0000
2023-24,17,110735,DEF,5,4,false,25.9433,18.2000
2023-24,17,487968,DEF,0,0,false,26.1180,36.0000
2023-24,17,241231,DEF,0,0,false,66.1010,39.2000
2023-24,17,172782,MID,0,0,false,83.7244,90.0000
2023-24,17,172567,MID,4,4,false,22.2280,18.0000
2023-24,17,435973,FWD,0,0,false,22.0875,77.2000
2023-24,17,216616,DEF,0,0,false,78.3339,90.0000
2023-24,17,192290,DEF,1,1,false,18.7466,14.6000
2023-24,17,44683,FWD,0,0,false,58.8988,5.0000
2023-24,17,103914,DEF,1,1,false,71.3383,54.0000
2023-24,17,441455,DEF,0,0,false,72.2401,90.0000
2023-24,17,460028,DEF,0,0,false,61.8646,63.0000
2023-24,17,179268,DEF,1,1,false,46.5077,0.0000
2023-24,17,448047,MID,0,0,false,60.0512,37.8000
2023-24,17,232787,MID,0,0,false,65.3781,81.0000
2023-24,17,517052,FWD,0,0,false,69.0704,51.8000
2023-24,17,103955,MID,0,0,false,67.3414,51.2000
2023-24,17,51090,DEF,0,0,false,73.7859,78.4000
2023-24,17,174874,DEF,0,0,false,86.1842,90.0000
2023-24,17,80146,MID,1,1,false,68.0673,65.4000
2023-24,17,57328,DEF,0,0,false,41.0374,69.0000
2023-24,17,438464,MID,4,4,true,38.1308,0.0000
2023-24,17,199670,FWD,1,1,false,59.1753,0.2000
2023-24,17,232413,MID,0,0,false,34.4075,72.4000
2023-24,17,209036,DEF,0,0,false,88.0019,89.2000
2023-24,17,108413,MID,1,1,false,46.8091,43.8000
2023-24,17,101982,GKP,1,1,false,62.2748,0.0000
2023-24,17,152551,MID,1,1,false,66.0397,89.8000
2023-24,17,244723,DEF,0,0,false,70.5045,90.0000
2023-24,17,443661,MID,0,0,false,52.7813,67.8000
2023-24,17,86417,MID,0,0,false,63.3960,21.4000
2023-24,17,55494,DEF,0,0,false,70.1094,0.0000
2023-24,17,480455,DEF,1,1,false,72.8184,90.0000
2023-24,17,177815,FWD,0,0,false,56.7887,66.0000
2023-24,17,121599,MID,0,0,false,71.8844,18.0000
2023-24,17,232928,MID,0,0,false,64.4674,90.0000
2023-24,17,80801,MID,1,1,false,55.6008,4.6000
2023-24,17,153133,MID,0,0,false,75.3111,50.2000
2023-24,17,106611,DEF,0,0,false,20.6272,17.4000
2023-24,17,433154,MID,0,0,false,77.9477,74.0000
2023-24,17,224967,DEF,1,1,false,69.7789,90.0000
2023-24,17,449871,MID,0,0,false,51.2508,69.6000
2023-24,17,111234,GKP,0,0,false,89.4617,90.0000
2023-24,17,17761,DEF,0,0,false,90.0000,90.0000
2023-24,17,156689,MID,0,0,false,71.0856,67.0000
2023-24,17,219924,DEF,0,0,false,34.7160,34.8000
2023-24,17,80201,GKP,0,0,false,88.9234,90.0000
2023-24,17,154296,MID,0,0,false,75.1511,86.4000
2023-24,17,82514,DEF,3,3,false,55.8279,3.0000
2023-24,17,169528,DEF,0,0,false,83.0132,86.6000
2023-24,17,167074,DEF,0,0,false,29.8615,27.0000
2023-24,17,169187,DEF,0,0,false,81.2925,58.4000
2023-24,17,116535,GKP,0,0,false,74.2594,90.0000
2023-24,17,244731,MID,0,0,false,53.4296,61.2000
2023-24,17,243016,MID,2,2,false,53.4676,39.0000
2023-24,17,60914,DEF,3,3,true,32.5914,0.0000
2023-24,17,122798,DEF,9,4,false,26.9980,4.2000
2023-24,17,118748,MID,0,0,false,86.4686,54.0000
2023-24,17,424876,MID,0,0,false,77.1377,48.8000
2023-24,17,214285,DEF,0,0,false,50.2954,6.8000
2023-24,17,97032,DEF,0,0,false,83.0912,90.0000
2023-24,17,208904,DEF,8,4,false,9.2330,5.2000
2023-24,17,165183,DEF,0,0,false,60.2982,87.0000
2023-24,17,156658,DEF,7,4,false,18.2416,18.0000
2023-24,17,244262,DEF,0,0,false,70.6591,87.6000
2023-24,17,156700,FWD,0,0,false,60.9718,31.0000
2023-24,17,229164,FWD,1,1,false,55.8022,50.4000
2023-24,17,199056,DEF,1,1,false,49.1292,90.0000
2023-24,17,211975,DEF,1,1,false,54.8560,36.0000
2023-24,17,126184,DEF,0,0,false,50.7344,72.0000
2023-24,17,461358,FWD,0,0,false,72.7632,71.2000
2023-24,17,165809,MID,0,0,false,76.6989,49.6000
2023-24,17,171314,DEF,0,0,false,74.1972,22.4000
2023-24,17,121160,GKP,0,0,false,85.4655,55.4000
2023-24,17,209244,MID,0,0,false,73.9309,69.2000
2023-24,17,223094,FWD,2,2,false,62.4414,3.8000
2023-24,17,432714,MID,0,0,false,69.8397,56.8000
2023-24,17,244851,MID,0,0,false,59.1660,70.8000
2023-24,17,220566,MID,0,0,false,72.1878,71.2000
2023-24,17,58621,DEF,0,0,false,81.2261,49.4000
2023-24,17,141746,MID,1,1,false,77.7053,90.0000
2023-24,17,61256,MID,9,4,false,22.5992,14.4000
2023-24,17,216051,DEF,0,0,false,81.0498,72.0000
2023-24,17,449434,MID,0,0,false,64.7524,55.4000
2023-24,17,184667,DEF,2,2,false,37.8570,0.0000
2023-24,17,95658,DEF,1,1,false,53.6885,0.8000
2023-24,17,221820,DEF,12,4,false,17.1655,22.4000
2023-24,17,195851,MID,0,0,false,67.1897,38.6000
2023-24,17,244856,DEF,0,0,false,73.3232,72.0000
2023-24,17,176297,MID,0,0,false,53.3281,72.2000
2023-24,17,106760,DEF,0,0,false,57.1194,36.0000
2023-24,17,214590,DEF,3,3,false,23.3952,71.8000
2023-24,17,179018,MID,0,0,false,71.1164,61.4000
2023-24,17,220237,DEF,0,0,false,25.2610,80.2000
2023-24,17,208706,MID,0,0,false,79.9897,90.0000
2023-24,17,78916,DEF,0,0,false,49.3945,79.8000
2023-24,17,232826,MID,0,0,false,72.0861,89.0000
2023-24,17,219168,FWD,1,1,false,44.7564,72.8000
2023-24,17,180974,MID,0,0,false,69.4881,20.0000
2023-24,17,101148,DEF,0,0,false,63.5738,8.8000
2023-24,17,180135,MID,0,0,false,53.7001,86.0000
2023-24,17,98747,GKP,3,3,false,58.9058,0.0000
2023-24,17,119471,DEF,0,0,false,78.7343,90.0000
2023-24,17,77794,DEF,1,1,false,76.1904,72.0000
2023-24,17,80226,DEF,3,3,false,34.4466,0.0000
2023-24,17,210156,FWD,5,4,false,24.3804,9.0000
2023-24,17,90585,DEF,0,0,false,41.8642,5.0000
2023-24,17,222531,MID,0,0,false,82.5542,72.0000
2023-24,17,179519,MID,0,0,false,75.3728,41.6000
2023-24,17,168281,DEF,12,4,false,14.3176,0.0000
2023-24,17,199170,DEF,0,0,false,51.4763,48.8000
2023-24,17,114241,DEF,0,0,false,62.4216,35.4000
2023-24,17,208912,DEF,8,4,false,18.6711,0.2000
2023-24,17,233821,DEF,0,0,false,66.2519,54.0000
2023-24,17,82691,DEF,3,3,false,26.1721,54.0000
2023-24,17,207189,MID,0,0,false,81.7071,65.0000
2023-24,17,226182,DEF,0,0,false,76.4319,72.0000
2023-24,17,108416,DEF,10,4,false,8.4658,0.0000
2023-24,17,82143,GKP,0,0,false,90.0000,79.6000
2023-24,17,169432,FWD,0,0,false,31.1050,39.8000
2023-24,17,79934,MID,0,0,false,50.7994,37.2000
2023-24,17,227127,MID,0,0,false,59.3101,0.0000
2023-24,17,445044,MID,0,0,false,80.3659,54.0000
2023-24,17,172780,MID,6,4,false,33.5295,17.4000
2023-24,17,441164,DEF,0,0,false,75.5569,90.0000
2023-24,17,221632,DEF,0,0,false,62.6989,45.0000
2023-24,17,482442,MID,0,0,false,42.7118,33.4000
2023-24,17,85971,MID,0,0,false,84.1370,54.0000
2023-24,17,487053,DEF,0,0,false,74.5945,72.0000
2023-24,17,184254,GKP,0,0,false,90.0000,90.0000
2023-24,17,210494,DEF,0,0,false,77.8152,0.0000
2023-24,17,57531,FWD,5,4,false,28.8813,0.0000
2023-24,17,84182,GKP,3,3,false,41.6242,90.0000
2023-24,17,178186,MID,0,0,false,83.0362,89.4000
2023-24,17,164555,DEF,0,0,false,82.2497,54.0000
2023-24,17,109533,DEF,0,0,false,69.0398,90.0000
2023-24,17,224024,MID,0,0,false,74.6349,24.4000
2023-24,17,204480,MID,0,0,false,87.9403,86.4000
2023-24,17,215439,MID,0,0,false,80.1368,90.0000
2023-24,17,103192,DEF,0,0,false,67.4160,54.0000
2023-24,17,448514,DEF,0,0,false,33.2327,54.6000
2023-24,17,60232,DEF,0,0,false,76.2764,67.8000
2023-24,17,184754,MID,0,0,false,72.2282,45.0000
2023-24,17,102057,FWD,0,0,false,49.2376,45.0000
2023-24,17,448089,MID,0,0,false,55.6800,54.4000
2023-24,17,214048,DEF,0,0,false,89.3242,90.0000
2023-24,17,151086,MID,0,0,false,62.3341,72.0000
2023-24,17,247632,MID,7,4,false,23.1786,37.4000
2023-24,17,149065,GKP,1,1,false,63.7399,90.0000
2023-24,17,200402,DEF,0,0,false,79.5015,83.4000
2023-24,17,510362,DEF,0,0,false,65.7468,88.2000
2023-24,17,108796,DEF,0,0,false,68.4497,0.0000
2023-24,17,83427,DEF,1,1,false,73.5353,87.2000
2023-24,17,244954,DEF,0,0,false,87.9953,5.6000
2023-24,17,18892,DEF,1,1,false,57.7027,16.0000
2023-24,17,430871,FWD,0,0,false,72.5364,86.8000
2023-24,17,47431,MID,1,1,false,53.9039,51.8000
2023-24,17,492831,FWD,0,0,false,74.9655,72.2000
2023-24,17,544877,DEF,0,0,false,69.9066,2.4000
2023-24,17,432720,GKP,0,0,false,90.0000,90.0000
2023-24,17,202641,GKP,0,0,false,90.0000,90.0000
2023-24,17,243557,MID,0,0,false,53.3935,58.4000
2023-24,17,476369,DEF,1,1,false,55.9786,18.0000
2023-24,17,159506,DEF,2,2,false,39.0692,36.2000
2023-24,17,487702,MID,2,2,false,44.7166,0.0000
2023-24,17,223434,DEF,0,0,false,45.2644,45.0000
2023-24,17,232892,DEF,1,1,false,62.1050,54.0000
2023-24,17,220362,DEF,0,0,false,77.4666,90.0000
2023-24,17,54738,GKP,0,0,false,90.0000,90.0000
2023-24,17,477424,DEF,0,0,false,68.5041,63.4000
2023-24,17,497894,FWD,0,0,false,58.8261,63.8000
2023-24,17,532529,MID,0,0,false,28.0094,82.8000
2023-24,17,88894,MID,0,0,false,70.1395,88.2000
2023-24,17,547719,MID,0,0,false,41.4078,68.8000
2023-24,17,424001,MID,0,0,false,72.6361,88.4000
2023-24,17,491279,DEF,6,4,false,25.9207,35.6000
2023-24,17,213999,MID,0,0,false,61.9167,72.0000
2023-24,17,232980,DEF,4,4,false,35.8377,27.0000
2023-24,17,221399,MID,0,0,false,75.9165,82.8000
2023-24,17,196100,MID,0,0,false,84.4292,55.8000
2023-24,17,101178,MID,0,0,false,88.9077,90.0000
2023-24,17,248875,MID,3,3,false,34.0400,34.2000
2023-24,17,166477,DEF,0,0,false,77.9181,62.6000
2023-24,17,244619,DEF,3,3,false,38.0388,17.8000
2023-24,17,575476,DEF,0,0,false,81.0419,90.0000
2023-24,17,37642,DEF,0,0,false,34.8658,66.6000
2023-24,17,172912,MID,0,0,false,55.8768,0.0000
2023-24,17,111452,GKP,2,2,false,41.2146,0.0000
2023-24,17,250199,MID,2,2,false,35.7141,48.4000
2023-24,17,210462,MID,2,2,false,41.5586,13.8000
2023-24,21,226597,DEF,0,0,false,85.6360,90.0000
2023-24,21,219847,MID,0,0,false,62.2841,71.4000
2023-24,21,205651,FWD,0,0,false,61.1542,15.4000
2023-24,21,444145,MID,0,0,false,62.7870,75.8000
2023-24,21,184029,MID,0,0,false,81.9200,87.0000
2023-24,21,225321,GKP,8,4,false,22.2389,0.0000
2023-24,21,223340,MID,0,0,false,86.6048,75.4000
2023-24,21,462424,DEF,0,0,false,84.9140,90.0000
2023-24,21,437742,MID,0,0,false,44.3840,76.4000
2023-24,21,201410,DEF,0,0,false,82.4882,65.8000
2023-24,21,224068,GKP,0,0,false,71.0611,18.0000
2023-24,21,198869,DEF,0,0,false,76.0408,82.8000
2023-24,21,206325,DEF,0,0,false,63.6842,27.0000
2023-24,21,433979,FWD,0,0,false,51.4335,21.6000
2023-24,21,199796,DEF,0,0,false,38.6459,78.2000
2023-24,21,165659,DEF,0,0,false,53.3201,36.0000
2023-24,21,101188,DEF,2,2,false,45.7849,8.6000
2023-24,21,230046,MID,0,0,false,81.1113,81.0000
2023-24,21,226944,MID,0,0,false,50.3954,43.2000
2023-24,21,199798,DEF,0,0,false,87.4498,29.6000
2023-24,21,98980,GKP,0,0,false,88.0530,90.0000
2023-24,21,122806,MID,0,0,false,84.1318,85.2000
2023-24,21,184704,MID,4,4,true,23.8454,0.0000
2023-24,21,178301,FWD,0,0,false,88.2433,90.0000
2023-24,21,168991,MID,0,0,false,43.3491,5.4000
2023-24,21,158499,MID,0,0,false,76.8655,82.4000
2023-24,21,155408,MID,0,0,false,59.1739,90.0000
2023-24,21,235530,DEF,0,0,false,27.8466,58.8000
2023-24,21,69752,GKP,0,0,false,80.5529,90.0000
2023-24,21,221466,DEF,1,1,false,65.4615,87.8000
2023-24,21,54469,DEF,1,1,false,60.7391,88.8000
2023-24,21,154566,FWD,0,0,false,85.6289,90.0000
2023-24,21,201658,MID,0,0,false,73.7157,72.0000
2023-24,21,477580,DEF,0,0,false,74.1953,90.0000
2023-24,21,191866,DEF,0,0,false,18.6924,59.6000
2023-24,21,432830,DEF,0,0,false,58.2973,75.2000
2023-24,21,118342,GKP,0,0,false,86.8482,108.0000
2023-24,21,194010,DEF,15,4,true,18.9442,0.0000
2023-24,21,472713,DEF,10,4,true,17.2400,0.0000
2023-24,21,204580,MID,0,0,false,79.5600,85.8000
2023-24,21,207283,MID,0,0,false,49.9805,72.4000
2023-24,21,446008,MID,5,4,false,38.5624,0.0000
2023-24,21,51927,DEF,0,0,false,56.2534,102.0000
2023-24,21,128295,MID,1,1,false,60.5315,101.2000
2023-24,21,231065,DEF,0,0,false,86.3563,54.0000
2023-24,21,154561,GKP,0,0,false,85.0688,90.0000
2023-24,21,216646,FWD,1,1,false,61.7569,22.2000
2023-24,21,535818,MID,3,3,false,43.0565,36.0000
2023-24,21,486672,MID,0,0,false,77.3823,61.4000
2023-24,21,83299,DEF,0,0,false,67.9466,90.0000
2023-24,21,204214,DEF,0,0,false,40.4595,36.8000
2023-24,21,243568,MID,0,0,false,66.2340,82.0000
2023-24,21,60307,MID,0,0,false,84.8570,90.0000
2023-24,21,109345,MID,12,4,true,18.9164,0.0000
2023-24,21,451340,MID,3,3,false,44.0535,33.0000
2023-24,21,215059,GKP,5,4,false,39.5137,0.0000
2023-24,21,49262,GKP,0,0,false,53.1793,36.0000
2023-24,21,469142,DEF,0,0,false,67.1582,90.0000
2023-24,21,489639,GKP,3,3,false,32.6176,54.0000
2023-24,21,110735,DEF,0,0,false,27.6739,9.0000
2023-24,21,487968,DEF,0,0,false,27.4016,18.0000
2023-24,21,241231,DEF,1,1,true,53.6042,0.0000
2023-24,21,172782,MID,0,0,false,86.9201,78.8000
2023-24,21,172567,MID,0,0,false,25.4925,10.6000
2023-24,21,435973,FWD,0,0,false,53.4781,29.6000
2023-24,21,216616,DEF,0,0,false,84.2747,90.0000
2023-24,21,192290,DEF,0,0,false,14.9366,6.2000
2023-24,21,103914,DEF,1,1,false,66.2577,20.4000
2023-24,21,441455,DEF,0,0,false,81.2840,42.4000
2023-24,21,242880,DEF,2,2,false,31.1920,19.8000
2023-24,21,460028,DEF,0,0,false,67.2247,23.8000
2023-24,21,179268,DEF,5,4,false,27.0204,0.0000
2023-24,21,448047,MID,0,0,false,46.5377,72.0000
2023-24,21,232787,MID,0,0,false,73.8202,63.0000
2023-24,21,482609,DEF,0,0,false,51.8175,59.6000
2023-24,21,517052,FWD,1,1,false,64.0431,37.2000
2023-24,21,103955,MID,0,0,false,55.1456,47.0000
2023-24,21,51090,DEF,0,0,false,74.1835,48.0000
2023-24,21,174874,DEF,0,0,false,86.7713,90.0000
2023-24,21,80146,MID,1,1,false,62.7635,90.0000
2023-24,21,57328,DEF,0,0,false,59.5234,0.0000
2023-24,21,438464,MID,8,4,true,24.9838,0.0000
2023-24,21,199670,FWD,5,4,false,33.7024,30.6000
2023-24,21,232413,MID,0,0,false,54.0889,15.4000
2023-24,21,209036,DEF,0,0,false,88.2743,23.4000
2023-24,21,108413,MID,0,0,false,39.3009,49.4000
2023-24,21,101982,GKP,5,4,false,33.3036,36.0000
2023-24,21,152551,MID,0,0,false,77.3831,90.0000
2023-24,21,244723,DEF,0,0,false,79.0139,90.0000
2023-24,21,443661,MID,1,1,false,57.8287,15.8000
2023-24,21,427623,DEF,0,0,false,59.2995,90.0000
2023-24,21,86417,MID,0,0,false,48.3786,13.0000
2023-24,21,55494,DEF,4,4,false,40.2016,36.0000
2023-24,21,480455,DEF,0,0,false,81.6411,90.0000
2023-24,21,177815,FWD,0,0,false,56.9121,79.6000
2023-24,21,121599,MID,0,0,false,51.5160,31.8000
2023-24,21,232928,MID,0,0,false,71.7174,90.0000
2023-24,21,80801,MID,3,3,false,35.2828,58.2000
2023-24,21,153133,MID,1,1,false,68.4613,27.0000
2023-24,21,433154,MID,0,0,false,71.7921,88.2000
2023-24,21,224967,DEF,0,0,false,78.1683,90.0000
2023-24,21,449871,MID,0,0,false,67.4675,15.4000
2023-24,21,111234,GKP,0,0,false,89.5445,90.0000
2023-24,21,17761,DEF,0,0,false,90.0000,90.0000
2023-24,21,156689,MID,0,0,false,66.9547,79.8000
2023-24,21,219924,DEF,0,0,false,34.6961,52.6000
2023-24,21,80201,GKP,0,0,false,89.0891,90.0000
2023-24,21,154296,MID,0,0,false,79.9250,71.6000
2023-24,21,82514,DEF,7,4,false,34.2417,54.0000
2023-24,21,169528,DEF,0,0,false,84.3238,90.0000
2023-24,21,167074,DEF,0,0,false,35.4064,1.0000
2023-24,21,109646,DEF,0,0,false,63.0447,54.0000
2023-24,21,169187,DEF,1,1,false,72.6887,24.8000
2023-24,21,116535,GKP,0,0,false,81.8139,36.0000
2023-24,21,447203,FWD,0,0,false,62.9316,51.4000
2023-24,21,204716,DEF,0,0,false,55.8294,53.4000
2023-24,21,244731,MID,0,0,false,51.8812,87.8000
2023-24,21,243016,MID,0,0,false,46.5515,88.0000
2023-24,21,60914,DEF,7,4,true,18.7765,0.0000
2023-24,21,122798,DEF,13,4,false,18.9369,51.0000
2023-24,21,118748,MID,1,1,false,76.0640,9.2000
2023-24,21,424876,MID,1,1,false,57.5857,13.6000
2023-24,21,214285,DEF,3,3,false,29.7830,0.2000
2023-24,21,97032,DEF,0,0,false,85.3054,90.0000
2023-24,21,165183,DEF,0,0,false,75.1841,90.0000
2023-24,21,156658,DEF,11,4,false,8.1334,33.6000
2023-24,21,244262,DEF,0,0,false,79.8802,81.6000
2023-24,21,156700,FWD,0,0,false,37.5760,85.2000
2023-24,21,229164,FWD,0,0,false,50.6103,90.0000
2023-24,21,199056,DEF,0,0,false,71.7768,90.0000
2023-24,21,211975,DEF,1,1,false,55.1273,65.2000
2023-24,21,126184,DEF,0,0,false,65.2629,90.0000
2023-24,21,461358,FWD,0,0,false,76.9548,83.6000
2023-24,21,165809,MID,0,0,false,77.2213,57.8000
2023-24,21,171314,DEF,0,0,false,61.0302,90.0000
2023-24,21,121160,GKP,0,0,false,74.8564,108.0000
2023-24,21,209244,MID,0,0,false,78.2622,105.2000
2023-24,21,223094,FWD,5,4,false,39.8516,89.6000
2023-24,21,432714,MID,0,0,false,60.4420,81.8000
2023-24,21,244851,MID,0,0,false,59.7383,66.8000
2023-24,21,220566,MID,0,0,false,79.1061,107.2000
2023-24,21,58621,DEF,0,0,false,79.7488,60.6000
2023-24,21,141746,MID,0,0,false,83.5399,90.0000
2023-24,21,61256,MID,13,4,false,15.7772,69.8000
2023-24,21,216051,DEF,0,0,false,75.8256,90.0000
2023-24,21,449434,MID,1,1,false,58.6820,71.8000
2023-24,21,493105,MID,0,0,false,64.8073,90.0000
2023-24,21,172649,GKP,0,0,false,51.4643,54.0000
2023-24,21,184667,DEF,6,4,false,21.9953,36.4000
2023-24,21,95658,DEF,5,4,false,28.8404,63.8000
2023-24,21,516895,MID,0,0,false,42.2377,82.4000
2023-24,21,221820,DEF,0,0,false,16.5592,31.0000
2023-24,21,195851,MID,0,0,false,53.6072,28.4000
2023-24,21,244856,DEF,0,0,false,82.5041,54.0000
2023-24,21,176297,MID,0,0,false,64.3658,82.8000
2023-24,21,106760,DEF,3,3,false,41.2623,53.4000
2023-24,21,214590,DEF,0,0,false,52.0047,0.0000
2023-24,21,179018,MID,0,0,false,68.3762,64.2000
2023-24,21,220237,DEF,0,0,false,52.4639,86.4000
2023-24,21,208706,MID,0,0,false,83.5102,86.4000
2023-24,21,78916,DEF,0,0,false,63.8941,66.0000
2023-24,21,67089,GKP,0,0,false,53.4057,72.0000
2023-24,21,232826,MID,0,0,false,76.5028,81.0000
2023-24,21,219168,FWD,0,0,false,60.1740,21.0000
2023-24,21,180974,MID,1,1,false,51.4698,0.0000
2023-24,21,101148,DEF,1,1,false,36.4735,3.4000
2023-24,21,180135,MID,0,0,false,67.8448,90.0000
2023-24,21,98747,GKP,7,4,false,36.5399,0.0000
2023-24,21,119471,DEF,0,0,false,83.8410,90.0000
2023-24,21,77794,DEF,0,0,false,72.8321,90.0000
2023-24,21,80226,DEF,7,4,true,21.4404,0.0000
2023-24,21,210156,FWD,9,4,false,15.2149,62.6000
2023-24,21,90585,DEF,1,1,false,24.7294,0.0000
2023-24,21,222531,MID,1,1,false,73.7927,88.0000
2023-24,21,242898,MID,0,0,false,71.6739,31.0000
2023-24,21,179519,MID,0,0,false,57.1864,14.0000
2023-24,21,168281,DEF,16,4,false,10.4512,0.0000
2023-24,21,199170,DEF,1,1,false,51.9342,36.0000
2023-24,21,114241,DEF,1,1,false,40.5513,27.0000
2023-24,21,208912,DEF,2,2,false,14.0608,0.0000
2023-24,21,233821,DEF,0,0,false,57.3363,90.0000
2023-24,21,82691,DEF,1,1,false,44.2415,0.0000
2023-24,21,207189,MID,1,1,false,66.5773,90.0000
2023-24,21,226182,DEF,0,0,false,73.0005,90.0000
2023-24,21,108416,DEF,14,4,false,4.1187,0.0000
2023-24,21,82143,GKP,0,0,false,90.0000,61.6000
2023-24,21,169432,FWD,0,0,false,32.9814,14.2000
2023-24,21,79934,MID,0,0,false,46.6133,20.2000
2023-24,21,227127,MID,4,4,false,32.1757,19.4000
2023-24,21,115556,DEF,1,1,false,62.3581,20.0000
2023-24,21,445044,MID,2,2,false,60.4929,53.6000
2023-24,21,172780,MID,10,4,false,22.0564,69.4000
2023-24,21,441164,DEF,0,0,false,78.0352,54.0000
2023-24,21,221632,DEF,0,0,false,52.0644,72.0000
2023-24,21,482442,MID,1,1,false,37.2087,35.0000
2023-24,21,85971,MID,1,1,false,74.0625,23.6000
2023-24,21,487053,DEF,0,0,false,73.7610,51.8000
2023-24,21,184254,GKP,0,0,false,90.0000,72.0000
2023-24,21,210494,DEF,4,4,false,42.7894,54.0000
2023-24,21,57531,FWD,9,4,false,18.3660,17.8000
2023-24,21,84182,GKP,0,0,false,59.1137,81.0000
2023-24,21,178186,MID,0,0,false,85.8437,90.0000
2023-24,21,164555,DEF,0,0,false,73.4760,65.2000
2023-24,21,109533,DEF,0,0,false,75.0947,85.4000
2023-24,21,224024,MID,2,2,false,52.3518,15.0000
2023-24,21,204480,MID,0,0,false,86.2782,82.8000
2023-24,21,215439,MID,0,0,false,83.7546,69.6000
2023-24,21,103192,DEF,0,0,false,57.2371,81.0000
2023-24,21,448514,DEF,1,1,false,41.1654,75.6000
2023-24,21,60232,DEF,0,0,false,70.3776,90.0000
2023-24,21,184754,MID,1,1,false,60.2350,34.4000
2023-24,21,102057,FWD,0,0,false,48.5982,9.0000
2023-24,21,448089,MID,1,1,false,54.4084,67.8000
2023-24,21,214048,DEF,0,0,false,89.4281,90.0000
2023-24,21,151086,MID,0,0,false,61.6563,90.0000
2023-24,21,247632,MID,0,0,false,26.3210,86.2000
2023-24,21,149065,GKP,0,0,false,76.2827,90.0000
2023-24,21,200402,DEF,0,0,false,79.8866,88.4000
2023-24,21,510362,DEF,0,0,false,72.7355,79.2000
2023-24,21,108796,DEF,4,4,true,30.5199,0.0000
2023-24,21,83427,DEF,0,0,false,81.4121,78.2000
2023-24,21,244954,DEF,1,1,false,46.6575,27.0000
2023-24,21,18892,DEF,5,4,false,33.4443,60.4000
2023-24,21,430871,FWD,0,0,false,74.5407,39.8000
2023-24,21,47431,MID,0,0,false,52.3513,61.8000
2023-24,21,492831,FWD,0,0,false,75.2175,57.2000
2023-24,21,544877,DEF,4,4,false,30.8164,30.2000
2023-24,21,432720,GKP,0,0,false,90.0000,90.0000
2023-24,21,202641,GKP,0,0,false,90.0000,90.0000
2023-24,21,243557,MID,0,0,false,55.9942,25.4000
2023-24,21,476369,DEF,1,1,false,36.3497,3.2000
2023-24,21,159506,DEF,1,1,false,41.7081,0.0000
2023-24,21,487702,MID,6,4,false,21.9455,0.0000
2023-24,21,223434,DEF,2,2,false,35.9648,56.2000
2023-24,21,232892,DEF,1,1,false,61.7232,20.8000
2023-24,21,220362,DEF,0,0,false,83.9024,72.0000
2023-24,21,54738,GKP,0,0,false,90.0000,90.0000
2023-24,21,477424,DEF,0,0,false,72.9139,36.0000
2023-24,21,497894,FWD,0,0,false,58.9333,69.4000
2023-24,21,532529,MID,0,0,false,50.3168,32.0000
2023-24,21,88894,MID,0,0,false,81.1447,88.2000
2023-24,21,547719,MID,0,0,false,50.1468,85.0000
2023-24,21,424001,MID,0,0,false,80.4845,88.2000
2023-24,21,491279,DEF,0,0,false,26.9896,72.0000
2023-24,21,213999,MID,1,1,false,61.6315,81.0000
2023-24,21,232980,DEF,0,0,false,38.5453,0.0000
2023-24,21,221399,MID,0,0,false,78.4218,76.8000
2023-24,21,196100,MID,0,0,false,67.0045,71.6000
2023-24,21,101178,MID,0,0,false,89.3478,90.0000
2023-24,21,233963,DEF,0,0,false,56.9284,45.0000
2023-24,21,248875,MID,0,0,false,32.9892,68.2000
2023-24,21,457569,GKP,0,0,false,54.9913,72.0000
2023-24,21,166477,DEF,0,0,false,68.0898,90.0000
2023-24,21,460842,MID,2,2,false,53.8472,90.0000
2023-24,21,244619,DEF,1,1,true,31.2438,0.0000
2023-24,21,575476,DEF,0,0,false,85.7280,81.0000
2023-24,21,37642,DEF,0,0,false,53.8269,9.4000
2023-24,21,172912,MID,4,4,false,26.3886,1.0000
2023-24,21,111452,GKP,6,4,false,19.4642,0.0000
2023-24,21,250199,MID,0,0,false,44.3008,73.6000
2023-24,21,210462,MID,2,2,false,27.8200,0.0000
2023-24,25,226597,DEF,0,0,false,87.7588,72.0000
2023-24,25,219847,MID,0,0,false,67.7325,69.0000
2023-24,25,205651,FWD,3,3,false,41.0149,23.4000
2023-24,25,444145,MID,0,0,false,70.7711,27.6000
2023-24,25,184029,MID,0,0,false,85.3659,69.0000
2023-24,25,225321,GKP,12,4,false,17.5100,18.0000
2023-24,25,223340,MID,0,0,false,81.0357,57.4000
2023-24,25,462424,DEF,0,0,false,85.5921,72.0000
2023-24,25,437742,MID,0,0,false,57.7395,0.0000
2023-24,25,437626,DEF,0,0,false,44.7168,0.0000
2023-24,25,201410,DEF,0,0,false,69.0949,55.0000
2023-24,25,224068,GKP,3,3,false,43.6852,0.0000
2023-24,25,198869,DEF,0,0,false,77.6949,66.8000
2023-24,25,206325,DEF,2,2,false,47.7212,2.2000
2023-24,25,433979,FWD,1,1,false,37.9105,0.0000
2023-24,25,199796,DEF,0,0,false,55.3540,63.0000
2023-24,25,165659,DEF,1,1,false,46.2291,19.0000
2023-24,25,101188,DEF,0,0,false,27.5534,30.6000
2023-24,25,230046,MID,0,0,false,80.2992,90.0000
2023-24,25,226944,MID,1,1,true,49.5942,0.0000
2023-24,25,199798,DEF,2,2,false,63.2251,70.8000
2023-24,25,98980,GKP,0,0,false,88.5004,90.0000
2023-24,25,122806,MID,0,0,false,83.3434,48.8000
2023-24,25,184704,MID,8,4,true,9.6897,0.0000
2023-24,25,178301,FWD,0,0,false,88.5791,81.0000
2023-24,25,158499,MID,0,0,false,77.0740,59.0000
2023-24,25,155408,MID,0,0,false,71.7048,90.0000
2023-24,25,235530,DEF,0,0,false,49.9055,5.4000
2023-24,25,69752,GKP,0,0,false,83.4104,90.0000
2023-24,25,221466,DEF,0,0,false,76.2600,18.0000
2023-24,25,54469,DEF,0,0,false,74.1200,82.6000
2023-24,25,154566,FWD,0,0,false,86.8048,88.4000
2023-24,25,201658,MID,0,0,false,71.7968,67.2000
2023-24,25,477580,DEF,0,0,false,76.3026,90.0000
2023-24,25,432830,DEF,0,0,false,61.4237,77.8000
2023-24,25,118342,GKP,0,0,false,88.7390,90.0000
2023-24,25,194010,DEF,19,4,true,15.2621,0.0000
2023-24,25,472713,DEF,14,4,true,11.5220,0.0000
2023-24,25,204580,MID,0,0,false,79.0968,72.2000
2023-24,25,207283,MID,0,0,false,54.8570,62.8000
2023-24,25,446008,MID,9,4,false,22.5907,6.0000
2023-24,25,51927,DEF,0,0,false,75.7230,12.0000
2023-24,25,128295,MID,0,0,false,70.0418,42.6000
2023-24,25,231065,DEF,1,1,false,65.1198,0.0000
2023-24,25,154561,GKP,0,0,false,87.4900,54.0000
2023-24,25,226956,DEF,0,0,false,63.0108,68.2000
2023-24,25,144485,FWD,0,0,false,63.3759,90.0000
2023-24,25,216646,FWD,0,0,false,40.4816,65.6000
2023-24,25,535818,MID,0,0,false,35.7516,59.2000
2023-24,25,486672,MID,0,0,false,78.4099,50.4000
2023-24,25,83299,DEF,0,0,false,78.4489,65.6000
2023-24,25,204214,DEF,0,0,false,41.3559,57.0000
2023-24,25,243568,MID,0,0,false,70.2248,16.0000
2023-24,25,60307,MID,0,0,false,87.0564,60.2000
2023-24,25,475168,FWD,2,2,false,52.1054,0.0000
2023-24,25,109345,MID,16,4,true,14.5500,0.0000
2023-24,25,451340,MID,0,0,true,46.8506,0.0000
2023-24,25,215059,GKP,9,4,false,23.8594,0.0000
2023-24,25,49262,GKP,1,1,false,46.8696,18.0000
2023-24,25,469142,DEF,0,0,false,72.7098,72.0000
2023-24,25,489639,GKP,0,0,false,40.8617,54.0000
2023-24,25,110735,DEF,0,0,false,23.7213,18.0000
2023-24,25,487968,DEF,3,3,false,22.1677,0.0000
2023-24,25,241231,DEF,5,4,true,26.5570,0.0000
2023-24,25,172782,MID,0,0,false,88.4742,25.0000
2023-24,25,172567,MID,4,4,false,12.6297,82.4000
2023-24,25,435973,FWD,2,2,false,42.2496,14.0000
2023-24,25,216616,DEF,0,0,false,87.1635,89.8000
2023-24,25,192290,DEF,3,3,true,10.3595,0.0000
2023-24,25,103914,DEF,0,0,false,37.3215,77.8000
2023-24,25,441455,DEF,0,0,false,61.7425,72.0000
2023-24,25,242880,DEF,2,2,false,25.5579,18.0000
2023-24,25,460028,DEF,0,0,false,51.7903,15.6000
2023-24,25,179268,DEF,9,4,false,16.7745,36.0000
2023-24,25,448047,MID,0,0,false,64.4873,50.0000
2023-24,25,232787,MID,0,0,false,74.8898,48.2000
2023-24,25,482609,DEF,0,0,false,64.7601,53.2000
2023-24,25,517052,FWD,0,0,false,58.3068,54.0000
2023-24,25,103955,MID,0,0,false,55.1248,19.6000
2023-24,25,51090,DEF,1,1,false,64.5335,0.0000
2023-24,25,174874,DEF,0,0,false,87.2018,72.0000
2023-24,25,80146,MID,0,0,false,74.8477,58.8000
2023-24,25,57328,DEF,4,4,false,33.2625,0.2000
2023-24,25,438464,MID,12,4,true,17.7307,0.0000
2023-24,25,199670,FWD,0,0,false,31.6377,18.6000
2023-24,25,232413,MID,3,3,false,38.4449,49.0000
2023-24,25,209036,DEF,2,2,false,60.7142,0.0000
2023-24,25,108413,MID,1,1,false,44.9991,7.6000
2023-24,25,101982,GKP,0,0,false,30.5095,54.0000
2023-24,25,152551,MID,0,0,false,83.2739,72.0000
2023-24,25,244723,DEF,0,0,false,83.4469,72.0000
2023-24,25,443661,MID,2,2,false,40.8621,0.0000
2023-24,25,427623,DEF,0,0,false,68.9849,72.0000
2023-24,25,86417,MID,2,2,false,35.0735,4.8000
2023-24,25,55494,DEF,0,0,false,36.6325,72.0000
2023-24,25,480455,DEF,0,0,false,85.8762,72.0000
2023-24,25,177815,FWD,0,0,false,66.2407,40.4000
2023-24,25,121599,MID,0,0,false,38.5247,61.8000
2023-24,25,232928,MID,0,0,false,75.9445,68.8000
2023-24,25,198826,DEF,0,0,false,39.0647,72.0000
2023-24,25,80801,MID,0,0,false,49.8484,9.6000
2023-24,25,153133,MID,0,0,false,47.0090,80.4000
2023-24,25,433154,MID,0,0,false,78.1399,72.0000
2023-24,25,224967,DEF,0,0,false,82.5893,53.4000
2023-24,25,449871,MID,0,0,false,43.4212,59.8000
2023-24,25,111234,GKP,0,0,false,89.6053,72.0000
2023-24,25,17761,DEF,0,0,false,90.0000,72.0000
2023-24,25,156689,MID,0,0,false,73.5619,70.2000
2023-24,25,219924,DEF,0,0,false,49.4661,1.8000
2023-24,25,80201,GKP,0,0,false,89.2105,90.0000
2023-24,25,154296,MID,0,0,false,84.0383,40.0000
2023-24,25,82514,DEF,0,0,false,52.6672,0.0000
2023-24,25,169528,DEF,0,0,false,86.5099,90.0000
2023-24,25,167074,DEF,2,2,false,23.1470,2.6000
2023-24,25,109646,DEF,2,2,false,51.6019,88.8000
2023-24,25,169187,DEF,1,1,false,48.7508,0.0000
2023-24,25,116535,GKP,2,2,false,56.6348,0.0000
2023-24,25,447203,FWD,0,0,false,54.0075,37.4000
2023-24,25,171287,DEF,0,0,false,50.8821,54.0000
2023-24,25,204716,DEF,0,0,false,51.5560,18.0000
2023-24,25,244731,MID,0,0,false,66.9189,53.6000
2023-24,25,243016,MID,0,0,false,68.6318,54.0000
2023-24,25,60914,DEF,11,4,true,10.5953,0.0000
2023-24,25,122798,DEF,0,0,false,39.6681,17.6000
2023-24,25,118748,MID,0,0,false,45.7953,23.8000
2023-24,25,424876,MID,3,3,false,30.0788,32.8000
2023-24,25,214285,DEF,1,1,false,14.8040,1.2000
2023-24,25,97032,DEF,0,0,false,86.6741,54.0000
2023-24,25,165183,DEF,0,0,false,83.9795,1.0000
2023-24,25,156658,DEF,1,1,false,20.1621,81.0000
2023-24,25,244262,DEF,0,0,false,80.4639,79.4000
2023-24,25,156700,FWD,0,0,false,66.3176,90.0000
2023-24,25,229164,FWD,0,0,false,73.9938,69.4000
2023-24,25,199056,DEF,0,0,false,82.5949,16.0000
2023-24,25,211975,DEF,0,0,false,55.4073,54.0000
2023-24,25,126184,DEF,0,0,false,65.3697,59.2000
2023-24,25,461358,FWD,0,0,false,74.8780,22.8000
2023-24,25,165809,MID,0,0,false,58.2115,72.0000
2023-24,25,171314,DEF,0,0,false,68.3150,54.0000
2023-24,25,121160,GKP,0,0,false,83.1288,47.0000
2023-24,25,209244,MID,0,0,false,80.5026,66.0000
2023-24,25,223094,FWD,0,0,false,62.2781,68.8000
2023-24,25,432714,MID,0,0,false,69.9614,31.4000
2023-24,25,244851,MID,0,0,false,65.8880,53.0000
2023-24,25,220566,MID,0,0,false,84.0470,72.0000
2023-24,25,97299,DEF,0,0,false,41.0667,54.0000
2023-24,25,58621,DEF,0,0,false,70.1564,36.0000
2023-24,25,141746,MID,0,0,false,86.5253,72.0000
2023-24,25,61256,MID,0,0,false,42.3871,48.4000
2023-24,25,216051,DEF,0,0,false,80.4900,72.0000
2023-24,25,449434,MID,0,0,false,61.1574,68.8000
2023-24,25,493105,MID,0,0,false,71.9947,62.2000
2023-24,25,172649,GKP,1,1,false,55.0354,18.0000
2023-24,25,184667,DEF,0,0,false,24.9753,67.6000
2023-24,25,95658,DEF,0,0,false,41.1424,27.0000
2023-24,25,516895,MID,0,0,false,56.9515,63.4000
2023-24,25,221820,DEF,2,2,false,25.6937,4.2000
2023-24,25,244856,DEF,0,0,false,68.4774,84.2000
2023-24,25,90152,DEF,0,0,false,59.3982,63.0000
2023-24,25,176297,MID,0,0,false,72.5031,66.6000
2023-24,25,106760,DEF,0,0,true,52.2064,0.0000
2023-24,25,214590,DEF,4,4,false,29.0626,18.0000
2023-24,25,179018,MID,0,0,false,67.7073,32.2000
2023-24,25,220237,DEF,0,0,false,70.3636,50.4000
2023-24,25,208706,MID,0,0,false,85.4423,66.4000
2023-24,25,78916,DEF,0,0,false,70.8970,53.0000
2023-24,25,67089,GKP,0,0,false,65.4654,54.0000
2023-24,25,232826,MID,0,0,false,75.5135,61.0000
2023-24,25,219168,FWD,3,3,false,36.7353,62.4000
2023-24,25,180974,MID,5,4,false,31.0130,0.0000
2023-24,25,101148,DEF,5,4,false,18.9525,6.6000
2023-24,25,180135,MID,0,0,false,77.0830,72.0000
2023-24,25,98747,GKP,11,4,false,24.5015,0.0000
2023-24,25,119471,DEF,0,0,false,86.4795,72.0000
2023-24,25,77794,DEF,0,0,false,81.1203,28.2000
2023-24,25,80226,DEF,11,4,true,14.4301,0.0000
2023-24,25,210156,FWD,0,0,false,38.8510,17.6000
2023-24,25,90585,DEF,5,4,false,13.8254,18.0000
2023-24,25,222531,MID,0,0,false,81.2635,85.4000
2023-24,25,179519,MID,3,3,true,37.4930,0.0000
2023-24,25,168281,DEF,20,4,true,8.1614,0.0000
2023-24,25,199170,DEF,1,1,false,38.7077,18.0000
2023-24,25,114241,DEF,3,3,false,29.5193,64.2000
2023-24,25,208912,DEF,6,4,true,11.1662,0.0000
2023-24,25,233821,DEF,0,0,false,73.8856,52.8000
2023-24,25,82691,DEF,5,4,false,21.8263,27.0000
2023-24,25,207189,MID,0,0,false,78.3958,90.0000
2023-24,25,226182,DEF,0,0,false,81.6134,67.6000
2023-24,25,108416,DEF,18,4,false,2.0319,0.0000
2023-24,25,82143,GKP,0,0,false,85.0151,0.0000
2023-24,25,169432,FWD,3,3,false,22.3105,42.0000
2023-24,25,79934,MID,0,0,false,25.9899,22.4000
2023-24,25,227127,MID,0,0,false,30.6389,65.6000
2023-24,25,115556,DEF,0,0,false,49.0961,0.0000
2023-24,25,445044,MID,0,0,false,63.2794,63.0000
2023-24,25,172780,MID,0,0,false,52.3267,60.2000
2023-24,25,441164,DEF,1,1,false,67.6769,54.0000
2023-24,25,212319,MID,0,0,false,63.6884,3.0000
2023-24,25,221632,DEF,0,0,false,68.7774,72.0000
2023-24,25,482442,MID,0,0,false,40.1210,41.8000
2023-24,25,85971,MID,0,0,false,58.1769,70.4000
2023-24,25,487053,DEF,1,1,false,65.9874,72.0000
2023-24,25,184254,GKP,0,0,false,90.0000,72.0000
2023-24,25,210494,DEF,0,0,false,55.4748,16.2000
2023-24,25,57531,FWD,0,0,false,22.7226,40.4000
2023-24,25,84182,GKP,0,0,false,64.3691,81.0000
2023-24,25,178186,MID,0,0,false,87.5442,90.0000
2023-24,25,164555,DEF,0,0,false,68.2533,90.0000
2023-24,25,109533,DEF,0,0,false,75.8372,70.6000
2023-24,25,37096,GKP,2,2,false,25.6893,9.0000
2023-24,25,224024,MID,6,4,false,30.5461,83.4000
2023-24,25,204480,MID,0,0,false,83.5141,68.6000
2023-24,25,215439,MID,0,0,false,72.7626,90.0000
2023-24,25,103192,DEF,0,0,false,65.6477,72.0000
2023-24,25,448514,DEF,0,0,false,56.1901,63.8000
2023-24,25,60232,DEF,0,0,false,77.6844,36.0000
2023-24,25,184754,MID,0,0,false,44.3703,17.0000
2023-24,25,102057,FWD,3,3,false,29.8502,6.2000
2023-24,25,448089,MID,0,0,false,57.0591,52.6000
2023-24,25,214048,DEF,0,0,false,89.5044,72.0000
2023-24,25,151086,MID,0,0,false,71.7302,70.0000
2023-24,25,247632,MID,0,0,false,51.3330,36.0000
2023-24,25,149065,GKP,0,0,false,82.6920,63.0000
2023-24,25,200402,DEF,0,0,false,82.5239,70.6000
2023-24,25,510362,DEF,0,0,false,70.9893,56.8000
2023-24,25,108796,DEF,8,4,true,12.4019,0.0000
2023-24,25,83427,DEF,0,0,false,79.2004,72.0000
2023-24,25,244954,DEF,0,0,false,37.5281,63.0000
2023-24,25,18892,DEF,0,0,false,52.0274,6.8000
2023-24,25,430871,FWD,1,1,false,57.5674,0.0000
2023-24,25,47431,MID,0,0,false,61.7726,45.8000
2023-24,25,492831,FWD,0,0,false,68.5423,25.2000
2023-24,25,544877,DEF,1,1,false,22.9344,56.4000
2023-24,25,432720,GKP,0,0,false,90.0000,54.0000
2023-24,25,202641,GKP,0,0,false,90.0000,72.0000
2023-24,25,476369,DEF,0,0,false,17.0637,90.0000
2023-24,25,159506,DEF,5,4,false,20.5764,16.6000
2023-24,25,487702,MID,10,4,false,10.8724,0.0000
2023-24,25,223434,DEF,0,0,false,43.5437,14.6000
2023-24,25,232892,DEF,0,0,false,32.7078,90.0000
2023-24,25,220362,DEF,0,0,false,86.9918,54.0000
2023-24,25,54738,GKP,0,0,false,90.0000,90.0000
2023-24,25,477424,DEF,2,2,false,46.1375,18.0000
2023-24,25,497894,FWD,0,0,false,73.0460,18.0000
2023-24,25,532529,MID,2,2,true,39.7554,0.0000
2023-24,25,88894,MID,0,0,false,85.6348,89.4000
2023-24,25,547719,MID,0,0,false,61.2546,24.0000
2023-24,25,424001,MID,0,0,false,85.3056,60.0000
2023-24,25,491279,DEF,0,0,false,58.9142,27.6000
2023-24,25,213999,MID,0,0,false,69.9039,63.0000
2023-24,25,232980,DEF,4,4,false,18.1958,0.0000
2023-24,25,550839,MID,0,0,false,70.4177,81.0000
2023-24,25,221399,MID,0,0,false,73.9370,60.0000
2023-24,25,196100,MID,0,0,false,67.0044,72.0000
2023-24,25,101178,MID,0,0,false,89.5799,57.8000
2023-24,25,233963,DEF,1,1,false,42.7353,90.0000
2023-24,25,248875,MID,0,0,false,50.6872,27.0000
2023-24,25,457569,GKP,0,0,false,72.8912,54.0000
2023-24,25,166477,DEF,0,0,false,78.6498,84.8000
2023-24,25,460842,MID,0,0,false,72.3321,90.0000
2023-24,25,244619,DEF,5,4,true,17.7126,0.0000
2023-24,25,575476,DEF,0,0,false,87.9123,81.0000
2023-24,25,171101,DEF,0,0,false,64.7188,56.4000
2023-24,25,111452,GKP,10,4,false,9.4695,0.0000
2023-24,25,250199,MID,0,0,false,60.3454,45.8000
2023-24,25,210462,MID,6,4,false,13.5346,32.8000
2023-24,25,165153,FWD,0,0,false,61.3333,39.6000
2023-24,29,226597,DEF,0,0,false,88.6300,108.0000
2023-24,29,219847,MID,0,0,false,74.0313,98.8000
2023-24,29,444145,MID,1,1,false,59.5672,22.4000
2023-24,29,184029,MID,0,0,false,85.3942,105.2000
2023-24,29,225321,GKP,0,0,false,27.0644,0.0000
2023-24,29,223340,MID,0,0,false,77.6594,80.2000
2023-24,29,462424,DEF,0,0,false,86.1107,108.0000
2023-24,29,437742,MID,3,3,false,31.1762,14.0000
2023-24,29,437626,DEF,4,4,false,22.2105,0.2000
2023-24,29,201410,DEF,0,0,false,77.6365,87.6000
2023-24,29,224068,GKP,7,4,false,21.6981,0.0000
2023-24,29,198869,DEF,0,0,false,79.1163,103.2000
2023-24,29,206325,DEF,0,0,false,32.9698,49.6000
2023-24,29,433979,FWD,4,4,false,23.0005,20.0000
2023-24,29,199796,DEF,0,0,false,63.6102,18.0000
2023-24,29,165659,DEF,1,1,false,24.4126,72.6000
2023-24,29,101188,DEF,0,0,false,30.2712,77.4000
2023-24,29,230046,MID,0,0,false,84.2514,48.6000
2023-24,29,226944,MID,5,4,true,28.1208,0.0000
2023-24,29,199798,DEF,0,0,false,68.2280,90.0000
2023-24,29,98980,GKP,0,0,false,88.7767,72.0000
2023-24,29,122806,MID,1,1,false,70.1409,54.0000
2023-24,29,184704,MID,11,4,true,4.9154,0.0000
2023-24,29,178301,FWD,0,0,false,88.8003,63.0000
2023-24,29,158499,MID,0,0,false,73.9410,87.0000
2023-24,29,155408,MID,0,0,false,77.8677,107.2000
2023-24,29,235530,DEF,3,3,false,28.8304,71.4000
2023-24,29,223911,DEF,0,0,false,42.1549,18.0000
2023-24,29,69752,GKP,0,0,false,84.9467,90.0000
2023-24,29,437730,FWD,0,0,false,60.2663,64.0000
2023-24,29,221466,DEF,1,1,false,50.8682,48.4000
2023-24,29,54469,DEF,0,0,false,76.6487,94.6000
2023-24,29,154566,FWD,0,0,false,87.2608,105.8000
2023-24,29,201658,MID,0,0,false,67.0975,44.2000
2023-24,29,477580,DEF,0,0,false,77.9141,108.0000
2023-24,29,191866,DEF,0,0,false,55.6866,69.0000
2023-24,29,432830,DEF,0,0,false,67.5519,90.0000
2023-24,29,118342,GKP,0,0,false,89.3399,90.0000
2023-24,29,194010,DEF,23,4,true,13.1021,0.0000
2023-24,29,472713,DEF,18,4,true,9.0889,0.0000
2023-24,29,204580,MID,0,0,false,74.7944,90.0000
2023-24,29,207283,MID,0,0,false,56.9967,86.2000
2023-24,29,446008,MID,0,0,false,17.9424,60.0000
2023-24,29,51927,DEF,3,3,true,50.1565,0.0000
2023-24,29,128295,MID,1,1,false,58.9494,3.8000
2023-24,29,231065,DEF,5,4,false,38.9964,18.2000
2023-24,29,154561,GKP,1,1,false,76.1709,108.0000
2023-24,29,226956,DEF,0,0,false,62.2620,74.0000
2023-24,29,144485,FWD,0,0,false,75.0244,37.8000
2023-24,29,216646,FWD,0,0,false,51.7360,78.4000
2023-24,29,48760,DEF,0,0,false,50.4501,72.0000
2023-24,29,535818,MID,0,0,false,50.0850,73.2000
2023-24,29,486672,MID,0,0,false,81.8401,82.4000
2023-24,29,83299,DEF,0,0,false,79.1087,90.0000
2023-24,29,204214,DEF,0,0,false,51.7936,38.4000
2023-24,29,243568,MID,2,2,false,50.8560,0.0000
2023-24,29,60307,MID,0,0,false,81.2137,90.0000
2023-24,29,475168,FWD,5,4,false,30.8158,59.0000
2023-24,29,109345,MID,19,4,true,12.1112,0.0000
2023-24,29,451340,MID,3,3,true,31.1679,0.0000
2023-24,29,215059,GKP,11,4,false,18.1021,0.0000
2023-24,29,49262,GKP,1,1,false,40.3629,18.0000
2023-24,29,469142,DEF,0,0,false,75.7320,90.0000
2023-24,29,489639,GKP,0,0,false,48.8032,72.0000
2023-24,29,110735,DEF,1,1,false,27.1197,0.0000
2023-24,29,487968,DEF,7,4,true,11.0334,0.0000
2023-24,29,241231,DEF,9,4,true,13.2180,0.0000
2023-24,29,172782,MID,0,0,false,53.4746,24.0000
2023-24,29,172567,MID,0,0,false,47.8617,90.0000
2023-24,29,435973,FWD,0,0,false,21.3483,83.2000
2023-24,29,216616,DEF,0,0,false,88.4752,67.2000
2023-24,29,192290,DEF,7,4,true,5.1562,0.0000
2023-24,29,103914,DEF,0,0,false,62.2601,70.6000
2023-24,29,441455,DEF,0,0,false,67.1128,64.6000
2023-24,29,242880,DEF,4,4,false,18.2409,54.2000
2023-24,29,172850,DEF,1,1,false,41.2143,2.0000
2023-24,29,460028,DEF,1,1,false,46.5441,0.0000
2023-24,29,179268,DEF,0,0,false,26.7978,90.0000
2023-24,29,448047,MID,0,0,false,68.3472,67.2000
2023-24,29,520295,FWD,0,0,false,52.3688,43.4000
2023-24,29,232787,MID,0,0,false,78.0972,83.8000
2023-24,29,482609,DEF,0,0,false,73.1638,49.4000
2023-24,29,517052,FWD,0,0,false,68.8591,89.4000
2023-24,29,103955,MID,0,0,false,51.5128,12.0000
2023-24,29,51090,DEF,3,3,false,46.1180,38.4000
2023-24,29,174874,DEF,0,0,false,87.5310,108.0000
2023-24,29,80146,MID,0,0,false,74.7903,64.6000
2023-24,29,57328,DEF,7,4,false,22.1249,54.4000
2023-24,29,438464,MID,15,4,true,14.0985,0.0000
2023-24,29,199670,FWD,0,0,false,31.0263,8.6000
2023-24,29,232413,MID,0,0,false,46.2540,96.2000
2023-24,29,209036,DEF,5,4,false,40.7980,0.0000
2023-24,29,108413,MID,0,0,false,31.6541,81.2000
2023-24,29,101982,GKP,0,0,true,50.8176,0.0000
2023-24,29,152551,MID,0,0,false,85.7244,72.0000
2023-24,29,244723,DEF,0,0,false,85.3880,104.8000
2023-24,29,443661,MID,5,4,false,28.0678,33.4000
2023-24,29,427623,DEF,0,0,false,73.6618,54.0000
2023-24,29,86417,MID,5,4,false,24.3025,19.8000
2023-24,29,55494,DEF,0,0,false,56.2772,56.8000
2023-24,29,480455,DEF,0,0,false,87.5611,101.2000
2023-24,29,177815,FWD,0,0,false,53.8006,71.4000
2023-24,29,121599,MID,0,0,false,52.2439,98.0000
2023-24,29,232928,MID,0,0,false,76.1152,73.4000
2023-24,29,198826,DEF,0,0,false,55.9853,54.0000
2023-24,29,80801,MID,2,2,false,37.9480,49.0000
2023-24,29,153133,MID,0,0,false,64.7225,70.4000
2023-24,29,433154,MID,0,0,false,81.6908,108.0000
2023-24,29,224967,DEF,0,0,false,84.1719,81.0000
2023-24,29,449871,MID,0,0,false,55.9307,39.6000
2023-24,29,111234,GKP,0,0,false,89.6517,108.0000
2023-24,29,17761,DEF,0,0,false,90.0000,108.0000
2023-24,29,156689,MID,0,0,false,70.5358,76.2000
2023-24,29,219924,DEF,3,3,false,29.1722,0.0000
2023-24,29,80201,GKP,0,0,false,89.3034,90.0000
2023-24,29,154296,MID,0,0,false,62.4130,80.8000
2023-24,29,82514,DEF,4,4,false,31.5284,0.0000
2023-24,29,169528,DEF,0,0,false,87.6811,90.0000
2023-24,29,167074,DEF,0,0,false,17.0740,19.0000
2023-24,29,109646,DEF,0,0,false,68.2878,88.8000
2023-24,29,169187,DEF,3,3,false,37.0315,40.8000
2023-24,29,116535,GKP,4,4,false,42.9731,54.0000
2023-24,29,447203,FWD,0,0,false,53.8506,82.0000
2023-24,29,171287,DEF,0,0,false,60.5674,40.4000
2023-24,29,200720,GKP,0,0,false,47.0269,54.0000
2023-24,29,204716,DEF,1,1,false,48.5796,48.4000
2023-24,29,244731,MID,0,0,false,71.7038,99.2000
2023-24,29,243016,MID,0,0,false,74.3110,93.2000
2023-24,29,60914,DEF,13,4,true,8.3813,0.0000
2023-24,29,122798,DEF,0,0,false,41.2291,76.6000
2023-24,29,118748,MID,0,0,false,39.2240,87.0000
2023-24,29,424876,MID,0,0,false,32.7571,67.6000
2023-24,29,97032,DEF,0,0,false,87.1920,108.0000
2023-24,29,165183,DEF,2,2,true,43.1156,0.0000
2023-24,29,156658,DEF,0,0,false,54.5722,54.0000
2023-24,29,244262,DEF,0,0,false,78.6199,88.4000
2023-24,29,156700,FWD,0,0,false,77.9863,90.0000
2023-24,29,229164,FWD,0,0,false,80.4077,0.0000
2023-24,29,199056,DEF,1,1,false,51.6799,18.0000
2023-24,29,211975,DEF,0,0,false,57.2010,81.0000
2023-24,29,126184,DEF,0,0,false,72.7401,23.2000
2023-24,29,461358,FWD,0,0,false,62.3024,68.6000
2023-24,29,165809,MID,0,0,false,68.5766,48.4000
2023-24,29,171314,DEF,1,1,false,63.2022,72.0000
2023-24,29,121160,GKP,0,0,false,80.8767,36.0000
2023-24,29,209244,MID,0,0,false,82.2550,42.0000
2023-24,29,223094,FWD,0,0,false,70.3227,52.0000
2023-24,29,432714,MID,0,0,false,61.0164,44.8000
2023-24,29,244851,MID,0,0,false,70.0856,66.4000
2023-24,29,220566,MID,0,0,false,85.6803,63.0000
2023-24,29,97299,DEF,0,0,false,57.3609,18.0000
2023-24,29,58621,DEF,0,0,false,67.6958,15.6000
2023-24,29,141746,MID,0,0,false,87.7715,90.0000
2023-24,29,61256,MID,0,0,false,55.9264,70.8000
2023-24,29,216051,DEF,0,0,false,82.7027,90.0000
2023-24,29,449434,MID,0,0,false,63.4043,50.8000
2023-24,29,493105,MID,0,0,false,73.4930,71.4000
2023-24,29,172649,GKP,4,4,false,35.2828,108.0000
2023-24,29,184667,DEF,0,0,false,48.1346,13.6000
2023-24,29,95658,DEF,2,2,false,34.5347,81.0000
2023-24,29,516895,MID,0,0,false,62.1114,84.0000
2023-24,29,221820,DEF,5,4,false,18.1204,4.2000
2023-24,29,244856,DEF,0,0,false,75.5269,72.0000
2023-24,29,90152,DEF,0,0,false,69.6437,18.0000
2023-24,29,176297,MID,0,0,false,76.9123,51.6000
2023-24,29,106760,DEF,3,3,true,34.7027,0.0000
2023-24,29,214590,DEF,7,4,false,19.3323,90.0000
2023-24,29,179018,MID,0,0,false,61.7007,2.0000
2023-24,29,220237,DEF,0,0,true,76.0167,0.0000
2023-24,29,208706,MID,0,0,false,83.2905,90.0000
2023-24,29,78916,DEF,0,0,false,67.9894,90.0000
2023-24,29,67089,GKP,0,0,false,62.4784,90.0000
2023-24,29,232826,MID,0,0,false,71.4654,72.0000
2023-24,29,219168,FWD,0,0,false,50.4223,90.0000
2023-24,29,180974,MID,8,4,false,22.0050,0.0000
2023-24,29,101148,DEF,2,2,false,13.3766,3.2000
2023-24,29,180135,MID,0,0,false,81.0802,89.8000
2023-24,29,98747,GKP,14,4,false,18.7936,0.0000
2023-24,29,119471,DEF,0,0,false,87.6102,90.0000
2023-24,29,77794,DEF,1,1,false,67.7349,0.0000
2023-24,29,80226,DEF,15,4,true,10.5230,0.0000
2023-24,29,210156,FWD,1,1,false,30.1768,0.0000
2023-24,29,90585,DEF,0,0,false,20.4448,0.0000
2023-24,29,222531,MID,0,0,false,82.6162,82.6000
2023-24,29,242898,MID,0,0,false,62.0473,62.4000
2023-24,29,179519,MID,7,4,true,21.5916,0.0000
2023-24,29,168281,DEF,24,4,true,6.7243,0.0000
2023-24,29,199170,DEF,3,3,false,28.8960,18.0000
2023-24,29,114241,DEF,0,0,false,51.5184,2.6000
2023-24,29,208912,DEF,10,4,true,9.3098,0.0000
2023-24,29,233821,DEF,0,0,false,65.7644,108.0000
2023-24,29,82691,DEF,0,0,true,33.4083,0.0000
2023-24,29,207189,MID,0,0,false,84.2243,90.0000
2023-24,29,226182,DEF,0,0,false,81.5122,102.4000
2023-24,29,108416,DEF,21,4,false,1.2017,0.0000
2023-24,29,82143,GKP,3,3,false,50.2789,18.0000
2023-24,29,227127,MID,0,0,false,49.3602,53.2000
2023-24,29,115556,DEF,3,3,false,30.7968,0.0000
2023-24,29,445044,MID,0,0,false,73.0773,22.2000
2023-24,29,172780,MID,0,0,false,62.4997,58.2000
2023-24,29,441164,DEF,0,0,false,64.6326,63.6000
2023-24,29,221632,DEF,0,0,false,76.5896,72.0000
2023-24,29,482442,MID,0,0,false,42.2682,33.0000
2023-24,29,85971,MID,0,0,false,70.6577,64.8000
2023-24,29,487053,DEF,0,0,false,76.8177,72.0000
2023-24,29,184254,GKP,0,0,false,90.0000,72.0000
2023-24,29,210494,DEF,1,1,false,40.1212,18.0000
2023-24,29,57531,FWD,0,0,false,30.6917,71.6000
2023-24,29,84182,GKP,0,0,false,71.8637,9.0000
2023-24,29,178186,MID,0,0,false,88.4431,46.6000
2023-24,29,164555,DEF,0,0,false,76.8367,76.6000
2023-24,29,109533,DEF,0,0,false,68.0560,90.0000
2023-24,29,37096,GKP,6,4,false,18.1627,81.0000
2023-24,29,224024,MID,0,0,false,54.4612,90.0000
2023-24,29,204480,MID,0,0,false,83.9388,94.6000
2023-24,29,215439,MID,0,0,false,80.2379,58.2000
2023-24,29,103192,DEF,0,0,false,64.9327,78.0000
2023-24,29,448514,DEF,0,0,false,65.3210,62.4000
2023-24,29,60232,DEF,1,1,false,68.6728,0.0000
2023-24,29,184754,MID,2,2,false,36.4364,34.2000
2023-24,29,102057,FWD,0,0,false,20.1031,1.8000
2023-24,29,448089,MID,0,0,false,56.3420,94.8000
2023-24,29,214048,DEF,0,0,false,89.5627,108.0000
2023-24,29,151086,MID,0,0,false,75.2112,94.6000
2023-24,29,247632,MID,0,0,false,52.2768,0.0000
2023-24,29,149065,GKP,0,0,false,80.1820,108.0000
2023-24,29,88484,MID,0,0,false,65.5892,82.4000
2023-24,29,200402,DEF,0,0,false,84.5183,88.0000
2023-24,29,510362,DEF,0,0,false,65.8050,108.0000
2023-24,29,108796,DEF,11,4,true,6.2913,0.0000
2023-24,29,83427,DEF,0,0,false,83.6130,54.0000
2023-24,29,244954,DEF,0,0,false,49.4600,72.0000
2023-24,29,18892,DEF,0,0,false,36.1096,83.0000
2023-24,29,430871,FWD,4,4,false,36.0147,31.8000
2023-24,29,47431,MID,0,0,false,52.4318,60.2000
2023-24,29,492831,FWD,0,0,false,43.9054,11.0000
2023-24,29,544877,DEF,0,0,false,36.9233,86.4000
2023-24,29,432720,GKP,1,1,false,75.6155,0.0000
2023-24,29,202641,GKP,0,0,false,90.0000,90.0000
2023-24,29,476369,DEF,0,0,false,53.0004,60.8000
2023-24,29,159506,DEF,9,4,false,10.2202,86.6000
2023-24,29,487702,MID,14,4,false,5.4114,0.0000
2023-24,29,223434,DEF,0,0,false,34.6872,40.2000
2023-24,29,232892,DEF,0,0,false,61.5433,90.0000
2023-24,29,220362,DEF,0,0,false,87.9934,68.8000
2023-24,29,54738,GKP,0,0,false,90.0000,90.0000
2023-24,29,477424,DEF,5,4,false,28.4700,81.0000
2023-24,29,497894,FWD,3,3,false,43.2003,85.0000
2023-24,29,532529,MID,5,4,true,24.0662,0.0000
2023-24,29,88894,MID,0,0,false,87.4188,90.0000
2023-24,29,547719,MID,0,0,true,49.4684,0.0000
2023-24,29,424001,MID,0,0,false,78.9871,57.4000
2023-24,29,491279,DEF,1,1,false,50.7520,54.0000
2023-24,29,213999,MID,0,0,false,73.9581,50.8000
2023-24,29,232980,DEF,7,4,false,9.0869,13.2000
2023-24,29,550839,MID,0,0,false,77.0755,83.2000
2023-24,29,221399,MID,0,0,false,74.0420,60.6000
2023-24,29,196100,MID,0,0,false,76.4142,99.6000
2023-24,29,101178,MID,0,0,false,70.6237,84.2000
2023-24,29,233963,DEF,0,0,false,66.5893,65.8000
2023-24,29,248875,MID,0,0,false,44.6140,42.0000
2023-24,29,457569,GKP,0,0,false,78.6223,90.0000
2023-24,29,166477,DEF,0,0,false,81.4797,70.8000
2023-24,29,460842,MID,0,0,false,81.2647,88.8000
2023-24,29,244619,DEF,8,4,true,11.9902,0.0000
2023-24,29,575476,DEF,0,0,false,84.6631,90.0000
2023-24,29,171101,DEF,0,0,false,64.9097,18.0000
2023-24,29,37642,DEF,0,0,false,42.5786,4.0000
2023-24,29,111452,GKP,14,4,false,4.6717,0.0000
2023-24,29,466404,DEF,1,1,false,39.9273,54.0000
2023-24,29,250199,MID,0,0,false,56.4805,26.4000
2023-24,29,210462,MID,0,0,false,25.1187,10.8000
2023-24,29,492777,DEF,0,0,false,47.4362,58.4000
2023-24,29,247348,DEF,0,0,false,82.7954,108.0000
2023-24,29,503724,DEF,0,0,false,88.6746,60.4000
2023-24,29,477717,DEF,0,0,false,82.0675,90.0000
2023-24,29,496221,MID,0,0,false,75.7122,97.2000
2023-24,29,85633,GKP,0,0,false,90.0000,90.0000
2023-24,33,226597,DEF,0,0,false,89.3472,101.6000
2023-24,33,219847,MID,0,0,false,78.2603,104.2000
2023-24,33,205651,FWD,0,0,false,44.8495,24.2000
2023-24,33,444145,MID,0,0,false,41.6755,37.2000
2023-24,33,184029,MID,0,0,false,85.3249,107.6000
2023-24,33,225321,GKP,4,4,false,18.2463,0.0000
2023-24,33,223340,MID,0,0,false,69.7172,85.4000
2023-24,33,462424,DEF,0,0,false,86.5201,108.0000
2023-24,33,437742,MID,7,4,false,17.6174,86.0000
2023-24,33,201410,DEF,0,0,false,73.4309,108.0000
2023-24,33,224068,GKP,11,4,false,10.8133,0.0000
2023-24,33,198869,DEF,0,0,false,80.7329,103.6000
2023-24,33,206325,DEF,0,0,false,48.5391,9.8000
2023-24,33,433979,FWD,0,0,false,13.2124,72.6000
2023-24,33,199796,DEF,4,4,false,34.9993,48.8000
2023-24,33,165659,DEF,0,0,false,51.9019,57.6000
2023-24,33,101188,DEF,0,0,false,51.6109,89.8000
2023-24,33,230046,MID,1,1,false,71.2139,66.6000
2023-24,33,226944,MID,9,4,true,16.9261,0.0000
2023-24,33,199798,DEF,0,0,false,78.8060,89.8000
2023-24,33,98980,GKP,0,0,false,80.1361,45.0000
2023-24,33,122806,MID,0,0,false,62.5919,89.2000
2023-24,33,184704,MID,15,4,true,2.5684,0.0000
2023-24,33,178301,FWD,0,0,false,76.4239,85.6000
2023-24,33,158499,MID,0,0,false,71.9875,89.6000
2023-24,33,155408,MID,0,0,false,80.8722,108.0000
2023-24,33,235530,DEF,0,0,false,46.7106,57.0000
2023-24,33,223911,DEF,3,3,false,31.8743,0.0000
2023-24,33,69752,GKP,0,0,false,85.8969,36.0000
2023-24,33,437730,FWD,1,1,false,50.4654,95.4000
2023-24,33,221466,DEF,0,0,false,42.2955,98.0000
2023-24,33,54469,DEF,0,0,false,79.5633,78.6000
2023-24,33,154566,FWD,0,0,false,87.1789,95.4000
2023-24,33,201658,MID,1,1,false,58.0392,16.2000
2023-24,33,477580,DEF,0,0,false,79.1863,90.0000
2023-24,33,191866,DEF,1,1,false,56.1360,52.8000
2023-24,33,432830,DEF,0,0,false,75.9720,72.0000
2023-24,33,118342,GKP,0,0,false,89.6620,90.0000
2023-24,33,194010,DEF,27,4,true,11.5126,0.0000
2023-24,33,472713,DEF,22,4,true,7.5100,0.0000
2023-24,33,204580,MID,0,0,false,80.3114,75.2000
2023-24,33,207283,MID,0,0,false,70.8620,52.2000
2023-24,33,446008,MID,0,0,false,38.3352,90.0000
2023-24,33,51927,DEF,7,4,true,30.8720,0.0000
2023-24,33,128295,MID,5,4,false,33.2797,65.8000
2023-24,33,231065,DEF,0,0,false,24.3665,90.0000
2023-24,33,154561,GKP,0,0,false,83.5958,108.0000
2023-24,33,226956,DEF,0,0,false,71.8675,31.0000
2023-24,33,144485,FWD,1,1,false,60.1976,72.0000
2023-24,33,216646,FWD,0,0,false,62.8145,56.4000
2023-24,33,48760,DEF,0,0,false,66.0246,18.0000
2023-24,33,535818,MID,0,0,false,66.5059,91.2000
2023-24,33,486672,MID,0,0,false,82.0171,120.6000
2023-24,33,83299,DEF,0,0,false,84.6556,81.0000
2023-24,33,204214,DEF,0,0,true,49.7229,0.0000
2023-24,33,243568,MID,6,4,false,24.3898,68.2000
2023-24,33,60307,MID,0,0,false,85.6304,108.0000
2023-24,33,475168,FWD,0,0,false,44.2603,89.4000
2023-24,33,109345,MID,23,4,true,10.1505,0.0000
2023-24,33,451340,MID,7,4,true,18.2941,0.0000
2023-24,33,215059,GKP,15,4,false,11.5362,0.0000
2023-24,33,49262,GKP,5,4,false,20.9470,36.0000
2023-24,33,469142,DEF,0,0,false,78.1657,18.0000
2023-24,33,111478,DEF,0,0,false,52.7612,38.0000
2023-24,33,489639,GKP,0,0,false,71.2620,72.0000
2023-24,33,110735,DEF,5,4,false,15.8715,75.2000
2023-24,33,487968,DEF,11,4,true,5.5042,0.0000
2023-24,33,241231,DEF,13,4,true,6.5940,0.0000
2023-24,33,172782,MID,0,0,false,37.4271,26.0000
2023-24,33,172567,MID,0,0,false,68.9787,87.8000
2023-24,33,435973,FWD,0,0,false,53.1023,86.6000
2023-24,33,232917,GKP,0,0,false,52.2781,90.0000
2023-24,33,216616,DEF,1,1,false,71.6692,90.0000
2023-24,33,192290,DEF,11,4,true,2.5722,0.0000
2023-24,33,103914,DEF,0,0,false,63.7802,50.8000
2023-24,33,441455,DEF,0,0,false,63.2268,73.0000
2023-24,33,242880,DEF,1,1,false,28.2547,119.4000
2023-24,33,180736,DEF,0,0,false,45.3644,111.0000
2023-24,33,460028,DEF,5,4,false,22.3264,0.0000
2023-24,33,179268,DEF,0,0,false,59.5095,126.0000
2023-24,33,448047,MID,1,1,false,62.9831,13.2000
2023-24,33,520295,FWD,0,0,false,50.9459,14.0000
2023-24,33,232787,MID,0,0,false,78.6451,123.6000
2023-24,33,482609,DEF,0,0,false,65.9457,26.6000
2023-24,33,517052,FWD,0,0,false,80.4623,125.8000
2023-24,33,103955,MID,2,2,false,29.4109,25.0000
2023-24,33,51090,DEF,0,0,false,50.4836,72.6000
2023-24,33,174874,DEF,0,0,false,87.7909,107.2000
2023-24,33,80146,MID,0,0,false,64.8931,35.2000
2023-24,33,57328,DEF,0,0,false,26.4212,105.4000
2023-24,33,438464,MID,19,4,true,11.1561,0.0000
2023-24,33,232413,MID,0,0,false,62.8940,84.0000
2023-24,33,209036,DEF,9,4,false,24.4559,21.4000
2023-24,33,108413,MID,0,0,false,45.9882,68.2000
2023-24,33,101982,GKP,4,4,true,24.8865,0.0000
2023-24,33,152551,MID,0,0,false,87.7393,2.8000
2023-24,33,231747,FWD,0,0,false,74.3530,87.0000
2023-24,33,244723,DEF,0,0,false,84.9503,102.6000
2023-24,33,443661,MID,0,0,false,29.7004,87.0000
2023-24,33,427623,DEF,3,3,false,42.9143,108.0000
2023-24,33,55494,DEF,0,0,false,60.8338,0.6000
2023-24,33,480455,DEF,0,0,false,82.9926,108.0000
2023-24,33,177815,FWD,1,1,false,48.4013,77.4000
2023-24,33,121599,MID,0,0,false,64.3490,96.2000
2023-24,33,232928,MID,0,0,false,65.9097,87.4000
2023-24,33,198826,DEF,0,0,false,44.9577,54.0000
2023-24,33,80801,MID,2,2,false,30.5067,100.0000
2023-24,33,194164,DEF,0,0,false,47.8600,35.4000
2023-24,33,153133,MID,0,0,false,67.6697,88.8000
2023-24,33,433154,MID,0,0,false,84.5985,103.6000
2023-24,33,224967,DEF,0,0,false,77.9580,27.0000
2023-24,33,449871,MID,0,0,false,50.2115,48.4000
2023-24,33,111234,GKP,0,0,false,89.6884,108.0000
2023-24,33,17761,DEF,0,0,false,90.0000,108.0000
2023-24,33,156689,MID,0,0,false,71.1962,64.2000
2023-24,33,219924,DEF,7,4,false,17.8119,54.0000
2023-24,33,80201,GKP,0,0,false,89.3767,90.0000
2023-24,33,244042,FWD,0,0,false,76.5672,60.8000
2023-24,33,154296,MID,0,0,false,72.8749,81.6000
2023-24,33,82514,DEF,8,4,false,20.3415,18.0000
2023-24,33,169528,DEF,0,0,false,88.3257,87.6000
2023-24,33,109646,DEF,0,0,false,76.4861,18.0000
2023-24,33,169187,DEF,0,0,false,28.2916,97.8000
2023-24,33,116535,GKP,0,0,false,38.9956,108.0000
2023-24,33,447203,FWD,0,0,false,63.0370,33.2000
2023-24,33,171287,DEF,1,1,false,49.1640,28.8000
2023-24,33,200720,GKP,1,1,false,51.0044,0.0000
2023-24,33,204716,DEF,0,0,false,48.2293,12.4000
2023-24,33,244731,MID,0,0,false,73.5325,92.0000
2023-24,33,243016,MID,0,0,false,81.8983,85.8000
2023-24,33,60914,DEF,17,4,true,5.6847,0.0000
2023-24,33,122798,DEF,0,0,false,51.6457,83.2000
2023-24,33,118748,MID,0,0,false,63.1700,77.4000
2023-24,33,424876,MID,0,0,false,50.4476,19.4000
2023-24,33,97032,DEF,0,0,false,87.7249,108.0000
2023-24,33,165183,DEF,6,4,true,22.5287,0.0000
2023-24,33,156658,DEF,0,0,false,57.7536,62.2000
2023-24,33,96784,MID,0,0,false,68.0551,53.0000
2023-24,33,244262,DEF,0,0,false,83.3310,88.6000
2023-24,33,156700,FWD,0,0,false,83.7226,90.0000
2023-24,33,229164,FWD,4,4,false,42.0144,18.4000
2023-24,33,199056,DEF,5,4,false,27.0037,90.0000
2023-24,33,211975,DEF,0,0,false,66.9151,104.0000
2023-24,33,126184,DEF,3,3,false,40.1463,57.6000
2023-24,33,461358,FWD,0,0,false,63.6366,39.0000
2023-24,33,165809,MID,1,1,false,52.0080,103.2000
2023-24,33,61366,MID,0,0,false,56.5774,93.8000
2023-24,33,171314,DEF,0,0,false,74.8635,54.0000
2023-24,33,121160,GKP,0,0,false,57.0004,76.6000
2023-24,33,209244,MID,2,2,false,55.7682,82.2000
2023-24,33,223094,FWD,0,0,false,68.7496,74.2000
2023-24,33,88248,GKP,1,1,false,32.9199,31.2000
2023-24,33,244851,MID,0,0,false,71.8884,107.2000
2023-24,33,220566,MID,1,1,false,70.2095,105.6000
2023-24,33,97299,DEF,1,1,false,41.5323,4.2000
2023-24,33,58621,DEF,4,4,false,35.5992,101.2000
2023-24,33,141746,MID,0,0,false,88.7960,65.6000
2023-24,33,61256,MID,0,0,false,63.1820,108.0000
2023-24,33,216051,DEF,0,0,false,84.5025,108.0000
2023-24,33,449434,MID,1,1,false,55.0344,56.2000
2023-24,33,493105,MID,0,0,false,66.0015,106.4000
2023-24,33,172649,GKP,0,0,false,61.6539,108.0000
2023-24,33,184667,DEF,3,3,false,30.6522,0.0000
2023-24,33,95658,DEF,0,0,false,55.8433,36.0000
2023-24,33,516895,MID,0,0,false,67.6849,98.0000
2023-24,33,221820,DEF,3,3,false,13.8022,13.0000
2023-24,33,244856,DEF,1,1,false,68.7679,75.2000
2023-24,33,90152,DEF,2,2,false,44.2701,4.2000
2023-24,33,176297,MID,0,0,false,71.8542,4.4000
2023-24,33,106760,DEF,7,4,true,20.3336,0.0000
2023-24,33,214590,DEF,0,0,false,53.9533,107.2000
2023-24,33,179018,MID,3,3,false,33.6235,17.0000
2023-24,33,220237,DEF,4,4,true,40.4265,0.0000
2023-24,33,208706,MID,0,0,false,85.7352,108.0000
2023-24,33,78916,DEF,0,0,false,79.2875,108.0000
2023-24,33,67089,GKP,0,0,false,71.8026,90.0000
2023-24,33,232826,MID,0,0,false,68.7459,87.0000
2023-24,33,219168,FWD,0,0,false,68.4979,98.6000
2023-24,33,180974,MID,12,4,false,14.6338,28.6000
2023-24,33,101148,DEF,3,3,true,7.9854,0.0000
2023-24,33,180135,MID,0,0,false,84.3559,97.6000
2023-24,33,98747,GKP,18,4,false,14.1505,18.0000
2023-24,33,119471,DEF,0,0,false,88.5375,50.4000
2023-24,33,77794,DEF,5,4,false,36.9503,14.4000
2023-24,33,80226,DEF,19,4,true,8.2519,0.0000
2023-24,33,210156,FWD,5,4,false,17.4027,3.2000
2023-24,33,90585,DEF,4,4,false,11.3989,70.6000
2023-24,33,222531,MID,0,0,false,81.7968,90.0000
2023-24,33,242898,MID,0,0,false,71.5038,99.2000
2023-24,33,179519,MID,11,4,true,13.2685,0.0000
2023-24,33,168281,DEF,28,4,true,5.7653,0.0000
2023-24,33,199170,DEF,7,4,false,16.4051,59.8000
2023-24,33,114241,DEF,2,2,false,28.7196,23.0000
2023-24,33,215136,DEF,0,0,false,77.4756,24.8000
2023-24,33,208912,DEF,14,4,true,8.0440,0.0000
2023-24,33,233821,DEF,0,0,false,78.9767,90.0000
2023-24,33,82691,DEF,4,4,true,15.1955,0.0000
2023-24,33,207189,MID,0,0,false,87.1187,90.0000
2023-24,33,226182,DEF,0,0,false,83.5373,105.4000
2023-24,33,108416,DEF,25,4,false,0.5466,0.0000
2023-24,33,82143,GKP,7,4,false,22.8689,90.0000
2023-24,33,169432,FWD,0,0,false,55.3670,15.4000
2023-24,33,227127,MID,0,0,false,54.6442,50.4000
2023-24,33,115556,DEF,7,4,false,18.4911,17.4000
2023-24,33,445044,MID,0,0,false,50.8359,87.8000
2023-24,33,172780,MID,0,0,false,67.8008,76.6000
2023-24,33,441164,DEF,0,0,false,68.0069,105.0000
2023-24,33,221632,DEF,0,0,false,81.8483,108.0000
2023-24,33,85971,MID,0,0,false,74.7628,107.4000
2023-24,33,487053,DEF,0,0,false,83.7601,0.0000
2023-24,33,184254,GKP,0,0,false,90.0000,108.0000
2023-24,33,210494,DEF,0,0,false,35.2230,0.0000
2023-24,33,57531,FWD,0,0,false,49.2052,77.4000
2023-24,33,84182,GKP,3,3,false,40.6328,72.0000
2023-24,33,178186,MID,1,1,false,72.1390,54.0000
2023-24,33,164555,DEF,0,0,false,73.0995,90.0000
2023-24,33,109533,DEF,0,0,false,75.7133,84.6000
2023-24,33,37096,GKP,0,0,false,49.3776,18.0000
2023-24,33,224024,MID,0,0,false,70.0700,84.6000
2023-24,33,204480,MID,0,0,false,79.8087,108.0000
2023-24,33,215439,MID,0,0,false,69.3232,77.6000
2023-24,33,103192,DEF,0,0,false,66.8169,90.0000
2023-24,33,448514,DEF,1,1,false,54.1034,83.2000
2023-24,33,60232,DEF,5,4,true,35.3668,0.0000
2023-24,33,184754,MID,0,0,false,23.4095,93.4000
2023-24,33,448089,MID,0,0,false,64.3366,102.6000
2023-24,33,214048,DEF,0,0,false,89.6087,108.0000
2023-24,33,151086,MID,0,0,false,77.5782,88.8000
2023-24,33,247632,MID,4,4,false,25.8161,2.4000
2023-24,33,149065,GKP,0,0,false,85.1526,90.0000
2023-24,33,88484,MID,0,0,false,71.0545,27.0000
2023-24,33,200402,DEF,0,0,false,85.0678,77.4000
2023-24,33,510362,DEF,0,0,false,74.7162,107.8000
2023-24,33,108796,DEF,15,4,true,3.2873,0.0000
2023-24,33,83427,DEF,1,1,false,71.4823,58.6000
2023-24,33,244954,DEF,0,0,false,59.6381,72.0000
2023-24,33,18892,DEF,0,0,false,55.2605,94.2000
2023-24,33,430871,FWD,0,0,false,35.5073,70.4000
2023-24,33,47431,MID,0,0,false,62.7343,26.0000
2023-24,33,492831,FWD,1,1,false,26.8794,23.8000
2023-24,33,544877,DEF,0,0,false,53.4848,51.6000
2023-24,33,432720,GKP,5,4,false,37.7219,0.0000
2023-24,33,202641,GKP,0,0,false,90.0000,108.0000
2023-24,33,476369,DEF,1,1,false,56.9926,6.8000
2023-24,33,159506,DEF,0,0,false,48.3549,72.0000
2023-24,33,487702,MID,18,4,false,2.6996,0.0000
2023-24,33,223434,DEF,0,0,false,40.1744,93.4000
2023-24,33,232892,DEF,0,0,false,75.8186,90.0000
2023-24,33,220362,DEF,1,1,false,70.6158,19.8000
2023-24,33,54738,GKP,0,0,false,90.0000,87.0000
2023-24,33,477424,DEF,0,0,false,54.6515,108.0000
2023-24,33,497894,FWD,0,0,false,65.6470,71.6000
2023-24,33,532529,MID,9,4,true,11.1466,0.0000
2023-24,33,441428,DEF,1,1,false,38.5179,95.4000
2023-24,33,88894,MID,0,0,false,88.6513,59.0000
2023-24,33,547719,MID,4,4,true,22.9320,0.0000
2023-24,33,424001,MID,1,1,false,55.7767,64.6000
2023-24,33,491279,DEF,0,0,false,62.4536,108.0000
2023-24,33,213999,MID,0,0,false,63.3044,45.6000
2023-24,33,232980,DEF,0,0,false,7.8049,25.6000
2023-24,33,550839,MID,0,0,false,80.6248,88.8000
2023-24,33,221399,MID,0,0,false,52.8218,72.0000
2023-24,33,196100,MID,0,0,false,80.2660,103.0000
2023-24,33,101178,MID,0,0,false,76.4722,66.2000
2023-24,33,233963,DEF,0,0,false,73.3940,18.0000
2023-24,33,248875,MID,0,0,false,48.4747,38.6000
2023-24,33,457569,GKP,0,0,false,85.1791,126.0000
2023-24,33,166477,DEF,0,0,false,76.1010,72.2000
2023-24,33,460842,MID,0,0,false,85.6566,88.8000
2023-24,33,244619,DEF,12,4,true,7.3260,0.0000
2023-24,33,575476,DEF,0,0,false,87.3464,86.6000
2023-24,33,231480,DEF,0,0,false,49.5341,47.4000
2023-24,33,171101,DEF,2,2,false,44.7361,18.0000
2023-24,33,111452,GKP,18,4,false,2.3204,0.0000
2023-24,33,466404,DEF,0,0,false,56.5586,3.2000
2023-24,33,250199,MID,0,0,false,35.6528,16.8000
2023-24,33,210462,MID,1,1,false,17.9737,7.6000
2023-24,33,492777,DEF,0,0,false,60.1060,3.8000
2023-24,33,204814,MID,0,0,false,62.9330,103.8000
2023-24,33,165153,FWD,0,0,false,67.8791,6.0000
2023-24,33,173268,GKP,0,0,false,77.3734,18.0000
2023-24,33,247348,DEF,0,0,false,87.3240,108.0000
2023-24,33,209293,DEF,0,0,false,49.7402,34.8000
2023-24,33,503724,DEF,0,0,false,70.7925,81.0000
2023-24,33,477717,DEF,0,0,false,86.7263,81.0000
2023-24,33,496221,MID,0,0,false,82.8912,99.6000
2023-24,33,85633,GKP,0,0,false,90.0000,90.0000
2023-24,33,532372,MID,0,0,false,72.0612,96.6000
2024-25,5,226597,DEF,0,0,false,85.0263,82.6000
2024-25,5,219847,FWD,0,0,false,79.5658,90.0000
2024-25,5,445122,DEF,0,0,false,39.1384,47.0000
2024-25,5,444145,MID,0,0,false,60.3241,54.6000
2024-25,5,154561,GKP,0,0,false,82.8947,90.0000
2024-25,5,223340,MID,0,0,false,75.6935,70.8000
2024-25,5,462424,DEF,0,0,false,90.0000,59.8000
2024-25,5,209289,MID,0,0,false,40.9818,70.0000
2024-25,5,167199,MID,0,0,false,55.3289,86.4000
2024-25,5,198869,DEF,0,0,false,78.1257,39.8000
2024-25,5,101188,DEF,0,0,false,65.5375,83.4000
2024-25,5,199798,DEF,0,0,false,85.3816,56.2000
2024-25,5,98980,GKP,0,0,false,84.6711,90.0000
2024-25,5,122806,MID,0,0,false,74.0690,31.4000
2024-25,5,244954,DEF,0,0,false,77.3947,90.0000
2024-25,5,244850,MID,0,0,false,53.3684,71.8000
2024-25,5,166989,MID,0,0,false,66.2237,86.6000
2024-25,5,178301,FWD,0,0,false,79.5625,83.6000
2024-25,5,155408,MID,0,0,false,81.1906,90.0000
2024-25,5,544877,DEF,0,0,false,68.4419,82.4000
2024-25,5,222683,MID,0,0,false,56.1647,48.2000
2024-25,5,437730,MID,0,0,false,69.7359,89.6000
2024-25,5,201658,MID,0,0,false,71.4553,68.4000
2024-25,5,477580,DEF,0,0,false,88.8158,90.0000
2024-25,5,191866,DEF,0,0,false,60.1389,54.0000
2024-25,5,432830,DEF,0,0,false,79.8553,90.0000
2024-25,5,118342,GKP,0,0,false,88.2237,90.0000
2024-25,5,204580,MID,0,0,false,78.8023,86.8000
2024-25,5,446008,MID,0,0,false,70.6814,89.2000
2024-25,5,231065,DEF,0,0,false,78.1711,90.0000
2024-25,5,83299,DEF,0,0,false,81.7205,54.0000
2024-25,5,532529,MID,0,0,false,53.6245,71.4000
2024-25,5,592031,MID,0,0,false,57.6412,21.0000
2024-25,5,451340,MID,0,0,false,63.7382,76.8000
2024-25,5,469142,DEF,0,0,false,76.1579,37.8000
2024-25,5,111478,DEF,0,0,false,63.9322,69.0000
2024-25,5,50175,FWD,0,0,false,64.9430,82.4000
2024-25,5,486672,MID,0,0,false,81.4731,90.0000
2024-25,5,460028,DEF,0,0,false,68.6053,90.0000
2024-25,5,179268,DEF,0,0,false,67.0526,43.2000
2024-25,5,517052,FWD,0,0,false,73.1710,83.0000
2024-25,5,244851,MID,0,0,false,75.0751,90.0000
2024-25,5,215059,GKP,0,0,false,63.8553,90.0000
2024-25,5,444463,DEF,0,0,false,80.6660,72.0000
2024-25,5,232413,MID,0,0,false,72.0263,72.0000
2024-25,5,209036,DEF,0,0,false,71.5789,90.0000
2024-25,5,172649,GKP,0,0,false,66.3158,90.0000
2024-25,5,231747,FWD,0,0,false,63.5204,64.8000
2024-25,5,244723,DEF,0,0,false,86.9270,80.4000
2024-25,5,247348,DEF,0,0,false,62.7931,75.2000
2024-25,5,496221,MID,0,0,false,54.7090,46.6000
2024-25,5,177815,FWD,0,0,false,70.6286,82.2000
2024-25,5,221399,MID,0,0,false,59.4289,59.4000
2024-25,5,490094,MID,0,0,false,34.7931,4.4000
2024-25,5,106611,DEF,0,0,false,50.7500,72.0000
2024-25,5,433154,MID,0,0,false,83.0395,87.4000
2024-25,5,440993,FWD,0,0,false,65.4412,82.2000
2024-25,5,449871,MID,0,0,false,59.2204,59.8000
2024-25,5,111234,GKP,0,0,false,90.0000,90.0000
2024-25,5,17761,DEF,0,0,false,90.0000,90.0000
2024-25,5,159533,MID,0,0,false,44.7550,63.4000
2024-25,5,156689,MID,0,0,false,74.6875,68.2000
2024-25,5,232892,DEF,0,0,false,75.2500,90.0000
2024-25,5,153133,MID,0,0,false,72.3972,87.2000
2024-25,5,80201,GKP,0,0,false,90.0000,90.0000
2024-25,5,212314,MID,0,0,false,50.1940,34.4000
2024-25,5,169528,DEF,0,0,false,87.9737,90.0000
2024-25,5,167074,DEF,0,0,false,56.3553,83.6000
2024-25,5,455084,DEF,0,0,false,90.0000,90.0000
2024-25,5,463034,FWD,0,0,false,72.0907,68.2000
2024-25,5,449429,DEF,0,0,false,90.0000,36.0000
2024-25,5,503301,MID,0,0,false,88.2884,68.4000
2024-25,5,74944,MID,0,0,false,88.3840,72.0000
2024-25,5,180804,DEF,0,0,false,84.8693,18.0000
2024-25,5,218218,DEF,0,0,false,90.0000,90.0000
2024-25,5,467189,GKP,0,0,false,90.0000,90.0000
2024-25,5,220627,DEF,0,0,false,90.0000,72.0000
2024-25,5,481510,DEF,0,0,false,89.0206,64.6000
2024-25,5,203341,MID,0,0,false,86.1490,82.6000
2024-25,5,101668,FWD,0,0,false,82.8919,86.6000
2024-25,5,157668,MID,0,0,false,90.0000,63.0000
2024-25,5,169187,DEF,0,0,false,69.3614,88.0000
2024-25,5,441266,MID,0,0,false,59.6053,90.0000
2024-25,5,204716,DEF,0,0,false,60.7226,81.0000
2024-25,5,244731,MID,0,0,false,69.4914,39.8000
2024-25,5,118748,MID,0,0,false,77.6497,86.4000
2024-25,5,243016,MID,0,0,false,75.6323,54.2000
2024-25,5,122798,DEF,0,0,false,63.7768,50.2000
2024-25,5,424876,MID,0,0,false,68.5400,59.8000
2024-25,5,97032,DEF,0,0,false,86.8026,90.0000
2024-25,5,211975,DEF,0,0,false,78.0526,66.2000
2024-25,5,165809,MID,0,0,false,69.1990,90.0000
2024-25,5,121160,GKP,0,0,false,81.6447,90.0000
2024-25,5,477424,DEF,0,0,false,70.1331,90.0000
2024-25,5,223094,FWD,0,0,false,78.5105,90.0000
2024-25,5,91651,MID,0,0,false,53.8270,89.0000
2024-25,5,171314,DEF,0,0,false,68.9490,72.0000
2024-25,5,493250,MID,0,0,false,39.1691,10.6000
2024-25,5,141746,MID,0,0,false,85.0469,80.2000
2024-25,5,216051,DEF,0,0,false,86.7632,90.0000
2024-25,5,516895,MID,0,0,false,69.8748,25.6000
2024-25,5,221820,DEF,0,0,false,51.8446,72.0000
2024-25,5,202641,GKP,0,0,false,90.0000,90.0000
2024-25,5,176297,MID,0,0,false,62.2166,71.0000
2024-25,5,458249,FWD,0,0,false,65.0748,20.8000
2024-25,5,208706,MID,0,0,false,87.4857,88.8000
2024-25,5,78916,DEF,0,0,false,80.8553,90.0000
2024-25,5,232826,MID,0,0,false,80.4026,69.6000
2024-25,5,219168,FWD,0,0,false,69.4506,54.0000
2024-25,5,180974,MID,0,0,false,54.2619,89.6000
2024-25,5,441191,DEF,0,0,false,46.1642,60.2000
2024-25,5,98747,GKP,0,0,false,62.6974,90.0000
2024-25,5,159506,DEF,0,0,false,64.6975,89.6000
2024-25,5,215379,MID,0,0,false,44.2921,59.2000
2024-25,5,449434,MID,0,0,false,61.1375,50.4000
2024-25,5,222531,MID,0,0,false,84.2740,27.4000
2024-25,5,209046,MID,0,0,false,60.6848,72.0000
2024-25,5,575476,DEF,0,0,false,81.7105,90.0000
2024-25,5,215136,DEF,0,0,false,51.0365,8.8000
2024-25,5,85633,GKP,0,0,false,63.9474,90.0000
2024-25,5,60689,FWD,0,0,false,62.3252,82.4000
2024-25,5,171771,DEF,0,0,false,88.6274,90.0000
2024-25,5,245719,DEF,0,0,false,62.0584,90.0000
2024-25,5,219279,DEF,0,0,false,80.7216,50.2000
2024-25,5,242898,MID,0,0,false,64.6896,87.0000
2024-25,5,445044,MID,0,0,false,73.9219,84.2000
2024-25,5,172780,MID,0,0,false,68.7604,54.8000
2024-25,5,441164,DEF,0,0,false,85.2461,90.0000
2024-25,5,221632,DEF,0,0,false,81.7105,84.0000
2024-25,5,85971,MID,0,0,false,83.6053,24.8000
2024-25,5,487053,DEF,0,0,false,74.9914,78.6000
2024-25,5,184254,GKP,0,0,false,90.0000,90.0000
2024-25,5,84182,GKP,0,0,false,76.1586,54.0000
2024-25,5,178186,MID,0,0,false,83.0162,90.0000
2024-25,5,220585,MID,0,0,false,90.0000,89.2000
2024-25,5,109533,DEF,0,0,false,77.7898,77.0000
2024-25,5,214048,DEF,0,0,false,90.0000,90.0000
2024-25,5,460842,MID,0,0,false,77.4525,43.0000
2024-25,5,224024,MID,0,0,false,70.5969,70.4000
2024-25,5,233963,DEF,0,0,false,64.7368,40.0000
2024-25,5,448514,DEF,0,0,false,69.6748,90.0000
2024-25,5,231057,MID,0,0,false,46.6562,18.6000
2024-25,5,430871,FWD,0,0,false,71.2897,85.2000
2024-25,5,448089,MID,0,0,false,75.0911,87.0000
2024-25,5,151086,MID,0,0,false,83.9842,68.6000
2024-25,5,501837,DEF,0,0,true,87.5292,0.0000
2024-25,5,247412,FWD,0,0,false,79.7765,83.2000
2024-25,5,204814,MID,0,0,false,46.9518,9.0000
2024-25,5,197024,MID,0,0,false,69.7785,72.6000
2024-25,5,230001,DEF,0,0,false,84.7029,61.8000
2024-25,9,226597,DEF,0,0,false,81.6556,63.0000
2024-25,9,219847,FWD,0,0,false,82.5470,72.0000
2024-25,9,445122,DEF,0,0,false,35.3299,85.4000
2024-25,9,444145,MID,0,0,false,56.9505,40.0000
2024-25,9,205533,FWD,0,0,false,42.9622,19.4000
2024-25,9,225321,GKP,0,0,false,56.5532,36.0000
2024-25,9,154561,GKP,0,0,false,84.9248,90.0000
2024-25,9,204480,MID,0,0,false,81.1494,68.0000
2024-25,9,223340,MID,0,0,false,71.0836,83.0000
2024-25,9,462424,DEF,1,1,false,71.7015,90.0000
2024-25,9,209289,MID,0,0,false,48.1209,76.4000
2024-25,9,167199,MID,0,0,false,64.1319,62.0000
2024-25,9,198869,DEF,0,0,false,67.8444,21.8000
2024-25,9,106468,DEF,0,0,false,48.2288,70.2000
2024-25,9,199796,DEF,0,0,false,52.9924,56.8000
2024-25,9,101188,DEF,0,0,false,71.5422,72.8000
2024-25,9,199798,DEF,0,0,false,69.6656,72.0000
2024-25,9,98980,GKP,0,0,false,86.1936,81.0000
2024-25,9,122806,MID,0,0,false,54.3432,74.0000
2024-25,9,244954,DEF,0,0,false,80.9962,72.0000
2024-25,9,232653,MID,0,0,false,47.8921,25.0000
2024-25,9,244850,MID,0,0,false,56.4810,78.0000
2024-25,9,166989,MID,0,0,false,72.4779,88.0000
2024-25,9,178301,FWD,0,0,false,80.9973,78.2000
2024-25,9,158499,MID,0,0,false,68.5745,61.2000
2024-25,9,155408,MID,0,0,false,83.8241,56.6000
2024-25,9,544877,DEF,0,0,false,71.3307,88.0000
2024-25,9,437730,MID,0,0,false,76.0708,70.8000
2024-25,9,221466,DEF,0,0,false,69.5177,60.2000
2024-25,9,154566,FWD,0,0,false,80.2378,72.0000
2024-25,9,201658,MID,0,0,false,64.6038,75.2000
2024-25,9,477580,DEF,0,0,false,89.1541,90.0000
2024-25,9,191866,DEF,1,1,false,59.1707,0.0000
2024-25,9,432830,DEF,0,0,false,82.7538,90.0000
2024-25,9,440089,MID,0,0,false,57.3281,78.2000
2024-25,9,118342,GKP,0,0,false,88.7312,90.0000
2024-25,9,204580,MID,0,0,false,81.8071,80.6000
2024-25,9,249231,MID,0,0,false,60.4681,84.2000
2024-25,9,446008,MID,0,0,false,76.2176,89.2000
2024-25,9,128295,MID,0,0,false,65.6671,56.2000
2024-25,9,231065,DEF,0,0,false,81.5508,90.0000
2024-25,9,216646,FWD,0,0,false,49.6832,78.4000
2024-25,9,535301,MID,0,0,false,57.4450,38.6000
2024-25,9,536916,MID,0,0,false,56.5165,66.6000
2024-25,9,83299,DEF,1,1,false,72.6802,21.6000
2024-25,9,532529,MID,1,1,false,53.0339,28.6000
2024-25,9,451340,MID,0,0,false,64.6428,89.0000
2024-25,9,469142,DEF,0,0,false,56.1196,86.2000
2024-25,9,111478,DEF,0,0,false,64.8970,51.0000
2024-25,9,489639,GKP,0,0,false,69.2412,90.0000
2024-25,9,50175,FWD,0,0,false,68.4588,68.6000
2024-25,9,109745,GKP,1,1,false,54.3230,72.0000
2024-25,9,486672,MID,0,0,false,84.2063,88.0000
2024-25,9,460028,DEF,0,0,false,74.7180,72.0000
2024-25,9,179268,DEF,0,0,false,52.4308,78.6000
2024-25,9,448047,MID,0,0,false,56.3192,62.2000
2024-25,9,482609,DEF,0,0,false,61.0766,44.0000
2024-25,9,248857,MID,0,0,false,55.9034,62.2000
2024-25,9,517052,FWD,0,0,false,76.5622,67.4000
2024-25,9,244851,MID,0,0,false,80.3967,86.6000
2024-25,9,215059,GKP,0,0,false,71.3252,72.0000
2024-25,9,444463,DEF,0,0,false,71.3291,65.8000
2024-25,9,174874,DEF,1,1,false,67.7804,54.0000
2024-25,9,232413,MID,0,0,false,77.1617,27.8000
2024-25,9,209036,DEF,0,0,false,76.8421,90.0000
2024-25,9,172649,GKP,0,0,false,73.0827,90.0000
2024-25,9,101982,GKP,2,2,false,46.9011,0.0000
2024-25,9,231747,FWD,0,0,false,61.1692,90.0000
2024-25,9,244723,DEF,0,0,false,83.1709,90.0000
2024-25,9,247348,DEF,0,0,false,64.0699,89.6000
2024-25,9,496221,MID,0,0,false,53.3138,0.0000
2024-25,9,121599,MID,0,0,false,70.2529,65.6000
2024-25,9,177815,FWD,0,0,false,75.5647,66.0000
2024-25,9,80801,MID,0,0,false,56.6642,85.2000
2024-25,9,221399,MID,0,0,false,63.1731,14.2000
2024-25,9,490094,MID,2,2,false,18.9290,0.0000
2024-25,9,106611,DEF,0,0,false,55.0338,18.0000
2024-25,9,433154,MID,0,0,false,83.7646,68.6000
2024-25,9,224967,DEF,0,0,false,63.4532,90.0000
2024-25,9,440993,FWD,0,0,false,79.2951,84.2000
2024-25,9,449871,MID,0,0,false,55.4076,32.6000
2024-25,9,111234,GKP,0,0,false,90.0000,90.0000
2024-25,9,17761,DEF,0,0,false,90.0000,88.2000
2024-25,9,18892,DEF,0,0,false,70.8620,86.4000
2024-25,9,159533,MID,0,0,false,51.7226,12.8000
2024-25,9,156689,MID,0,0,false,72.0608,44.6000
2024-25,9,232892,DEF,0,0,false,79.4643,90.0000
2024-25,9,153133,MID,0,0,false,76.9386,88.6000
2024-25,9,80201,GKP,0,0,false,90.0000,90.0000
2024-25,9,212314,MID,2,2,false,41.7867,30.2000
2024-25,9,169528,DEF,0,0,false,88.5526,90.0000
2024-25,9,167074,DEF,0,0,false,64.6860,64.4000
2024-25,9,455084,DEF,0,0,false,90.0000,90.0000
2024-25,9,463034,FWD,0,0,false,65.5503,78.2000
2024-25,9,449429,DEF,2,2,false,56.6229,18.0000
2024-25,9,503301,MID,1,1,false,70.1015,85.6000
2024-25,9,74944,MID,1,1,false,71.2762,90.0000
2024-25,9,180804,DEF,3,3,false,41.9200,51.6000
2024-25,9,220583,DEF,0,0,false,35.0042,0.0000
2024-25,9,218218,DEF,0,0,false,90.0000,78.0000
2024-25,9,467189,GKP,0,0,false,90.0000,90.0000
2024-25,9,220627,DEF,0,0,false,90.0000,70.4000
2024-25,9,481510,DEF,1,1,false,66.0889,71.0000
2024-25,9,203341,MID,0,0,false,85.1623,77.8000
2024-25,9,473341,DEF,0,0,false,80.0769,24.8000
2024-25,9,101668,FWD,0,0,false,84.9703,58.0000
2024-25,9,157668,MID,0,0,false,69.5564,38.0000
2024-25,9,116535,GKP,2,2,false,53.1580,0.0000
2024-25,9,169187,DEF,0,0,false,75.1315,41.8000
2024-25,9,194634,MID,1,1,false,40.9597,0.0000
2024-25,9,441266,MID,0,0,false,68.2895,85.2000
2024-25,9,204716,DEF,0,0,false,70.2846,45.0000
2024-25,9,118748,MID,0,0,false,79.6884,88.6000
2024-25,9,243016,MID,0,0,false,64.0372,71.8000
2024-25,9,122798,DEF,0,0,false,61.0906,72.0000
2024-25,9,424876,MID,0,0,false,62.0043,58.6000
2024-25,9,444765,DEF,0,0,false,74.0575,88.4000
2024-25,9,97032,DEF,0,0,false,87.7162,90.0000
2024-25,9,211975,DEF,0,0,false,69.0094,63.0000
2024-25,9,165809,MID,0,0,false,77.4938,75.6000
2024-25,9,121160,GKP,0,0,false,84.0320,54.0000
2024-25,9,477424,DEF,0,0,false,77.1398,72.0000
2024-25,9,223094,FWD,0,0,false,81.8130,90.0000
2024-25,9,91651,MID,0,0,false,66.3882,36.0000
2024-25,9,477064,DEF,0,0,false,56.3654,54.8000
2024-25,9,155405,MID,0,0,false,42.9628,15.2000
2024-25,9,171314,DEF,0,0,false,77.3152,36.0000
2024-25,9,141746,MID,0,0,false,82.9264,85.0000
2024-25,9,216051,DEF,0,0,false,87.6880,83.2000
2024-25,9,80607,MID,0,0,false,49.1484,15.6000
2024-25,9,493105,MID,0,0,false,72.4950,58.0000
2024-25,9,516895,MID,2,2,false,50.1931,15.8000
2024-25,9,221820,DEF,0,0,false,54.8963,54.0000
2024-25,9,202641,GKP,0,0,false,90.0000,90.0000
2024-25,9,176297,MID,0,0,false,65.2014,63.2000
2024-25,9,209243,MID,1,1,false,25.2318,18.6000
2024-25,9,214590,DEF,0,0,false,69.2666,85.2000
2024-25,9,208706,MID,0,0,false,87.6626,88.6000
2024-25,9,78916,DEF,0,0,false,83.4680,72.0000
2024-25,9,232826,MID,1,1,false,71.4913,78.0000
2024-25,9,487838,DEF,0,0,false,55.4992,90.0000
2024-25,9,219168,FWD,0,0,false,61.4095,76.2000
2024-25,9,180974,MID,0,0,false,66.0395,85.0000
2024-25,9,98747,GKP,0,0,false,70.4981,90.0000
2024-25,9,119471,DEF,0,0,false,76.9437,90.0000
2024-25,9,159506,DEF,0,0,false,72.5427,84.0000
2024-25,9,215379,MID,0,0,false,51.9882,31.0000
2024-25,9,222531,MID,2,2,false,56.6955,51.8000
2024-25,9,209046,MID,0,0,false,63.2293,64.6000
2024-25,9,575476,DEF,0,0,false,84.0789,90.0000
2024-25,9,85633,GKP,0,0,false,71.3910,90.0000
2024-25,9,60689,FWD,0,0,false,68.8963,69.2000
2024-25,9,204968,MID,0,0,false,67.8604,81.0000
2024-25,9,193204,MID,0,0,false,53.3376,56.8000
2024-25,9,171771,DEF,0,0,false,89.4964,36.0000
2024-25,9,245719,DEF,0,0,false,79.7480,72.0000
2024-25,9,88900,DEF,0,0,false,41.0708,71.0000
2024-25,9,219279,DEF,1,1,false,63.4097,27.4000
2024-25,9,158534,DEF,0,0,false,69.6503,90.0000
2024-25,9,242898,MID,0,0,false,73.3849,76.0000
2024-25,9,445044,MID,0,0,false,76.5501,76.4000
2024-25,9,172780,MID,0,0,false,65.6021,53.0000
2024-25,9,441164,DEF,0,0,false,86.7042,77.6000
2024-25,9,221632,DEF,0,0,false,84.0789,30.0000
2024-25,9,209042,MID,1,1,false,35.2669,21.0000
2024-25,9,85971,MID,1,1,false,56.3177,66.0000
2024-25,9,487053,DEF,0,0,false,75.8440,88.0000
2024-25,9,491279,DEF,0,0,false,74.9681,0.0000
2024-25,9,184254,GKP,0,0,false,90.0000,54.0000
2024-25,9,57531,FWD,0,0,false,56.1850,55.4000
2024-25,9,84182,GKP,1,1,false,69.5171,0.0000
2024-25,9,178186,MID,0,0,false,85.4289,90.0000
2024-25,9,220585,MID,0,0,false,89.1942,49.0000
2024-25,9,109533,DEF,0,0,false,79.1422,66.8000
2024-25,9,214048,DEF,0,0,false,90.0000,90.0000
2024-25,9,460842,MID,1,1,false,64.9737,15.6000
2024-25,9,224024,MID,0,0,false,67.3335,74.8000
2024-25,9,233963,DEF,0,0,false,46.7971,42.6000
2024-25,9,215439,MID,0,0,false,66.7708,66.2000
2024-25,9,101178,MID,2,2,false,49.2776,18.4000
2024-25,9,448514,DEF,0,0,false,76.9236,90.0000
2024-25,9,430871,FWD,0,0,false,75.4260,89.8000
2024-25,9,60232,DEF,0,0,false,66.3887,63.0000
2024-25,9,448089,MID,0,0,false,79.1058,88.6000
2024-25,9,151086,MID,0,0,false,79.8950,77.6000
2024-25,9,501837,DEF,4,4,true,32.1153,0.0000
2024-25,9,200402,DEF,0,0,false,78.9681,72.0000
2024-25,9,247412,FWD,0,0,false,81.6304,86.4000
2024-25,9,510362,DEF,0,0,false,67.3443,63.6000
2024-25,9,232917,GKP,0,0,false,63.4019,90.0000
2024-25,9,510281,MID,0,0,false,53.2438,35.8000
2024-25,9,227444,DEF,0,0,false,85.4673,90.0000
2024-25,9,466075,DEF,1,1,false,48.9247,24.2000
2024-25,9,204814,MID,3,3,false,29.1407,9.2000
2024-25,9,197024,MID,0,0,false,76.0317,26.0000
2024-25,9,209365,DEF,0,0,false,72.8731,83.0000
2024-25,9,230001,DEF,0,0,false,65.1593,83.0000
2024-25,9,444102,FWD,0,0,false,64.6347,83.4000
2024-25,9,551226,MID,0,0,false,71.6379,87.6000
2024-25,9,216616,DEF,0,0,false,76.9790,90.0000
2024-25,9,437499,DEF,0,0,false,90.0000,90.0000
2024-25,13,226597,DEF,0,0,false,79.0831,54.0000
2024-25,13,219847,FWD,0,0,false,74.4854,80.0000
2024-25,13,445122,DEF,0,0,false,52.1668,89.0000
2024-25,13,444145,MID,2,2,false,44.4977,70.6000
2024-25,13,205533,FWD,0,0,false,32.1277,14.6000
2024-25,13,184029,MID,0,0,false,53.7569,81.6000
2024-25,13,225321,GKP,2,2,false,44.5107,36.0000
2024-25,13,154561,GKP,0,0,false,86.0526,90.0000
2024-25,13,204480,MID,0,0,false,73.5617,71.8000
2024-25,13,223340,MID,0,0,false,75.3475,58.6000
2024-25,13,462424,DEF,0,0,false,80.9285,90.0000
2024-25,13,209289,MID,0,0,false,56.1165,30.0000
2024-25,13,167199,MID,1,1,false,53.3944,58.8000
2024-25,13,198869,DEF,2,2,false,51.1736,0.0000
2024-25,13,106468,DEF,0,0,false,50.7299,18.0000
2024-25,13,199796,DEF,0,0,false,52.8580,67.6000
2024-25,13,165659,DEF,1,1,false,48.1284,36.0000
2024-25,13,101188,DEF,0,0,false,69.1653,78.2000
2024-25,13,199798,DEF,0,0,false,69.2711,90.0000
2024-25,13,98980,GKP,0,0,false,81.2612,90.0000
2024-25,13,122806,MID,0,0,false,63.9851,87.2000
2024-25,13,244954,DEF,0,0,false,82.9971,72.0000
2024-25,13,232653,MID,2,2,false,36.1840,0.0000
2024-25,13,244850,MID,0,0,false,60.1420,84.8000
2024-25,13,166989,MID,0,0,false,75.7602,71.2000
2024-25,13,178301,FWD,0,0,false,81.7526,33.4000
2024-25,13,158499,MID,0,0,false,65.0327,86.2000
2024-25,13,155408,MID,1,1,false,73.7040,65.6000
2024-25,13,544877,DEF,0,0,false,75.8109,90.0000
2024-25,13,437730,MID,1,1,false,68.0366,83.8000
2024-25,13,221466,DEF,0,0,false,70.5734,0.0000
2024-25,13,154566,FWD,1,1,false,73.3521,88.2000
2024-25,13,201658,MID,0,0,false,67.7990,31.4000
2024-25,13,477580,DEF,0,0,false,89.3421,90.0000
2024-25,13,191866,DEF,5,4,false,34.1739,16.0000
2024-25,13,432830,DEF,0,0,false,84.3640,90.0000
2024-25,13,440089,MID,0,0,false,60.7364,69.8000
2024-25,13,118342,GKP,0,0,false,89.0132,79.0000
2024-25,13,204580,MID,0,0,false,79.0354,54.6000
2024-25,13,249231,MID,0,0,false,68.7052,86.8000
2024-25,13,446008,MID,0,0,false,78.9841,90.0000
2024-25,13,128295,MID,0,0,false,66.6874,68.2000
2024-25,13,231065,DEF,0,0,false,83.4284,54.0000
2024-25,13,216646,FWD,0,0,false,64.0404,82.2000
2024-25,13,535301,MID,1,1,false,42.3096,80.4000
2024-25,13,536916,MID,0,0,false,54.7449,30.6000
2024-25,13,83299,DEF,0,0,false,45.9471,90.0000
2024-25,13,204214,DEF,0,0,false,60.6338,90.0000
2024-25,13,532529,MID,2,2,false,40.3140,0.0000
2024-25,13,223434,DEF,0,0,false,63.8140,18.2000
2024-25,13,475168,FWD,0,0,false,38.7503,83.8000
2024-25,13,451340,MID,0,0,false,71.9040,83.6000
2024-25,13,469142,DEF,0,0,false,70.4154,86.2000
2024-25,13,111478,DEF,1,1,false,59.9737,30.6000
2024-25,13,489639,GKP,0,0,false,75.6534,90.0000
2024-25,13,50175,FWD,0,0,false,72.6467,4.0000
2024-25,13,109745,GKP,0,0,false,64.7424,90.0000
2024-25,13,486672,MID,0,0,false,84.5769,90.0000
2024-25,13,180736,DEF,0,0,false,56.9424,70.0000
2024-25,13,460028,DEF,0,0,false,78.1140,72.0000
2024-25,13,179268,DEF,0,0,false,63.6002,69.6000
2024-25,13,448047,MID,0,0,false,58.4952,90.0000
2024-25,13,482609,DEF,0,0,false,46.2105,81.0000
2024-25,13,248857,MID,0,0,false,53.4188,35.8000
2024-25,13,517052,FWD,0,0,false,78.8570,60.8000
2024-25,13,244851,MID,0,0,false,82.4687,87.6000
2024-25,13,215059,GKP,0,0,false,75.4751,72.0000
2024-25,13,444463,DEF,0,0,false,76.2495,0.0000
2024-25,13,174874,DEF,1,1,false,67.4176,18.0000
2024-25,13,427623,DEF,1,1,false,23.1843,19.8000
2024-25,13,232413,MID,0,0,false,51.9151,58.4000
2024-25,13,209036,DEF,0,0,false,79.7661,90.0000
2024-25,13,172649,GKP,0,0,false,76.8421,90.0000
2024-25,13,101982,GKP,6,4,false,28.0117,36.0000
2024-25,13,231747,FWD,0,0,false,72.6695,80.0000
2024-25,13,244723,DEF,0,0,false,86.0419,88.8000
2024-25,13,247348,DEF,0,0,false,71.7153,72.0000
2024-25,13,496221,MID,4,4,false,29.8655,0.0000
2024-25,13,121599,MID,0,0,false,68.7447,70.4000
2024-25,13,480455,DEF,0,0,false,56.0689,72.0000
2024-25,13,177815,FWD,0,0,false,67.2498,57.6000
2024-25,13,80801,MID,0,0,false,66.3234,72.0000
2024-25,13,490094,MID,6,4,false,9.8002,0.0000
2024-25,13,106611,DEF,3,3,false,35.3128,0.0000
2024-25,13,433154,MID,0,0,false,77.3350,14.6000
2024-25,13,224967,DEF,0,0,false,74.3187,72.0000
2024-25,13,440993,FWD,0,0,false,82.2105,70.0000
2024-25,13,449871,MID,2,2,false,46.4945,39.2000
2024-25,13,111234,GKP,0,0,false,90.0000,72.0000
2024-25,13,17761,DEF,0,0,false,88.8444,72.0000
2024-25,13,18892,DEF,0,0,false,75.1714,50.4000
2024-25,13,159533,MID,1,1,false,30.6547,35.0000
2024-25,13,156689,MID,1,1,false,61.2391,37.8000
2024-25,13,232892,DEF,0,0,false,81.8056,72.0000
2024-25,13,219924,DEF,0,0,false,34.3988,90.0000
2024-25,13,153133,MID,0,0,false,79.8146,90.0000
2024-25,13,80201,GKP,0,0,false,90.0000,90.0000
2024-25,13,212314,MID,0,0,false,41.2163,57.0000
2024-25,13,102057,FWD,0,0,false,61.9602,51.2000
2024-25,13,169528,DEF,0,0,false,88.8743,90.0000
2024-25,13,167074,DEF,0,0,false,67.1391,28.8000
2024-25,13,122411,DEF,0,0,false,65.0139,54.0000
2024-25,13,455084,DEF,0,0,false,90.0000,90.0000
2024-25,13,463034,FWD,0,0,false,73.3845,64.0000
2024-25,13,449429,DEF,6,4,false,24.9861,36.0000
2024-25,13,503301,MID,0,0,false,78.0287,81.0000
2024-25,13,222018,DEF,2,2,false,25.5661,37.4000
2024-25,13,74944,MID,0,0,false,81.7377,72.0000
2024-25,13,180804,DEF,0,0,false,57.1358,0.0000
2024-25,13,220583,DEF,4,4,false,15.4463,18.0000
2024-25,13,218218,DEF,0,0,false,90.0000,16.8000
2024-25,13,467189,GKP,0,0,false,90.0000,45.0000
2024-25,13,220627,DEF,0,0,false,79.4799,82.4000
2024-25,13,481510,DEF,1,1,false,62.9189,90.0000
2024-25,13,203341,MID,0,0,false,80.1208,28.2000
2024-25,13,473341,DEF,0,0,false,54.8359,6.4000
2024-25,13,101668,FWD,0,0,false,69.8715,59.4000
2024-25,13,93100,DEF,0,0,false,34.9863,72.8000
2024-25,13,157668,MID,1,1,false,53.0173,21.8000
2024-25,13,116535,GKP,6,4,false,33.0326,54.0000
2024-25,13,169187,DEF,0,0,false,61.2490,56.2000
2024-25,13,194634,MID,5,4,false,23.3301,9.0000
2024-25,13,441266,MID,0,0,false,73.1140,66.4000
2024-25,13,200720,GKP,0,0,false,56.4226,18.0000
2024-25,13,204716,DEF,1,1,false,60.3302,0.0000
2024-25,13,118748,MID,0,0,false,81.6328,71.2000
2024-25,13,243016,MID,0,0,false,65.9890,49.4000
2024-25,13,122798,DEF,0,0,false,64.2084,56.2000
2024-25,13,424876,MID,0,0,false,64.8171,40.6000
2024-25,13,444765,DEF,0,0,false,81.5427,54.0000
2024-25,13,97032,DEF,0,0,false,88.2237,72.0000
2024-25,13,211975,DEF,0,0,false,69.0155,45.0000
2024-25,13,165809,MID,0,0,false,75.0256,90.0000
2024-25,13,121160,GKP,1,1,false,73.8017,18.0000
2024-25,13,209244,MID,0,0,false,68.5331,54.0000
2024-25,13,477424,DEF,1,1,false,69.1710,90.0000
2024-25,13,223094,FWD,0,0,false,83.6432,90.0000
2024-25,13,91651,MID,2,2,false,52.0344,37.8000
2024-25,13,477064,DEF,0,0,false,57.4416,55.8000
2024-25,13,155405,MID,3,3,false,28.1457,23.6000
2024-25,13,171314,DEF,0,0,false,56.6631,54.0000
2024-25,13,58621,DEF,0,0,false,66.1902,54.0000
2024-25,13,141746,MID,0,0,false,82.4826,78.2000
2024-25,13,61256,MID,0,0,false,59.4045,5.4000
2024-25,13,216051,DEF,0,0,false,85.1147,90.0000
2024-25,13,493105,MID,0,0,false,64.8630,32.4000
2024-25,13,516895,MID,0,0,false,40.1349,63.6000
2024-25,13,221820,DEF,0,0,false,55.5188,72.0000
2024-25,13,202641,GKP,0,0,false,90.0000,90.0000
2024-25,13,176297,MID,0,0,false,67.6972,12.4000
2024-25,13,214590,DEF,0,0,false,73.1900,90.0000
2024-25,13,208706,MID,0,0,false,87.6719,82.4000
2024-25,13,78916,DEF,0,0,false,75.2018,90.0000
2024-25,13,232826,MID,0,0,false,73.4406,72.6000
2024-25,13,487838,DEF,0,0,false,65.8800,88.4000
2024-25,13,219168,FWD,0,0,false,63.8730,82.8000
2024-25,13,180974,MID,0,0,false,70.0632,65.2000
2024-25,13,441191,DEF,0,0,false,64.5824,61.2000
2024-25,13,98747,GKP,0,0,false,74.8319,36.0000
2024-25,13,119471,DEF,0,0,false,82.5599,90.0000
2024-25,13,159506,DEF,0,0,false,76.6072,84.4000
2024-25,13,222531,MID,0,0,false,56.3593,77.0000
2024-25,13,209046,MID,0,0,false,69.1129,71.0000
2024-25,13,575476,DEF,0,0,false,85.3947,85.4000
2024-25,13,85633,GKP,0,0,false,75.5263,90.0000
2024-25,13,60689,FWD,0,0,false,67.5278,81.0000
2024-25,13,204968,MID,0,0,false,75.2047,63.6000
2024-25,13,155511,FWD,0,0,false,58.8187,78.8000
2024-25,13,171771,DEF,2,2,false,60.3211,54.0000
2024-25,13,245719,DEF,0,0,false,85.4761,72.0000
2024-25,13,204863,DEF,0,0,false,44.8907,49.0000
2024-25,13,88900,DEF,0,0,false,63.2432,7.6000
2024-25,13,219279,DEF,0,0,false,46.4153,37.0000
2024-25,13,158534,DEF,0,0,false,81.0202,89.0000
2024-25,13,493125,DEF,0,0,false,41.8033,86.2000
2024-25,13,242898,MID,0,0,false,71.4014,61.8000
2024-25,13,445044,MID,0,0,false,72.8486,87.6000
2024-25,13,172780,MID,0,0,false,59.6300,49.8000
2024-25,13,441164,DEF,0,0,false,87.4914,55.8000
2024-25,13,221632,DEF,2,2,false,61.8300,2.8000
2024-25,13,209042,MID,0,0,false,31.1837,39.6000
2024-25,13,85971,MID,0,0,false,66.3183,65.8000
2024-25,13,487053,DEF,0,0,false,79.4595,57.4000
2024-25,13,491279,DEF,4,4,false,43.3705,15.6000
2024-25,13,184254,GKP,1,1,false,78.4435,0.0000
2024-25,13,57531,FWD,0,0,false,57.9750,5.6000
2024-25,13,84182,GKP,5,4,false,41.6198,10.8000
2024-25,13,178186,MID,0,0,false,86.6736,90.0000
2024-25,13,220585,MID,0,0,false,73.8850,63.6000
2024-25,13,109533,DEF,0,0,false,77.8874,54.4000
2024-25,13,37096,GKP,0,0,false,48.3875,79.0000
2024-25,13,214048,DEF,0,0,false,90.0000,75.6000
2024-25,13,460842,MID,5,4,false,38.7975,83.6000
2024-25,13,224024,MID,0,0,false,74.8635,42.8000
2024-25,13,233963,DEF,1,1,false,37.6103,81.0000
2024-25,13,215439,MID,0,0,false,70.1468,84.2000
2024-25,13,448514,DEF,0,0,false,80.6202,70.2000
2024-25,13,430871,FWD,0,0,false,80.0812,90.0000
2024-25,13,60232,DEF,0,0,false,59.5888,19.6000
2024-25,13,448089,MID,0,0,false,82.5476,64.0000
2024-25,13,149065,GKP,0,0,false,72.3172,54.0000
2024-25,13,151086,MID,0,0,false,79.0613,54.0000
2024-25,13,501837,DEF,8,4,true,14.1715,0.0000
2024-25,13,200402,DEF,0,0,false,83.6403,71.6000
2024-25,13,231480,DEF,2,2,false,34.8252,87.2000
2024-25,13,247412,FWD,0,0,false,84.0438,82.8000
2024-25,13,510362,DEF,0,0,false,71.4434,74.6000
2024-25,13,232917,GKP,0,0,false,70.1344,90.0000
2024-25,13,510281,MID,0,0,false,49.2755,37.4000
2024-25,13,227444,DEF,0,0,false,87.9998,90.0000
2024-25,13,466075,DEF,0,0,false,41.2349,6.4000
2024-25,13,197024,MID,0,0,false,49.8134,14.2000
2024-25,13,462116,DEF,0,0,false,66.5090,23.6000
2024-25,13,209365,DEF,0,0,false,76.2197,46.4000
2024-25,13,230001,DEF,0,0,false,72.8158,74.2000
2024-25,13,444102,FWD,0,0,false,75.1780,66.8000
2024-25,13,463067,MID,0,0,false,70.9385,49.8000
2024-25,13,207189,MID,0,0,false,65.7694,69.0000
2024-25,13,551226,MID,0,0,false,82.1305,84.0000
2024-25,13,59859,MID,0,0,false,67.5041,69.0000
2024-25,13,231416,DEF,3,3,true,31.0288,0.0000
2024-25,13,216616,DEF,0,0,false,82.4040,90.0000
2024-25,13,195384,MID,1,1,false,39.9335,25.0000
2024-25,13,437499,DEF,0,0,false,90.0000,90.0000
2024-25,17,226597,DEF,0,0,false,68.4169,90.0000
2024-25,17,219847,FWD,0,0,false,74.5048,54.0000
2024-25,17,445122,DEF,0,0,false,62.5722,72.0000
2024-25,17,444145,MID,0,0,false,54.8796,67.0000
2024-25,17,184029,MID,0,0,false,66.6076,76.6000
2024-25,17,225321,GKP,0,0,false,35.4046,90.0000
2024-25,17,154561,GKP,0,0,false,86.7703,90.0000
2024-25,17,204480,MID,0,0,false,70.5572,72.8000
2024-25,17,223340,MID,0,0,false,72.7631,0.0000
2024-25,17,462424,DEF,0,0,false,85.4163,72.0000
2024-25,17,209289,MID,1,1,false,42.2458,38.4000
2024-25,17,167199,MID,0,0,false,57.9476,72.6000
2024-25,17,198869,DEF,6,4,false,32.6894,0.0000
2024-25,17,106468,DEF,3,3,false,34.9196,0.2000
2024-25,17,199796,DEF,0,0,false,60.0422,67.6000
2024-25,17,165659,DEF,1,1,false,46.5351,18.0000
2024-25,17,101188,DEF,0,0,false,71.7373,76.4000
2024-25,17,199798,DEF,0,0,false,78.7231,90.0000
2024-25,17,98980,GKP,0,0,false,84.6581,90.0000
2024-25,17,122806,MID,0,0,false,75.6628,37.4000
2024-25,17,244954,DEF,0,0,false,77.3261,21.8000
2024-25,17,232653,MID,6,4,false,20.2230,49.8000
2024-25,17,244850,MID,0,0,false,68.2368,67.6000
2024-25,17,166989,MID,0,0,false,73.8806,79.4000
2024-25,17,178301,FWD,0,0,false,59.5960,78.8000
2024-25,17,158499,MID,0,0,false,74.6742,90.0000
2024-25,17,155408,MID,0,0,false,68.5375,90.0000
2024-25,17,544877,DEF,0,0,false,79.5048,90.0000
2024-25,17,222683,MID,0,0,false,64.0044,59.6000
2024-25,17,437730,MID,0,0,false,72.6485,90.0000
2024-25,17,221466,DEF,4,4,false,40.7811,0.0000
2024-25,17,54469,DEF,0,0,false,64.1598,0.0000
2024-25,17,154566,FWD,0,0,false,80.3887,72.0000
2024-25,17,201658,MID,2,2,false,52.2820,0.0000
2024-25,17,477580,DEF,0,0,false,89.4617,90.0000
2024-25,17,191866,DEF,0,0,false,31.5362,0.0000
2024-25,17,432830,DEF,0,0,false,85.3888,90.0000
2024-25,17,440089,MID,0,0,false,59.5337,84.8000
2024-25,17,118342,GKP,0,0,false,89.1926,79.0000
2024-25,17,204580,MID,0,0,false,65.3757,68.4000
2024-25,17,249231,MID,0,0,false,73.2895,90.0000
2024-25,17,446008,MID,0,0,false,81.0876,90.0000
2024-25,17,128295,MID,0,0,false,69.1811,81.0000
2024-25,17,231065,DEF,1,1,false,72.9445,0.0000
2024-25,17,216646,FWD,0,0,false,71.2042,86.8000
2024-25,17,535301,MID,0,0,false,56.6292,89.0000
2024-25,17,536916,MID,0,0,false,41.8690,41.4000
2024-25,17,83299,DEF,0,0,false,66.4803,59.4000
2024-25,17,204214,DEF,0,0,false,70.1800,70.6000
2024-25,17,532529,MID,6,4,false,22.3510,0.0000
2024-25,17,223434,DEF,2,2,false,43.0110,31.0000
2024-25,17,475168,FWD,0,0,false,58.2569,87.4000
2024-25,17,451340,MID,0,0,false,75.4684,61.2000
2024-25,17,469142,DEF,0,0,false,76.2319,90.0000
2024-25,17,111478,DEF,0,0,false,42.4800,71.4000
2024-25,17,489639,GKP,0,0,false,79.2513,90.0000
2024-25,17,50175,FWD,2,2,false,42.4013,16.0000
2024-25,17,109745,GKP,0,0,false,78.0717,54.0000
2024-25,17,486672,MID,0,0,false,85.9904,88.0000
2024-25,17,180736,DEF,1,1,false,55.1943,54.0000
2024-25,17,460028,DEF,0,0,false,73.3309,72.0000
2024-25,17,179268,DEF,1,1,false,60.3117,90.0000
2024-25,17,448047,MID,0,0,false,71.3088,72.0000
2024-25,17,482609,DEF,0,0,false,59.9158,41.2000
2024-25,17,248857,MID,0,0,false,46.8624,48.6000
2024-25,17,517052,FWD,0,0,false,71.8138,73.4000
2024-25,17,244851,MID,0,0,false,83.4320,88.6000
2024-25,17,215059,GKP,0,0,false,71.1718,72.0000
2024-25,17,109646,DEF,0,0,false,41.3918,57.8000
2024-25,17,444463,DEF,4,4,false,36.0099,0.0000
2024-25,17,174874,DEF,5,4,false,41.8786,90.0000
2024-25,17,427623,DEF,0,0,false,28.8705,72.0000
2024-25,17,232413,MID,1,1,false,49.6697,82.6000
2024-25,17,209036,DEF,0,0,false,81.6268,72.0000
2024-25,17,172649,GKP,0,0,false,79.2344,90.0000
2024-25,17,108413,MID,0,0,false,64.3391,57.4000
2024-25,17,101982,GKP,1,1,false,36.3406,0.0000
2024-25,17,152551,MID,0,0,false,60.2456,57.8000
2024-25,17,231747,FWD,0,0,false,73.9416,85.6000
2024-25,17,244723,DEF,0,0,false,86.8513,87.6000
2024-25,17,247348,DEF,1,1,false,64.5535,90.0000
2024-25,17,496221,MID,8,4,false,18.0550,0.0000
2024-25,17,121599,MID,0,0,false,75.7021,88.4000
2024-25,17,480455,DEF,0,0,false,70.0008,90.0000
2024-25,17,177815,FWD,0,0,false,68.2651,65.8000
2024-25,17,80801,MID,0,0,false,73.6775,83.4000
2024-25,17,490094,MID,9,4,false,5.9001,0.0000
2024-25,17,106611,DEF,6,4,false,21.0295,0.4000
2024-25,17,433154,MID,2,2,false,55.9069,0.0000
2024-25,17,224967,DEF,0,0,false,79.3069,90.0000
2024-25,17,440993,FWD,0,0,false,85.8256,86.0000
2024-25,17,449871,MID,0,0,false,41.6866,44.6000
2024-25,17,111234,GKP,0,0,false,90.0000,90.0000
2024-25,17,17761,DEF,0,0,false,89.3374,90.0000
2024-25,17,18892,DEF,0,0,false,76.8018,51.8000
2024-25,17,156689,MID,1,1,false,48.5542,46.6000
2024-25,17,232892,DEF,0,0,false,73.4749,90.0000
2024-25,17,219924,DEF,0,0,false,57.3377,45.2000
2024-25,17,153133,MID,0,0,false,82.3627,74.2000
2024-25,17,80201,GKP,0,0,false,90.0000,90.0000
2024-25,17,212314,MID,0,0,false,43.3970,87.6000
2024-25,17,169528,DEF,0,0,false,89.0789,90.0000
2024-25,17,167074,DEF,1,1,false,50.0490,0.0000
2024-25,17,122411,DEF,0,0,false,69.2134,18.0000
2024-25,17,232228,DEF,0,0,false,41.5408,0.2000
2024-25,17,455084,DEF,0,0,false,90.0000,90.0000
2024-25,17,463034,FWD,1,1,false,63.6653,82.2000
2024-25,17,449429,DEF,3,3,false,20.7866,72.0000
2024-25,17,503301,MID,0,0,false,76.7896,68.4000
2024-25,17,74944,MID,0,0,false,86.0980,57.8000
2024-25,17,180804,DEF,4,4,false,26.9832,5.2000
2024-25,17,220583,DEF,8,4,false,7.2947,72.0000
2024-25,17,94147,DEF,0,0,false,55.1766,51.0000
2024-25,17,218218,DEF,0,0,false,54.1248,41.6000
2024-25,17,467189,GKP,1,1,false,68.5319,0.0000
2024-25,17,220627,DEF,0,0,false,78.6504,83.6000
2024-25,17,481510,DEF,0,0,false,77.2106,72.0000
2024-25,17,203341,MID,2,2,false,52.8808,0.0000
2024-25,17,473341,DEF,1,1,false,30.2746,2.8000
2024-25,17,101668,FWD,0,0,false,72.8799,72.0000
2024-25,17,93100,DEF,0,0,false,52.1793,84.2000
2024-25,17,157668,MID,0,0,false,32.5950,73.4000
2024-25,17,116535,GKP,0,0,false,47.8459,90.0000
2024-25,17,169187,DEF,0,0,false,63.8956,89.0000
2024-25,17,441266,MID,0,0,false,74.0829,82.4000
2024-25,17,200720,GKP,2,2,false,41.8417,0.0000
2024-25,17,204716,DEF,4,4,false,37.4014,49.0000
2024-25,17,244731,MID,0,0,false,65.3470,57.4000
2024-25,17,118748,MID,0,0,false,83.0226,90.0000
2024-25,17,243016,MID,0,0,false,60.2347,87.8000
2024-25,17,122798,DEF,0,0,false,62.9514,67.4000
2024-25,17,424876,MID,0,0,false,65.8502,36.2000
2024-25,17,444765,DEF,1,1,false,70.8923,68.8000
2024-25,17,97032,DEF,0,0,false,88.5467,90.0000
2024-25,17,211975,DEF,0,0,false,55.7691,86.2000
2024-25,17,165809,MID,0,0,false,80.5032,72.0000
2024-25,17,61366,MID,1,1,false,34.1678,69.4000
2024-25,17,121160,GKP,1,1,false,53.4818,18.0000
2024-25,17,209244,MID,0,0,false,62.6698,78.6000
2024-25,17,477424,DEF,0,0,false,76.9754,90.0000
2024-25,17,223094,FWD,0,0,false,84.8049,83.0000
2024-25,17,91651,MID,0,0,false,42.9834,76.0000
2024-25,17,477064,DEF,0,0,false,51.3926,57.6000
2024-25,17,155405,MID,0,0,false,18.7563,40.6000
2024-25,17,171314,DEF,1,1,false,59.5026,18.0000
2024-25,17,58621,DEF,0,0,false,67.1619,9.8000
2024-25,17,493250,MID,0,0,false,56.1988,87.6000
2024-25,17,141746,MID,0,0,false,84.1345,63.2000
2024-25,17,61256,MID,4,4,false,34.5475,18.0000
2024-25,17,216051,DEF,0,0,false,86.9688,72.0000
2024-25,17,493105,MID,0,0,false,52.9778,34.2000
2024-25,17,516895,MID,0,0,false,52.9170,59.6000
2024-25,17,221820,DEF,0,0,false,59.2812,66.8000
2024-25,17,202641,GKP,0,0,false,90.0000,90.0000
2024-25,17,176297,MID,2,2,false,44.6213,0.0000
2024-25,17,209243,MID,0,0,false,42.5569,63.6000
2024-25,17,214590,DEF,0,0,false,77.7505,90.0000
2024-25,17,208706,MID,0,0,false,84.0933,90.0000
2024-25,17,78916,DEF,0,0,false,80.9330,90.0000
2024-25,17,232826,MID,0,0,false,73.5290,81.0000
2024-25,17,487838,DEF,0,0,false,71.0241,85.0000
2024-25,17,219168,FWD,0,0,false,69.8293,86.4000
2024-25,17,180974,MID,1,1,false,60.2677,88.4000
2024-25,17,441191,DEF,0,0,false,65.8626,59.2000
2024-25,17,98747,GKP,2,2,false,56.0904,0.0000
2024-25,17,119471,DEF,0,0,false,85.4058,45.0000
2024-25,17,159506,DEF,0,0,false,77.1155,90.0000
2024-25,17,215379,MID,0,0,false,52.0574,82.0000
2024-25,17,222531,MID,0,0,false,67.0601,82.8000
2024-25,17,209046,MID,0,0,false,68.8099,59.0000
2024-25,17,575476,DEF,0,0,false,83.7224,72.0000
2024-25,17,85633,GKP,0,0,false,78.1579,90.0000
2024-25,17,60689,FWD,0,0,false,71.6034,83.8000
2024-25,17,204968,MID,0,0,false,64.9415,38.4000
2024-25,17,155511,FWD,0,0,false,71.1076,49.0000
2024-25,17,171771,DEF,0,0,false,56.3102,88.4000
2024-25,17,245719,DEF,0,0,false,78.8769,90.0000
2024-25,17,204863,DEF,1,1,false,49.4877,8.2000
2024-25,17,88900,DEF,3,3,false,33.6618,0.0000
2024-25,17,158534,DEF,0,0,false,85.7592,88.0000
2024-25,17,227127,MID,0,0,false,56.9246,27.8000
2024-25,17,493125,DEF,0,0,false,57.4178,71.2000
2024-25,17,40383,GKP,0,0,false,55.0530,36.0000
2024-25,17,242898,MID,0,0,false,62.1562,57.6000
2024-25,17,445044,MID,0,0,false,78.7206,90.0000
2024-25,17,172780,MID,0,0,false,57.8125,43.0000
2024-25,17,441164,DEF,0,0,false,80.1386,73.8000
2024-25,17,221632,DEF,2,2,false,38.9080,0.0000
2024-25,17,209042,MID,0,0,false,36.4840,14.8000
2024-25,17,85971,MID,0,0,false,66.4461,67.6000
2024-25,17,487053,DEF,1,1,false,63.7673,25.8000
2024-25,17,491279,DEF,2,2,false,34.4261,0.0000
2024-25,17,184254,GKP,5,4,false,47.4590,0.0000
2024-25,17,213999,MID,0,0,false,60.5710,69.6000
2024-25,17,84182,GKP,9,4,false,27.2055,46.8000
2024-25,17,178186,MID,0,0,false,87.4043,29.8000
2024-25,17,220585,MID,0,0,false,71.9779,24.4000
2024-25,17,109533,DEF,0,0,false,65.7597,62.4000
2024-25,17,37096,GKP,0,0,false,62.8004,43.0000
2024-25,17,214048,DEF,0,0,false,90.0000,75.6000
2024-25,17,460842,MID,0,0,false,58.9505,78.6000
2024-25,17,224024,MID,0,0,false,67.2864,65.0000
2024-25,17,233963,DEF,0,0,false,53.2972,77.2000
2024-25,17,215439,MID,0,0,false,76.4660,72.0000
2024-25,17,448514,DEF,1,1,false,70.6231,85.8000
2024-25,17,430871,FWD,0,0,false,82.7421,54.0000
2024-25,17,60232,DEF,0,0,false,43.0146,15.6000
2024-25,17,448089,MID,0,0,false,72.6510,85.4000
2024-25,17,149065,GKP,0,0,false,62.1104,90.0000
2024-25,17,151086,MID,1,1,false,71.7625,6.2000
2024-25,17,501837,DEF,12,4,true,6.6927,0.0000
2024-25,17,200402,DEF,0,0,false,78.8143,58.2000
2024-25,17,231480,DEF,0,0,false,55.0915,90.0000
2024-25,17,247412,FWD,0,0,false,82.5680,81.0000
2024-25,17,510362,DEF,0,0,false,73.1980,18.0000
2024-25,17,232917,GKP,0,0,false,74.1983,18.0000
2024-25,17,227444,DEF,0,0,false,89.0554,90.0000
2024-25,17,209365,DEF,1,1,false,63.5965,68.8000
2024-25,17,230001,DEF,0,0,false,72.2117,87.0000
2024-25,17,496661,MID,0,0,false,61.8191,50.8000
2024-25,17,444102,FWD,0,0,false,75.4735,38.0000
2024-25,17,463067,MID,0,0,false,66.3161,27.4000
2024-25,17,207189,MID,0,0,false,74.9602,18.0000
2024-25,17,551226,MID,0,0,false,85.1166,64.8000
2024-25,17,59859,MID,0,0,false,76.1617,27.6000
2024-25,17,231416,DEF,7,4,true,14.2687,0.0000
2024-25,17,216616,DEF,0,0,false,85.0038,90.0000
2024-25,17,509291,MID,0,0,false,61.0871,63.2000
2024-25,17,437499,DEF,0,0,false,90.0000,90.0000
2024-25,21,226597,DEF,0,0,false,78.2613,90.0000
2024-25,21,219847,FWD,0,0,false,62.1323,53.8000
2024-25,21,445122,DEF,0,0,false,59.2997,90.0000
2024-25,21,444145,MID,0,0,false,56.2489,51.4000
2024-25,21,184029,MID,0,0,false,70.0718,70.6000
2024-25,21,225321,GKP,0,0,false,56.4214,72.0000
2024-25,21,154561,GKP,0,0,false,87.2672,90.0000
2024-25,21,204480,MID,0,0,false,71.5984,83.0000
2024-25,21,223340,MID,4,4,false,42.9020,0.0000
2024-25,21,462424,DEF,0,0,false,87.6691,71.0000
2024-25,21,209289,MID,0,0,false,36.1051,73.8000
2024-25,21,167199,MID,0,0,false,61.5526,86.8000
2024-25,21,198869,DEF,10,4,false,22.6550,0.8000
2024-25,21,106468,DEF,0,0,false,19.9571,4.8000
2024-25,21,199796,DEF,0,0,false,62.0518,54.4000
2024-25,21,165659,DEF,2,2,true,35.7158,0.0000
2024-25,21,101188,DEF,0,0,false,76.2522,60.4000
2024-25,21,226944,MID,0,0,false,63.7534,57.0000
2024-25,21,199798,DEF,0,0,false,83.5567,72.0000
2024-25,21,98980,GKP,0,0,false,86.4657,108.0000
2024-25,21,122806,MID,1,1,false,61.1299,74.4000
2024-25,21,244954,DEF,2,2,false,53.1291,0.0000
2024-25,21,232653,MID,0,0,false,31.7787,62.8000
2024-25,21,244850,MID,0,0,false,61.5968,101.6000
2024-25,21,166989,MID,0,0,false,73.8762,108.0000
2024-25,21,178301,FWD,0,0,false,70.6079,89.0000
2024-25,21,158499,MID,0,0,false,81.1726,81.0000
2024-25,21,155408,MID,0,0,false,77.8076,90.0000
2024-25,21,544877,DEF,0,0,false,81.7269,90.0000
2024-25,21,222683,MID,0,0,false,58.6077,83.0000
2024-25,21,437730,MID,0,0,false,78.5089,90.0000
2024-25,21,221466,DEF,8,4,false,25.2593,0.0000
2024-25,21,54469,DEF,4,4,false,36.9641,0.0000
2024-25,21,154566,FWD,0,0,false,84.9206,0.0000
2024-25,21,201658,MID,6,4,false,30.8634,29.4000
2024-25,21,229600,GKP,0,0,false,27.5621,0.0000
2024-25,21,477580,DEF,0,0,false,89.5445,78.0000
2024-25,21,191866,DEF,4,4,false,19.7241,49.6000
2024-25,21,432830,DEF,0,0,false,86.0982,90.0000
2024-25,21,440089,MID,0,0,false,67.7820,84.2000
2024-25,21,118342,GKP,0,0,false,85.0008,72.0000
2024-25,21,204580,MID,0,0,false,67.2759,73.2000
2024-25,21,249231,MID,0,0,false,77.4798,90.0000
2024-25,21,446008,MID,0,0,false,82.5136,90.0000
2024-25,21,128295,MID,0,0,false,73.4696,72.2000
2024-25,21,231065,DEF,5,4,false,42.1845,24.0000
2024-25,21,216646,FWD,0,0,false,77.0668,90.0000
2024-25,21,535301,MID,0,0,false,68.3110,70.6000
2024-25,21,536916,MID,0,0,false,43.8238,14.4000
2024-25,21,83299,DEF,0,0,false,58.6247,54.0000
2024-25,21,204214,DEF,0,0,false,67.1242,21.2000
2024-25,21,532529,MID,10,4,false,13.1147,43.0000
2024-25,21,223434,DEF,1,1,false,40.7778,0.0000
2024-25,21,475168,FWD,0,0,false,69.3496,66.4000
2024-25,21,451340,MID,0,0,false,64.5265,78.6000
2024-25,21,469142,DEF,0,0,false,80.8743,90.0000
2024-25,21,111478,DEF,0,0,false,53.4833,70.6000
2024-25,21,489639,GKP,0,0,false,81.4445,90.0000
2024-25,21,50175,FWD,0,0,false,26.5522,62.6000
2024-25,21,109745,GKP,2,2,false,57.1250,90.0000
2024-25,21,486672,MID,0,0,false,85.5205,84.8000
2024-25,21,180736,DEF,2,2,false,45.4452,55.6000
2024-25,21,460028,DEF,0,0,false,78.2400,72.0000
2024-25,21,179268,DEF,0,0,false,71.5972,90.0000
2024-25,21,220362,DEF,2,2,false,30.3094,38.6000
2024-25,21,448047,MID,0,0,false,78.0477,72.0000
2024-25,21,482609,DEF,1,1,false,52.2578,42.6000
2024-25,21,248857,MID,0,0,false,44.0329,50.6000
2024-25,21,517052,FWD,0,0,false,71.8471,40.2000
2024-25,21,244851,MID,0,0,false,85.0385,88.4000
2024-25,21,215059,GKP,0,0,false,68.0142,36.0000
2024-25,21,109646,DEF,0,0,false,42.2807,52.4000
2024-25,21,444463,DEF,8,4,false,17.5191,0.0000
2024-25,21,174874,DEF,0,0,false,65.5212,90.0000
2024-25,21,427623,DEF,0,0,false,49.1682,88.6000
2024-25,21,232413,MID,0,0,false,64.0032,66.0000
2024-25,21,209036,DEF,0,0,false,74.5162,90.0000
2024-25,21,172649,GKP,0,0,false,80.8907,90.0000
2024-25,21,108413,MID,0,0,false,56.5895,86.4000
2024-25,21,101982,GKP,5,4,false,22.1067,0.0000
2024-25,21,152551,MID,0,0,false,63.4373,61.0000
2024-25,21,231747,FWD,0,0,false,77.2299,89.8000
2024-25,21,244723,DEF,0,0,false,86.3789,83.2000
2024-25,21,247348,DEF,0,0,false,73.0617,90.0000
2024-25,21,496221,MID,12,4,false,11.7984,11.2000
2024-25,21,121599,MID,0,0,false,80.3329,85.4000
2024-25,21,480455,DEF,0,0,false,79.8144,108.0000
2024-25,21,177815,FWD,0,0,false,64.6307,20.4000
2024-25,21,80801,MID,0,0,false,75.3792,105.2000
2024-25,21,490094,MID,13,4,false,3.1541,6.8000
2024-25,21,106611,DEF,10,4,false,10.9703,0.4000
2024-25,21,433154,MID,6,4,false,32.9969,0.0000
2024-25,21,224967,DEF,0,0,false,82.8067,107.4000
2024-25,21,440993,FWD,0,0,false,87.0694,54.2000
2024-25,21,449871,MID,0,0,false,45.0023,16.2000
2024-25,21,111234,GKP,0,0,false,90.0000,108.0000
2024-25,21,17761,DEF,0,0,false,89.6849,108.0000
2024-25,21,18892,DEF,0,0,false,70.2956,19.4000
2024-25,21,156689,MID,0,0,false,53.7044,13.2000
2024-25,21,232892,DEF,0,0,false,79.3330,90.0000
2024-25,21,219924,DEF,1,1,false,52.4862,2.6000
2024-25,21,153133,MID,0,0,false,80.0180,76.2000
2024-25,21,80201,GKP,0,0,false,90.0000,90.0000
2024-25,21,212314,MID,0,0,false,60.3111,86.8000
2024-25,21,102057,FWD,0,0,false,63.7881,74.0000
2024-25,21,169528,DEF,0,0,false,89.2206,90.0000
2024-25,21,167074,DEF,5,4,false,27.1936,0.0000
2024-25,21,122411,DEF,4,4,false,33.6727,18.0000
2024-25,21,455084,DEF,0,0,false,90.0000,62.4000
2024-25,21,463034,FWD,0,0,false,74.5633,79.4000
2024-25,21,449429,DEF,0,0,false,56.3273,72.0000
2024-25,21,503301,MID,0,0,false,71.2070,84.0000
2024-25,21,74944,MID,0,0,false,67.7564,56.0000
2024-25,21,180804,DEF,8,4,false,13.1275,49.0000
2024-25,21,220583,DEF,0,0,false,49.7634,18.0000
2024-25,21,225902,MID,0,0,false,72.2766,90.0000
2024-25,21,94147,DEF,1,1,false,56.4226,2.0000
2024-25,21,218218,DEF,0,0,false,44.8850,90.0000
2024-25,21,467189,GKP,5,4,false,33.3412,54.0000
2024-25,21,220627,DEF,0,0,false,80.2546,59.6000
2024-25,21,481510,DEF,0,0,false,71.4118,90.0000
2024-25,21,154048,MID,0,0,false,69.8393,28.8000
2024-25,21,203341,MID,6,4,false,25.7268,32.0000
2024-25,21,473341,DEF,1,1,false,16.5028,40.4000
2024-25,21,101668,FWD,0,0,false,72.9269,81.0000
2024-25,21,93100,DEF,0,0,false,67.6154,56.8000
2024-25,21,157668,MID,0,0,false,54.7678,48.8000
2024-25,21,116535,GKP,0,0,false,67.9564,126.0000
2024-25,21,169187,DEF,0,0,false,74.1876,99.2000
2024-25,21,441266,MID,0,0,false,73.6097,115.4000
2024-25,21,200720,GKP,6,4,false,21.8950,0.0000
2024-25,21,204716,DEF,0,0,false,40.9726,117.0000
2024-25,21,244731,MID,0,0,false,63.1250,96.6000
2024-25,21,118748,MID,0,0,false,84.7113,125.4000
2024-25,21,243016,MID,0,0,false,74.0260,113.6000
2024-25,21,122798,DEF,0,0,false,67.5573,105.2000
2024-25,21,424876,MID,0,0,false,49.5829,119.2000
2024-25,21,444765,DEF,0,0,false,70.1112,65.8000
2024-25,21,97032,DEF,0,0,false,88.7702,126.0000
2024-25,21,211975,DEF,0,0,false,70.7594,50.2000
2024-25,21,126184,DEF,0,0,false,51.0201,15.2000
2024-25,21,165809,MID,0,0,false,83.4664,36.0000
2024-25,21,61366,MID,0,0,false,51.2782,32.2000
2024-25,21,121160,GKP,5,4,false,32.8204,72.0000
2024-25,21,209244,MID,0,0,false,72.1103,77.6000
2024-25,21,477424,DEF,0,0,false,81.1696,89.2000
2024-25,21,223094,FWD,0,0,false,84.8306,65.6000
2024-25,21,91651,MID,0,0,false,56.5130,53.2000
2024-25,21,477064,DEF,1,1,false,53.2070,39.6000
2024-25,21,88248,GKP,0,0,false,57.1644,18.0000
2024-25,21,155405,MID,0,0,false,31.4498,51.8000
2024-25,21,171314,DEF,5,4,false,35.4217,20.6000
2024-25,21,58621,DEF,1,1,false,44.8234,0.0000
2024-25,21,493250,MID,0,0,false,65.7410,54.0000
2024-25,21,141746,MID,0,0,false,74.5558,90.0000
2024-25,21,216051,DEF,1,1,false,76.0841,90.0000
2024-25,21,497894,FWD,0,0,false,63.2250,48.4000
2024-25,21,516895,MID,0,0,false,54.8034,28.2000
2024-25,21,221820,DEF,0,0,false,66.3448,34.2000
2024-25,21,202641,GKP,0,0,false,90.0000,90.0000
2024-25,21,176297,MID,6,4,false,27.2626,31.2000
2024-25,21,209243,MID,0,0,false,52.5008,46.8000
2024-25,21,214590,DEF,0,0,false,80.4551,90.0000
2024-25,21,208706,MID,0,0,false,86.6813,83.0000
2024-25,21,78916,DEF,0,0,false,83.9858,90.0000
2024-25,21,67089,GKP,0,0,false,58.3004,72.0000
2024-25,21,232826,MID,0,0,false,75.8276,85.8000
2024-25,21,487838,DEF,0,0,false,75.0052,84.2000
2024-25,21,219168,FWD,0,0,false,75.1156,86.6000
2024-25,21,114243,MID,0,0,false,57.8116,80.0000
2024-25,21,180974,MID,0,0,false,69.4952,48.6000
2024-25,21,441191,DEF,0,0,false,60.1817,75.6000
2024-25,21,98747,GKP,6,4,false,31.2391,18.0000
2024-25,21,119471,DEF,2,2,false,65.0610,81.0000
2024-25,21,432422,MID,0,0,false,64.2622,76.0000
2024-25,21,159506,DEF,0,0,false,79.9545,87.6000
2024-25,21,215379,MID,0,0,false,61.8673,84.2000
2024-25,21,222531,MID,0,0,false,75.2305,82.2000
2024-25,21,209046,MID,0,0,false,66.2775,29.8000
2024-25,21,575476,DEF,0,0,false,77.1367,86.2000
2024-25,21,215136,DEF,0,0,false,65.1370,85.0000
2024-25,21,85633,GKP,0,0,false,79.9798,90.0000
2024-25,21,60689,FWD,0,0,false,75.1970,86.6000
2024-25,21,204968,MID,0,0,false,56.2006,13.2000
2024-25,21,155511,FWD,0,0,false,56.5709,23.2000
2024-25,21,171771,DEF,0,0,false,72.3025,74.2000
2024-25,21,245719,DEF,0,0,false,84.5885,45.0000
2024-25,21,204863,DEF,2,2,false,24.9269,19.4000
2024-25,21,88900,DEF,7,4,false,16.3767,2.0000
2024-25,21,158534,DEF,0,0,false,86.8733,90.0000
2024-25,21,244845,DEF,0,0,false,48.5461,9.0000
2024-25,21,493125,DEF,0,0,false,62.0735,27.0000
2024-25,21,40383,GKP,2,2,false,45.9263,0.0000
2024-25,21,242898,MID,0,0,false,65.1550,17.8000
2024-25,21,445044,MID,0,0,false,82.9294,90.0000
2024-25,21,441164,DEF,0,0,false,77.9626,77.0000
2024-25,21,221632,DEF,6,4,false,25.4195,0.0000
2024-25,21,85971,MID,0,0,false,65.1403,85.8000
2024-25,21,487053,DEF,2,2,false,48.1057,12.8000
2024-25,21,491279,DEF,6,4,false,22.2336,0.0000
2024-25,21,184254,GKP,9,4,false,31.0400,36.0000
2024-25,21,213999,MID,0,0,false,64.7500,69.4000
2024-25,21,84182,GKP,1,1,false,41.9111,72.0000
2024-25,21,178186,MID,2,2,false,63.1137,52.2000
2024-25,21,220585,MID,0,0,false,43.6249,9.0000
2024-25,21,109533,DEF,0,0,false,65.5608,48.8000
2024-25,21,37096,GKP,0,0,false,48.0155,18.0000
2024-25,21,214048,DEF,0,0,false,84.3500,90.0000
2024-25,21,460842,MID,0,0,false,65.5856,90.0000
2024-25,21,224024,MID,0,0,false,69.7858,47.0000
2024-25,21,233963,DEF,0,0,false,61.5769,42.4000
2024-25,21,215439,MID,0,0,false,73.6022,81.0000
2024-25,21,448514,DEF,0,0,false,77.6254,80.0000
2024-25,21,430871,FWD,0,0,false,64.2000,89.6000
2024-25,21,60232,DEF,2,2,false,33.5987,0.0000
2024-25,21,87835,DEF,0,0,false,60.7888,89.2000
2024-25,21,448089,MID,0,0,false,77.5423,57.2000
2024-25,21,149065,GKP,0,0,false,75.0442,90.0000
2024-25,21,151086,MID,1,1,false,45.9284,0.0000
2024-25,21,501837,DEF,16,4,true,3.2560,0.0000
2024-25,21,200402,DEF,0,0,false,64.5391,90.0000
2024-25,21,231480,DEF,0,0,false,66.9960,56.6000
2024-25,21,247412,FWD,0,0,false,81.1850,33.2000
2024-25,21,510362,DEF,3,3,false,49.8808,54.0000
2024-25,21,232917,GKP,3,3,false,46.6113,18.0000
2024-25,21,227444,DEF,0,0,false,89.5404,90.0000
2024-25,21,466075,DEF,1,1,false,33.3510,23.0000
2024-25,21,554605,DEF,0,0,false,72.6684,90.0000
2024-25,21,232185,MID,0,0,false,83.9698,78.4000
2024-25,21,209365,DEF,0,0,false,66.3869,67.0000
2024-25,21,230001,DEF,0,0,false,80.0387,78.2000
2024-25,21,509416,MID,0,0,false,63.1780,47.2000
2024-25,21,496661,MID,0,0,false,64.0446,24.8000
2024-25,21,444102,FWD,1,1,false,59.8471,0.0000
2024-25,21,454667,MID,0,0,false,61.9803,53.8000
2024-25,21,207189,MID,4,4,false,44.0238,83.4000
2024-25,21,551226,MID,0,0,false,70.4936,89.4000
2024-25,21,59859,MID,0,0,false,43.6451,55.8000
2024-25,21,231416,DEF,11,4,true,6.8590,0.0000
2024-25,21,216616,DEF,0,0,false,86.4043,90.0000
2024-25,21,509291,MID,0,0,false,60.1989,85.8000
2024-25,21,437499,DEF,0,0,false,90.0000,89.0000
2024-25,21,179519,MID,0,0,false,66.9118,36.0000
2024-25,25,226597,DEF,0,0,false,83.3407,75.0000
2024-25,25,219847,FWD,1,1,false,62.1752,0.0000
2024-25,25,445122,DEF,0,0,false,68.3098,86.0000
2024-25,25,444145,MID,1,1,false,57.0778,40.0000
2024-25,25,184029,MID,0,0,false,69.9327,88.6000
2024-25,25,225321,GKP,0,0,false,59.1454,90.0000
2024-25,25,154561,GKP,0,0,false,87.6316,90.0000
2024-25,25,204480,MID,0,0,false,80.2805,83.0000
2024-25,25,223340,MID,8,4,false,27.1262,4.8000
2024-25,25,462424,DEF,0,0,false,81.6238,89.0000
2024-25,25,209289,MID,0,0,false,51.9083,55.0000
2024-25,25,167199,MID,0,0,false,68.6011,70.0000
2024-25,25,116216,MID,0,0,false,69.0928,74.6000
2024-25,25,198869,DEF,14,4,false,16.9381,1.8000
2024-25,25,106468,DEF,2,2,false,14.2918,10.0000
2024-25,25,199796,DEF,0,0,false,48.0496,38.8000
2024-25,25,165659,DEF,6,4,true,19.5768,0.0000
2024-25,25,101188,DEF,0,0,false,67.5893,51.4000
2024-25,25,226944,MID,0,0,false,55.5747,23.8000
2024-25,25,199798,DEF,1,1,false,65.5891,72.0000
2024-25,25,98980,GKP,0,0,false,87.5729,45.0000
2024-25,25,122806,MID,0,0,false,63.6925,66.0000
2024-25,25,149484,DEF,0,0,false,42.3204,29.8000
2024-25,25,244954,DEF,6,4,false,28.6252,18.0000
2024-25,25,232653,MID,0,0,false,39.6826,48.6000
2024-25,25,244850,MID,0,0,false,69.9607,68.8000
2024-25,25,166989,MID,0,0,false,79.0154,66.8000
2024-25,25,178301,FWD,0,0,false,73.8904,51.6000
2024-25,25,200785,MID,0,0,false,55.6996,66.6000
2024-25,25,158499,MID,0,0,false,82.9343,55.4000
2024-25,25,155408,MID,0,0,false,82.6483,90.0000
2024-25,25,544877,DEF,0,0,false,83.1571,90.0000
2024-25,25,222683,MID,0,0,false,69.1221,66.0000
2024-25,25,533463,MID,0,0,false,67.1777,55.6000
2024-25,25,437730,MID,0,0,false,81.7599,89.8000
2024-25,25,221466,DEF,12,4,false,16.9098,6.4000
2024-25,25,54469,DEF,8,4,false,22.7028,9.0000
2024-25,25,154566,FWD,4,4,false,49.2433,54.0000
2024-25,25,201658,MID,0,0,false,26.2948,61.0000
2024-25,25,229600,GKP,4,4,true,14.6809,0.0000
2024-25,25,477580,DEF,0,0,false,89.6053,40.0000
2024-25,25,191866,DEF,0,0,false,33.9096,66.2000
2024-25,25,432830,DEF,0,0,false,86.6184,90.0000
2024-25,25,440089,MID,0,0,false,73.2023,73.2000
2024-25,25,118342,GKP,0,0,false,77.0432,90.0000
2024-25,25,204580,MID,0,0,false,70.7997,73.0000
2024-25,25,249231,MID,0,0,false,80.0216,90.0000
2024-25,25,446008,MID,0,0,false,83.5413,90.0000
2024-25,25,128295,MID,0,0,false,75.6221,63.0000
2024-25,25,231065,DEF,0,0,false,30.0657,88.4000
2024-25,25,216646,FWD,0,0,false,81.7300,90.0000
2024-25,25,535301,MID,0,0,false,64.0400,72.6000
2024-25,25,83299,DEF,1,1,false,60.9409,14.2000
2024-25,25,204214,DEF,3,3,false,43.0451,72.8000
2024-25,25,532529,MID,0,0,false,24.5595,70.2000
2024-25,25,223434,DEF,5,4,false,23.7083,0.0000
2024-25,25,475168,FWD,0,0,false,62.0940,82.4000
2024-25,25,451340,MID,0,0,false,68.4475,85.0000
2024-25,25,469142,DEF,0,0,false,83.4508,90.0000
2024-25,25,111478,DEF,0,0,false,67.4155,0.0000
2024-25,25,489639,GKP,0,0,false,82.8759,90.0000
2024-25,25,50175,FWD,0,0,false,49.8365,12.8000
2024-25,25,109745,GKP,0,0,false,73.7814,90.0000
2024-25,25,486672,MID,0,0,false,83.2222,88.4000
2024-25,25,180736,DEF,0,0,false,52.7939,22.8000
2024-25,25,460028,DEF,0,0,false,73.8813,90.0000
2024-25,25,179268,DEF,0,0,false,77.6699,90.0000
2024-25,25,220362,DEF,0,0,false,40.5961,37.8000
2024-25,25,448047,MID,0,0,false,74.5327,89.8000
2024-25,25,482609,DEF,0,0,false,44.2881,54.8000
2024-25,25,248857,MID,0,0,false,48.9488,4.4000
2024-25,25,517052,FWD,1,1,false,60.2920,16.2000
2024-25,25,244851,MID,0,0,false,85.3489,68.4000
2024-25,25,215059,GKP,2,2,false,52.9532,54.0000
2024-25,25,109646,DEF,1,1,false,41.8036,53.4000
2024-25,25,444463,DEF,12,4,false,8.6429,31.4000
2024-25,25,174874,DEF,0,0,false,77.5329,90.0000
2024-25,25,427623,DEF,0,0,false,66.1459,54.0000
2024-25,25,232413,MID,0,0,false,60.3191,71.8000
2024-25,25,209036,DEF,0,0,false,79.5846,72.0000
2024-25,25,172649,GKP,0,0,false,82.1053,72.0000
2024-25,25,108413,MID,0,0,false,68.3667,29.2000
2024-25,25,101982,GKP,9,4,false,14.5032,0.0000
2024-25,25,152551,MID,0,0,false,61.3959,58.4000
2024-25,25,231747,FWD,0,0,false,81.3458,47.6000
2024-25,25,244723,DEF,0,0,false,83.2621,61.6000
2024-25,25,247348,DEF,0,0,false,77.7944,69.0000
2024-25,25,496221,MID,0,0,false,14.6230,51.4000
2024-25,25,121599,MID,1,1,false,72.0458,58.8000
2024-25,25,480455,DEF,0,0,false,84.9206,90.0000
2024-25,25,177815,FWD,2,2,false,40.2744,0.0000
2024-25,25,80801,MID,0,0,false,78.8702,86.8000
2024-25,25,232928,MID,0,0,false,43.2161,83.0000
2024-25,25,106611,DEF,3,3,false,5.8554,0.0000
2024-25,25,433154,MID,10,4,false,20.6364,0.0000
2024-25,25,224967,DEF,0,0,false,84.4915,90.0000
2024-25,25,440993,FWD,1,1,false,65.3760,4.2000
2024-25,25,449871,MID,1,1,false,31.1004,5.0000
2024-25,25,111234,GKP,0,0,false,90.0000,90.0000
2024-25,25,17761,DEF,0,0,false,89.8635,90.0000
2024-25,25,18892,DEF,0,0,false,41.0927,12.8000
2024-25,25,232892,DEF,0,0,false,82.5414,56.8000
2024-25,25,166477,DEF,0,0,false,74.9253,87.8000
2024-25,25,219924,DEF,1,1,false,29.5972,53.2000
2024-25,25,153133,MID,0,0,false,77.8631,55.0000
2024-25,25,80201,GKP,0,0,false,90.0000,90.0000
2024-25,25,212314,MID,0,0,false,68.8776,44.4000
2024-25,25,102057,FWD,0,0,false,64.7721,62.8000
2024-25,25,169528,DEF,0,0,false,89.3246,75.6000
2024-25,25,167074,DEF,9,4,false,15.4037,0.0000
2024-25,25,122411,DEF,3,3,false,25.2399,27.0000
2024-25,25,455084,DEF,1,1,false,69.9533,69.8000
2024-25,25,463034,FWD,0,0,false,77.5174,79.8000
2024-25,25,449429,DEF,0,0,false,64.7601,63.0000
2024-25,25,503301,MID,0,0,false,77.6351,53.6000
2024-25,25,222018,DEF,0,0,false,40.7836,24.6000
2024-25,25,74944,MID,1,1,false,64.5163,31.2000
2024-25,25,180804,DEF,0,0,false,37.7179,34.0000
2024-25,25,108813,GKP,2,2,false,37.6002,0.0000
2024-25,25,220583,DEF,0,0,false,31.8054,45.0000
2024-25,25,225902,MID,0,0,false,81.2563,70.6000
2024-25,25,94147,DEF,2,2,false,28.1777,55.4000
2024-25,25,218218,DEF,0,0,false,67.7429,90.0000
2024-25,25,467189,GKP,0,0,false,43.1600,90.0000
2024-25,25,220627,DEF,0,0,false,75.5812,68.8000
2024-25,25,481510,DEF,0,0,false,80.8297,79.6000
2024-25,25,203341,MID,0,0,false,26.2348,87.2000
2024-25,25,473341,DEF,0,0,false,26.7187,22.4000
2024-25,25,436680,GKP,2,2,false,41.6873,0.0000
2024-25,25,101668,FWD,0,0,false,75.7784,81.0000
2024-25,25,93100,DEF,1,1,false,60.2440,26.2000
2024-25,25,157668,MID,1,1,false,55.6161,15.8000
2024-25,25,116535,GKP,0,0,false,79.4393,54.0000
2024-25,25,169187,DEF,0,0,false,68.0755,50.8000
2024-25,25,441266,MID,0,0,false,73.6960,67.2000
2024-25,25,200720,GKP,10,4,false,10.5045,18.0000
2024-25,25,204716,DEF,0,0,false,62.1199,72.0000
2024-25,25,244731,MID,0,0,false,64.8934,67.8000
2024-25,25,118748,MID,0,0,false,85.5350,72.0000
2024-25,25,243016,MID,0,0,false,76.6838,62.2000
2024-25,25,122798,DEF,0,0,false,71.1800,41.6000
2024-25,25,424876,MID,0,0,false,69.0423,63.0000
2024-25,25,444765,DEF,0,0,false,75.1901,21.6000
2024-25,25,97032,DEF,0,0,false,88.9342,72.0000
2024-25,25,211975,DEF,1,1,false,64.9534,0.0000
2024-25,25,126184,DEF,4,4,false,29.6601,15.2000
2024-25,25,165809,MID,1,1,false,65.8653,24.6000
2024-25,25,121160,GKP,0,0,false,49.5781,72.0000
2024-25,25,209244,MID,0,0,false,73.4818,37.6000
2024-25,25,477424,DEF,0,0,false,82.9895,90.0000
2024-25,25,223094,FWD,0,0,false,83.0252,54.0000
2024-25,25,91651,MID,0,0,false,56.3439,26.2000
2024-25,25,477064,DEF,0,0,false,42.0675,42.0000
2024-25,25,88248,GKP,1,1,false,40.4087,18.0000
2024-25,25,155405,MID,0,0,false,37.3630,52.4000
2024-25,25,171314,DEF,3,3,false,29.8478,74.6000
2024-25,25,58621,DEF,5,4,true,27.8219,0.0000
2024-25,25,493250,MID,1,1,false,60.0670,0.0000
2024-25,25,141746,MID,0,0,false,81.5922,90.0000
2024-25,25,61256,MID,0,0,false,30.7267,50.6000
2024-25,25,216051,DEF,0,0,false,82.4715,90.0000
2024-25,25,95658,DEF,0,0,false,67.2968,36.4000
2024-25,25,516895,MID,1,1,false,45.0663,0.0000
2024-25,25,221820,DEF,1,1,true,52.6348,0.0000
2024-25,25,202641,GKP,0,0,false,90.0000,90.0000
2024-25,25,176297,MID,0,0,false,29.7003,30.6000
2024-25,25,209243,MID,0,0,false,50.9696,62.6000
2024-25,25,214590,DEF,0,0,false,82.1695,90.0000
2024-25,25,208706,MID,0,0,false,83.8838,70.8000
2024-25,25,78916,DEF,0,0,false,85.6808,72.0000
2024-25,25,67089,GKP,0,0,false,71.2655,0.0000
2024-25,25,232826,MID,0,0,false,79.1344,36.0000
2024-25,25,487838,DEF,0,0,false,75.1274,36.0000
2024-25,25,219168,FWD,0,0,false,79.0371,45.8000
2024-25,25,114243,MID,0,0,false,67.1197,62.8000
2024-25,25,180974,MID,1,1,false,60.5403,36.0000
2024-25,25,441191,DEF,0,0,false,61.8925,67.6000
2024-25,25,98747,GKP,10,4,false,18.3353,72.0000
2024-25,25,119471,DEF,0,0,false,73.0504,72.0000
2024-25,25,432422,MID,0,0,false,71.5000,53.6000
2024-25,25,159506,DEF,0,0,false,80.6154,79.8000
2024-25,25,215379,MID,0,0,false,69.5097,82.4000
2024-25,25,449434,MID,0,0,false,73.6725,76.0000
2024-25,25,222531,MID,0,0,false,78.0788,89.6000
2024-25,25,209046,MID,0,0,false,42.9884,69.2000
2024-25,25,575476,DEF,0,0,false,80.1657,90.0000
2024-25,25,215136,DEF,0,0,false,71.7296,90.0000
2024-25,25,85633,GKP,0,0,false,81.3158,90.0000
2024-25,25,60689,FWD,0,0,false,77.8789,67.8000
2024-25,25,204968,MID,2,2,false,37.0226,35.2000
2024-25,25,193204,MID,0,0,false,74.5252,59.2000
2024-25,25,155511,FWD,2,2,true,40.0991,0.0000
2024-25,25,171771,DEF,0,0,false,81.2691,23.8000
2024-25,25,184386,DEF,0,0,false,65.2651,27.0000
2024-25,25,245719,DEF,1,1,false,66.7196,63.0000
2024-25,25,58376,GKP,2,2,false,15.3319,0.0000
2024-25,25,88900,DEF,1,1,false,9.4350,18.2000
2024-25,25,158534,DEF,0,0,false,88.4575,83.6000
2024-25,25,244845,DEF,0,0,false,31.2049,0.0000
2024-25,25,202993,MID,0,0,false,43.4455,78.2000
2024-25,25,115556,DEF,0,0,false,47.0483,18.0000
2024-25,25,493125,DEF,2,2,true,44.5081,0.0000
2024-25,25,40383,GKP,6,4,false,22.6574,0.0000
2024-25,25,242898,MID,0,0,false,40.8512,53.8000
2024-25,25,445044,MID,0,0,false,85.2046,22.8000
2024-25,25,441164,DEF,0,0,false,83.2756,40.6000
2024-25,25,221632,DEF,10,4,false,17.9886,43.4000
2024-25,25,85971,MID,0,0,false,75.9292,55.2000
2024-25,25,232859,DEF,0,0,false,59.5519,76.6000
2024-25,25,487053,DEF,6,4,false,28.8138,62.6000
2024-25,25,491279,DEF,10,4,false,15.5543,23.2000
2024-25,25,184254,GKP,0,0,false,34.0815,90.0000
2024-25,25,213999,MID,0,0,false,64.2592,52.2000
2024-25,25,84182,GKP,0,0,false,57.0296,90.0000
2024-25,25,178186,MID,0,0,false,59.8509,88.2000
2024-25,25,220585,MID,3,3,false,25.8359,35.6000
2024-25,25,109533,DEF,0,0,false,64.4285,25.4000
2024-25,25,37096,GKP,3,3,false,32.9349,0.0000
2024-25,25,214048,DEF,0,0,false,87.1241,90.0000
2024-25,25,460842,MID,0,0,false,75.8806,68.4000
2024-25,25,224024,MID,0,0,false,65.3117,39.4000
2024-25,25,233963,DEF,0,0,false,54.0911,51.4000
2024-25,25,215439,MID,0,0,false,74.6067,69.2000
2024-25,25,448514,DEF,0,0,false,77.9513,83.8000
2024-25,25,430871,FWD,0,0,false,75.0902,35.6000
2024-25,25,60232,DEF,6,4,false,21.1002,0.0000
2024-25,25,87835,DEF,0,0,false,70.6173,90.0000
2024-25,25,448089,MID,0,0,false,69.0204,81.0000
2024-25,25,149065,GKP,0,0,false,81.6942,90.0000
2024-25,25,151086,MID,5,4,true,28.7518,0.0000
2024-25,25,501837,DEF,20,4,true,1.6063,0.0000
2024-25,25,200402,DEF,0,0,false,76.4321,89.8000
2024-25,25,231480,DEF,0,0,false,55.4457,33.4000
2024-25,25,247412,FWD,2,2,false,52.2138,64.4000
2024-25,25,510362,DEF,0,0,false,52.6646,90.0000
2024-25,25,232917,GKP,1,1,false,35.5222,0.0000
2024-25,25,510281,MID,0,0,false,57.3167,77.6000
2024-25,25,227444,DEF,0,0,false,89.7733,90.0000
2024-25,25,554605,DEF,0,0,false,81.4496,90.0000
2024-25,25,512462,DEF,0,0,false,52.7054,90.0000
2024-25,25,232185,MID,0,0,false,82.6542,67.8000
2024-25,25,209365,DEF,0,0,false,63.4718,90.0000
2024-25,25,230001,DEF,0,0,false,80.4276,76.8000
2024-25,25,509416,MID,0,0,false,49.1995,51.4000
2024-25,25,444102,FWD,5,4,false,29.4486,52.6000
2024-25,25,454667,MID,0,0,false,59.6510,80.6000
2024-25,25,207189,MID,0,0,false,65.8992,83.4000
2024-25,25,551226,MID,0,0,false,80.4016,80.4000
2024-25,25,59859,MID,0,0,false,54.3117,38.8000
2024-25,25,231416,DEF,15,4,true,3.3646,0.0000
2024-25,25,216616,DEF,0,0,false,87.2167,90.0000
2024-25,25,509291,MID,0,0,false,73.2843,83.2000
2024-25,25,437499,DEF,0,0,false,89.1865,72.0000
2024-25,25,179519,MID,2,2,true,46.4567,0.0000
2024-25,25,516939,DEF,0,0,false,81.7641,54.0000
2024-25,29,226597,DEF,0,0,false,85.9946,3.0000
2024-25,29,219847,FWD,5,4,false,35.9176,0.0000
2024-25,29,445122,DEF,0,0,false,72.8988,43.2000
2024-25,29,444145,MID,0,0,false,46.6450,77.4000
2024-25,29,184029,MID,0,0,false,78.5539,62.4000
2024-25,29,225321,GKP,0,0,false,69.5903,90.0000
2024-25,29,154561,GKP,0,0,false,87.9102,90.0000
2024-25,29,204480,MID,0,0,false,81.8961,83.2000
2024-25,29,223340,MID,12,4,false,18.5832,36.4000
2024-25,29,462424,DEF,0,0,false,85.3356,90.0000
2024-25,29,209289,MID,0,0,false,50.5848,25.0000
2024-25,29,167199,MID,0,0,false,64.8657,49.6000
2024-25,29,116216,MID,0,0,false,76.4401,73.2000
2024-25,29,198869,DEF,2,2,false,14.3182,30.0000
2024-25,29,106468,DEF,6,4,false,8.9452,28.0000
2024-25,29,199796,DEF,0,0,false,44.8027,62.8000
2024-25,29,165659,DEF,9,4,true,14.4722,0.0000
2024-25,29,101188,DEF,0,0,false,65.2356,36.0000
2024-25,29,226944,MID,0,0,false,41.0297,58.0000
2024-25,29,199798,DEF,0,0,false,73.9643,81.0000
2024-25,29,98980,GKP,1,1,false,72.0518,90.0000
2024-25,29,122806,MID,0,0,false,68.9284,42.4000
2024-25,29,149484,DEF,0,0,false,43.6376,54.0000
2024-25,29,244954,DEF,9,4,false,20.9680,36.0000
2024-25,29,232653,MID,0,0,false,45.7351,47.0000
2024-25,29,244850,MID,0,0,false,73.0542,85.4000
2024-25,29,166989,MID,0,0,false,81.0438,84.8000
2024-25,29,178301,FWD,0,0,false,75.8019,41.2000
2024-25,29,200785,MID,0,0,false,60.6336,75.0000
2024-25,29,158499,MID,0,0,false,71.1957,11.4000
2024-25,29,155408,MID,0,0,false,85.2243,66.6000
2024-25,29,544877,DEF,0,0,false,84.1363,90.0000
2024-25,29,222683,MID,0,0,false,73.8081,32.2000
2024-25,29,437730,MID,0,0,false,83.5293,88.4000
2024-25,29,221466,DEF,16,4,false,12.2691,19.0000
2024-25,29,54469,DEF,12,4,false,15.0649,74.8000
2024-25,29,154566,FWD,0,0,false,53.1207,68.0000
2024-25,29,201658,MID,0,0,false,49.9825,14.4000
2024-25,29,229600,GKP,8,4,true,8.0539,0.0000
2024-25,29,477580,DEF,0,0,false,64.9270,77.6000
2024-25,29,191866,DEF,0,0,false,54.7402,37.4000
2024-25,29,432830,DEF,0,0,false,87.0163,90.0000
2024-25,29,440089,MID,0,0,false,74.8476,72.2000
2024-25,29,118342,GKP,0,0,false,83.1916,90.0000
2024-25,29,204580,MID,0,0,false,73.7432,30.6000
2024-25,29,249231,MID,0,0,false,81.6598,78.0000
2024-25,29,446008,MID,0,0,false,84.3169,90.0000
2024-25,29,128295,MID,0,0,false,68.8396,90.0000
2024-25,29,231065,DEF,0,0,false,58.0560,16.4000
2024-25,29,216646,FWD,0,0,false,84.2670,90.0000
2024-25,29,535301,MID,0,0,false,71.6478,72.8000
2024-25,29,83299,DEF,5,4,false,35.6870,86.2000
2024-25,29,204214,DEF,0,0,false,55.2793,88.0000
2024-25,29,532529,MID,0,0,false,44.9377,84.4000
2024-25,29,223434,DEF,9,4,false,14.7280,0.0000
2024-25,29,475168,FWD,0,0,false,71.7094,49.6000
2024-25,29,451340,MID,0,0,false,73.2274,41.0000
2024-25,29,469142,DEF,0,0,false,84.9450,54.0000
2024-25,29,111478,DEF,4,4,false,36.8627,0.0000
2024-25,29,489639,GKP,0,0,false,83.8687,90.0000
2024-25,29,50175,FWD,0,0,false,33.3840,72.8000
2024-25,29,109745,GKP,0,0,false,81.9443,90.0000
2024-25,29,242880,DEF,0,0,false,18.9072,0.0000
2024-25,29,486672,MID,0,0,false,84.8712,90.0000
2024-25,29,180736,DEF,1,1,false,30.9173,90.0000
2024-25,29,460028,DEF,0,0,false,79.1385,72.0000
2024-25,29,179268,DEF,0,0,false,81.0466,74.6000
2024-25,29,220362,DEF,0,0,false,49.4619,25.6000
2024-25,29,448047,MID,0,0,false,80.0522,90.0000
2024-25,29,482609,DEF,0,0,false,41.9291,53.6000
2024-25,29,225796,DEF,0,0,false,33.9397,30.4000
2024-25,29,248857,MID,4,4,false,26.5970,53.8000
2024-25,29,517052,FWD,5,4,false,35.2455,75.8000
2024-25,29,244851,MID,1,1,false,71.9564,78.2000
2024-25,29,215059,GKP,0,0,false,51.9033,90.0000
2024-25,29,109646,DEF,0,0,false,50.1412,27.4000
2024-25,29,444463,DEF,0,0,false,27.6027,0.0000
2024-25,29,174874,DEF,0,0,false,83.6554,90.0000
2024-25,29,427623,DEF,0,0,false,73.9457,45.0000
2024-25,29,232413,MID,0,0,false,70.2769,82.6000
2024-25,29,209036,DEF,0,0,false,81.9942,89.8000
2024-25,29,172649,GKP,0,0,false,83.0341,108.0000
2024-25,29,108413,MID,1,1,false,58.8391,45.2000
2024-25,29,101982,GKP,13,4,false,10.3190,0.0000
2024-25,29,152551,MID,0,0,false,63.8067,97.8000
2024-25,29,231747,FWD,1,1,false,71.0592,61.8000
2024-25,29,244723,DEF,0,0,false,83.0602,90.2000
2024-25,29,247348,DEF,0,0,false,80.2059,105.0000
2024-25,29,496221,MID,0,0,false,31.9154,82.8000
2024-25,29,121599,MID,0,0,false,64.1400,89.0000
2024-25,29,480455,DEF,0,0,false,86.8217,90.0000
2024-25,29,177815,FWD,6,4,false,24.8280,0.0000
2024-25,29,80801,MID,0,0,false,80.2423,87.6000
2024-25,29,232928,MID,0,0,false,62.0319,74.4000
2024-25,29,221399,MID,0,0,false,61.7223,76.6000
2024-25,29,106611,DEF,7,4,false,3.7960,7.6000
2024-25,29,433154,MID,14,4,false,15.4400,8.4000
2024-25,29,224967,DEF,0,0,false,85.6049,72.0000
2024-25,29,440993,FWD,5,4,false,34.1333,56.8000
2024-25,29,449871,MID,4,4,false,22.1585,53.4000
2024-25,29,111234,GKP,0,0,false,90.0000,90.0000
2024-25,29,17761,DEF,0,0,false,89.9270,64.2000
2024-25,29,18892,DEF,1,1,false,29.6959,10.6000
2024-25,29,156689,MID,0,0,false,55.4402,60.2000
2024-25,29,232892,DEF,0,0,false,77.0284,72.0000
2024-25,29,166477,DEF,0,0,false,80.1471,56.4000
2024-25,29,219924,DEF,1,1,false,37.2246,15.2000
2024-25,29,153133,MID,0,0,false,70.6238,72.4000
2024-25,29,80201,GKP,0,0,false,90.0000,90.0000
2024-25,29,212314,MID,2,2,false,50.5270,68.2000
2024-25,29,102057,FWD,0,0,false,60.5382,59.2000
2024-25,29,169528,DEF,0,0,false,82.4493,72.0000
2024-25,29,167074,DEF,13,4,false,9.2465,35.0000
2024-25,29,122411,DEF,0,0,false,19.7435,83.0000
2024-25,29,455084,DEF,0,0,false,78.7972,20.2000
2024-25,29,463034,FWD,0,0,false,79.6580,49.6000
2024-25,29,449429,DEF,0,0,false,70.2565,36.0000
2024-25,29,503301,MID,0,0,false,72.0041,0.0000
2024-25,29,74944,MID,2,2,false,40.3582,88.2000
2024-25,29,180804,DEF,2,2,false,27.7940,70.0000
2024-25,29,108813,GKP,6,4,false,18.6758,0.0000
2024-25,29,220583,DEF,0,0,false,46.6176,18.0000
2024-25,29,225902,MID,0,0,false,74.5686,78.0000
2024-25,29,94147,DEF,0,0,false,41.1970,90.0000
2024-25,29,218218,DEF,0,0,false,78.9450,72.0000
2024-25,29,467189,GKP,0,0,false,66.7349,90.0000
2024-25,29,220627,DEF,0,0,false,71.8835,61.0000
2024-25,29,481510,DEF,0,0,false,82.4734,20.8000
2024-25,29,203341,MID,0,0,false,56.9950,82.4000
2024-25,29,473341,DEF,3,3,false,21.0798,24.0000
2024-25,29,436680,GKP,6,4,false,20.7058,0.0000
2024-25,29,244619,DEF,0,0,false,29.7915,84.0000
2024-25,29,101668,FWD,0,0,false,82.9362,69.2000
2024-25,29,93100,DEF,2,2,false,43.9474,0.0000
2024-25,29,157668,MID,0,0,false,38.3045,0.0000
2024-25,29,116535,GKP,0,0,false,82.1350,54.0000
2024-25,29,169187,DEF,0,0,false,72.6259,18.8000
2024-25,29,441266,MID,0,0,false,74.4004,90.0000
2024-25,29,200720,GKP,13,4,false,7.8277,36.0000
2024-25,29,204716,DEF,0,0,false,69.7436,85.2000
2024-25,29,244731,MID,0,0,false,71.1995,75.0000
2024-25,29,118748,MID,0,0,false,86.1847,88.8000
2024-25,29,243016,MID,0,0,false,74.6773,88.4000
2024-25,29,122798,DEF,0,0,false,60.1969,58.2000
2024-25,29,424876,MID,0,0,false,69.5312,60.6000
2024-25,29,444765,DEF,0,0,false,40.2293,90.0000
2024-25,29,97032,DEF,0,0,false,89.0596,90.0000
2024-25,29,211975,DEF,5,4,false,37.1413,0.6000
2024-25,29,126184,DEF,3,3,false,24.5962,0.0000
2024-25,29,165809,MID,0,0,false,51.9159,54.0000
2024-25,29,121160,GKP,1,1,false,56.1145,50.0000
2024-25,29,209244,MID,0,0,false,60.6271,11.4000
2024-25,29,477424,DEF,0,0,false,84.6432,90.0000
2024-25,29,223094,FWD,0,0,false,77.7219,0.0000
2024-25,29,91651,MID,1,1,false,44.1677,55.6000
2024-25,29,477064,DEF,0,0,false,45.6408,21.4000
2024-25,29,88248,GKP,0,0,false,33.8739,39.8000
2024-25,29,155405,MID,0,0,false,48.0071,1.6000
2024-25,29,171314,DEF,0,0,false,51.7500,90.0000
2024-25,29,58621,DEF,9,4,true,18.6810,0.0000
2024-25,29,493250,MID,5,4,false,31.1684,0.0000
2024-25,29,141746,MID,0,0,false,85.2303,76.4000
2024-25,29,216051,DEF,0,0,false,85.7692,60.2000
2024-25,29,95658,DEF,2,2,false,52.9224,24.8000
2024-25,29,516895,MID,5,4,false,26.0715,26.0000
2024-25,29,221820,DEF,5,4,true,27.8132,0.0000
2024-25,29,202641,GKP,0,0,false,90.0000,72.0000
2024-25,29,176297,MID,0,0,false,30.4794,47.8000
2024-25,29,209243,MID,0,0,false,54.2290,47.2000
2024-25,29,214590,DEF,0,0,false,83.3259,72.0000
2024-25,29,208706,MID,0,0,false,85.3528,97.8000
2024-25,29,78916,DEF,0,0,false,86.5410,108.0000
2024-25,29,67089,GKP,3,3,false,45.5496,0.0000
2024-25,29,232826,MID,1,1,false,70.4764,17.6000
2024-25,29,487838,DEF,1,1,true,65.4713,0.0000
2024-25,29,219168,FWD,0,0,false,69.5666,87.0000
2024-25,29,114243,MID,0,0,false,71.4021,80.8000
2024-25,29,180974,MID,0,0,false,50.5068,77.8000
2024-25,29,441191,DEF,0,0,false,67.8821,108.0000
2024-25,29,98747,GKP,0,0,false,44.0983,108.0000
2024-25,29,119471,DEF,0,0,false,79.2965,104.6000
2024-25,29,432422,MID,0,0,false,65.8767,108.0000
2024-25,29,159506,DEF,0,0,false,82.3915,22.6000
2024-25,29,215379,MID,0,0,false,74.5062,79.2000
2024-25,29,449434,MID,0,0,false,72.7225,59.0000
2024-25,29,222531,MID,0,0,false,83.2333,86.8000
2024-25,29,209046,MID,0,0,false,61.6930,51.4000
2024-25,29,575476,DEF,0,0,false,83.9671,90.0000
2024-25,29,215136,DEF,0,0,false,77.7757,90.0000
2024-25,29,85633,GKP,0,0,false,82.3375,90.0000
2024-25,29,60689,FWD,0,0,false,78.6407,51.0000
2024-25,29,193204,MID,0,0,false,71.1358,16.4000
2024-25,29,155511,FWD,6,4,true,19.9170,0.0000
2024-25,29,171771,DEF,1,1,false,43.8375,90.0000
2024-25,29,184386,DEF,2,2,false,46.0835,0.8000
2024-25,29,245719,DEF,0,0,false,64.7700,88.8000
2024-25,29,58376,GKP,6,4,false,7.6153,0.0000
2024-25,29,88900,DEF,0,0,false,4.8465,72.0000
2024-25,29,158534,DEF,0,0,false,85.6099,90.0000
2024-25,29,244845,DEF,4,4,false,15.4993,0.0000
2024-25,29,202993,MID,0,0,false,55.9110,54.2000
2024-25,29,115556,DEF,0,0,false,37.9924,63.0000
2024-25,29,493125,DEF,6,4,true,23.3225,0.0000
2024-25,29,40383,GKP,10,4,false,11.2538,0.0000
2024-25,29,242898,MID,0,0,false,49.6952,63.8000
2024-25,29,445044,MID,2,2,false,57.4702,25.2000
2024-25,29,441164,DEF,1,1,false,68.0068,36.4000
2024-25,29,221632,DEF,0,0,false,29.7659,63.0000
2024-25,29,85971,MID,0,0,false,62.8807,29.2000
2024-25,29,232859,DEF,0,0,false,67.2891,90.0000
2024-25,29,487053,DEF,0,0,false,42.7826,36.0000
2024-25,29,491279,DEF,1,1,false,15.0785,26.4000
2024-25,29,184254,GKP,0,0,false,61.5721,90.0000
2024-25,29,213999,MID,1,1,false,57.2604,19.6000
2024-25,29,84182,GKP,0,0,false,72.0575,90.0000
2024-25,29,178186,MID,0,0,false,73.2857,89.0000
2024-25,29,220585,MID,0,0,false,23.2399,53.8000
2024-25,29,109533,DEF,0,0,false,52.5138,44.4000
2024-25,29,37096,GKP,7,4,false,17.9261,0.0000
2024-25,29,214048,DEF,0,0,false,88.5380,90.0000
2024-25,29,460842,MID,0,0,false,79.5497,67.4000
2024-25,29,224024,MID,0,0,false,51.5853,90.0000
2024-25,29,233963,DEF,0,0,false,49.7178,56.0000
2024-25,29,215439,MID,0,0,false,78.1841,33.2000
2024-25,29,448514,DEF,0,0,false,79.6858,78.8000
2024-25,29,430871,FWD,2,2,false,58.0145,39.6000
2024-25,29,60232,DEF,10,4,false,14.3502,0.0000
2024-25,29,87835,DEF,0,0,false,76.3999,58.0000
2024-25,29,448089,MID,0,0,false,74.4097,88.4000
2024-25,29,149065,GKP,0,0,false,85.1493,72.0000
2024-25,29,151086,MID,9,4,true,19.4867,0.0000
2024-25,29,501837,DEF,24,4,true,0.7979,0.0000
2024-25,29,200402,DEF,0,0,false,82.4146,86.2000
2024-25,29,231480,DEF,0,0,false,44.2010,30.2000
2024-25,29,247412,FWD,0,0,false,57.1358,79.6000
2024-25,29,510362,DEF,0,0,false,69.9549,90.0000
2024-25,29,232917,GKP,5,4,false,19.5350,0.0000
2024-25,29,510281,MID,0,0,false,65.4052,33.8000
2024-25,29,227444,DEF,0,0,false,89.8874,90.0000
2024-25,29,554605,DEF,0,0,false,85.7531,90.0000
2024-25,29,508479,GKP,2,2,false,35.6496,0.0000
2024-25,29,512462,DEF,0,0,false,70.5282,90.0000
2024-25,29,232185,MID,0,0,false,83.1671,92.4000
2024-25,29,462116,DEF,0,0,false,45.5920,68.0000
2024-25,29,209365,DEF,0,0,false,76.8236,18.0000
2024-25,29,230001,DEF,0,0,false,78.1495,84.2000
2024-25,29,496661,MID,0,0,false,53.3959,30.8000
2024-25,29,444102,FWD,0,0,false,39.9535,85.6000
2024-25,29,454667,MID,0,0,false,70.1476,68.2000
2024-25,29,207189,MID,0,0,false,74.3926,74.6000
2024-25,29,551226,MID,0,0,false,77.7365,88.6000
2024-25,29,59859,MID,0,0,false,42.7270,86.6000
2024-25,29,231416,DEF,19,4,true,1.6665,0.0000
2024-25,29,216616,DEF,0,0,false,87.7197,90.0000
2024-25,29,513527,MID,0,0,false,78.8929,78.8000
2024-25,29,509291,MID,0,0,false,80.1307,84.6000
2024-25,29,437499,DEF,0,0,false,89.5207,102.2000
2024-25,29,179519,MID,6,4,true,27.1267,0.0000
2024-25,29,232112,MID,0,0,false,56.2500,57.6000
2024-25,29,516939,DEF,0,0,false,63.3771,90.0000
2024-25,29,578153,DEF,0,0,false,78.4704,0.0000
2024-25,29,438234,FWD,0,0,false,66.2564,88.2000
2024-25,29,112520,GKP,0,0,false,90.0000,90.0000
2024-25,29,465694,MID,0,0,false,77.8832,51.4000
2024-25,29,433312,MID,0,0,false,67.3952,90.0000
2024-25,33,226597,DEF,3,3,true,44.0754,0.0000
2024-25,33,219847,FWD,9,4,false,20.3637,6.6000
2024-25,33,445122,DEF,0,0,false,52.7440,0.0000
2024-25,33,440854,DEF,0,0,false,47.8946,72.0000
2024-25,33,444145,MID,0,0,false,62.5797,67.0000
2024-25,33,184029,MID,0,0,false,71.5904,57.0000
2024-25,33,225321,GKP,0,0,false,75.3271,90.0000
2024-25,33,154561,GKP,0,0,false,88.1302,72.0000
2024-25,33,204480,MID,0,0,false,82.3490,50.6000
2024-25,33,223340,MID,0,0,false,31.8054,54.8000
2024-25,33,462424,DEF,0,0,false,87.9591,45.0000
2024-25,33,209289,MID,1,1,false,35.4411,42.6000
2024-25,33,167199,MID,0,0,false,53.7625,72.0000
2024-25,33,116216,MID,0,0,false,74.5951,56.2000
2024-25,33,198869,DEF,0,0,false,27.3804,68.4000
2024-25,33,106468,DEF,1,1,false,20.6863,0.0000
2024-25,33,199796,DEF,0,0,false,55.8346,72.0000
2024-25,33,165659,DEF,13,4,true,9.3784,0.0000
2024-25,33,101188,DEF,0,0,false,49.4092,21.8000
2024-25,33,226944,MID,0,0,false,50.5113,70.6000
2024-25,33,199798,DEF,0,0,false,78.7269,72.0000
2024-25,33,98980,GKP,0,0,false,81.7691,63.0000
2024-25,33,122806,MID,0,0,false,55.2957,46.0000
2024-25,33,149484,DEF,0,0,false,46.6366,13.8000
2024-25,33,244954,DEF,0,0,false,31.0613,58.0000
2024-25,33,232653,MID,0,0,false,44.2192,27.2000
2024-25,33,244850,MID,0,0,false,75.2086,70.2000
2024-25,33,166989,MID,0,0,false,81.0108,22.0000
2024-25,33,178301,FWD,0,0,false,59.1213,67.0000
2024-25,33,200785,MID,0,0,false,62.2820,87.0000
2024-25,33,158499,MID,3,3,true,45.1819,0.0000
2024-25,33,155408,MID,0,0,false,80.3899,54.0000
2024-25,33,544877,DEF,0,0,false,84.8453,87.8000
2024-25,33,222683,MID,0,0,false,52.7892,63.0000
2024-25,33,533463,MID,0,0,false,63.8479,32.6000
2024-25,33,437730,MID,0,0,false,84.5035,75.8000
2024-25,33,221466,DEF,1,1,false,18.7391,19.2000
2024-25,33,54469,DEF,0,0,false,43.0394,54.0000
2024-25,33,154566,FWD,0,0,false,59.6001,29.6000
2024-25,33,201658,MID,0,0,false,35.4702,75.6000
2024-25,33,229600,GKP,12,4,true,4.6262,0.0000
2024-25,33,477580,DEF,0,0,false,70.2935,89.4000
2024-25,33,191866,DEF,0,0,false,50.3806,9.2000
2024-25,33,432830,DEF,0,0,false,87.3303,90.0000
2024-25,33,440089,MID,0,0,false,70.9438,83.2000
2024-25,33,118342,GKP,0,0,false,86.3431,90.0000
2024-25,33,204580,MID,0,0,false,57.4708,0.0000
2024-25,33,249231,MID,0,0,false,80.7029,76.0000
2024-25,33,446008,MID,0,0,false,84.9234,90.0000
2024-25,33,128295,MID,0,0,false,77.8902,90.0000
2024-25,33,231065,DEF,3,3,false,39.9954,0.0000
2024-25,33,216646,FWD,0,0,false,85.6940,90.0000
2024-25,33,535301,MID,0,0,false,69.6558,87.6000
2024-25,33,83299,DEF,0,0,false,60.0497,36.0000
2024-25,33,204214,DEF,0,0,false,68.1378,72.0000
2024-25,33,532529,MID,0,0,false,61.7410,49.2000
2024-25,33,223434,DEF,13,4,false,9.9178,11.8000
2024-25,33,475168,FWD,0,0,false,66.7461,0.0000
2024-25,33,451340,MID,0,0,false,56.3427,21.6000
2024-25,33,469142,DEF,0,0,false,75.3670,72.0000
2024-25,33,111478,DEF,8,4,false,21.0709,10.4000
2024-25,33,489639,GKP,0,0,false,84.5955,90.0000
2024-25,33,50175,FWD,0,0,false,50.8000,70.6000
2024-25,33,109745,GKP,0,0,false,85.9854,90.0000
2024-25,33,242880,DEF,4,4,false,11.5976,0.0000
2024-25,33,486672,MID,0,0,false,86.5657,90.0000
2024-25,33,180736,DEF,0,0,false,56.3176,50.8000
2024-25,33,460028,DEF,0,0,false,73.2296,90.0000
2024-25,33,179268,DEF,0,0,false,75.4555,90.0000
2024-25,33,220362,DEF,0,0,false,37.5197,0.0000
2024-25,33,448047,MID,0,0,false,83.1357,89.4000
2024-25,33,482609,DEF,0,0,false,51.3387,8.0000
2024-25,33,248857,MID,0,0,false,36.6070,77.4000
2024-25,33,517052,FWD,0,0,false,53.8687,39.2000
2024-25,33,244851,MID,0,0,false,73.8578,90.0000
2024-25,33,215059,GKP,0,0,false,67.6914,90.0000
2024-25,33,109646,DEF,0,0,false,42.1525,36.0000
2024-25,33,503714,MID,0,0,false,62.7409,59.6000
2024-25,33,444463,DEF,4,4,true,13.7559,0.0000
2024-25,33,174874,DEF,0,0,false,86.7748,90.0000
2024-25,33,427623,DEF,0,0,false,52.7765,72.0000
2024-25,33,232413,MID,0,0,false,66.8199,50.0000
2024-25,33,209036,DEF,0,0,false,75.5218,36.0000
2024-25,33,172649,GKP,0,0,false,83.7673,72.0000
2024-25,33,108413,MID,0,0,false,48.3244,47.6000
2024-25,33,101982,GKP,17,4,true,7.9280,0.0000
2024-25,33,152551,MID,0,0,false,72.9433,48.6000
2024-25,33,231747,FWD,0,0,false,58.2676,40.8000
2024-25,33,244723,DEF,0,0,false,79.9199,48.0000
2024-25,33,247348,DEF,0,0,false,81.3774,72.0000
2024-25,33,496221,MID,0,0,false,52.5234,12.0000
2024-25,33,121599,MID,0,0,false,74.9952,45.6000
2024-25,33,480455,DEF,0,0,false,87.9052,68.6000
2024-25,33,177815,FWD,10,4,false,16.0613,6.2000
2024-25,33,80801,MID,0,0,false,81.0771,89.8000
2024-25,33,232928,MID,0,0,false,67.5827,90.0000
2024-25,33,221399,MID,0,0,false,69.6473,49.8000
2024-25,33,106611,DEF,0,0,false,7.7406,39.2000
2024-25,33,433154,MID,0,0,false,14.1094,42.2000
2024-25,33,224967,DEF,0,0,false,77.7408,90.0000
2024-25,33,440993,FWD,0,0,false,48.2913,62.6000
2024-25,33,449871,MID,0,0,false,40.9482,53.6000
2024-25,33,111234,GKP,0,0,false,90.0000,90.0000
2024-25,33,17761,DEF,0,0,true,84.6953,0.0000
2024-25,33,18892,DEF,2,2,false,21.1522,57.2000
2024-25,33,156689,MID,0,0,false,61.6943,35.6000
2024-25,33,232892,DEF,0,0,false,74.3195,72.0000
2024-25,33,166477,DEF,0,0,false,73.0038,4.6000
2024-25,33,219924,DEF,3,3,false,27.2851,0.0000
2024-25,33,153133,MID,0,0,false,71.1610,68.8000
2024-25,33,80201,GKP,0,0,false,90.0000,90.0000
2024-25,33,212314,MID,0,0,false,59.7315,62.0000
2024-25,33,102057,FWD,0,0,false,55.7898,90.0000
2024-25,33,169528,DEF,0,0,false,85.9380,53.6000
2024-25,33,167074,DEF,0,0,false,17.4435,85.2000
2024-25,33,122411,DEF,0,0,false,49.4005,54.0000
2024-25,33,455084,DEF,0,0,false,53.4212,36.0000
2024-25,33,463034,FWD,0,0,false,59.2940,47.4000
2024-25,33,449429,DEF,0,0,false,49.3790,90.0000
2024-25,33,503301,MID,4,4,false,35.8834,72.0000
2024-25,33,222018,DEF,0,0,false,52.8127,8.2000
2024-25,33,74944,MID,0,0,false,64.4067,84.2000
2024-25,33,180804,DEF,0,0,false,57.8708,53.0000
2024-25,33,108813,GKP,10,4,false,9.3071,18.0000
2024-25,33,220583,DEF,4,4,false,23.2320,36.0000
2024-25,33,225902,MID,0,0,false,80.8860,52.2000
2024-25,33,94147,DEF,0,0,false,65.6789,90.0000
2024-25,33,218218,DEF,0,0,false,72.4100,90.0000
2024-25,33,467189,GKP,0,0,false,78.4058,18.0000
2024-25,33,220627,DEF,0,0,false,65.8036,75.6000
2024-25,33,481510,DEF,2,2,false,51.7801,20.2000
2024-25,33,203341,MID,0,0,false,68.2480,71.4000
2024-25,33,473341,DEF,1,1,false,25.4334,0.2000
2024-25,33,436680,GKP,10,4,false,10.3188,72.0000
2024-25,33,244619,DEF,0,0,false,52.1998,83.4000
2024-25,33,101668,FWD,0,0,false,73.5524,68.6000
2024-25,33,93100,DEF,6,4,false,21.9013,0.0000
2024-25,33,157668,MID,4,4,false,19.0892,0.0000
2024-25,33,116535,GKP,0,0,false,68.2296,90.0000
2024-25,33,169187,DEF,0,0,false,42.3010,39.8000
2024-25,33,441266,MID,0,0,false,78.6684,65.8000
2024-25,33,200720,GKP,2,2,false,21.7517,0.0000
2024-25,33,204716,DEF,0,0,false,74.6552,66.2000
2024-25,33,244731,MID,0,0,false,73.4959,49.6000
2024-25,33,118748,MID,0,0,false,86.0252,90.0000
2024-25,33,243016,MID,0,0,false,81.0805,25.4000
2024-25,33,122798,DEF,1,1,false,51.8146,52.8000
2024-25,33,424876,MID,0,0,false,63.3239,60.2000
2024-25,33,444765,DEF,0,0,false,65.1966,90.0000
2024-25,33,97032,DEF,0,0,false,89.1586,72.0000
2024-25,33,211975,DEF,0,0,false,21.0543,60.4000
2024-25,33,126184,DEF,7,4,false,14.3697,0.0000
2024-25,33,165809,MID,0,0,false,56.3987,72.0000
2024-25,33,61366,MID,0,0,false,52.2367,49.2000
2024-25,33,121160,GKP,1,1,false,50.5218,72.0000
2024-25,33,209244,MID,2,2,false,36.4058,17.8000
2024-25,33,477424,DEF,0,0,false,85.7223,72.0000
2024-25,33,223094,FWD,4,4,false,38.5243,51.2000
2024-25,33,91651,MID,0,0,false,50.4944,47.8000
2024-25,33,477064,DEF,1,1,false,31.8633,16.4000
2024-25,33,465351,MID,0,0,false,54.2885,54.0000
2024-25,33,88248,GKP,0,0,false,39.3673,0.0000
2024-25,33,155405,MID,3,3,false,25.6087,4.4000
2024-25,33,171314,DEF,0,0,false,71.7367,72.0000
2024-25,33,58621,DEF,13,4,true,13.0677,0.0000
2024-25,33,493250,MID,9,4,false,16.3918,61.4000
2024-25,33,141746,MID,0,0,false,77.8992,70.0000
2024-25,33,61256,MID,2,2,false,36.4893,44.6000
2024-25,33,216051,DEF,0,0,false,79.3057,5.0000
2024-25,33,493105,MID,0,0,false,70.1637,46.2000
2024-25,33,95658,DEF,2,2,false,35.0781,67.6000
2024-25,33,516895,MID,0,0,false,25.0899,59.6000
2024-25,33,221820,DEF,9,4,true,15.0762,0.0000
2024-25,33,202641,GKP,0,0,false,79.5088,36.0000
2024-25,33,176297,MID,0,0,false,40.9736,0.0000
2024-25,33,209243,MID,0,0,false,50.7767,21.2000
2024-25,33,214590,DEF,1,1,false,71.6760,90.0000
2024-25,33,208706,MID,0,0,false,82.6448,90.0000
2024-25,33,78916,DEF,0,0,false,87.2826,90.0000
2024-25,33,67089,GKP,7,4,false,22.1753,0.0000
2024-25,33,232826,MID,0,0,false,41.6896,51.2000
2024-25,33,487838,DEF,5,4,true,27.9273,0.0000
2024-25,33,219168,FWD,0,0,false,70.2960,69.2000
2024-25,33,114243,MID,0,0,false,66.4565,68.4000
2024-25,33,180974,MID,0,0,false,63.6822,0.0000
2024-25,33,441191,DEF,0,0,false,77.0400,90.0000
2024-25,33,98747,GKP,0,0,false,67.5096,90.0000
2024-25,33,119471,DEF,0,0,false,83.7980,88.4000
2024-25,33,432422,MID,0,0,false,74.5873,90.0000
2024-25,33,159506,DEF,3,3,false,47.5531,85.2000
2024-25,33,215379,MID,0,0,false,76.5597,82.4000
2024-25,33,449434,MID,0,0,false,61.7193,90.0000
2024-25,33,222531,MID,0,0,false,86.1708,85.4000
2024-25,33,209046,MID,0,0,false,57.8191,17.0000
2024-25,33,575476,DEF,0,0,false,85.9945,70.0000
2024-25,33,215136,DEF,0,0,false,81.1142,90.0000
2024-25,33,85633,GKP,0,0,false,83.1440,90.0000
2024-25,33,60689,FWD,0,0,false,63.4897,90.0000
2024-25,33,193204,MID,2,2,false,44.3651,20.8000
2024-25,33,155511,FWD,10,4,true,9.9257,0.0000
2024-25,33,171771,DEF,0,0,false,66.9948,54.0000
2024-25,33,184386,DEF,6,4,false,22.9658,36.8000
2024-25,33,245719,DEF,0,0,false,76.4688,70.2000
2024-25,33,204863,DEF,0,0,false,59.1134,36.4000
2024-25,33,58376,GKP,10,4,false,3.7951,0.0000
2024-25,33,88900,DEF,0,0,false,37.4049,63.0000
2024-25,33,158534,DEF,0,0,false,87.8122,36.0000
2024-25,33,244845,DEF,8,4,false,7.7241,29.8000
2024-25,33,202993,MID,0,0,false,59.3273,25.2000
2024-25,33,115556,DEF,0,0,false,46.4549,76.8000
2024-25,33,493125,DEF,10,4,true,12.4693,0.0000
2024-25,33,40383,GKP,14,4,false,5.6084,0.0000
2024-25,33,242898,MID,0,0,false,53.3330,36.6000
2024-25,33,445044,MID,0,0,false,44.1937,30.6000
2024-25,33,441164,DEF,0,0,false,60.6013,29.4000
2024-25,33,221632,DEF,0,0,false,52.2550,0.0000
2024-25,33,85971,MID,2,2,false,49.2111,21.0000
2024-25,33,232859,DEF,0,0,false,78.6820,73.4000
2024-25,33,487053,DEF,3,3,false,32.7102,36.0000
2024-25,33,491279,DEF,0,0,false,24.5691,13.0000
2024-25,33,184254,GKP,0,0,false,75.5758,54.0000
2024-25,33,213999,MID,2,2,false,41.5182,27.4000
2024-25,33,84182,GKP,0,0,false,79.8168,72.0000
2024-25,33,178186,MID,0,0,false,80.2265,86.4000
2024-25,33,220585,MID,0,0,false,34.3956,90.0000
2024-25,33,109533,DEF,0,0,false,47.7830,36.4000
2024-25,33,37096,GKP,11,4,false,10.1764,18.0000
2024-25,33,214048,DEF,0,0,false,89.2582,90.0000
2024-25,33,460842,MID,0,0,false,72.9734,69.4000
2024-25,33,224024,MID,0,0,false,69.3198,42.2000
2024-25,33,233963,DEF,0,0,false,46.5273,37.8000
2024-25,33,215439,MID,0,0,false,51.6209,81.2000
2024-25,33,101178,MID,0,0,false,69.4000,56.4000
2024-25,33,448514,DEF,0,0,false,78.3967,82.0000
2024-25,33,430871,FWD,0,0,false,47.8985,68.6000
2024-25,33,60232,DEF,14,4,false,10.5925,0.0000
2024-25,33,87835,DEF,0,0,false,60.5143,58.2000
2024-25,33,448089,MID,0,0,false,79.9968,74.8000
2024-25,33,149065,GKP,1,1,false,74.4885,72.0000
2024-25,33,151086,MID,13,4,true,14.3380,0.0000
2024-25,33,501837,DEF,28,4,true,0.3976,0.0000
2024-25,33,200402,DEF,0,0,false,83.2909,79.6000
2024-25,33,247632,MID,0,0,false,67.2511,87.4000
2024-25,33,231480,DEF,0,0,false,42.2324,2.6000
2024-25,33,247412,FWD,0,0,false,68.0896,39.6000
2024-25,33,510362,DEF,0,0,false,78.8563,90.0000
2024-25,33,232917,GKP,9,4,true,11.2611,0.0000
2024-25,33,510281,MID,0,0,false,46.5088,6.0000
2024-25,33,227444,DEF,0,0,false,89.9439,90.0000
2024-25,33,554605,DEF,0,0,false,87.8835,74.4000
2024-25,33,508479,GKP,6,4,false,17.7661,0.0000
2024-25,33,512462,DEF,0,0,false,80.0440,72.0000
2024-25,33,232185,MID,0,0,false,77.7024,63.8000
2024-25,33,462116,DEF,0,0,false,56.7917,86.2000
2024-25,33,209365,DEF,3,3,false,46.8276,6.8000
2024-25,33,230001,DEF,0,0,false,82.3493,54.6000
2024-25,33,472769,MID,0,0,false,50.1392,14.2000
2024-25,33,444102,FWD,0,0,false,64.9619,83.4000
2024-25,33,454667,MID,0,0,false,77.5458,36.8000
2024-25,33,207189,MID,0,0,false,77.7262,50.0000
2024-25,33,551226,MID,0,0,false,83.6237,82.2000
2024-25,33,59859,MID,0,0,false,68.0432,51.4000
2024-25,33,231416,DEF,23,4,true,0.8294,0.0000
2024-25,33,216616,DEF,0,0,false,88.0517,90.0000
2024-25,33,513527,MID,0,0,false,79.6045,69.0000
2024-25,33,509291,MID,0,0,false,83.1875,77.0000
2024-25,33,437499,DEF,0,0,false,86.6406,72.0000
2024-25,33,179519,MID,10,4,true,16.3604,0.0000
2024-25,33,232112,MID,0,0,false,61.5557,38.6000
2024-25,33,516939,DEF,0,0,false,78.2521,90.0000
2024-25,33,578153,DEF,4,4,false,27.2853,0.0000
2024-25,33,438234,FWD,0,0,false,80.5524,51.8000
2024-25,33,174292,MID,0,0,false,49.7458,52.6000
2024-25,33,112520,GKP,0,0,false,90.0000,72.0000
2024-25,33,465694,MID,0,0,false,58.3584,22.4000
2024-25,33,596777,DEF,0,0,false,54.1290,69.0000
2024-25,33,135720,DEF,0,0,false,32.3671,90.0000
2024-25,33,511499,MID,0,0,false,55.2337,83.8000
2024-25,33,433312,MID,0,0,false,81.7061,75.8000
2025-26,5,154561,GKP,0,0,false,90.0000,90.0000
2025-26,5,226597,DEF,0,0,false,76.0921,90.0000
2025-26,5,466075,DEF,0,0,false,51.7060,77.0000
2025-26,5,445122,DEF,0,0,false,68.1898,90.0000
2025-26,5,248857,MID,0,0,false,57.6065,0.0000
2025-26,5,204480,MID,0,0,false,73.7468,85.8000
2025-26,5,481655,MID,0,0,false,90.0000,79.4000
2025-26,5,199796,DEF,0,0,false,70.5737,88.6000
2025-26,5,101188,DEF,0,0,false,61.1053,84.0000
2025-26,5,149484,DEF,0,0,false,59.7237,9.4000
2025-26,5,244850,MID,0,0,false,84.7515,90.0000
2025-26,5,122806,MID,0,0,false,70.6531,71.6000
2025-26,5,178301,FWD,0,0,false,78.1950,68.8000
2025-26,5,457569,GKP,0,0,false,90.0000,90.0000
2025-26,5,221466,DEF,0,0,false,59.5132,87.4000
2025-26,5,494521,DEF,0,0,false,90.0000,90.0000
2025-26,5,437730,MID,0,0,false,87.1316,90.0000
2025-26,5,201658,MID,0,0,false,65.6161,72.0000
2025-26,5,200785,MID,0,0,false,70.5315,83.2000
2025-26,5,111317,MID,0,0,false,45.7081,39.2000
2025-26,5,503139,MID,0,0,false,42.2641,67.4000
2025-26,5,444102,FWD,0,0,false,74.2714,41.6000
2025-26,5,200720,GKP,0,0,false,56.8421,90.0000
2025-26,5,432830,DEF,0,0,false,90.0000,90.0000
2025-26,5,249231,DEF,0,0,false,78.7831,12.6000
2025-26,5,607464,DEF,0,0,false,50.4685,85.2000
2025-26,5,444765,DEF,0,0,false,79.0000,90.0000
2025-26,5,446008,MID,0,0,false,87.0517,87.2000
2025-26,5,513418,MID,0,0,false,70.8482,87.6000
2025-26,5,56979,MID,0,0,false,68.3882,83.4000
2025-26,5,508395,MID,0,0,false,62.9022,69.4000
2025-26,5,502500,FWD,0,0,false,41.4354,85.2000
2025-26,5,489639,GKP,0,0,false,87.6316,90.0000
2025-26,5,83299,DEF,0,0,false,72.3816,90.0000
2025-26,5,469142,DEF,0,0,false,83.9474,90.0000
2025-26,5,451340,MID,0,0,false,78.6220,13.2000
2025-26,5,592031,MID,0,0,false,65.5232,89.2000
2025-26,5,509416,MID,0,0,false,62.5374,83.8000
2025-26,5,58621,DEF,0,0,false,57.7105,90.0000
2025-26,5,478969,DEF,0,0,false,88.4470,18.2000
2025-26,5,477717,DEF,0,0,false,88.6941,90.0000
2025-26,5,494960,DEF,0,0,false,90.0000,89.4000
2025-26,5,444180,MID,0,0,false,88.7147,72.8000
2025-26,5,172567,MID,0,0,false,83.5362,85.8000
2025-26,5,435973,FWD,0,0,false,84.3234,32.0000
2025-26,5,215059,GKP,0,0,false,71.0900,90.0000
2025-26,5,179268,DEF,0,0,false,73.6199,90.0000
2025-26,5,180736,DEF,0,0,false,69.1123,64.4000
2025-26,5,247632,MID,0,0,false,62.2623,79.4000
2025-26,5,448047,MID,0,0,false,82.9001,72.0000
2025-26,5,486672,MID,0,0,false,89.0921,81.0000
2025-26,5,215413,MID,0,0,false,48.3816,69.4000
2025-26,5,475168,FWD,0,0,false,67.9848,85.4000
2025-26,5,172649,GKP,0,0,false,90.0000,90.0000
2025-26,5,247348,DEF,0,0,false,87.4868,90.0000
2025-26,5,437499,DEF,0,0,false,86.0000,90.0000
2025-26,5,244723,DEF,0,0,false,85.6579,90.0000
2025-26,5,209036,DEF,0,0,false,85.2500,90.0000
2025-26,5,427623,DEF,0,0,false,70.2763,90.0000
2025-26,5,108413,MID,0,0,false,65.6802,11.2000
2025-26,5,231747,FWD,0,0,false,78.9359,85.6000
2025-26,5,111234,GKP,0,0,false,90.0000,90.0000
2025-26,5,17761,DEF,0,0,false,83.4474,90.0000
2025-26,5,512462,DEF,0,0,false,65.6316,83.4000
2025-26,5,106611,DEF,0,0,false,58.7632,84.8000
2025-26,5,440993,MID,0,0,false,74.0310,81.2000
2025-26,5,80801,MID,0,0,false,83.8467,84.8000
2025-26,5,232928,MID,0,0,false,65.9211,90.0000
2025-26,5,486385,FWD,0,0,false,50.3100,57.0000
2025-26,5,80201,GKP,0,0,false,90.0000,90.0000
2025-26,5,174874,DEF,0,0,false,80.1711,62.2000
2025-26,5,232892,DEF,0,0,false,85.4474,73.6000
2025-26,5,167074,DEF,0,0,false,68.3289,36.0000
2025-26,5,153133,MID,0,0,false,78.5872,83.4000
2025-26,5,207189,MID,0,0,false,71.6999,90.0000
2025-26,5,212314,MID,0,0,false,75.2084,37.4000
2025-26,5,577725,MID,0,0,false,34.8627,55.4000
2025-26,5,244042,FWD,0,0,false,45.8220,3.6000
2025-26,5,226182,DEF,0,0,false,86.4979,86.8000
2025-26,5,222694,DEF,0,0,false,90.0000,54.0000
2025-26,5,243526,DEF,0,0,false,87.8647,78.2000
2025-26,5,214225,DEF,0,0,false,90.0000,90.0000
2025-26,5,116535,GKP,0,0,false,78.0000,18.0000
2025-26,5,544877,DEF,0,0,false,80.6496,58.8000
2025-26,5,97032,DEF,0,0,false,88.8158,90.0000
2025-26,5,204716,DEF,0,0,false,77.0709,79.6000
2025-26,5,118748,MID,0,0,false,89.3947,88.8000
2025-26,5,494595,MID,0,0,false,68.9111,48.2000
2025-26,5,243298,MID,0,0,false,66.1584,75.0000
2025-26,5,424876,MID,0,0,false,77.6974,90.0000
2025-26,5,171314,DEF,0,0,false,66.6051,90.0000
2025-26,5,165809,MID,0,0,false,71.7785,40.2000
2025-26,5,114283,MID,0,0,false,49.1780,72.0000
2025-26,5,433036,MID,0,0,false,90.0000,61.4000
2025-26,5,223094,FWD,0,0,false,77.2440,88.2000
2025-26,5,451302,GKP,0,0,false,49.7368,18.0000
2025-26,5,209365,DEF,0,0,false,72.8816,90.0000
2025-26,5,106760,DEF,0,0,false,48.4712,81.6000
2025-26,5,550864,DEF,0,0,false,46.3985,55.8000
2025-26,5,141746,MID,0,0,false,84.1483,88.8000
2025-26,5,493250,MID,0,0,false,63.0158,61.4000
2025-26,5,98747,GKP,0,0,false,78.1579,90.0000
2025-26,5,67089,GKP,0,0,false,56.8421,90.0000
2025-26,5,78916,DEF,0,0,false,88.8158,90.0000
2025-26,5,441191,DEF,0,0,false,82.3026,15.2000
2025-26,5,432422,MID,0,0,false,77.4990,73.6000
2025-26,5,85633,GKP,0,0,false,90.0000,90.0000
2025-26,5,227444,DEF,0,0,false,88.8158,90.0000
2025-26,5,215136,DEF,0,0,false,79.0526,90.0000
2025-26,5,222531,MID,0,0,false,78.6284,80.6000
2025-26,5,209046,MID,0,0,false,60.3942,45.6000
2025-26,5,215379,MID,0,0,false,80.8684,90.0000
2025-26,5,210462,MID,0,0,false,39.7355,18.2000
2025-26,5,60689,FWD,0,0,false,75.3311,33.6000
2025-26,5,487676,DEF,0,0,false,90.0000,87.6000
2025-26,5,434399,DEF,0,0,false,74.0773,36.0000
2025-26,5,577669,MID,0,0,false,88.3840,90.0000
2025-26,5,549912,MID,0,0,false,77.3624,35.2000
2025-26,5,184254,GKP,0,0,false,73.4211,90.0000
2025-26,5,441164,DEF,0,0,false,77.0737,73.8000
2025-26,5,221632,DEF,0,0,false,63.6316,42.0000
2025-26,5,232859,DEF,0,0,false,54.0276,65.4000
2025-26,5,491279,DEF,0,0,false,57.0724,90.0000
2025-26,5,460842,MID,0,0,false,78.2459,87.2000
2025-26,5,212319,FWD,0,0,false,40.9792,38.8000
2025-26,5,613804,DEF,0,0,false,90.0000,81.0000
2025-26,5,214048,DEF,0,0,false,89.0526,90.0000
2025-26,5,224024,MID,0,0,false,73.5821,90.0000
2025-26,5,101178,MID,0,0,false,60.9297,0.0000
2025-26,5,178186,FWD,0,0,false,84.1316,90.0000
2025-26,5,516939,DEF,0,0,false,63.5526,22.0000
2025-26,5,510362,DEF,0,0,false,73.3456,9.2000
2025-26,5,448089,MID,0,0,false,84.1447,59.0000
2025-26,5,433312,MID,0,0,false,45.3761,88.6000
2025-26,5,466525,MID,0,0,false,90.0000,51.6000
2025-26,5,510663,FWD,0,0,false,72.2921,42.0000
2025-26,5,224117,FWD,0,0,false,80.4353,81.0000
2025-26,5,84450,MID,0,0,false,90.0000,90.0000
2025-26,5,456512,MID,0,0,false,74.5642,59.0000
2025-26,5,498016,GKP,0,0,false,90.0000,90.0000
2025-26,5,154296,MID,0,0,false,71.8364,90.0000
2025-26,5,201895,DEF,0,0,false,82.7250,54.0000
2025-26,9,154561,GKP,0,0,false,90.0000,90.0000
2025-26,9,226597,DEF,0,0,false,80.0658,36.0000
2025-26,9,462424,DEF,0,0,false,68.2879,54.0000
2025-26,9,466075,DEF,0,0,false,59.8939,77.2000
2025-26,9,445122,DEF,0,0,false,76.5039,81.2000
2025-26,9,223340,MID,0,0,false,55.8070,77.8000
2025-26,9,248857,MID,4,4,false,33.6474,21.0000
2025-26,9,116216,MID,0,0,false,65.1702,51.4000
2025-26,9,204480,MID,0,0,false,78.1630,88.4000
2025-26,9,481655,MID,0,0,false,84.6484,80.4000
2025-26,9,98980,GKP,0,0,false,80.8506,72.0000
2025-26,9,199796,DEF,0,0,false,75.8832,90.0000
2025-26,9,101188,DEF,0,0,false,71.3204,63.8000
2025-26,9,199798,DEF,0,0,false,81.1765,90.0000
2025-26,9,149484,DEF,3,3,false,34.1324,3.2000
2025-26,9,244954,DEF,0,0,false,57.3381,86.6000
2025-26,9,244850,MID,0,0,false,86.5507,89.0000
2025-26,9,122806,MID,0,0,false,71.1716,72.2000
2025-26,9,226944,MID,0,0,false,55.9863,83.2000
2025-26,9,449871,MID,0,0,false,41.0675,53.0000
2025-26,9,178301,FWD,0,0,false,72.3035,68.4000
2025-26,9,457569,GKP,0,0,false,90.0000,90.0000
2025-26,9,221466,DEF,0,0,false,67.0332,72.0000
2025-26,9,494521,DEF,0,0,false,90.0000,84.4000
2025-26,9,437730,MID,0,0,false,87.9511,72.0000
2025-26,9,201658,MID,0,0,false,66.3808,78.0000
2025-26,9,200785,MID,0,0,false,74.1928,81.6000
2025-26,9,503139,MID,0,0,false,50.2856,60.6000
2025-26,9,444102,FWD,2,2,false,57.6034,60.4000
2025-26,9,200720,GKP,0,0,false,66.3158,90.0000
2025-26,9,432830,DEF,0,0,false,90.0000,75.2000
2025-26,9,607464,DEF,0,0,false,62.1059,85.2000
2025-26,9,444765,DEF,0,0,false,82.1429,90.0000
2025-26,9,446008,MID,0,0,false,87.3111,90.0000
2025-26,9,513418,MID,0,0,false,75.7763,80.6000
2025-26,9,440089,MID,0,0,false,70.9699,69.6000
2025-26,9,56979,MID,0,0,false,78.2815,76.8000
2025-26,9,508395,MID,0,0,false,61.2042,64.8000
2025-26,9,502500,FWD,0,0,false,54.5253,78.0000
2025-26,9,489639,GKP,0,0,false,88.3083,90.0000
2025-26,9,83299,DEF,0,0,false,77.4154,81.0000
2025-26,9,231416,DEF,0,0,false,50.8457,85.2000
2025-26,9,469142,DEF,0,0,false,85.6767,90.0000
2025-26,9,451340,MID,3,3,false,50.4595,0.0000
2025-26,9,463067,MID,0,0,false,55.7457,61.4000
2025-26,9,592031,MID,0,0,false,73.2733,87.6000
2025-26,9,509416,MID,0,0,false,68.3643,72.0000
2025-26,9,467779,MID,0,0,false,45.8510,90.0000
2025-26,9,50175,FWD,0,0,false,62.6394,68.4000
2025-26,9,58621,DEF,0,0,false,66.9361,90.0000
2025-26,9,478969,DEF,0,0,false,43.4341,18.0000
2025-26,9,477717,DEF,0,0,false,89.5209,90.0000
2025-26,9,494960,DEF,0,0,false,89.6406,88.0000
2025-26,9,444180,MID,0,0,false,80.4351,56.8000
2025-26,9,172567,MID,0,0,false,86.1909,84.2000
2025-26,9,435973,FWD,0,0,false,52.7075,36.4000
2025-26,9,215059,GKP,0,0,false,79.3560,90.0000
2025-26,9,179268,DEF,0,0,false,80.8942,90.0000
2025-26,9,225796,DEF,0,0,false,58.5871,47.6000
2025-26,9,180736,DEF,0,0,false,64.3478,90.0000
2025-26,9,109646,DEF,0,0,false,33.8404,36.2000
2025-26,9,577016,DEF,0,0,false,31.8256,0.0000
2025-26,9,247632,MID,0,0,false,68.6374,77.0000
2025-26,9,448047,MID,0,0,false,75.3273,88.4000
2025-26,9,486672,MID,0,0,false,84.4509,43.4000
2025-26,9,215413,MID,0,0,false,51.4863,87.4000
2025-26,9,475168,FWD,0,0,false,72.5766,78.2000
2025-26,9,172649,GKP,0,0,false,90.0000,90.0000
2025-26,9,247348,DEF,0,0,false,88.2049,90.0000
2025-26,9,437499,DEF,0,0,false,87.1429,90.0000
2025-26,9,244723,DEF,0,0,false,86.8985,88.8000
2025-26,9,209036,DEF,0,0,false,86.6071,72.0000
2025-26,9,427623,DEF,0,0,false,75.9117,88.4000
2025-26,9,232413,MID,0,0,false,67.0706,69.6000
2025-26,9,232185,MID,0,0,false,71.1647,61.4000
2025-26,9,108413,MID,0,0,false,41.9141,9.2000
2025-26,9,209400,MID,0,0,false,62.7440,82.2000
2025-26,9,496221,MID,0,0,false,60.0879,61.4000
2025-26,9,231747,FWD,0,0,false,80.3747,78.2000
2025-26,9,111234,GKP,0,0,false,90.0000,90.0000
2025-26,9,17761,DEF,0,0,false,85.3195,90.0000
2025-26,9,224967,DEF,0,0,false,75.2199,90.0000
2025-26,9,512462,DEF,0,0,false,69.3563,68.6000
2025-26,9,106611,DEF,0,0,false,65.3070,72.0000
2025-26,9,440993,MID,0,0,false,77.9800,80.0000
2025-26,9,80801,MID,0,0,false,83.0235,38.4000
2025-26,9,232928,MID,0,0,false,72.8008,90.0000
2025-26,9,486385,FWD,0,0,false,54.4211,13.2000
2025-26,9,80201,GKP,0,0,false,90.0000,90.0000
2025-26,9,174874,DEF,1,1,false,65.9876,90.0000
2025-26,9,232892,DEF,0,0,false,77.8182,90.0000
2025-26,9,167074,DEF,0,0,false,49.5474,81.0000
2025-26,9,153133,MID,0,0,false,80.7551,88.4000
2025-26,9,184349,MID,0,0,false,57.2755,90.0000
2025-26,9,153682,MID,1,1,false,45.8200,74.4000
2025-26,9,207189,MID,0,0,false,77.5406,90.0000
2025-26,9,212314,MID,0,0,false,61.9716,22.4000
2025-26,9,577725,MID,0,0,false,36.3855,52.4000
2025-26,9,244042,FWD,4,4,false,24.6256,6.8000
2025-26,9,59735,GKP,1,1,false,55.5358,0.0000
2025-26,9,226182,DEF,0,0,false,88.4301,86.4000
2025-26,9,222694,DEF,1,1,false,71.8691,55.6000
2025-26,9,243526,DEF,0,0,false,78.0388,74.4000
2025-26,9,214225,DEF,0,0,false,90.0000,90.0000
2025-26,9,427637,MID,0,0,false,68.2746,48.6000
2025-26,9,199598,MID,0,0,false,75.8507,90.0000
2025-26,9,116535,GKP,3,3,false,51.7302,54.0000
2025-26,9,544877,DEF,0,0,false,78.1391,37.8000
2025-26,9,97032,DEF,0,0,false,89.1541,90.0000
2025-26,9,204716,DEF,0,0,false,76.6452,82.8000
2025-26,9,118748,MID,0,0,false,88.9143,63.0000
2025-26,9,494595,MID,0,0,false,61.7012,51.8000
2025-26,9,243298,MID,0,0,false,66.6187,69.8000
2025-26,9,424876,MID,0,0,false,81.2124,90.0000
2025-26,9,441266,MID,1,1,false,69.8288,90.0000
2025-26,9,477424,DEF,0,0,false,66.7472,90.0000
2025-26,9,465351,DEF,0,0,false,59.8614,90.0000
2025-26,9,171314,DEF,0,0,false,75.2904,90.0000
2025-26,9,97299,DEF,0,0,false,23.2860,5.4000
2025-26,9,472769,DEF,0,0,false,44.4643,90.0000
2025-26,9,209244,MID,0,0,false,63.0901,89.0000
2025-26,9,114283,MID,0,0,false,52.2929,87.2000
2025-26,9,433036,MID,0,0,false,78.4623,37.0000
2025-26,9,223094,FWD,0,0,false,81.7996,88.2000
2025-26,9,451302,GKP,3,3,false,31.5422,0.0000
2025-26,9,209365,DEF,0,0,false,77.7726,72.0000
2025-26,9,216051,DEF,0,0,false,67.9172,53.2000
2025-26,9,596777,DEF,0,0,false,39.8176,36.2000
2025-26,9,106760,DEF,0,0,false,55.8083,87.6000
2025-26,9,550864,DEF,0,0,false,47.3305,56.4000
2025-26,9,141746,MID,0,0,false,85.3000,90.0000
2025-26,9,430871,MID,0,0,false,63.3457,47.4000
2025-26,9,493250,MID,0,0,false,59.2783,90.0000
2025-26,9,98747,GKP,0,0,false,81.5414,51.2000
2025-26,9,67089,GKP,0,0,false,66.3158,90.0000
2025-26,9,119471,DEF,0,0,false,46.3558,27.4000
2025-26,9,220237,DEF,0,0,false,45.5658,33.4000
2025-26,9,78916,DEF,0,0,false,89.1541,68.4000
2025-26,9,441191,DEF,3,3,false,53.7254,54.0000
2025-26,9,77794,DEF,0,0,false,57.1733,18.0000
2025-26,9,232826,MID,0,0,false,56.1712,14.0000
2025-26,9,208706,MID,0,0,false,82.2461,80.8000
2025-26,9,180974,MID,0,0,false,63.2557,76.6000
2025-26,9,432422,MID,0,0,false,71.3788,60.4000
2025-26,9,180135,MID,0,0,false,59.5835,44.4000
2025-26,9,85633,GKP,0,0,false,90.0000,90.0000
2025-26,9,227444,DEF,0,0,false,89.1541,90.0000
2025-26,9,575476,DEF,0,0,false,62.0280,54.0000
2025-26,9,215136,DEF,0,0,false,82.1805,90.0000
2025-26,9,485047,DEF,1,1,false,42.7936,36.4000
2025-26,9,222531,MID,0,0,false,78.9518,88.2000
2025-26,9,215379,MID,0,0,false,83.4774,90.0000
2025-26,9,210462,MID,1,1,false,30.4097,57.6000
2025-26,9,60689,FWD,1,1,false,59.3419,0.0000
2025-26,9,487676,DEF,0,0,false,88.2906,77.2000
2025-26,9,434399,DEF,0,0,false,45.3105,90.0000
2025-26,9,484420,MID,0,0,false,68.6289,81.2000
2025-26,9,577669,MID,0,0,false,89.4071,90.0000
2025-26,9,549912,MID,0,0,false,52.6155,42.4000
2025-26,9,184254,GKP,0,0,false,78.1579,90.0000
2025-26,9,441164,DEF,0,0,false,76.4531,66.0000
2025-26,9,221632,DEF,2,2,false,49.7087,59.4000
2025-26,9,232859,DEF,0,0,false,56.8860,51.4000
2025-26,9,487053,DEF,2,2,false,40.4387,60.8000
2025-26,9,491279,DEF,0,0,false,66.7883,72.0000
2025-26,9,460842,MID,0,0,false,80.0279,68.6000
2025-26,9,202993,MID,0,0,false,61.3511,51.0000
2025-26,9,84182,GKP,0,0,false,63.6878,90.0000
2025-26,9,613804,DEF,0,0,false,82.3769,90.0000
2025-26,9,214048,DEF,0,0,false,89.3233,54.6000
2025-26,9,233963,DEF,1,1,false,54.0479,36.0000
2025-26,9,214590,DEF,0,0,false,58.1668,90.0000
2025-26,9,224024,MID,0,0,false,78.9168,51.0000
2025-26,9,215439,MID,0,0,false,50.2784,35.8000
2025-26,9,101178,MID,4,4,false,33.3162,0.0000
2025-26,9,450070,MID,0,0,false,49.9093,32.0000
2025-26,9,178186,FWD,0,0,false,85.8083,90.0000
2025-26,9,91889,FWD,2,2,false,29.3224,5.6000
2025-26,9,101982,GKP,0,0,false,47.4504,90.0000
2025-26,9,516939,DEF,2,2,false,40.6926,61.0000
2025-26,9,490721,DEF,0,0,false,74.8033,39.0000
2025-26,9,231480,DEF,0,0,false,57.8295,36.0000
2025-26,9,510362,DEF,3,3,false,43.0162,81.0000
2025-26,9,509291,MID,0,0,false,68.5041,74.8000
2025-26,9,448089,MID,0,0,false,73.2986,79.8000
2025-26,9,433312,MID,0,0,false,60.5651,36.0000
2025-26,9,247412,FWD,0,0,false,67.6227,87.0000
2025-26,9,466525,MID,1,1,false,65.4011,46.4000
2025-26,9,510663,FWD,0,0,false,51.6779,40.8000
2025-26,9,224117,FWD,0,0,false,86.4906,14.0000
2025-26,9,84450,MID,0,0,false,90.0000,90.0000
2025-26,9,456512,MID,0,0,false,60.0616,75.2000
2025-26,9,498016,GKP,0,0,false,90.0000,90.0000
2025-26,9,154296,MID,0,0,false,83.3356,63.4000
2025-26,9,201895,DEF,1,1,false,69.1999,36.0000
2025-26,9,465642,DEF,0,0,false,65.8776,90.0000
2025-26,9,242882,DEF,1,1,false,64.2460,63.0000
2025-26,9,177815,FWD,0,0,false,64.0825,45.8000
2025-26,9,200834,DEF,0,0,false,84.3238,90.0000
2025-26,9,551226,MID,0,0,false,67.0021,85.4000
2025-26,9,431248,DEF,0,0,false,82.7954,50.8000
2025-26,9,488024,MID,0,0,false,63.4006,64.2000
2025-26,9,470313,FWD,0,0,false,81.7052,79.6000
2025-26,9,493362,MID,0,0,false,65.6955,46.2000
2025-26,9,216055,MID,0,0,false,83.4807,81.4000
2025-26,9,204936,GKP,0,0,false,90.0000,90.0000
2025-26,13,154561,GKP,0,0,false,90.0000,90.0000
2025-26,13,226597,DEF,2,2,false,60.9992,3.8000
2025-26,13,462424,DEF,1,1,false,66.6699,54.0000
2025-26,13,466075,DEF,0,0,false,61.3732,53.0000
2025-26,13,445122,DEF,0,0,false,80.6454,63.2000
2025-26,13,223340,MID,0,0,false,68.5534,75.4000
2025-26,13,116216,MID,1,1,false,62.4139,46.6000
2025-26,13,204480,MID,0,0,false,82.5494,88.4000
2025-26,13,481655,MID,0,0,false,80.1136,83.4000
2025-26,13,98980,GKP,0,0,false,84.8678,54.0000
2025-26,13,199796,DEF,0,0,false,79.4206,89.2000
2025-26,13,101188,DEF,0,0,false,71.8176,11.4000
2025-26,13,199798,DEF,0,0,false,84.3428,90.0000
2025-26,13,149484,DEF,3,3,false,21.1088,0.0000
2025-26,13,244954,DEF,0,0,false,68.7964,35.0000
2025-26,13,244850,MID,0,0,false,87.0276,90.0000
2025-26,13,166989,MID,0,0,false,48.7217,76.0000
2025-26,13,122806,MID,0,0,false,70.7345,76.2000
2025-26,13,226944,MID,0,0,false,67.3385,83.6000
2025-26,13,449871,MID,0,0,false,39.7879,68.2000
2025-26,13,178301,FWD,0,0,false,67.4880,66.0000
2025-26,13,457569,GKP,0,0,false,90.0000,90.0000
2025-26,13,221466,DEF,0,0,false,72.4727,66.2000
2025-26,13,494521,DEF,0,0,false,86.4799,87.2000
2025-26,13,437730,MID,0,0,false,78.6887,90.0000
2025-26,13,533463,MID,0,0,false,65.4333,53.4000
2025-26,13,201658,MID,0,0,false,74.3466,78.0000
2025-26,13,200785,MID,0,0,false,73.6953,18.8000
2025-26,13,503139,MID,0,0,false,48.6675,67.6000
2025-26,13,444102,FWD,0,0,false,63.5985,59.8000
2025-26,13,200720,GKP,0,0,false,71.5789,90.0000
2025-26,13,432830,DEF,0,0,false,90.0000,75.2000
2025-26,13,607464,DEF,0,0,false,66.6602,87.0000
2025-26,13,444765,DEF,0,0,false,83.8889,72.0000
2025-26,13,446008,MID,0,0,false,88.6538,54.0000
2025-26,13,513418,MID,0,0,false,77.8750,65.8000
2025-26,13,440089,MID,0,0,false,75.6373,31.4000
2025-26,13,56979,MID,0,0,false,84.3004,42.0000
2025-26,13,508395,MID,0,0,false,55.9692,70.6000
2025-26,13,502500,FWD,0,0,false,63.7909,78.0000
2025-26,13,489639,GKP,0,0,false,88.6842,90.0000
2025-26,13,83299,DEF,0,0,false,75.3531,72.0000
2025-26,13,231416,DEF,0,0,false,62.5446,83.6000
2025-26,13,469142,DEF,0,0,false,86.6374,72.0000
2025-26,13,451340,MID,7,4,false,31.8990,10.4000
2025-26,13,463067,MID,0,0,false,62.1666,70.2000
2025-26,13,592031,MID,0,0,false,76.1520,73.2000
2025-26,13,509416,MID,0,0,false,75.3989,41.2000
2025-26,13,467779,MID,0,0,false,61.7066,72.0000
2025-26,13,50175,FWD,0,0,false,68.3906,27.2000
2025-26,13,58621,DEF,0,0,false,72.0614,69.2000
2025-26,13,478969,DEF,4,4,false,19.1662,90.0000
2025-26,13,477717,DEF,0,0,false,89.7886,54.0000
2025-26,13,494960,DEF,0,0,false,88.5843,36.0000
2025-26,13,180804,DEF,0,0,false,63.5403,15.2000
2025-26,13,444180,MID,0,0,false,65.2814,33.4000
2025-26,13,172567,MID,0,0,false,85.5898,80.4000
2025-26,13,435973,FWD,0,0,false,39.1060,39.2000
2025-26,13,215059,GKP,0,0,false,83.2919,90.0000
2025-26,13,179268,DEF,0,0,false,84.3407,85.6000
2025-26,13,225796,DEF,0,0,false,56.3134,72.0000
2025-26,13,180736,DEF,0,0,false,73.4369,90.0000
2025-26,13,482609,DEF,0,0,false,54.3235,59.8000
2025-26,13,444463,DEF,0,0,false,38.6521,54.0000
2025-26,13,577016,DEF,4,4,false,16.2228,0.0000
2025-26,13,247632,MID,0,0,false,74.6108,81.0000
2025-26,13,448047,MID,0,0,false,80.7353,79.2000
2025-26,13,486672,MID,0,0,false,70.5429,36.0000
2025-26,13,215413,MID,0,0,false,61.4066,39.0000
2025-26,13,475168,FWD,0,0,false,70.4867,72.0000
2025-26,13,172649,GKP,0,0,false,90.0000,90.0000
2025-26,13,247348,DEF,0,0,false,88.6038,18.0000
2025-26,13,437499,DEF,0,0,false,87.7778,90.0000
2025-26,13,244723,DEF,0,0,false,86.8173,90.0000
2025-26,13,209036,DEF,0,0,false,79.1895,90.0000
2025-26,13,427623,DEF,0,0,false,78.1786,72.0000
2025-26,13,232413,MID,0,0,false,72.2647,26.0000
2025-26,13,232185,MID,0,0,false,71.9697,18.0000
2025-26,13,209400,MID,0,0,false,67.9488,48.8000
2025-26,13,496221,MID,0,0,false,58.7782,87.0000
2025-26,13,231747,FWD,0,0,false,79.7425,71.2000
2025-26,13,111234,GKP,0,0,false,90.0000,90.0000
2025-26,13,17761,DEF,0,0,false,86.3596,90.0000
2025-26,13,224967,DEF,0,0,false,81.7769,90.0000
2025-26,13,512462,DEF,0,0,false,65.0855,90.0000
2025-26,13,106611,DEF,0,0,false,71.4658,72.0000
2025-26,13,440993,MID,0,0,false,76.7000,54.0000
2025-26,13,80801,MID,1,1,false,65.6166,18.0000
2025-26,13,232928,MID,0,0,false,76.6228,88.6000
2025-26,13,80201,GKP,0,0,false,90.0000,90.0000
2025-26,13,174874,DEF,0,0,false,76.1158,90.0000
2025-26,13,232892,DEF,0,0,false,83.0438,54.0000
2025-26,13,167074,DEF,0,0,false,65.5801,79.2000
2025-26,13,153133,MID,0,0,false,83.3709,51.2000
2025-26,13,184349,MID,0,0,false,66.2331,18.0000
2025-26,13,153682,MID,0,0,false,55.1478,86.0000
2025-26,13,207189,MID,0,0,false,80.6452,82.0000
2025-26,13,212314,MID,0,0,false,43.8568,49.4000
2025-26,13,577725,MID,0,0,false,43.2843,14.8000
2025-26,13,59735,GKP,5,4,false,24.5063,0.0000
2025-26,13,226182,DEF,0,0,false,87.8273,87.0000
2025-26,13,222694,DEF,0,0,false,62.1761,90.0000
2025-26,13,243526,DEF,0,0,false,71.3228,89.6000
2025-26,13,214225,DEF,0,0,false,90.0000,78.0000
2025-26,13,427637,MID,0,0,false,60.8080,41.6000
2025-26,13,199598,MID,0,0,false,83.7563,88.4000
2025-26,13,116535,GKP,0,0,false,53.5672,90.0000
2025-26,13,449027,GKP,2,2,false,41.2146,0.0000
2025-26,13,544877,DEF,0,0,false,68.6874,72.8000
2025-26,13,97032,DEF,0,0,false,89.3421,90.0000
2025-26,13,204716,DEF,0,0,false,77.2154,90.0000
2025-26,13,118748,MID,1,1,false,77.7834,21.8000
2025-26,13,494595,MID,0,0,false,52.0667,82.8000
2025-26,13,243298,MID,0,0,false,69.3508,26.2000
2025-26,13,243016,MID,0,0,false,70.7931,73.0000
2025-26,13,424876,MID,0,0,false,83.1652,70.4000
2025-26,13,441266,MID,0,0,false,79.3110,90.0000
2025-26,13,477424,DEF,0,0,false,78.0961,85.8000
2025-26,13,465351,DEF,0,0,false,70.4202,90.0000
2025-26,13,171314,DEF,0,0,false,79.6568,90.0000
2025-26,13,472769,DEF,0,0,false,59.7521,90.0000
2025-26,13,209244,MID,0,0,false,71.7803,85.6000
2025-26,13,165809,MID,0,0,false,68.9764,85.0000
2025-26,13,248875,MID,0,0,false,58.8045,30.6000
2025-26,13,114283,MID,0,0,false,62.3871,69.6000
2025-26,13,465694,MID,0,0,false,58.5310,79.8000
2025-26,13,433036,MID,0,0,false,51.5204,64.8000
2025-26,13,223094,FWD,0,0,false,83.4344,85.6000
2025-26,13,451302,GKP,7,4,false,16.5912,0.0000
2025-26,13,209365,DEF,0,0,false,80.4898,0.0000
2025-26,13,216051,DEF,0,0,false,62.1586,84.0000
2025-26,13,106760,DEF,0,0,false,63.7457,88.8000
2025-26,13,550864,DEF,0,0,false,50.4990,49.2000
2025-26,13,141746,MID,0,0,false,86.6018,63.0000
2025-26,13,430871,MID,2,2,false,51.6027,87.2000
2025-26,13,493250,MID,0,0,false,70.7355,54.0000
2025-26,13,61256,MID,0,0,false,58.7086,57.4000
2025-26,13,98747,GKP,1,1,false,70.5935,0.0000
2025-26,13,67089,GKP,0,0,false,71.5789,90.0000
2025-26,13,119471,DEF,0,0,false,44.0424,63.8000
2025-26,13,220237,DEF,1,1,false,38.1430,0.0000
2025-26,13,78916,DEF,0,0,false,77.9900,38.6000
2025-26,13,441191,DEF,0,0,false,55.4231,54.0000
2025-26,13,77794,DEF,2,2,false,39.9584,0.0000
2025-26,13,208706,MID,0,0,false,85.6380,81.0000
2025-26,13,180974,MID,0,0,false,67.9386,25.6000
2025-26,13,432422,MID,0,0,false,65.9621,54.0000
2025-26,13,180135,MID,1,1,false,52.4644,0.0000
2025-26,13,219168,FWD,0,0,false,47.0523,23.4000
2025-26,13,85633,GKP,0,0,false,90.0000,36.0000
2025-26,13,227444,DEF,0,0,false,89.3421,90.0000
2025-26,13,575476,DEF,1,1,false,63.9615,54.0000
2025-26,13,215136,DEF,0,0,false,83.9181,90.0000
2025-26,13,485047,DEF,0,0,false,35.3147,36.0000
2025-26,13,222531,MID,0,0,false,81.8526,86.4000
2025-26,13,215379,MID,0,0,false,84.9269,90.0000
2025-26,13,210462,MID,0,0,false,41.0574,40.2000
2025-26,13,60689,FWD,5,4,false,37.2593,0.0000
2025-26,13,223827,DEF,0,0,false,73.7057,72.0000
2025-26,13,487676,DEF,0,0,false,77.8953,75.4000
2025-26,13,434399,DEF,0,0,false,70.2798,36.0000
2025-26,13,484420,MID,0,0,false,76.1367,87.8000
2025-26,13,577669,MID,0,0,false,89.7384,50.2000
2025-26,13,437505,FWD,0,0,false,65.8613,28.6000
2025-26,13,184254,GKP,0,0,false,80.7895,90.0000
2025-26,13,441164,DEF,0,0,false,69.1510,90.0000
2025-26,13,221632,DEF,1,1,false,48.3039,70.0000
2025-26,13,232859,DEF,1,1,false,56.3031,65.6000
2025-26,13,491279,DEF,0,0,false,72.1153,72.0000
2025-26,13,460842,MID,0,0,false,73.2783,77.0000
2025-26,13,202993,MID,0,0,false,51.1358,78.4000
2025-26,13,212319,FWD,0,0,false,47.0225,58.6000
2025-26,13,84182,GKP,0,0,false,73.8784,90.0000
2025-26,13,613804,DEF,0,0,false,86.6362,52.4000
2025-26,13,214048,DEF,1,1,false,77.9172,54.6000
2025-26,13,233963,DEF,0,0,false,43.7447,56.2000
2025-26,13,462116,DEF,0,0,false,62.4469,90.0000
2025-26,13,214590,DEF,0,0,false,73.5137,54.0000
2025-26,13,224024,MID,0,0,false,70.3900,65.4000
2025-26,13,101178,MID,8,4,false,20.3149,0.0000
2025-26,13,450070,MID,2,2,false,40.1999,58.2000
2025-26,13,178186,FWD,0,0,false,86.7398,90.0000
2025-26,13,101982,GKP,0,0,false,61.5108,54.0000
2025-26,13,516939,DEF,0,0,false,47.8572,54.0000
2025-26,13,490721,DEF,0,0,false,56.4478,16.2000
2025-26,13,231480,DEF,2,2,false,48.1598,36.0000
2025-26,13,510362,DEF,0,0,false,61.1330,48.8000
2025-26,13,509291,MID,0,0,false,71.0280,90.0000
2025-26,13,448089,MID,0,0,false,77.1050,70.8000
2025-26,13,433312,MID,1,1,false,48.5857,1.0000
2025-26,13,247412,FWD,0,0,false,75.5533,68.8000
2025-26,13,466525,MID,1,1,false,46.6348,90.0000
2025-26,13,201595,GKP,0,0,false,65.4937,90.0000
2025-26,13,224117,FWD,0,0,false,46.1232,53.2000
2025-26,13,84450,MID,0,0,false,90.0000,86.4000
2025-26,13,456512,MID,0,0,false,68.0409,22.4000
2025-26,13,498016,GKP,0,0,false,90.0000,90.0000
2025-26,13,154296,MID,0,0,false,80.0390,20.4000
2025-26,13,201895,DEF,0,0,false,46.5371,90.0000
2025-26,13,465642,DEF,0,0,false,79.3555,90.0000
2025-26,13,242882,DEF,0,0,false,60.5932,81.0000
2025-26,13,177815,FWD,0,0,false,49.8066,87.0000
2025-26,13,200834,DEF,0,0,false,87.5673,90.0000
2025-26,13,435997,MID,0,0,false,52.3427,65.0000
2025-26,13,551226,MID,0,0,false,75.4234,85.8000
2025-26,13,431248,DEF,1,1,false,67.6927,69.8000
2025-26,13,488024,MID,0,0,false,64.8552,80.8000
2025-26,13,470313,FWD,0,0,false,80.4035,75.2000
2025-26,13,500151,DEF,0,0,false,72.9636,79.0000
2025-26,13,493362,MID,0,0,false,57.0349,45.0000
2025-26,13,216055,MID,0,0,false,83.2104,46.4000
2025-26,13,465247,GKP,0,0,false,76.8234,90.0000
2025-26,13,110504,MID,0,0,false,57.0383,24.8000
2025-26,13,204936,GKP,0,0,false,90.0000,90.0000
2025-26,17,154561,GKP,0,0,false,90.0000,90.0000
2025-26,17,226597,DEF,6,4,false,36.2270,73.0000
2025-26,17,462424,DEF,0,0,false,62.1378,90.0000
2025-26,17,466075,DEF,0,0,false,59.6704,0.0000
2025-26,17,445122,DEF,0,0,false,79.5796,70.4000
2025-26,17,223340,MID,0,0,false,69.4764,61.0000
2025-26,17,116216,MID,0,0,false,54.8828,60.4000
2025-26,17,204480,MID,0,0,false,84.2525,72.0000
2025-26,17,481655,MID,0,0,false,80.6710,87.6000
2025-26,17,98980,GKP,0,0,false,70.1273,81.0000
2025-26,17,199796,DEF,0,0,false,81.1973,71.8000
2025-26,17,101188,DEF,0,0,false,46.7855,41.4000
2025-26,17,199798,DEF,0,0,false,86.0345,90.0000
2025-26,17,149484,DEF,7,4,false,13.2254,0.0000
2025-26,17,244954,DEF,2,2,false,54.1235,18.0000
2025-26,17,244850,MID,0,0,false,87.8005,88.2000
2025-26,17,166989,MID,0,0,false,62.8380,88.2000
2025-26,17,122806,MID,0,0,false,74.0572,54.8000
2025-26,17,226944,MID,0,0,false,72.6515,50.6000
2025-26,17,449871,MID,0,0,false,55.1727,15.2000
2025-26,17,178301,FWD,0,0,false,70.2316,76.8000
2025-26,17,457569,GKP,0,0,false,90.0000,90.0000
2025-26,17,221466,DEF,0,0,false,66.2390,90.0000
2025-26,17,494521,DEF,0,0,false,88.3376,87.2000
2025-26,17,437730,MID,0,0,false,83.7859,90.0000
2025-26,17,533463,MID,1,1,false,62.3803,2.6000
2025-26,17,201658,MID,0,0,false,74.0577,85.2000
2025-26,17,200785,MID,1,1,false,49.0988,0.0000
2025-26,17,503139,MID,0,0,false,50.0535,85.2000
2025-26,17,444102,FWD,0,0,false,64.0112,70.4000
2025-26,17,200720,GKP,0,0,false,74.9282,90.0000
2025-26,17,432830,DEF,0,0,false,84.2903,90.0000
2025-26,17,607464,DEF,0,0,false,70.2042,88.2000
2025-26,17,444765,DEF,0,0,false,85.0000,0.0000
2025-26,17,446008,MID,1,1,false,77.6296,14.0000
2025-26,17,513418,MID,0,0,false,69.0557,80.6000
2025-26,17,440089,MID,0,0,false,59.1581,41.6000
2025-26,17,56979,MID,1,1,false,66.1037,26.2000
2025-26,17,508395,MID,0,0,false,58.1587,87.4000
2025-26,17,502500,FWD,0,0,false,64.6870,88.2000
2025-26,17,489639,GKP,0,0,false,88.9234,90.0000
2025-26,17,83299,DEF,1,1,false,67.8578,90.0000
2025-26,17,231416,DEF,0,0,false,66.5995,89.6000
2025-26,17,469142,DEF,1,1,false,75.5701,90.0000
2025-26,17,451340,MID,0,0,false,28.2691,54.6000
2025-26,17,463067,MID,0,0,false,63.9637,55.6000
2025-26,17,592031,MID,0,0,false,75.0297,25.2000
2025-26,17,509416,MID,0,0,false,57.0924,70.4000
2025-26,17,514254,MID,1,1,false,50.8105,75.4000
2025-26,17,467779,MID,0,0,false,64.3361,9.0000
2025-26,17,50175,FWD,1,1,false,50.2865,41.0000
2025-26,17,58621,DEF,0,0,false,63.6857,90.0000
2025-26,17,478969,DEF,0,0,false,56.5477,57.2000
2025-26,17,477717,DEF,1,1,false,74.7865,35.4000
2025-26,17,494960,DEF,1,1,false,63.5308,0.0000
2025-26,17,180804,DEF,1,1,false,44.3104,18.0000
2025-26,17,444180,MID,0,0,false,51.5950,43.8000
2025-26,17,172567,MID,0,0,false,86.9187,10.4000
2025-26,17,435973,FWD,1,1,false,41.4123,6.0000
2025-26,17,215059,GKP,0,0,false,85.3754,72.0000
2025-26,17,179268,DEF,0,0,false,86.1523,35.8000
2025-26,17,225796,DEF,0,0,false,60.6296,66.8000
2025-26,17,180736,DEF,0,0,false,78.3121,90.0000
2025-26,17,482609,DEF,0,0,false,60.1156,55.2000
2025-26,17,444463,DEF,0,0,false,51.9686,24.4000
2025-26,17,109646,DEF,3,3,false,25.4581,29.4000
2025-26,17,577016,DEF,8,4,false,8.5815,25.0000
2025-26,17,247632,MID,0,0,false,76.1033,81.0000
2025-26,17,448047,MID,0,0,false,77.2204,83.6000
2025-26,17,486672,MID,0,0,false,54.9878,72.0000
2025-26,17,215413,MID,1,1,false,48.4550,0.0000
2025-26,17,475168,FWD,0,0,false,70.3557,48.8000
2025-26,17,172649,GKP,0,0,false,90.0000,90.0000
2025-26,17,247348,DEF,3,3,false,59.1002,0.0000
2025-26,17,437499,DEF,0,0,false,88.1818,90.0000
2025-26,17,244723,DEF,0,0,false,87.6370,90.0000
2025-26,17,209036,DEF,0,0,false,83.7119,72.0000
2025-26,17,427623,DEF,0,0,false,80.5982,18.0000
2025-26,17,232413,MID,1,1,false,54.9112,4.6000
2025-26,17,232185,MID,1,1,false,52.3799,0.0000
2025-26,17,209400,MID,1,1,false,60.1174,0.0000
2025-26,17,496221,MID,0,0,false,68.2497,89.2000
2025-26,17,231747,FWD,0,0,false,73.7883,89.2000
2025-26,17,111234,GKP,0,0,false,90.0000,90.0000
2025-26,17,17761,DEF,0,0,false,87.0215,90.0000
2025-26,17,224967,DEF,0,0,false,85.0718,90.0000
2025-26,17,512462,DEF,0,0,false,73.1750,90.0000
2025-26,17,106611,DEF,0,0,false,68.2608,52.4000
2025-26,17,440993,MID,1,1,false,69.3274,0.0000
2025-26,17,80801,MID,1,1,false,49.9817,0.0000
2025-26,17,232928,MID,0,0,false,78.2912,90.0000
2025-26,17,80201,GKP,0,0,false,90.0000,90.0000
2025-26,17,174874,DEF,0,0,false,81.2759,90.0000
2025-26,17,232892,DEF,1,1,false,74.0150,0.0000
2025-26,17,167074,DEF,0,0,false,70.4217,26.2000
2025-26,17,153133,MID,1,1,false,72.4747,0.0000
2025-26,17,184349,MID,3,3,false,41.7240,16.2000
2025-26,17,153682,MID,0,0,false,65.1885,87.0000
2025-26,17,207189,MID,0,0,false,77.9103,70.6000
2025-26,17,212314,MID,0,0,false,45.1665,69.8000
2025-26,17,59735,GKP,9,4,false,11.5735,18.0000
2025-26,17,226182,DEF,0,0,false,86.7273,35.4000
2025-26,17,222694,DEF,0,0,false,76.8598,90.0000
2025-26,17,434752,DEF,0,0,false,58.7263,72.0000
2025-26,17,243526,DEF,0,0,false,80.8970,90.0000
2025-26,17,214225,DEF,0,0,false,90.0000,42.0000
2025-26,17,199598,MID,0,0,false,85.9046,72.0000
2025-26,17,116535,GKP,0,0,false,69.5049,90.0000
2025-26,17,449027,GKP,6,4,false,19.4642,0.0000
2025-26,17,544877,DEF,0,0,false,72.4032,74.2000
2025-26,17,97032,DEF,0,0,false,89.4617,90.0000
2025-26,17,204716,DEF,0,0,false,81.5753,90.0000
2025-26,17,118748,MID,1,1,false,57.4759,0.0000
2025-26,17,494595,MID,0,0,false,67.5186,82.0000
2025-26,17,243298,MID,2,2,false,50.4322,57.0000
2025-26,17,243016,MID,0,0,false,70.8614,61.2000
2025-26,17,424876,MID,0,0,false,83.5350,72.0000
2025-26,17,441266,MID,0,0,false,84.0043,87.4000
2025-26,17,477424,DEF,0,0,false,81.7334,34.6000
2025-26,17,465351,DEF,0,0,false,76.1039,68.4000
2025-26,17,171314,DEF,0,0,false,82.1411,52.0000
2025-26,17,472769,DEF,0,0,false,68.0945,59.6000
2025-26,17,209244,MID,0,0,false,75.0035,77.4000
2025-26,17,165809,MID,0,0,false,74.7527,86.6000
2025-26,17,248875,MID,2,2,false,46.2769,45.6000
2025-26,17,114283,MID,0,0,false,68.6265,57.4000
2025-26,17,465694,MID,0,0,false,62.8174,39.6000
2025-26,17,433036,MID,0,0,false,57.8579,49.2000
2025-26,17,223094,FWD,0,0,false,83.0994,87.8000
2025-26,17,451302,GKP,11,4,false,9.2068,0.0000
2025-26,17,209365,DEF,4,4,true,45.5173,0.0000
2025-26,17,216051,DEF,0,0,false,72.1244,90.0000
2025-26,17,106760,DEF,0,0,false,69.4716,89.4000
2025-26,17,141746,MID,0,0,false,81.5218,30.0000
2025-26,17,430871,MID,0,0,false,67.6333,72.4000
2025-26,17,493250,MID,1,1,false,65.1060,18.0000
2025-26,17,61256,MID,1,1,false,53.6271,78.6000
2025-26,17,98747,GKP,5,4,false,41.4340,72.0000
2025-26,17,67089,GKP,0,0,false,74.9282,90.0000
2025-26,17,487838,DEF,0,0,false,56.4519,84.4000
2025-26,17,119471,DEF,0,0,false,54.2188,69.0000
2025-26,17,220237,DEF,5,4,false,20.2156,27.0000
2025-26,17,78916,DEF,1,1,false,64.1309,0.0000
2025-26,17,441191,DEF,1,1,false,59.5119,14.4000
2025-26,17,77794,DEF,6,4,false,23.1617,18.0000
2025-26,17,208706,MID,0,0,false,83.9876,90.0000
2025-26,17,180974,MID,2,2,false,48.2166,76.4000
2025-26,17,432422,MID,0,0,false,60.9053,67.8000
2025-26,17,180135,MID,5,4,false,28.3006,0.0000
2025-26,17,85633,GKP,2,2,false,68.5007,38.4000
2025-26,17,227444,DEF,0,0,false,89.4617,90.0000
2025-26,17,575476,DEF,0,0,false,61.1101,90.0000
2025-26,17,215136,DEF,0,0,false,85.0239,90.0000
2025-26,17,485047,DEF,2,2,false,35.0844,0.2000
2025-26,17,222531,MID,0,0,false,82.1431,90.0000
2025-26,17,215379,MID,0,0,false,85.8493,90.0000
2025-26,17,210462,MID,1,1,false,41.1237,18.0000
2025-26,17,60689,FWD,9,4,false,25.5923,0.0000
2025-26,17,223827,DEF,0,0,false,82.3048,38.4000
2025-26,17,487676,DEF,0,0,false,74.0424,90.0000
2025-26,17,434399,DEF,1,1,false,54.8863,18.0000
2025-26,17,547027,MID,0,0,false,9.1619,0.0000
2025-26,17,484420,MID,0,0,false,82.3545,90.0000
2025-26,17,577669,MID,1,1,false,72.5067,18.0000
2025-26,17,184254,GKP,0,0,false,82.4641,90.0000
2025-26,17,441164,DEF,0,0,false,77.6034,90.0000
2025-26,17,221632,DEF,0,0,false,63.4302,72.0000
2025-26,17,232859,DEF,0,0,false,58.8092,68.6000
2025-26,17,487053,DEF,3,3,false,36.1193,0.0000
2025-26,17,491279,DEF,0,0,false,68.5158,90.0000
2025-26,17,460842,MID,0,0,false,72.8496,38.4000
2025-26,17,202993,MID,0,0,false,60.4136,71.0000
2025-26,17,84182,GKP,0,0,false,79.1984,90.0000
2025-26,17,613804,DEF,1,1,false,72.3478,0.0000
2025-26,17,214048,DEF,0,0,false,67.1967,54.2000
2025-26,17,233963,DEF,0,0,false,53.2085,63.0000
2025-26,17,462116,DEF,0,0,false,72.4273,63.0000
2025-26,17,214590,DEF,1,1,false,69.3825,18.0000
2025-26,17,224024,MID,0,0,false,68.0236,45.0000
2025-26,17,101178,MID,12,4,false,13.5425,0.0000
2025-26,17,450070,MID,0,0,false,48.2170,70.4000
2025-26,17,490142,MID,0,0,false,61.7214,47.0000
2025-26,17,178186,FWD,0,0,false,87.3325,90.0000
2025-26,17,101982,GKP,1,1,false,57.5446,0.0000
2025-26,17,149065,GKP,0,0,false,31.3788,90.0000
2025-26,17,516939,DEF,1,1,false,52.4297,0.0000
2025-26,17,87835,DEF,0,0,false,35.8251,30.2000
2025-26,17,501837,DEF,1,1,false,35.6171,87.6000
2025-26,17,231480,DEF,0,0,false,39.8513,72.0000
2025-26,17,510362,DEF,1,1,false,59.4168,0.0000
2025-26,17,509291,MID,0,0,false,78.2454,54.0000
2025-26,17,448089,MID,0,0,false,73.7454,77.0000
2025-26,17,433312,MID,3,3,true,27.3990,0.0000
2025-26,17,247412,FWD,0,0,false,76.3757,26.2000
2025-26,17,466525,MID,0,0,false,69.5201,69.8000
2025-26,17,201595,GKP,0,0,false,78.4265,72.0000
2025-26,17,224117,FWD,0,0,false,49.8692,66.0000
2025-26,17,84450,MID,0,0,false,87.8626,90.0000
2025-26,17,456512,MID,1,1,false,44.2082,2.8000
2025-26,17,498016,GKP,0,0,false,90.0000,90.0000
2025-26,17,154296,MID,0,0,false,48.3364,42.8000
2025-26,17,225321,GKP,0,0,false,59.2857,18.0000
2025-26,17,503714,MID,0,0,false,59.1655,81.0000
2025-26,17,497949,DEF,0,0,false,62.1455,6.2000
2025-26,17,201895,DEF,0,0,false,69.4740,88.4000
2025-26,17,465642,DEF,0,0,false,84.9730,81.0000
2025-26,17,242882,DEF,0,0,false,76.1122,11.8000
2025-26,17,177815,FWD,0,0,false,64.7792,74.0000
2025-26,17,200834,DEF,0,0,false,88.8648,90.0000
2025-26,17,435997,MID,0,0,false,60.1696,49.0000
2025-26,17,551226,MID,0,0,false,79.1755,87.8000
2025-26,17,431248,DEF,0,0,false,68.9541,85.4000
2025-26,17,488024,MID,0,0,false,74.8183,84.6000
2025-26,17,551483,DEF,0,0,false,66.3336,89.2000
2025-26,17,470313,FWD,0,0,false,78.0793,45.8000
2025-26,17,500151,DEF,0,0,false,75.0089,22.2000
2025-26,17,620487,DEF,3,3,false,20.6256,0.4000
2025-26,17,216055,MID,1,1,false,61.6863,78.6000
2025-26,17,448104,DEF,0,0,false,64.8842,65.2000
2025-26,17,247693,FWD,0,0,false,61.4709,62.4000
2025-26,17,465247,GKP,0,0,false,84.0505,90.0000
2025-26,17,110504,MID,1,1,false,42.6682,0.0000
2025-26,17,204936,GKP,0,0,false,90.0000,90.0000
2025-26,21,154561,GKP,0,0,false,90.0000,108.0000
2025-26,21,226597,DEF,0,0,false,53.6428,108.0000
2025-26,21,462424,DEF,0,0,false,75.0621,90.0000
2025-26,21,466075,DEF,4,4,false,32.3185,18.2000
2025-26,21,445122,DEF,0,0,false,74.8625,108.0000
2025-26,21,206325,DEF,2,2,false,14.2520,0.0000
2025-26,21,223340,MID,0,0,false,66.2408,43.0000
2025-26,21,116216,MID,0,0,false,58.6723,77.4000
2025-26,21,204480,MID,0,0,false,77.4729,108.0000
2025-26,21,481655,MID,0,0,false,85.4614,99.0000
2025-26,21,98980,GKP,0,0,false,73.5011,90.0000
2025-26,21,72147,GKP,0,0,false,19.0174,0.0000
2025-26,21,199796,DEF,0,0,false,74.2857,72.0000
2025-26,21,199798,DEF,0,0,false,87.0061,90.0000
2025-26,21,149484,DEF,11,4,false,8.9850,39.0000
2025-26,21,244954,DEF,6,4,false,31.6000,50.8000
2025-26,21,244850,MID,0,0,false,87.4257,90.0000
2025-26,21,166989,MID,0,0,false,74.5500,32.6000
2025-26,21,122806,MID,0,0,false,69.4896,3.4000
2025-26,21,226944,MID,0,0,false,67.5307,0.0000
2025-26,21,449871,MID,2,2,false,37.9457,50.4000
2025-26,21,178301,FWD,0,0,false,72.8381,67.6000
2025-26,21,457569,GKP,0,0,false,90.0000,90.0000
2025-26,21,221466,DEF,0,0,false,73.2382,90.0000
2025-26,21,494521,DEF,0,0,false,87.8310,90.0000
2025-26,21,437730,MID,0,0,false,86.3998,90.0000
2025-26,21,533463,MID,5,4,false,35.7563,61.0000
2025-26,21,201658,MID,0,0,false,78.3603,14.0000
2025-26,21,200785,MID,5,4,false,28.9236,0.0000
2025-26,21,503139,MID,0,0,false,61.8487,90.0000
2025-26,21,444102,FWD,0,0,false,64.7358,82.0000
2025-26,21,200720,GKP,0,0,false,77.2470,90.0000
2025-26,21,432830,DEF,0,0,false,87.0965,42.0000
2025-26,21,191866,DEF,0,0,false,58.6550,79.2000
2025-26,21,607464,DEF,0,0,false,72.8956,88.0000
2025-26,21,444765,DEF,4,4,false,48.4422,64.6000
2025-26,21,446008,MID,5,4,false,46.3723,80.8000
2025-26,21,513418,MID,0,0,false,73.0265,42.4000
2025-26,21,440089,MID,0,0,false,50.7968,26.4000
2025-26,21,56979,MID,0,0,false,48.5156,28.0000
2025-26,21,508395,MID,0,0,false,68.6162,61.2000
2025-26,21,502500,FWD,0,0,false,69.3711,90.0000
2025-26,21,489639,GKP,0,0,false,89.0891,90.0000
2025-26,21,83299,DEF,0,0,false,76.0363,90.0000
2025-26,21,231416,DEF,0,0,false,71.9717,89.6000
2025-26,21,469142,DEF,0,0,false,81.7332,66.0000
2025-26,21,451340,MID,0,0,false,41.0852,88.0000
2025-26,21,463067,MID,0,0,false,62.4016,33.2000
2025-26,21,592031,MID,2,2,false,50.7021,18.2000
2025-26,21,509416,MID,0,0,false,69.2578,36.0000
2025-26,21,514254,MID,0,0,false,59.0336,48.8000
2025-26,21,467779,MID,3,3,false,38.2729,0.0000
2025-26,21,58621,DEF,0,0,false,71.6632,90.0000
2025-26,21,478969,DEF,1,1,false,59.0195,3.2000
2025-26,21,477717,DEF,0,0,false,52.7074,86.6000
2025-26,21,494960,DEF,5,4,false,30.9081,0.0000
2025-26,21,461188,DEF,0,0,false,44.5056,90.0000
2025-26,21,549329,DEF,0,0,false,56.2536,72.0000
2025-26,21,180804,DEF,5,4,false,25.9858,45.0000
2025-26,21,444180,MID,0,0,false,42.9737,82.8000
2025-26,21,172567,MID,3,3,true,47.3387,0.0000
2025-26,21,435973,FWD,0,0,false,22.4349,27.8000
2025-26,21,215059,GKP,0,0,false,76.5699,90.0000
2025-26,21,179268,DEF,0,0,false,57.9516,72.0000
2025-26,21,225796,DEF,0,0,false,57.5151,34.6000
2025-26,21,180736,DEF,0,0,false,81.1264,90.0000
2025-26,21,482609,DEF,0,0,false,64.2446,52.0000
2025-26,21,444463,DEF,2,2,false,37.1926,39.0000
2025-26,21,109646,DEF,0,0,false,27.6568,11.4000
2025-26,21,244851,MID,0,0,false,60.2157,66.0000
2025-26,21,247632,MID,0,0,false,76.3954,68.6000
2025-26,21,448047,MID,0,0,false,79.1067,88.8000
2025-26,21,486672,MID,0,0,false,62.0683,86.4000
2025-26,21,215413,MID,5,4,false,25.1593,60.6000
2025-26,21,475168,FWD,0,0,false,56.3120,73.2000
2025-26,21,172649,GKP,0,0,false,90.0000,90.0000
2025-26,21,247348,DEF,7,4,false,36.5741,65.2000
2025-26,21,437499,DEF,0,0,false,88.4615,90.0000
2025-26,21,244723,DEF,0,0,false,88.1320,84.8000
2025-26,21,209036,DEF,0,0,false,86.0734,72.0000
2025-26,21,427623,DEF,4,4,false,44.8650,90.0000
2025-26,21,232413,MID,0,0,false,34.7332,29.0000
2025-26,21,232185,MID,5,4,false,32.1046,71.4000
2025-26,21,209400,MID,5,4,false,33.6908,16.8000
2025-26,21,496221,MID,0,0,false,74.2429,66.8000
2025-26,21,231747,FWD,0,0,false,79.7411,34.8000
2025-26,21,111234,GKP,0,0,false,90.0000,90.0000
2025-26,21,17761,DEF,0,0,false,87.4798,90.0000
2025-26,21,224967,DEF,0,0,false,86.8114,70.8000
2025-26,21,512462,DEF,0,0,false,77.7043,85.6000
2025-26,21,106611,DEF,0,0,false,64.6966,36.2000
2025-26,21,440993,MID,5,4,false,40.1533,72.0000
2025-26,21,80801,MID,5,4,false,31.6020,69.8000
2025-26,21,232928,MID,0,0,false,80.3504,90.0000
2025-26,21,80201,GKP,0,0,false,90.0000,90.0000
2025-26,21,169528,DEF,0,0,false,62.2762,43.6000
2025-26,21,174874,DEF,0,0,false,84.0552,90.0000
2025-26,21,232892,DEF,5,4,false,43.8456,18.8000
2025-26,21,246301,DEF,0,0,false,40.5922,71.0000
2025-26,21,167074,DEF,2,2,false,50.4134,19.4000
2025-26,21,153133,MID,5,4,false,42.8745,71.4000
2025-26,21,184349,MID,0,0,false,24.6202,58.8000
2025-26,21,153682,MID,0,0,false,71.5691,85.6000
2025-26,21,207189,MID,0,0,false,71.0723,88.0000
2025-26,21,212314,MID,0,0,false,55.1670,13.0000
2025-26,21,102057,FWD,0,0,false,77.8634,80.0000
2025-26,21,59735,GKP,13,4,false,5.6306,90.0000
2025-26,21,226182,DEF,2,2,false,51.7462,88.0000
2025-26,21,222694,DEF,0,0,false,83.6072,72.0000
2025-26,21,434752,DEF,0,0,false,74.7852,18.0000
2025-26,21,243526,DEF,0,0,false,85.5713,72.0000
2025-26,21,214225,DEF,0,0,false,61.4060,90.0000
2025-26,21,427637,MID,0,0,false,66.0310,82.2000
2025-26,21,199598,MID,0,0,false,75.6416,90.0000
2025-26,21,116535,GKP,0,0,false,77.7362,90.0000
2025-26,21,449027,GKP,10,4,false,9.4695,0.0000
2025-26,21,544877,DEF,0,0,false,74.7229,60.4000
2025-26,21,97032,DEF,0,0,false,89.5445,90.0000
2025-26,21,204716,DEF,0,0,false,83.9813,72.0000
2025-26,21,492777,DEF,0,0,true,48.8823,0.0000
2025-26,21,118748,MID,5,4,false,36.0409,70.6000
2025-26,21,494595,MID,0,0,false,74.1132,89.2000
2025-26,21,243298,MID,0,0,false,53.9442,79.6000
2025-26,21,243016,MID,0,0,false,72.4466,68.0000
2025-26,21,424876,MID,0,0,false,77.7618,72.0000
2025-26,21,441266,MID,0,0,false,86.4260,87.4000
2025-26,21,477424,DEF,1,1,false,63.8734,0.0000
2025-26,21,465351,DEF,0,0,false,77.0242,65.8000
2025-26,21,171314,DEF,1,1,false,70.6918,23.8000
2025-26,21,472769,DEF,0,0,false,60.2076,81.0000
2025-26,21,209244,MID,0,0,false,76.6685,29.2000
2025-26,21,165809,MID,0,0,false,80.1660,81.0000
2025-26,21,248875,MID,0,0,false,44.3106,19.0000
2025-26,21,114283,MID,0,0,false,59.7452,18.0000
2025-26,21,465694,MID,0,0,false,53.0550,7.8000
2025-26,21,433036,MID,0,0,false,59.9076,24.2000
2025-26,21,223094,FWD,0,0,false,85.1097,64.2000
2025-26,21,451302,GKP,15,4,false,5.4088,0.0000
2025-26,21,209365,DEF,8,4,true,27.4254,0.0000
2025-26,21,216051,DEF,0,0,false,79.6822,87.2000
2025-26,21,106760,DEF,0,0,false,73.1180,89.2000
2025-26,21,606745,DEF,0,0,false,49.0284,0.2000
2025-26,21,141746,MID,0,0,false,55.4663,90.0000
2025-26,21,430871,MID,0,0,false,74.7186,51.0000
2025-26,21,493250,MID,5,4,false,36.9404,89.4000
2025-26,21,61256,MID,0,0,false,63.0065,84.0000
2025-26,21,98747,GKP,0,0,false,56.4232,90.0000
2025-26,21,67089,GKP,0,0,false,77.2470,90.0000
2025-26,21,487838,DEF,0,0,false,67.3449,71.8000
2025-26,21,119471,DEF,0,0,true,68.8455,0.0000
2025-26,21,220237,DEF,0,0,false,17.0509,72.0000
2025-26,21,78916,DEF,5,4,false,39.3363,36.6000
2025-26,21,441191,DEF,0,0,false,44.9231,0.0000
2025-26,21,77794,DEF,10,4,false,14.4013,87.8000
2025-26,21,232826,MID,0,0,false,61.5764,61.0000
2025-26,21,208706,MID,0,0,false,86.6457,54.0000
2025-26,21,180974,MID,0,0,false,61.3443,27.4000
2025-26,21,432422,MID,0,0,false,63.4546,68.0000
2025-26,21,180135,MID,9,4,false,15.9726,11.8000
2025-26,21,547719,MID,0,0,false,60.3593,22.6000
2025-26,21,85633,GKP,0,0,false,54.9496,45.0000
2025-26,21,227444,DEF,0,0,false,89.5445,90.0000
2025-26,21,575476,DEF,0,0,false,74.8404,54.0000
2025-26,21,159506,DEF,0,0,false,35.9236,90.0000
2025-26,21,215136,DEF,0,0,false,85.7895,62.8000
2025-26,21,485047,DEF,0,0,false,19.7723,45.6000
2025-26,21,222531,MID,0,0,false,84.7647,85.2000
2025-26,21,215379,MID,0,0,false,86.4879,90.0000
2025-26,21,210462,MID,5,4,false,22.0915,90.0000
2025-26,21,60689,FWD,13,4,false,18.9874,0.0000
2025-26,21,223827,DEF,0,0,false,56.0844,90.0000
2025-26,21,487676,DEF,0,0,false,82.2365,77.6000
2025-26,21,434399,DEF,5,4,false,26.7025,81.0000
2025-26,21,547027,MID,4,4,false,4.4573,60.8000
2025-26,21,484420,MID,0,0,false,86.2804,90.0000
2025-26,21,577669,MID,5,4,false,35.2750,86.0000
2025-26,21,184254,GKP,0,0,false,83.6235,90.0000
2025-26,21,441164,DEF,0,0,false,82.0523,27.0000
2025-26,21,221632,DEF,0,0,false,65.3794,50.6000
2025-26,21,232859,DEF,0,0,false,61.0813,50.2000
2025-26,21,487053,DEF,7,4,false,22.2506,37.8000
2025-26,21,491279,DEF,0,0,false,74.2163,72.0000
2025-26,21,460842,MID,1,1,true,59.2617,0.0000
2025-26,21,202993,MID,0,0,false,70.7004,0.0000
2025-26,21,212319,FWD,0,0,false,52.5122,0.0000
2025-26,21,84182,GKP,0,0,false,82.1627,54.0000
2025-26,21,613804,DEF,5,4,false,35.1977,51.4000
2025-26,21,214048,DEF,1,1,false,66.3809,5.2000
2025-26,21,233963,DEF,0,0,false,57.2321,90.0000
2025-26,21,536109,DEF,0,0,false,42.1441,38.0000
2025-26,21,462116,DEF,0,0,false,63.6537,54.0000
2025-26,21,214590,DEF,5,4,false,41.6514,90.0000
2025-26,21,224024,MID,0,0,true,61.5763,0.0000
2025-26,21,101178,MID,16,4,false,9.7803,1.4000
2025-26,21,450070,MID,0,0,false,54.7877,89.8000
2025-26,21,490142,MID,0,0,false,56.9875,25.4000
2025-26,21,178186,FWD,0,0,false,87.7429,87.8000
2025-26,21,101982,GKP,5,4,false,30.5348,0.0000
2025-26,21,149065,GKP,0,0,false,58.5543,108.0000
2025-26,21,516939,DEF,5,4,false,29.5088,18.0000
2025-26,21,87835,DEF,2,2,false,35.6541,9.0000
2025-26,21,490721,DEF,0,0,false,57.5217,101.4000
2025-26,21,501837,DEF,0,0,false,55.3879,108.0000
2025-26,21,231480,DEF,0,0,false,52.5819,107.6000
2025-26,21,510362,DEF,5,4,false,35.4912,0.0000
2025-26,21,509291,MID,0,0,false,62.7765,69.8000
2025-26,21,448089,MID,0,0,false,75.8416,86.0000
2025-26,21,433312,MID,7,4,true,16.1078,0.0000
2025-26,21,247412,FWD,0,0,false,54.9400,54.0000
2025-26,21,466525,MID,0,0,false,78.2390,32.8000
2025-26,21,510663,FWD,2,2,false,47.6468,76.2000
2025-26,21,201595,GKP,0,0,false,84.3694,0.0000
2025-26,21,224117,FWD,0,0,false,59.0687,69.4000
2025-26,21,84450,MID,0,0,false,88.9601,18.0000
2025-26,21,456512,MID,5,4,false,21.5076,16.4000
2025-26,21,498016,GKP,0,0,false,90.0000,90.0000
2025-26,21,154296,MID,0,0,false,52.4458,42.8000
2025-26,21,225321,GKP,3,3,false,42.6627,0.0000
2025-26,21,503714,MID,0,0,false,66.4747,85.6000
2025-26,21,485711,FWD,0,0,false,59.8035,12.2000
2025-26,21,201895,DEF,0,0,false,78.7068,86.8000
2025-26,21,465642,DEF,0,0,false,80.2014,90.0000
2025-26,21,242882,DEF,0,0,false,41.8913,2.4000
2025-26,21,177815,FWD,0,0,false,65.9733,70.8000
2025-26,21,200834,DEF,0,0,false,89.4507,88.4000
2025-26,21,551226,MID,0,0,false,82.0468,90.0000
2025-26,21,431248,DEF,0,0,false,76.0826,81.4000
2025-26,21,488024,MID,0,0,false,79.7191,55.6000
2025-26,21,551483,DEF,0,0,false,78.0481,86.8000
2025-26,21,470313,FWD,0,0,false,59.0409,31.6000
2025-26,21,221389,GKP,1,1,false,44.0692,0.0000
2025-26,21,500151,DEF,1,1,false,47.6178,0.0000
2025-26,21,493362,MID,0,0,false,42.1646,90.0000
2025-26,21,620487,DEF,0,0,false,10.0024,0.2000
2025-26,21,216055,MID,0,0,false,70.8988,53.4000
2025-26,21,448104,DEF,0,0,false,72.3631,64.8000
2025-26,21,465247,GKP,0,0,false,87.1628,90.0000
2025-26,21,110504,MID,5,4,false,20.3476,0.0000
2025-26,21,204936,GKP,0,0,false,90.0000,90.0000
2025-26,25,154561,GKP,0,0,false,90.0000,108.0000
2025-26,25,226597,DEF,0,0,false,69.5808,108.0000
2025-26,25,462424,DEF,0,0,false,81.7069,72.0000
2025-26,25,466075,DEF,0,0,false,28.7823,21.8000
2025-26,25,445122,DEF,0,0,false,80.4759,90.6000
2025-26,25,206325,DEF,6,4,true,8.1919,0.0000
2025-26,25,223340,MID,2,2,false,48.0237,90.4000
2025-26,25,116216,MID,0,0,false,65.9587,52.0000
2025-26,25,204480,MID,0,0,false,82.5431,105.0000
2025-26,25,481655,MID,0,0,false,82.8485,102.4000
2025-26,25,98980,GKP,0,0,false,81.1947,90.0000
2025-26,25,72147,GKP,4,4,false,9.3821,0.0000
2025-26,25,199796,DEF,0,0,false,79.5560,44.2000
2025-26,25,199798,DEF,0,0,false,87.6000,90.0000
2025-26,25,149484,DEF,0,0,false,20.1155,72.0000
2025-26,25,244954,DEF,1,1,false,44.1266,18.0000
2025-26,25,244850,MID,0,0,false,88.1376,90.0000
2025-26,25,166989,MID,2,2,false,57.5465,0.0000
2025-26,25,122806,MID,3,3,false,40.7414,12.0000
2025-26,25,226944,MID,4,4,false,37.4867,0.0000
2025-26,25,449871,MID,0,0,false,42.6858,80.8000
2025-26,25,178301,FWD,0,0,false,68.9281,75.4000
2025-26,25,457569,GKP,0,0,false,90.0000,90.0000
2025-26,25,221466,DEF,0,0,false,77.2743,90.0000
2025-26,25,494521,DEF,0,0,false,88.9300,90.0000
2025-26,25,437730,MID,0,0,false,87.7729,86.0000
2025-26,25,533463,MID,0,0,false,46.6473,84.2000
2025-26,25,201658,MID,3,3,false,48.9748,54.0000
2025-26,25,200785,MID,9,4,false,18.2681,43.2000
2025-26,25,503139,MID,0,0,false,70.8290,90.0000
2025-26,25,444102,FWD,0,0,false,74.3317,68.8000
2025-26,25,200720,GKP,0,0,false,78.9474,72.0000
2025-26,25,432830,DEF,1,1,false,69.6519,45.0000
2025-26,25,191866,DEF,0,0,false,65.3187,69.4000
2025-26,25,607464,DEF,0,0,false,75.1001,72.0000
2025-26,25,444765,DEF,0,0,false,56.6289,90.0000
2025-26,25,446008,MID,0,0,false,63.5591,80.4000
2025-26,25,513418,MID,1,1,false,60.9524,54.6000
2025-26,25,440089,MID,0,0,false,41.0192,58.2000
2025-26,25,56979,MID,0,0,false,41.8267,50.4000
2025-26,25,508395,MID,0,0,false,60.2704,47.6000
2025-26,25,502500,FWD,0,0,false,73.6118,90.0000
2025-26,25,489639,GKP,0,0,false,89.2105,90.0000
2025-26,25,83299,DEF,0,0,false,80.4688,72.0000
2025-26,25,231416,DEF,0,0,false,75.1703,90.0000
2025-26,25,469142,DEF,1,1,false,72.8679,84.0000
2025-26,25,451340,MID,0,0,false,63.6125,61.0000
2025-26,25,463067,MID,0,0,false,54.4064,18.0000
2025-26,25,592031,MID,0,0,false,37.8360,25.8000
2025-26,25,509416,MID,1,1,false,57.5145,2.8000
2025-26,25,514254,MID,0,0,false,46.3114,81.2000
2025-26,25,467779,MID,7,4,false,21.2965,60.0000
2025-26,25,58621,DEF,0,0,false,76.2247,63.0000
2025-26,25,478969,DEF,3,3,false,30.6507,0.0000
2025-26,25,477717,DEF,0,0,false,69.9723,86.6000
2025-26,25,494960,DEF,9,4,false,15.2483,14.6000
2025-26,25,461188,DEF,0,0,false,67.5557,88.4000
2025-26,25,549329,DEF,0,0,false,73.3514,48.2000
2025-26,25,180804,DEF,1,1,false,37.1458,0.0000
2025-26,25,444180,MID,0,0,false,61.2781,88.6000
2025-26,25,172567,MID,7,4,true,23.3542,0.0000
2025-26,25,215059,GKP,0,0,false,82.1866,72.0000
2025-26,25,179268,DEF,0,0,false,67.8214,29.2000
2025-26,25,225796,DEF,1,1,false,46.5159,71.6000
2025-26,25,180736,DEF,0,0,false,82.8569,90.0000
2025-26,25,482609,DEF,0,0,false,56.5549,60.6000
2025-26,25,444463,DEF,0,0,false,42.3995,48.2000
2025-26,25,109646,DEF,3,3,false,21.1704,5.4000
2025-26,25,244851,MID,0,0,false,61.8481,84.6000
2025-26,25,247632,MID,0,0,false,76.4268,36.4000
2025-26,25,448047,MID,0,0,false,83.1126,86.6000
2025-26,25,486672,MID,0,0,false,73.9477,84.0000
2025-26,25,215413,MID,0,0,false,38.4502,89.6000
2025-26,25,475168,FWD,0,0,false,61.0230,86.6000
2025-26,25,172649,GKP,0,0,false,90.0000,72.0000
2025-26,25,247348,DEF,0,0,false,53.8455,52.8000
2025-26,25,437499,DEF,0,0,false,88.6667,47.0000
2025-26,25,244723,DEF,0,0,false,85.9818,90.0000
2025-26,25,209036,DEF,0,0,false,80.1582,90.0000
2025-26,25,427623,DEF,0,0,false,64.3128,90.0000
2025-26,25,232185,MID,0,0,false,51.6495,90.0000
2025-26,25,209400,MID,0,0,false,21.6918,60.0000
2025-26,25,496221,MID,0,0,false,66.2898,69.8000
2025-26,25,231747,FWD,2,2,false,60.5405,6.0000
2025-26,25,111234,GKP,0,0,false,90.0000,90.0000
2025-26,25,17761,DEF,0,0,false,87.8158,72.0000
2025-26,25,224967,DEF,0,0,false,76.7913,72.0000
2025-26,25,512462,DEF,0,0,false,80.3893,67.6000
2025-26,25,106611,DEF,0,0,false,57.0836,37.8000
2025-26,25,440993,MID,0,0,false,55.6389,90.0000
2025-26,25,80801,MID,0,0,false,51.1965,89.2000
2025-26,25,232928,MID,0,0,false,81.7760,90.0000
2025-26,25,80201,GKP,0,0,false,90.0000,90.0000
2025-26,25,169528,DEF,1,1,false,58.0375,36.0000
2025-26,25,174874,DEF,0,0,false,85.6220,54.0000
2025-26,25,232892,DEF,1,1,false,28.3335,90.0000
2025-26,25,246301,DEF,0,0,false,58.7277,0.6000
2025-26,25,167074,DEF,0,0,false,29.8103,87.6000
2025-26,25,153133,MID,0,0,false,57.7436,89.2000
2025-26,25,184349,MID,0,0,false,35.8666,55.8000
2025-26,25,153682,MID,0,0,false,76.2665,64.4000
2025-26,25,207189,MID,0,0,false,78.1955,83.6000
2025-26,25,212314,MID,3,3,false,37.5228,5.4000
2025-26,25,102057,FWD,0,0,false,79.7426,63.0000
2025-26,25,59735,GKP,0,0,false,48.3769,90.0000
2025-26,25,226182,DEF,0,0,false,70.1691,76.6000
2025-26,25,222694,DEF,0,0,false,86.8462,72.0000
2025-26,25,434752,DEF,4,4,false,36.8947,46.8000
2025-26,25,243526,DEF,0,0,false,77.5550,71.4000
2025-26,25,214225,DEF,0,0,false,75.8934,89.2000
2025-26,25,427637,MID,0,0,false,72.6837,68.8000
2025-26,25,199598,MID,0,0,false,82.9164,90.0000
2025-26,25,116535,GKP,0,0,false,82.1069,90.0000
2025-26,25,449027,GKP,14,4,false,4.6717,0.0000
2025-26,25,544877,DEF,0,0,false,76.7583,47.2000
2025-26,25,97032,DEF,0,0,false,89.6053,90.0000
2025-26,25,204716,DEF,0,0,false,76.8315,69.6000
2025-26,25,492777,DEF,4,4,true,26.2280,0.0000
2025-26,25,118748,MID,0,0,false,54.4707,74.4000
2025-26,25,494595,MID,0,0,false,81.6201,30.6000
2025-26,25,243298,MID,0,0,false,65.4745,77.2000
2025-26,25,243016,MID,0,0,false,70.3044,90.0000
2025-26,25,424876,MID,0,0,false,82.0783,72.0000
2025-26,25,441266,MID,0,0,false,86.6717,80.0000
2025-26,25,477424,DEF,5,4,false,38.4452,0.0000
2025-26,25,578153,DEF,0,0,false,45.9691,35.6000
2025-26,25,465351,DEF,0,0,false,73.0379,83.8000
2025-26,25,171314,DEF,0,0,false,43.9856,63.0000
2025-26,25,472769,DEF,0,0,false,66.0006,67.8000
2025-26,25,209244,MID,1,1,false,48.8061,33.0000
2025-26,25,165809,MID,0,0,false,82.4138,80.6000
2025-26,25,114283,MID,3,3,true,38.8854,0.0000
2025-26,25,220566,MID,0,0,false,48.3650,86.0000
2025-26,25,465694,MID,1,1,false,30.6404,3.8000
2025-26,25,433036,MID,1,1,false,40.2007,13.0000
2025-26,25,223094,FWD,0,0,false,78.4589,63.0000
2025-26,25,451302,GKP,19,4,false,3.4047,0.0000
2025-26,25,209365,DEF,12,4,true,17.7951,0.0000
2025-26,25,221820,DEF,0,0,false,67.3365,18.0000
2025-26,25,216051,DEF,0,0,false,83.0828,76.0000
2025-26,25,596777,DEF,2,2,false,45.1561,0.0000
2025-26,25,106760,DEF,0,0,false,75.3056,70.6000
2025-26,25,141746,MID,0,0,false,71.6928,90.0000
2025-26,25,430871,MID,0,0,false,64.4331,85.6000
2025-26,25,493250,MID,0,0,false,59.9525,53.2000
2025-26,25,61256,MID,0,0,false,69.6212,84.0000
2025-26,25,98747,GKP,0,0,false,71.2802,54.0000
2025-26,25,67089,GKP,0,0,false,78.9474,90.0000
2025-26,25,487838,DEF,0,0,false,76.0126,72.2000
2025-26,25,119471,DEF,4,4,true,40.3551,0.0000
2025-26,25,220237,DEF,0,0,false,37.2562,36.2000
2025-26,25,78916,DEF,0,0,false,36.6206,74.6000
2025-26,25,441191,DEF,4,4,false,27.9975,18.0000
2025-26,25,77794,DEF,0,0,false,46.3526,68.8000
2025-26,25,232826,MID,1,1,false,57.0678,84.6000
2025-26,25,208706,MID,0,0,false,69.3087,18.0000
2025-26,25,180974,MID,2,2,false,47.2125,46.6000
2025-26,25,432422,MID,0,0,false,71.9296,57.0000
2025-26,25,180135,MID,0,0,false,16.1811,1.6000
2025-26,25,85633,GKP,1,1,false,54.9836,54.0000
2025-26,25,227444,DEF,0,0,false,89.6053,90.0000
2025-26,25,575476,DEF,1,1,false,69.7721,72.0000
2025-26,25,159506,DEF,0,0,false,61.7074,88.2000
2025-26,25,215136,DEF,1,1,false,69.0624,82.8000
2025-26,25,485047,DEF,0,0,false,29.1375,18.2000
2025-26,25,222531,MID,0,0,false,82.9994,86.4000
2025-26,25,209046,MID,0,0,false,62.7850,54.8000
2025-26,25,215379,MID,0,0,false,86.9561,86.6000
2025-26,25,210462,MID,0,0,false,50.3010,90.0000
2025-26,25,60689,FWD,17,4,false,15.0188,0.0000
2025-26,25,223827,DEF,0,0,false,73.2680,84.6000
2025-26,25,487676,DEF,0,0,false,80.0726,87.8000
2025-26,25,434399,DEF,0,0,false,53.6426,18.0000
2025-26,25,547027,MID,0,0,false,32.5491,86.0000
2025-26,25,484420,MID,0,0,false,88.1650,72.0000
2025-26,25,577669,MID,0,0,false,59.7773,90.0000
2025-26,25,184254,GKP,0,0,false,84.4737,90.0000
2025-26,25,441164,DEF,2,2,false,57.9467,50.6000
2025-26,25,221632,DEF,0,0,false,60.4270,0.0000
2025-26,25,232859,DEF,2,2,false,48.5526,51.0000
2025-26,25,487053,DEF,0,0,false,36.5042,0.0000
2025-26,25,491279,DEF,0,0,false,67.4433,61.4000
2025-26,25,460842,MID,5,4,true,34.8506,0.0000
2025-26,25,202993,MID,4,4,false,38.9553,0.0000
2025-26,25,212319,FWD,4,4,false,27.6285,32.0000
2025-26,25,84182,GKP,1,1,false,71.8177,0.0000
2025-26,25,613804,DEF,0,0,false,43.0655,87.6000
2025-26,25,214048,DEF,1,1,false,42.7345,0.0000
2025-26,25,233963,DEF,0,0,false,70.8141,72.2000
2025-26,25,462116,DEF,1,1,false,61.6092,36.0000
2025-26,25,214590,DEF,0,0,false,64.9089,90.0000
2025-26,25,224024,MID,4,4,true,35.6396,0.0000
2025-26,25,101178,MID,20,4,false,7.5720,47.4000
2025-26,25,450070,MID,0,0,false,67.2910,71.8000
2025-26,25,178186,FWD,0,0,false,86.9141,89.8000
2025-26,25,101982,GKP,9,4,false,16.6827,0.0000
2025-26,25,149065,GKP,0,0,false,72.5279,108.0000
2025-26,25,516939,DEF,1,1,true,27.7401,0.0000
2025-26,25,87835,DEF,0,0,false,28.0041,11.6000
2025-26,25,490721,DEF,0,0,false,73.7059,86.0000
2025-26,25,501837,DEF,0,0,false,66.9902,96.2000
2025-26,25,231480,DEF,0,0,false,67.5750,108.0000
2025-26,25,510362,DEF,9,4,false,22.7948,18.0000
2025-26,25,509291,MID,1,1,false,61.0928,89.6000
2025-26,25,448089,MID,0,0,false,80.3901,72.6000
2025-26,25,433312,MID,11,4,true,10.1483,0.0000
2025-26,25,247412,FWD,0,0,false,53.2706,75.2000
2025-26,25,466525,MID,1,1,false,59.0205,70.4000
2025-26,25,510663,FWD,0,0,false,61.4303,73.6000
2025-26,25,201595,GKP,4,4,false,41.6231,0.0000
2025-26,25,224117,FWD,0,0,false,53.1620,81.2000
2025-26,25,84450,MID,3,3,false,52.5155,43.8000
2025-26,25,498016,GKP,0,0,false,90.0000,54.0000
2025-26,25,154296,MID,0,0,false,50.8117,61.2000
2025-26,25,225321,GKP,7,4,false,26.6026,36.0000
2025-26,25,503714,MID,0,0,false,72.7339,54.2000
2025-26,25,467189,GKP,0,0,false,23.5507,90.0000
2025-26,25,201895,DEF,0,0,false,83.7507,87.8000
2025-26,25,465642,DEF,0,0,false,85.1659,90.0000
2025-26,25,242882,DEF,1,1,false,21.8569,0.0000
2025-26,25,177815,FWD,0,0,false,73.8197,72.0000
2025-26,25,200834,DEF,0,0,false,88.8154,20.2000
2025-26,25,551226,MID,0,0,false,85.0460,90.0000
2025-26,25,431248,DEF,0,0,false,63.9330,84.0000
2025-26,25,488024,MID,0,0,false,71.8317,21.8000
2025-26,25,551483,DEF,0,0,false,81.9713,77.4000
2025-26,25,470313,FWD,0,0,false,48.1068,36.4000
2025-26,25,221389,GKP,5,4,false,21.5367,0.0000
2025-26,25,500151,DEF,5,4,true,23.2709,0.0000
2025-26,25,493362,MID,0,0,false,66.6228,57.4000
2025-26,25,216055,MID,0,0,false,66.8853,14.8000
2025-26,25,448104,DEF,0,0,false,55.7878,91.2000
2025-26,25,465247,GKP,0,0,false,88.6135,90.0000
2025-26,25,110504,MID,9,4,false,9.9439,5.4000
2025-26,25,204936,GKP,0,0,false,90.0000,90.0000
2025-26,25,60307,MID,0,0,false,82.1308,90.0000
2025-26,25,247670,FWD,0,0,false,80.1370,81.8000
2025-26,29,154561,GKP,0,0,false,90.0000,72.0000
2025-26,29,226597,DEF,0,0,false,78.5832,72.0000
2025-26,29,462424,DEF,1,1,false,67.5518,72.0000
2025-26,29,466075,DEF,0,0,false,19.1384,14.6000
2025-26,29,445122,DEF,0,0,false,80.7372,7.4000
2025-26,29,206325,DEF,10,4,true,5.0143,0.0000
2025-26,29,223340,MID,0,0,false,60.8786,19.8000
2025-26,29,116216,MID,0,0,false,58.8273,10.4000
2025-26,29,204480,MID,0,0,false,83.8705,72.0000
2025-26,29,481655,MID,0,0,false,85.1482,62.2000
2025-26,29,98980,GKP,0,0,false,85.1545,72.0000
2025-26,29,72147,GKP,8,4,false,4.6600,18.0000
2025-26,29,199796,DEF,0,0,false,68.6308,72.0000
2025-26,29,199798,DEF,0,0,false,87.9860,72.0000
2025-26,29,149484,DEF,0,0,false,40.3597,36.0000
2025-26,29,244954,DEF,1,1,false,36.0830,54.0000
2025-26,29,244850,MID,0,0,false,88.5529,84.6000
2025-26,29,166989,MID,6,4,false,34.2172,55.2000
2025-26,29,122806,MID,7,4,false,24.3485,73.6000
2025-26,29,226944,MID,8,4,false,21.8787,0.0000
2025-26,29,449871,MID,0,0,false,58.7851,72.0000
2025-26,29,178301,FWD,0,0,false,73.2437,77.8000
2025-26,29,457569,GKP,0,0,false,90.0000,90.0000
2025-26,29,221466,DEF,0,0,false,79.7301,90.0000
2025-26,29,494521,DEF,0,0,false,89.4685,90.0000
2025-26,29,463981,DEF,0,0,false,68.4381,90.0000
2025-26,29,437730,MID,0,0,false,88.1238,63.6000
2025-26,29,533463,MID,0,0,false,62.8990,73.4000
2025-26,29,201658,MID,0,0,false,50.5165,89.6000
2025-26,29,200785,MID,0,0,false,38.0803,12.4000
2025-26,29,503139,MID,0,0,false,75.8662,90.0000
2025-26,29,444102,FWD,0,0,false,69.1215,89.4000
2025-26,29,200720,GKP,0,0,false,69.9094,90.0000
2025-26,29,432830,DEF,0,0,false,57.6603,90.0000
2025-26,29,191866,DEF,0,0,false,70.3587,3.6000
2025-26,29,607464,DEF,0,0,false,68.9801,90.0000
2025-26,29,444765,DEF,0,0,false,71.6636,90.0000
2025-26,29,446008,MID,0,0,false,72.8072,64.6000
2025-26,29,513418,MID,0,0,false,59.5251,79.0000
2025-26,29,56979,MID,0,0,false,42.0619,36.0000
2025-26,29,508395,MID,0,0,false,55.1695,76.4000
2025-26,29,502500,FWD,0,0,false,76.3329,90.0000
2025-26,29,489639,GKP,0,0,false,89.3034,90.0000
2025-26,29,83299,DEF,1,1,false,70.6639,36.0000
2025-26,29,231416,DEF,0,0,false,77.4828,90.0000
2025-26,29,469142,DEF,0,0,false,78.0991,90.0000
2025-26,29,451340,MID,0,0,false,68.2758,31.8000
2025-26,29,463067,MID,0,0,false,42.6615,23.8000
2025-26,29,592031,MID,0,0,false,29.1165,79.0000
2025-26,29,509416,MID,0,0,false,34.0900,37.6000
2025-26,29,514254,MID,0,0,false,58.2637,57.2000
2025-26,29,467779,MID,0,0,false,37.0766,81.0000
2025-26,29,58621,DEF,0,0,false,64.2868,72.8000
2025-26,29,478969,DEF,7,4,false,15.2240,54.0000
2025-26,29,477717,DEF,0,0,false,80.0524,86.6000
2025-26,29,494960,DEF,13,4,false,7.5737,84.8000
2025-26,29,461188,DEF,0,0,false,77.9461,68.4000
2025-26,29,549329,DEF,0,0,false,68.0640,4.8000
2025-26,29,180804,DEF,5,4,false,21.6890,0.0000
2025-26,29,444180,MID,0,0,false,74.9413,87.6000
2025-26,29,172567,MID,11,4,true,11.5999,0.0000
2025-26,29,215059,GKP,1,1,false,72.8478,90.0000
2025-26,29,179268,DEF,0,0,false,44.5378,90.0000
2025-26,29,225796,DEF,0,0,false,56.5143,18.0000
2025-26,29,180736,DEF,0,0,false,83.9886,37.8000
2025-26,29,482609,DEF,0,0,false,58.5635,69.4000
2025-26,29,444463,DEF,0,0,false,41.8841,77.2000
2025-26,29,244851,MID,0,0,false,72.3764,72.0000
2025-26,29,247632,MID,1,1,false,61.0055,67.8000
2025-26,29,448047,MID,0,0,false,83.5026,71.4000
2025-26,29,486672,MID,0,0,false,81.7262,79.6000
2025-26,29,215413,MID,0,0,false,58.3753,89.6000
2025-26,29,475168,FWD,0,0,false,70.9688,49.6000
2025-26,29,172649,GKP,0,0,false,90.0000,54.0000
2025-26,29,247348,DEF,0,0,false,59.2447,54.0000
2025-26,29,437499,DEF,1,1,false,63.8154,72.0000
2025-26,29,244723,DEF,0,0,false,87.4160,63.0000
2025-26,29,209036,DEF,0,0,false,84.4045,72.0000
2025-26,29,427623,DEF,0,0,false,74.4824,72.0000
2025-26,29,57328,DEF,0,0,false,20.1310,0.0000
2025-26,29,232185,MID,0,0,false,69.3355,47.4000
2025-26,29,209400,MID,0,0,false,45.6188,29.0000
2025-26,29,496221,MID,0,0,false,69.8340,29.2000
2025-26,29,231747,FWD,6,4,false,35.1111,31.0000
2025-26,29,111234,GKP,0,0,false,90.0000,90.0000
2025-26,29,480455,DEF,0,0,false,54.8222,37.6000
2025-26,29,17761,DEF,0,0,false,88.0728,72.0000
2025-26,29,224967,DEF,0,0,false,74.0372,90.0000
2025-26,29,512462,DEF,0,0,false,71.5961,84.8000
2025-26,29,106611,DEF,0,0,false,40.5816,54.6000
2025-26,29,440993,MID,0,0,false,70.9011,89.6000
2025-26,29,80801,MID,0,0,false,69.1411,85.6000
2025-26,29,232928,MID,0,0,false,82.8174,90.0000
2025-26,29,80201,GKP,0,0,false,90.0000,90.0000
2025-26,29,169528,DEF,0,0,false,46.9924,47.2000
2025-26,29,174874,DEF,2,2,false,63.9165,90.0000
2025-26,29,232892,DEF,0,0,false,58.0825,90.0000
2025-26,29,246301,DEF,1,1,false,30.7365,0.0000
2025-26,29,167074,DEF,0,0,false,55.1801,18.0000
2025-26,29,153133,MID,0,0,false,72.4767,62.4000
2025-26,29,184349,MID,0,0,false,46.6101,42.2000
2025-26,29,153682,MID,1,1,false,63.2715,87.0000
2025-26,29,207189,MID,0,0,false,79.9905,69.4000
2025-26,29,212314,MID,7,4,false,22.9271,50.4000
2025-26,29,102057,FWD,0,0,false,71.9216,33.4000
2025-26,29,59735,GKP,0,0,false,69.3261,90.0000
2025-26,29,226182,DEF,0,0,false,77.0089,72.0000
2025-26,29,222694,DEF,0,0,false,79.8629,88.4000
2025-26,29,434752,DEF,0,0,false,33.3571,84.6000
2025-26,29,243526,DEF,0,0,false,77.6015,63.8000
2025-26,29,214225,DEF,0,0,false,82.4546,45.2000
2025-26,29,427637,MID,0,0,false,73.1365,71.6000
2025-26,29,199598,MID,0,0,false,86.4816,90.0000
2025-26,29,486520,MID,0,0,false,67.5780,14.6000
2025-26,29,116535,GKP,0,0,false,84.4914,18.0000
2025-26,29,449027,GKP,18,4,false,2.3204,47.4000
2025-26,29,544877,DEF,0,0,false,71.4957,16.4000
2025-26,29,97032,DEF,0,0,false,89.6517,90.0000
2025-26,29,204716,DEF,0,0,false,80.2572,69.2000
2025-26,29,492777,DEF,8,4,true,14.5541,0.0000
2025-26,29,118748,MID,0,0,false,70.5099,52.6000
2025-26,29,494595,MID,3,3,false,49.1108,78.6000
2025-26,29,243298,MID,0,0,false,68.8694,87.0000
2025-26,29,243016,MID,0,0,false,78.6373,59.6000
2025-26,29,424876,MID,0,0,false,77.1289,90.0000
2025-26,29,441266,MID,0,0,false,81.1600,65.2000
2025-26,29,477424,DEF,9,4,false,24.9214,0.0000
2025-26,29,465351,DEF,0,0,false,75.9884,72.0000
2025-26,29,171314,DEF,0,0,false,60.3726,0.0000
2025-26,29,472769,DEF,1,1,false,58.3442,66.6000
2025-26,29,209244,MID,0,0,false,44.0743,7.0000
2025-26,29,165809,MID,0,0,false,82.3903,66.8000
2025-26,29,114283,MID,7,4,true,20.9332,0.0000
2025-26,29,220566,MID,0,0,false,61.7176,53.4000
2025-26,29,465694,MID,3,3,false,18.3668,5.4000
2025-26,29,223094,FWD,0,0,false,69.0175,72.0000
2025-26,29,451302,GKP,23,4,false,2.3214,0.0000
2025-26,29,209365,DEF,16,4,true,12.5223,0.0000
2025-26,29,221820,DEF,3,3,false,44.4149,11.0000
2025-26,29,216051,DEF,0,0,false,76.4223,76.0000
2025-26,29,596777,DEF,6,4,false,24.3343,0.0000
2025-26,29,95658,DEF,0,0,false,63.3170,51.4000
2025-26,29,106760,DEF,0,0,false,65.6932,86.4000
2025-26,29,141746,MID,0,0,false,80.0319,90.0000
2025-26,29,430871,MID,0,0,false,73.8638,68.2000
2025-26,29,493250,MID,0,0,false,50.0434,60.8000
2025-26,29,61256,MID,0,0,false,72.3744,88.2000
2025-26,29,98747,GKP,1,1,false,66.7127,18.0000
2025-26,29,67089,GKP,0,0,false,80.2477,90.0000
2025-26,29,487838,DEF,0,0,false,73.6393,63.0000
2025-26,29,119471,DEF,8,4,true,25.3298,0.0000
2025-26,29,220237,DEF,0,0,false,27.0629,82.6000
2025-26,29,78916,DEF,0,0,false,62.7154,41.8000
2025-26,29,441191,DEF,8,4,false,18.8834,55.6000
2025-26,29,77794,DEF,0,0,false,62.4937,21.8000
2025-26,29,232826,MID,0,0,false,68.7374,49.6000
2025-26,29,208706,MID,3,3,false,47.9139,20.4000
2025-26,29,180974,MID,0,0,false,53.4590,39.2000
2025-26,29,432422,MID,0,0,false,73.4175,53.0000
2025-26,29,85633,GKP,0,0,false,56.1947,90.0000
2025-26,29,227444,DEF,0,0,false,89.6517,90.0000
2025-26,29,575476,DEF,0,0,false,72.0258,62.2000
2025-26,29,159506,DEF,0,0,false,73.8873,89.6000
2025-26,29,215136,DEF,0,0,false,73.8340,90.0000
2025-26,29,485047,DEF,0,0,false,23.7212,8.4000
2025-26,29,222531,MID,0,0,false,85.2973,84.8000
2025-26,29,209046,MID,0,0,false,59.0615,40.8000
2025-26,29,215379,MID,0,0,false,85.9619,89.4000
2025-26,29,210462,MID,0,0,false,65.1661,81.0000
2025-26,29,60689,FWD,21,4,false,12.4870,37.4000
2025-26,29,223827,DEF,0,0,false,81.6893,36.0000
2025-26,29,487676,DEF,0,0,false,84.0216,61.0000
2025-26,29,434399,DEF,3,3,false,35.2145,39.6000
2025-26,29,547027,MID,0,0,false,59.1996,83.6000
2025-26,29,484420,MID,0,0,false,89.0886,55.0000
2025-26,29,577669,MID,0,0,false,74.9886,90.0000
2025-26,29,184254,GKP,0,0,false,85.1238,36.0000
2025-26,29,441164,DEF,0,0,false,54.0437,90.0000
2025-26,29,221632,DEF,4,4,false,33.0425,31.8000
2025-26,29,493125,DEF,1,1,false,40.3449,18.2000
2025-26,29,232859,DEF,2,2,false,43.6228,44.8000
2025-26,29,487053,DEF,4,4,false,21.7122,42.0000
2025-26,29,491279,DEF,0,0,false,67.3462,63.0000
2025-26,29,460842,MID,9,4,true,21.9639,0.0000
2025-26,29,202993,MID,8,4,false,22.4941,31.2000
2025-26,29,547701,MID,0,0,false,68.9124,53.2000
2025-26,29,84182,GKP,5,4,false,40.2160,0.0000
2025-26,29,613804,DEF,0,0,false,65.5058,90.0000
2025-26,29,214048,DEF,5,4,false,27.2169,0.0000
2025-26,29,233963,DEF,0,0,false,65.8168,90.0000
2025-26,29,462116,DEF,0,0,false,46.6070,18.2000
2025-26,29,214590,DEF,0,0,false,76.8079,34.4000
2025-26,29,224024,MID,8,4,true,22.0124,0.0000
2025-26,29,101178,MID,0,0,false,22.9643,87.4000
2025-26,29,450070,MID,0,0,false,74.0372,51.4000
2025-26,29,178186,FWD,0,0,false,87.6184,90.0000
2025-26,29,101982,GKP,13,4,false,8.8992,0.0000
2025-26,29,149065,GKP,0,0,false,80.4042,54.0000
2025-26,29,516939,DEF,5,4,true,15.4624,0.0000
2025-26,29,87835,DEF,0,0,false,24.0937,16.8000
2025-26,29,490721,DEF,0,0,false,68.3629,72.0000
2025-26,29,501837,DEF,0,0,false,66.4968,32.0000
2025-26,29,231480,DEF,0,0,false,76.3958,72.0000
2025-26,29,510362,DEF,1,1,false,24.8127,36.0000
2025-26,29,509291,MID,0,0,false,67.9588,72.0000
2025-26,29,448089,MID,0,0,false,70.3756,70.8000
2025-26,29,433312,MID,15,4,true,6.6860,0.0000
2025-26,29,247412,FWD,0,0,false,64.8045,40.2000
2025-26,29,466525,MID,0,0,false,65.1361,36.0000
2025-26,29,510663,FWD,0,0,false,73.5038,6.6000
2025-26,29,201595,GKP,8,4,false,20.6739,0.0000
2025-26,29,224117,FWD,0,0,false,64.5092,36.2000
2025-26,29,84450,MID,0,0,false,43.9419,90.0000
2025-26,29,498016,GKP,1,1,false,75.5860,54.0000
2025-26,29,154296,MID,0,0,false,65.2309,16.0000
2025-26,29,225321,GKP,0,0,false,30.2472,72.0000
2025-26,29,503714,MID,0,0,false,68.4513,43.0000
2025-26,29,467189,GKP,0,0,false,54.5208,90.0000
2025-26,29,201895,DEF,0,0,false,85.8485,84.4000
2025-26,29,465642,DEF,0,0,false,87.5990,79.2000
2025-26,29,242882,DEF,5,4,false,10.8562,0.0000
2025-26,29,177815,FWD,0,0,false,71.4782,90.0000
2025-26,29,200834,DEF,2,2,false,53.8867,52.2000
2025-26,29,523705,DEF,0,0,false,61.9788,45.8000
2025-26,29,551226,MID,0,0,false,86.6505,88.8000
2025-26,29,431248,DEF,0,0,false,64.0098,50.8000
2025-26,29,488024,MID,1,1,false,46.6035,34.8000
2025-26,29,551483,DEF,0,0,false,85.8030,74.0000
2025-26,29,470313,FWD,1,1,false,38.1285,31.0000
2025-26,29,221389,GKP,9,4,false,10.6480,0.0000
2025-26,29,500151,DEF,9,4,true,11.5055,0.0000
2025-26,29,493362,MID,0,0,false,62.0724,42.8000
2025-26,29,216055,MID,0,0,false,44.3946,34.2000
2025-26,29,448104,DEF,0,0,false,73.6887,39.2000
2025-26,29,465247,GKP,0,0,false,89.3145,90.0000
2025-26,29,204936,GKP,0,0,false,90.0000,72.0000
2025-26,29,647671,FWD,0,0,false,68.5475,43.2000
2025-26,29,60307,MID,0,0,false,86.9103,90.0000
2025-26,29,247670,FWD,0,0,false,83.1415,72.2000
2025-26,29,232787,MID,0,0,false,66.3755,51.0000
2025-26,29,499604,MID,0,0,false,78.2870,68.2000
2025-26,29,220362,DEF,0,0,false,80.0580,90.0000
2025-26,29,155511,FWD,0,0,false,71.3610,67.2000
2025-26,33,154561,GKP,0,0,false,90.0000,72.0000
2025-26,33,226597,DEF,0,0,false,81.9838,81.0000
2025-26,33,462424,DEF,0,0,false,76.2095,72.0000
2025-26,33,466075,DEF,2,2,false,18.9541,50.2000
2025-26,33,445122,DEF,2,2,false,54.0756,0.0000
2025-26,33,206325,DEF,14,4,true,3.3207,0.0000
2025-26,33,223340,MID,2,2,false,46.1392,44.6000
2025-26,33,116216,MID,0,0,false,44.8000,54.0000
2025-26,33,204480,MID,0,0,false,85.6619,66.6000
2025-26,33,481655,MID,0,0,false,82.0900,47.2000
2025-26,33,98980,GKP,0,0,false,76.7130,72.0000
2025-26,33,72147,GKP,1,1,false,14.4031,18.0000
2025-26,33,199796,DEF,0,0,false,69.7138,78.8000
2025-26,33,199798,DEF,0,0,false,77.7614,54.0000
2025-26,33,149484,DEF,0,0,false,42.0503,54.0000
2025-26,33,244954,DEF,1,1,false,40.6480,39.4000
2025-26,33,244850,MID,0,0,false,85.9209,72.0000
2025-26,33,166989,MID,0,0,false,47.1180,71.8000
2025-26,33,122806,MID,0,0,false,48.5352,50.0000
2025-26,33,226944,MID,12,4,false,13.6794,0.0000
2025-26,33,449871,MID,0,0,false,71.4530,3.4000
2025-26,33,178301,FWD,0,0,false,75.3198,75.8000
2025-26,33,457569,GKP,0,0,false,90.0000,72.0000
2025-26,33,221466,DEF,0,0,false,81.4069,72.0000
2025-26,33,494521,DEF,0,0,false,89.7716,72.0000
2025-26,33,463981,DEF,0,0,false,75.2984,72.0000
2025-26,33,437730,MID,0,0,false,84.0415,73.2000
2025-26,33,533463,MID,0,0,false,66.0752,76.2000
2025-26,33,201658,MID,0,0,false,69.8522,68.4000
2025-26,33,200785,MID,0,0,false,27.1593,59.0000
2025-26,33,503139,MID,0,0,false,79.0829,54.0000
2025-26,33,444102,FWD,0,0,false,78.5734,56.2000
2025-26,33,200720,GKP,0,0,false,76.0286,90.0000
2025-26,33,432830,DEF,0,0,false,73.5909,90.0000
2025-26,33,191866,DEF,3,3,false,39.3315,36.2000
2025-26,33,607464,DEF,0,0,false,74.9920,90.0000
2025-26,33,444765,DEF,0,0,false,79.4430,55.6000
2025-26,33,446008,MID,0,0,false,69.2754,62.8000
2025-26,33,513418,MID,0,0,false,69.5616,71.6000
2025-26,33,440089,MID,0,0,false,54.2528,69.0000
2025-26,33,56979,MID,2,2,false,39.6627,19.4000
2025-26,33,508395,MID,0,0,false,63.7466,69.2000
2025-26,33,502500,FWD,0,0,false,78.1891,90.0000
2025-26,33,489639,GKP,0,0,false,89.3767,72.0000
2025-26,33,204120,DEF,0,0,false,48.7913,18.0000
2025-26,33,83299,DEF,2,2,false,48.6058,54.4000
2025-26,33,231416,DEF,0,0,false,79.1533,72.0000
2025-26,33,469142,DEF,0,0,false,83.9789,72.0000
2025-26,33,451340,MID,0,0,false,52.7958,29.4000
2025-26,33,463067,MID,0,0,false,35.2828,13.0000
2025-26,33,592031,MID,0,0,false,55.4355,63.0000
2025-26,33,532529,MID,0,0,false,67.4432,65.6000
2025-26,33,509416,MID,0,0,false,38.8005,4.4000
2025-26,33,514254,MID,0,0,false,51.4119,16.6000
2025-26,33,467779,MID,0,0,false,57.1875,21.4000
2025-26,33,50175,FWD,0,0,false,59.2711,55.4000
2025-26,33,58621,DEF,0,0,false,65.8264,72.0000
2025-26,33,478969,DEF,0,0,false,41.7381,18.0000
2025-26,33,477717,DEF,0,0,false,84.3335,52.2000
2025-26,33,494960,DEF,0,0,false,52.1439,12.8000
2025-26,33,461188,DEF,0,0,false,70.1502,34.6000
2025-26,33,549329,DEF,1,1,false,31.4863,59.0000
2025-26,33,180804,DEF,9,4,false,12.5155,54.0000
2025-26,33,444180,MID,0,0,false,81.8766,70.2000
2025-26,33,172567,MID,15,4,true,4.9851,0.0000
2025-26,33,215059,GKP,0,0,false,81.5396,49.2000
2025-26,33,179268,DEF,0,0,false,69.3436,72.0000
2025-26,33,225796,DEF,3,3,false,32.9952,13.0000
2025-26,33,180736,DEF,0,0,false,58.4649,26.2000
2025-26,33,482609,DEF,0,0,false,64.9731,52.8000
2025-26,33,444463,DEF,0,0,false,57.7549,46.2000
2025-26,33,244851,MID,0,0,false,71.1283,71.6000
2025-26,33,247632,MID,0,0,false,67.0923,30.4000
2025-26,33,448047,MID,0,0,false,76.9075,72.0000
2025-26,33,486672,MID,0,0,false,82.1217,70.8000
2025-26,33,215413,MID,0,0,false,69.0164,88.6000
2025-26,33,475168,FWD,1,1,false,55.5438,54.0000
2025-26,33,172649,GKP,0,0,false,81.6377,108.0000
2025-26,33,247348,DEF,0,0,false,63.8085,88.2000
2025-26,33,437499,DEF,0,0,false,74.6438,84.0000
2025-26,33,244723,DEF,0,0,false,88.1098,81.0000
2025-26,33,209036,DEF,0,0,false,86.7149,72.0000
2025-26,33,427623,DEF,0,0,false,79.2522,62.6000
2025-26,33,57328,DEF,3,3,false,12.1099,19.6000
2025-26,33,232185,MID,0,0,false,59.6623,78.0000
2025-26,33,209400,MID,0,0,false,35.6348,75.0000
2025-26,33,496221,MID,1,1,false,47.7872,72.2000
2025-26,33,231747,FWD,0,0,false,34.2988,44.0000
2025-26,33,111234,GKP,0,0,false,90.0000,90.0000
2025-26,33,480455,DEF,0,0,true,55.1667,0.0000
2025-26,33,17761,DEF,0,0,false,80.8572,90.0000
2025-26,33,224967,DEF,0,0,false,81.3938,90.0000
2025-26,33,512462,DEF,0,0,false,77.8858,78.4000
2025-26,33,106611,DEF,0,0,false,38.8152,90.0000
2025-26,33,440993,MID,0,0,false,78.6232,90.0000
2025-26,33,80801,MID,0,0,false,76.8994,17.0000
2025-26,33,232928,MID,0,0,false,83.6124,90.0000
2025-26,33,80201,GKP,0,0,false,90.0000,90.0000
2025-26,33,169528,DEF,0,0,false,51.0636,73.8000
2025-26,33,174874,DEF,0,0,false,75.6456,46.2000
2025-26,33,232892,DEF,0,0,false,73.2865,90.0000
2025-26,33,246301,DEF,5,4,false,16.1188,0.8000
2025-26,33,167074,DEF,3,3,false,38.0743,0.0000
2025-26,33,153133,MID,0,0,false,73.7967,31.2000
2025-26,33,184349,MID,0,0,false,40.9732,16.0000
2025-26,33,153682,MID,0,0,false,71.3580,48.6000
2025-26,33,207189,MID,1,1,false,69.5762,45.0000
2025-26,33,212314,MID,0,0,false,35.1001,72.0000
2025-26,33,102057,FWD,0,0,false,50.3855,35.6000
2025-26,33,59735,GKP,0,0,false,81.1153,72.0000
2025-26,33,226182,DEF,0,0,false,74.5394,33.4000
2025-26,33,222694,DEF,0,0,false,84.8649,47.0000
2025-26,33,434752,DEF,0,0,false,61.9409,67.8000
2025-26,33,243526,DEF,0,0,false,72.5556,0.0000
2025-26,33,214225,DEF,0,0,false,57.8939,72.0000
2025-26,33,427637,MID,0,0,false,73.5964,45.8000
2025-26,33,199598,MID,0,0,false,88.4880,72.0000
2025-26,33,116535,GKP,3,3,false,54.0485,18.0000
2025-26,33,449027,GKP,0,0,false,32.4946,36.0000
2025-26,33,544877,DEF,0,0,false,49.1835,44.2000
2025-26,33,97032,DEF,0,0,false,89.6884,90.0000
2025-26,33,204716,DEF,0,0,false,74.9782,86.0000
2025-26,33,492777,DEF,12,4,true,8.5000,0.0000
2025-26,33,118748,MID,0,0,false,65.8280,29.4000
2025-26,33,494595,MID,0,0,false,62.8554,44.2000
2025-26,33,243298,MID,0,0,false,75.4016,83.8000
2025-26,33,243016,MID,0,0,false,63.4298,90.0000
2025-26,33,424876,MID,0,0,false,82.0677,90.0000
2025-26,33,441266,MID,0,0,false,79.8793,67.6000
2025-26,33,477424,DEF,12,4,false,17.2815,13.8000
2025-26,33,578153,DEF,0,0,false,57.6226,54.0000
2025-26,33,465351,DEF,0,0,false,80.4314,65.4000
2025-26,33,171314,DEF,3,3,false,32.8648,18.0000
2025-26,33,472769,DEF,0,0,false,67.0551,54.0000
2025-26,33,209244,MID,0,0,false,27.6555,50.2000
2025-26,33,165809,MID,0,0,false,82.7430,73.4000
2025-26,33,248875,MID,0,0,false,46.7624,59.8000
2025-26,33,114283,MID,11,4,true,11.6857,0.0000
2025-26,33,220566,MID,0,0,false,58.6621,18.0000
2025-26,33,465694,MID,0,0,false,13.6846,32.8000
2025-26,33,223094,FWD,0,0,false,78.7438,54.0000
2025-26,33,451302,GKP,27,4,false,1.7175,0.0000
2025-26,33,209365,DEF,20,4,true,9.5302,0.0000
2025-26,33,221820,DEF,1,1,false,31.5720,54.0000
2025-26,33,216051,DEF,0,0,false,74.0395,54.0000
2025-26,33,596777,DEF,10,4,false,13.6063,22.2000
2025-26,33,95658,DEF,2,2,false,49.7177,90.0000
2025-26,33,106760,DEF,0,0,false,73.0589,84.6000
2025-26,33,141746,MID,0,0,false,84.3381,90.0000
2025-26,33,430871,MID,0,0,false,78.3089,51.0000
2025-26,33,493250,MID,0,0,false,53.9068,68.8000
2025-26,33,61256,MID,0,0,false,77.2801,52.0000
2025-26,33,98747,GKP,5,4,false,37.6273,90.0000
2025-26,33,67089,GKP,0,0,false,81.2742,18.0000
2025-26,33,487838,DEF,0,0,false,73.6138,58.4000
2025-26,33,119471,DEF,12,4,true,17.2518,0.0000
2025-26,33,220237,DEF,0,0,false,49.9301,90.0000
2025-26,33,78916,DEF,0,0,false,48.9247,73.6000
2025-26,33,441191,DEF,0,0,true,44.3107,0.0000
2025-26,33,77794,DEF,0,0,false,46.1678,17.0000
2025-26,33,232826,MID,1,1,false,62.7208,0.0000
2025-26,33,208706,MID,0,0,false,33.0990,81.8000
2025-26,33,180974,MID,1,1,false,51.1065,36.0000
2025-26,33,432422,MID,0,0,false,63.4609,64.4000
2025-26,33,547719,MID,0,0,false,34.4225,36.0000
2025-26,33,85633,GKP,0,0,false,72.8473,90.0000
2025-26,33,227444,DEF,0,0,false,89.6884,81.0000
2025-26,33,575476,DEF,0,0,true,73.7396,0.0000
2025-26,33,159506,DEF,0,0,false,80.9558,18.0000
2025-26,33,215136,DEF,0,0,false,80.5503,81.0000
2025-26,33,222531,MID,0,0,false,84.1990,58.0000
2025-26,33,209046,MID,1,1,true,54.2143,0.0000
2025-26,33,215379,MID,0,0,false,86.6635,75.8000
2025-26,33,210462,MID,0,0,false,73.1482,25.8000
2025-26,33,60689,FWD,0,0,false,24.0809,51.6000
2025-26,33,482973,FWD,0,0,false,66.9819,73.2000
2025-26,33,223827,DEF,0,0,false,50.9997,22.6000
2025-26,33,487676,DEF,0,0,false,65.9572,83.6000
2025-26,33,434399,DEF,0,0,false,39.6398,77.2000
2025-26,33,547027,MID,0,0,false,73.9733,24.8000
2025-26,33,484420,MID,0,0,false,71.4091,90.0000
2025-26,33,577669,MID,0,0,false,82.5190,83.4000
2025-26,33,184254,GKP,2,2,false,62.6698,0.0000
2025-26,33,441164,DEF,0,0,false,70.5357,90.0000
2025-26,33,221632,DEF,1,1,true,35.7534,0.0000
2025-26,33,493125,DEF,3,3,false,29.7630,0.4000
2025-26,33,232859,DEF,0,0,false,37.3510,45.8000
2025-26,33,487053,DEF,0,0,false,39.1982,66.2000
2025-26,33,491279,DEF,0,0,false,63.0696,90.0000
2025-26,33,460842,MID,13,4,true,15.0253,0.0000
2025-26,33,202993,MID,0,0,false,23.0210,81.4000
2025-26,33,547701,MID,0,0,false,64.7121,1.6000
2025-26,33,154566,FWD,0,0,false,70.3409,7.8000
2025-26,33,84182,GKP,9,4,false,23.7917,0.0000
2025-26,33,613804,DEF,0,0,false,77.7932,86.6000
2025-26,33,214048,DEF,9,4,false,18.8284,0.0000
2025-26,33,233963,DEF,0,0,false,75.6534,90.0000
2025-26,33,462116,DEF,3,3,false,33.8008,23.2000
2025-26,33,214590,DEF,2,2,false,59.1561,35.4000
2025-26,33,224024,MID,12,4,true,14.7276,0.0000
2025-26,33,101178,MID,0,0,false,56.0540,18.8000
2025-26,33,450070,MID,0,0,false,60.1814,89.4000
2025-26,33,178186,FWD,0,0,false,88.1230,89.4000
2025-26,33,101982,GKP,16,4,true,6.0233,0.0000
2025-26,33,149065,GKP,1,1,false,70.0040,54.0000
2025-26,33,516939,DEF,8,4,true,10.8318,0.0000
2025-26,33,87835,DEF,3,3,false,16.7713,16.8000
2025-26,33,490721,DEF,0,0,false,77.3636,46.6000
2025-26,33,501837,DEF,1,1,false,56.7206,72.0000
2025-26,33,231480,DEF,0,0,false,79.8875,90.0000
2025-26,33,510362,DEF,0,0,false,31.1383,58.8000
2025-26,33,509291,MID,0,0,false,75.7930,90.0000
2025-26,33,448089,MID,0,0,false,77.0659,71.6000
2025-26,33,433312,MID,18,4,true,5.2265,0.0000
2025-26,33,247412,FWD,0,0,false,63.2516,62.8000
2025-26,33,466525,MID,2,2,false,44.1191,46.8000
2025-26,33,510663,FWD,2,2,true,39.8887,0.0000
2025-26,33,201595,GKP,12,4,false,8.8847,0.0000
2025-26,33,224117,FWD,0,0,false,54.5706,46.6000
2025-26,33,84450,MID,0,0,false,67.0468,90.0000
2025-26,33,498016,GKP,0,0,false,64.1157,90.0000
2025-26,33,154296,MID,0,0,false,40.0721,73.2000
2025-26,33,225321,GKP,0,0,false,58.6023,0.0000
2025-26,33,503714,MID,0,0,false,54.7022,44.4000
2025-26,33,467189,GKP,0,0,false,70.4465,90.0000
2025-26,33,201895,DEF,0,0,false,83.4615,58.4000
2025-26,33,465642,DEF,0,0,false,82.7082,90.0000
2025-26,33,242882,DEF,9,4,false,4.6655,0.0000
2025-26,33,177815,FWD,0,0,false,78.6828,67.6000
2025-26,33,200834,DEF,0,0,false,52.0926,90.0000
2025-26,33,523705,DEF,0,0,false,65.9518,0.8000
2025-26,33,220627,DEF,0,0,false,81.6510,72.0000
2025-26,33,551226,MID,0,0,false,86.8381,90.0000
2025-26,33,431248,DEF,0,0,false,72.1004,31.0000
2025-26,33,488024,MID,0,0,false,49.0383,45.0000
2025-26,33,551483,DEF,0,0,false,81.3270,18.0000
2025-26,33,221389,GKP,13,4,false,5.2944,0.0000
2025-26,33,500151,DEF,13,4,true,5.7208,0.0000
2025-26,33,493362,MID,0,0,false,51.7717,12.4000
2025-26,33,216055,MID,0,0,false,40.8367,55.6000
2025-26,33,448104,DEF,0,0,false,59.9994,39.6000
2025-26,33,465247,GKP,0,0,false,89.6591,90.0000
2025-26,33,204936,GKP,0,0,false,90.0000,72.0000
2025-26,33,647671,FWD,0,0,false,55.8301,85.2000
2025-26,33,60307,MID,0,0,false,88.8122,72.0000
2025-26,33,530335,FWD,0,0,false,49.4671,53.0000
2025-26,33,247670,FWD,0,0,false,77.0347,71.8000
2025-26,33,232787,MID,0,0,false,55.6994,88.2000
2025-26,33,499604,MID,0,0,false,69.4852,63.6000
2025-26,33,220362,DEF,0,0,false,81.1046,88.8000
2025-26,33,155511,FWD,0,0,false,73.9683,82.8000
