season,gw,team,xgc,clean_sheet,element,cf,def,xgc90
2020-21,7,1,1.5588845283611061,1,8,1,1.2,1.299070440300922
2020-21,7,2,1.062617413786214,0,12,1,0.85,1.2501381338661341
2020-21,7,3,1.6114747562647243,0,66,1,1.2,1.3428956302206037
2020-21,7,4,1.4678730261155215,0,85,1,1.2,1.2232275217629347
2020-21,7,5,0.8819690328720576,1,110,1,0.85,1.0376106269083032
2020-21,7,6,1.3620062346938775,0,128,1,1,1.3620062346938775
2020-21,7,7,0.954713748328862,0,156,1,0.85,1.123192645092779
2020-21,7,9,1.1198420187969926,0,217,1,1,1.1198420187969926
2020-21,7,10,1.6482263885555768,0,197,1,1.2,1.3735219904629807
2020-21,7,11,1.3052998655737704,0,255,1,1.2,1.087749887978142
2020-21,7,12,0.882579945305964,1,278,1,0.85,1.0383293474187811
2020-21,7,13,1.2296263238866398,0,291,1,1,1.2296263238866398
2020-21,7,14,1.8996900527648883,0,323,1,1.2,1.5830750439707404
2020-21,7,15,1.56148243933376,0,347,1,1.2,1.3012353661114668
2020-21,7,17,1.29371116687737,0,383,1,1,1.29371116687737
2020-21,7,18,1.309361141133005,0,417,1,0.85,1.5404248719211824
2020-21,7,19,1.3000911965719684,0,431,1,1,1.3000911965719684
2020-21,7,20,0.9253445815789472,1,455,1,0.85,1.088640684210526
2020-21,8,1,1.0511138059720646,0,8,1,0.85,1.2366044776141938
2020-21,8,2,1.4720206063079777,1,12,1,1.2,1.2266838385899814
2020-21,8,3,1.1680465299750125,1,66,1,0.85,1.374172388205897
2020-21,8,5,0.8416924733811962,0,110,1,0.85,0.9902264392719956
2020-21,8,6,1.3538259523809524,0,128,1,1,1.3538259523809524
2020-21,8,7,1.4513545625039124,0,156,1,1.2,1.209462135419927
2020-21,8,8,1.6102148268907566,0,516,1,1.2,1.3418456890756305
2020-21,8,9,0.9807151115789474,1,217,1,0.85,1.1537824842105264
2020-21,8,10,1.4683638359541118,0,197,1,1,1.4683638359541118
2020-21,8,11,1.4443965602914388,0,255,1,1.4,1.0317118287795992
2020-21,8,12,1.2111378442666416,0,278,1,1.2,1.0092815368888681
2020-21,8,13,1.2072921578947369,0,291,1,1,1.2072921578947369
2020-21,8,14,1.3193185248834542,0,323,1,0.85,1.5521394410393579
2020-21,8,15,1.5967664900448428,0,347,1,1.2,1.3306387417040357
2020-21,8,16,1.0570403609523806,1,363,1,0.85,1.243576895238095
2020-21,8,17,1.0432356757227135,1,383,1,0.85,1.2273360890855454
2020-21,8,18,1.531756843137255,0,417,1,1,1.531756843137255
2020-21,8,19,1.112777485947095,1,431,1,0.85,1.3091499834671705
2020-21,8,20,1.2782789263157892,0,455,1,1.2,1.065232438596491
2020-21,9,1,1.2733256352633067,1,8,1,1,1.2733256352633067
2020-21,9,2,1.2300620493506493,0,12,1,1,1.2300620493506493
2020-21,9,3,1.307059113943028,0,66,1,1,1.307059113943028
2020-21,9,4,1.014096049122807,1,96,1,0.85,1.1930541754385966
2020-21,9,5,0.8258272551557831,1,110,1,0.85,0.9715614766538626
2020-21,9,6,1.1202140058035717,0,128,1,0.85,1.317898830357143
2020-21,9,7,1.0417652610377544,0,156,1,0.85,1.2256061894561816
2020-21,9,8,1.607394274871795,0,516,1,1.2,1.3394952290598292
2020-21,9,9,1.1149378914473687,0,217,1,1,1.1149378914473687
2020-21,9,11,1.269879932377049,1,255,1,1.2,1.0582332769808742
2020-21,9,12,1.2178842813155324,0,278,1,1.2,1.0149035677629437
2020-21,9,13,0.9773840719298246,1,291,1,0.85,1.1498636140350877
2020-21,9,14,1.8140842961692774,0,323,1,1.2,1.5117369134743979
2020-21,9,16,1.1759381517857141,0,363,1,1,1.1759381517857141
2020-21,9,17,1.4359115502212385,1,383,1,1.2,1.1965929585176989
2020-21,9,18,1.8525292076923079,0,417,1,1.2,1.54377433974359
2020-21,9,19,1.1335453243254017,1,431,1,0.85,1.3335827345004725
2020-21,9,20,0.9491312276315789,0,455,1,0.85,1.1166249736842104
2020-21,10,1,1.1094797582106453,0,8,1,0.85,1.3052703037772297
2020-21,10,2,1.4885451555194806,0,12,1,1.2,1.240454296266234
2020-21,10,3,1.6022768345709493,0,66,1,1.2,1.335230695475791
2020-21,10,5,0.9319858218629962,1,110,1,1,0.9319858218629962
2020-21,10,6,1.1348643642857141,0,128,1,0.85,1.3351345462184874
2020-21,10,7,1.2545859430175825,0,156,1,1,1.2545859430175825
2020-21,10,8,1.677722925,0,516,1,1.2,1.3981024375000002
2020-21,10,9,1.083514263157895,0,217,1,0.85,1.2747226625386998
2020-21,10,10,1.4165439411764706,1,213,1,1,1.4165439411764706
2020-21,10,11,1.103202731276117,0,255,1,1,1.103202731276117
2020-21,10,12,0.8459003180610957,1,278,1,0.85,0.9951768447777596
2020-21,10,14,1.521126447975904,1,323,1,1,1.521126447975904
2020-21,10,15,1.2304371052631577,0,351,1,0.85,1.4475730650154797
2020-21,10,16,1.4336678420168065,0,363,1,1.2,1.1947232016806721
2020-21,10,17,1.4603048002082246,1,383,1,1.2,1.2169206668401873
2020-21,10,18,1.3571598000000002,1,417,1,0.85,1.5966585882352944
2020-21,10,19,1.098813737600378,0,431,1,0.85,1.2927220442357388
2020-21,10,20,1.3342414291021671,0,455,1,1.2,1.1118678575851393
2020-21,11,1,1.621096410947527,0,8,1,1.2,1.3509136757896059
2020-21,11,3,1.0826262916458436,0,66,1,0.85,1.2736779901715807
2020-21,11,4,1.5356381864923747,0,97,1,1.2,1.2796984887436456
2020-21,11,5,0.889424773518114,0,110,1,1,0.889424773518114
2020-21,11,6,1.128890869047619,0,128,1,0.85,1.3281069047619047
2020-21,11,7,1.156680615366893,0,156,1,0.85,1.3608007239610505
2020-21,11,8,1.9584303478991594,0,516,1,1.4,1.3988788199279711
2020-21,11,9,1.1117003735380118,0,217,1,0.85,1.307882792397661
2020-21,11,10,1.697373462585034,0,213,1,1.2,1.4144778854875284
2020-21,11,11,0.9857228731633273,1,255,1,0.85,1.159673968427444
2020-21,11,12,0.8154289258222077,1,278,1,0.85,0.9593281480261268
2020-21,11,13,1.2804810501547987,0,298,1,1.2,1.0670675417956657
2020-21,11,15,1.7461654070175439,0,351,1,1.2,1.4551378391812866
2020-21,11,16,1.2562898015873014,0,363,1,1,1.2562898015873014
2020-21,11,17,1.1990652409046214,1,383,1,1,1.1990652409046214
2020-21,11,18,1.4495911776643993,0,417,1,0.85,1.7054013854875285
2020-21,11,19,1.6114986501338375,0,431,1,1.2,1.342915541778198
2020-21,11,20,1.1053340321637426,0,455,1,1,1.1053340321637426
2020-21,12,1,1.1038960362937353,0,8,1,0.85,1.2987012191691003
2020-21,12,2,1.1983787494270435,1,12,1,1,1.1983787494270435
2020-21,12,4,1.5900553539094648,1,97,1,1.2,1.3250461282578874
2020-21,12,5,0.892583063878219,0,110,1,1,0.892583063878219
2020-21,12,6,1.2856342781954888,0,128,1,1,1.2856342781954888
2020-21,12,7,1.5893984861872992,1,156,1,1.2,1.324498738489416
2020-21,12,8,1.7881671619937698,0,516,1,1.2,1.4901393016614748
2020-21,12,9,1.2531053822714682,1,217,1,1,1.2531053822714682
2020-21,12,10,1.8999390587309395,0,213,1,1.2,1.5832825489424496
2020-21,12,11,0.9485466035231522,0,255,1,0.85,1.1159371806154732
2020-21,12,12,1.104843901096277,1,278,1,1.2,0.9207032509135642
2020-21,12,13,1.367720947368421,1,298,1,1.2,1.139767456140351
2020-21,12,15,1.2305002231301938,0,351,1,0.85,1.44764732132964
2020-21,12,16,1.095232534962406,1,363,1,0.85,1.288508864661654
2020-21,12,17,1.1647373861201678,0,383,1,1,1.1647373861201678
2020-21,12,18,1.4435641455484505,0,417,1,0.85,1.6983107594687654
2020-21,12,19,1.3586474606319767,0,431,1,1,1.3586474606319767
2020-21,12,20,0.9556212943213294,0,455,1,0.85,1.1242603462603875
2020-21,13,1,1.0808025894790485,0,8,1,0.85,1.2715324582106453
2020-21,13,2,1.0114966349567098,1,12,1,0.85,1.189996041125541
2020-21,13,3,0.9974588085648025,1,74,1,0.85,1.173480951252709
2020-21,13,4,1.3449363320337882,1,97,1,1,1.3449363320337882
2020-21,13,5,0.9046736394635758,0,110,1,1,0.9046736394635758
2020-21,13,6,1.5438621771428573,0,128,1,1.2,1.2865518142857144
2020-21,13,7,1.5653971818779342,1,156,1,1.2,1.3044976515649451
2020-21,13,8,1.4938306711650924,1,516,1,1,1.4938306711650924
2020-21,13,9,1.4721796357894736,0,217,1,1.2,1.2268163631578948
2020-21,13,10,1.343275814465812,0,213,1,0.85,1.5803244876068376
2020-21,13,11,1.1407855715846995,0,255,1,1,1.1407855715846995
2020-21,13,12,0.7657241783672385,0,278,1,0.85,0.9008519745496923
2020-21,13,13,0.9716346067867038,0,298,1,0.85,1.1430995373961221
2020-21,13,14,1.256366092217724,0,325,1,1,1.256366092217724
2020-21,13,15,1.7762318463157893,0,351,1,1.2,1.480193205263158
2020-21,13,16,1.4809784057142854,0,363,1,1.2,1.2341486714285712
2020-21,13,17,1.1912259668141592,0,383,1,1,1.1912259668141592
2020-21,13,18,2.308788772649573,0,417,1,1.4,1.649134837606838
2020-21,13,19,1.1582705094603214,0,431,1,0.85,1.362671187600378
2020-21,13,20,1.351592614736842,0,455,1,1.2,1.1263271789473683
2020-21,14,1,1.2596734840101385,0,8,1,1,1.2596734840101385
2020-21,14,2,0.9712780331168831,1,12,1,0.85,1.142680038961039
2020-21,14,4,1.1569046681172839,0,97,1,0.85,1.3610643154320987
2020-21,14,5,1.0690201889884763,1,110,1,1.2,0.890850157490397
2020-21,14,6,1.4939412163265307,0,128,1,1.2,1.2449510136054422
2020-21,14,7,1.2790763348237575,0,156,1,1,1.2790763348237575
2020-21,14,8,1.22084677742126,0,516,1,0.85,1.436290326377953
2020-21,14,9,1.518590357894737,1,217,1,1.2,1.2654919649122809
2020-21,14,10,1.8784078015748031,0,213,1,1.2,1.5653398346456693
2020-21,14,11,1.1527896872235233,1,255,1,1,1.1527896872235233
2020-21,14,12,0.7356470569488766,1,278,1,0.85,0.8654671258222078
2020-21,14,13,1.142686960526316,0,298,1,1,1.142686960526316
2020-21,14,14,1.1272207649212598,0,325,1,0.85,1.3261420763779528
2020-21,14,15,1.4878720050125314,0,351,1,1,1.4878720050125314
2020-21,14,16,1.4451640244897959,0,363,1,1.2,1.2043033537414967
2020-21,14,17,1.4253350477876106,0,383,1,1.2,1.1877792064896755
2020-21,14,18,1.4279406832583428,0,417,1,0.85,1.6799302155980504
2020-21,14,19,1.614618271543289,0,431,1,1.2,1.3455152262860743
2020-21,14,20,0.9700861210526315,0,455,1,0.85,1.141277789473684
2020-21,15,1,1.4763015907752495,0,8,1,1.2,1.2302513256460412
2020-21,15,2,0.9242308289610388,1,12,1,0.85,1.087330387012987
2020-21,15,3,1.387378281220909,0,74,1,1.2,1.1561485676840908
2020-21,15,4,1.360003109935332,0,97,1,1,1.360003109935332
2020-21,15,5,1.0326951514175966,0,110,1,1.2,0.8605792928479972
2020-21,15,6,1.2629405584415585,0,128,1,1,1.2629405584415585
2020-21,15,8,1.2147877336809176,1,516,1,0.85,1.429162039624609
2020-21,15,9,1.4991339961722487,0,217,1,1.2,1.2492783301435406
2020-21,15,10,1.4435204912408757,1,213,1,0.85,1.6982594014598538
2020-21,15,11,0.9527004553154497,0,255,1,0.85,1.1208240650769996
2020-21,15,12,0.7629084137608348,1,278,1,0.85,0.8975393103068645
2020-21,15,13,1.391745097744361,0,298,1,1.2,1.1597875814536343
2020-21,15,14,1.840781922141119,0,325,1,1.4,1.3148442301007994
2020-21,15,15,1.85126836937799,0,351,1,1.2,1.5427236411483252
2020-21,15,16,1.0181610415584414,1,363,1,0.85,1.1978365194805194
2020-21,15,17,1.206836697103781,0,383,1,1,1.206836697103781
2020-21,15,18,1.7162554014598541,0,417,1,1,1.7162554014598541
2020-21,15,19,1.3963466250912528,0,431,1,1,1.3963466250912528
2020-21,15,20,1.1397078444976076,0,455,1,1,1.1397078444976076
2020-21,16,1,1.2668020506179525,1,8,1,1,1.2668020506179525
2020-21,16,2,1.2872387851576994,0,12,1,1.2,1.0726989876314161
2020-21,16,6,1.6972584149068324,0,128,1,1.2,1.4143820124223603
2020-21,16,9,1.2782151418764303,0,217,1,1,1.2782151418764303
2020-21,16,10,1.434222266992014,1,213,1,0.85,1.6873203141082518
2020-21,16,11,0.936398339866952,1,255,1,0.85,1.1016451057258259
2020-21,16,13,0.9779109444976076,1,298,1,0.85,1.1504834641148325
2020-21,16,14,1.6676797213358068,1,325,1,1.2,1.3897331011131724
2020-21,16,15,1.273613801716247,0,351,1,0.85,1.4983691784897024
2020-21,16,16,1.4123847875776396,1,363,1,1.2,1.1769873229813663
2020-21,16,18,1.7008964445430348,0,417,1,1,1.7008964445430348
2020-21,16,19,1.1864944799654968,1,431,1,0.85,1.3958758587829374
2020-21,16,20,1.3277483258581233,0,455,1,1.2,1.1064569382151028
2020-21,17,1,1.0579256599825404,1,8,1,0.85,1.244618423508871
2020-21,17,2,1.30575047674144,0,12,1,1.2,1.0881253972845335
2020-21,17,3,1.054171878244573,0,66,1,0.85,1.2402022096994978
2020-21,17,5,1.0808898081713423,0,110,1,1.2,0.9007415068094519
2020-21,17,6,1.2081403913690476,1,128,1,0.85,1.421341636904762
2020-21,17,9,1.051668742653509,0,217,1,0.85,1.2372573442982457
2020-21,17,10,1.952431621612903,0,213,1,1.2,1.627026351344086
2020-21,17,11,0.9239956673724956,0,255,1,0.85,1.087053726320583
2020-21,17,13,0.9493492273455376,0,298,1,0.85,1.1168814439359267
2020-21,17,14,1.6501263877699857,0,325,1,1.2,1.3751053231416548
2020-21,17,17,1.1840280580992688,1,383,1,1,1.1840280580992688
2020-21,17,18,1.6824028096774195,0,417,1,1,1.6824028096774195
2020-21,17,20,1.1298728157894735,0,455,1,1,1.1298728157894735
2020-21,18,1,1.0427803795832387,1,8,1,0.85,1.226800446568516
2020-21,18,3,1.761398206346826,0,66,1,1.4,1.2581415759620187
2020-21,18,6,1.6516363817142858,1,128,1,1.2,1.3763636514285715
2020-21,18,7,1.2670866126244018,0,156,1,1,1.2670866126244018
2020-21,18,8,1.6372047605321507,0,516,1,1.2,1.364337300443459
2020-21,18,12,0.8674011598383707,1,278,1,1,0.8674011598383707
2020-21,18,13,0.960693417872807,1,298,1,0.85,1.1302275504385966
2020-21,18,14,1.1439200695121952,0,325,1,0.85,1.3457883170731708
2020-21,18,15,1.285269212054054,1,483,1,0.85,1.512081425945946
2020-21,18,17,1.0021118681600294,0,383,1,0.85,1.1789551390117994
2020-21,18,20,1.4095431157894733,0,455,1,1.2,1.1746192631578944
2020-21,19,1,1.0242200919069604,1,8,1,0.85,1.2049648140081888
2020-21,19,3,1.3147013129235379,1,66,1,1,1.3147013129235379
2020-21,19,6,1.8683475615384615,0,128,1,1.4,1.3345339725274725
2020-21,19,15,1.4909363326403329,0,483,1,1,1.4909363326403329
2020-21,19,16,1.3549417383050848,0,375,1,1.2,1.1291181152542373
2020-21,19,17,0.9949285134336282,0,383,1,0.85,1.1705041334513273
2020-21,19,20,0.9697400420040484,0,455,1,0.85,1.1408706376518216
2020-21,20,1,0.9945168005400358,0,8,1,0.85,1.1700197653412185
2020-21,20,2,0.9729318531688311,0,12,1,0.85,1.1446257096103896
2020-21,20,3,1.08187989613943,1,66,1,0.85,1.2727998778110943
2020-21,20,4,1.105999281473684,0,96,1,0.85,1.3011756252631577
2020-21,20,6,1.6377103015873018,0,128,1,1.2,1.3647585846560848
2020-21,20,7,1.4960263491242536,0,156,1,1.2,1.2466886242702113
2020-21,20,8,1.4005456808648649,1,516,1,1,1.4005456808648649
2020-21,20,9,1.159785028265107,0,217,1,1,1.159785028265107
2020-21,20,10,1.3801757010399391,0,200,1,0.85,1.6237361188705166
2020-21,20,11,1.2687582191863995,0,255,1,1.2,1.0572985159886663
2020-21,20,12,0.7068732265591012,1,278,1,0.85,0.8316155606577662
2020-21,20,13,0.9313131631091616,0,298,1,0.85,1.0956625448343078
2020-21,20,14,1.3949088341341342,0,325,1,1,1.3949088341341342
2020-21,20,15,1.7752817621621622,0,483,1,1.2,1.4794014684684684
2020-21,20,17,1.3920568309053776,0,383,1,1.2,1.1600473590878146
2020-21,20,18,2.1135955394594594,0,417,1,1.2,1.7613296162162162
2020-21,20,19,1.3362303514376128,0,435,1,1,1.3362303514376128
2020-21,20,20,1.3785068701754384,1,455,1,1.2,1.1487557251461986
2020-21,21,1,1.3944394141805534,1,8,1,1.2,1.1620328451504611
2020-21,21,2,0.9570670049700299,1,12,1,0.85,1.1259611823176823
2020-21,21,3,1.2431225119662388,1,66,1,1,1.2431225119662388
2020-21,21,4,1.621160290688259,0,96,1,1.2,1.3509669089068825
2020-21,21,5,0.8303196906410255,1,548,1,0.85,0.9768466948717948
2020-21,21,6,1.2156824095663268,1,128,1,0.85,1.4302145994897961
2020-21,21,7,1.0419411943345465,0,156,1,0.85,1.225813169805349
2020-21,21,8,1.2122484452071005,0,516,1,0.85,1.4261746414201182
2020-21,21,9,1.1339488843984962,0,217,1,1,1.1339488843984962
2020-21,21,10,1.9205532820709117,0,200,1,1.2,1.6004610683924265
2020-21,21,11,1.227563354215457,0,255,1,1.2,1.0229694618462142
2020-21,21,12,0.6976361601529819,1,278,1,0.85,0.8207484237093905
2020-21,21,13,1.294988087593985,1,298,1,1.2,1.0791567396616542
2020-21,21,14,1.3695150063186812,1,325,1,1,1.3695150063186812
2020-21,21,15,2.042810932432433,0,483,1,1.4,1.4591506660231663
2020-21,21,16,1.0393512611263735,0,363,1,0.85,1.2227661895604396
2020-21,21,17,1.2053036420845622,0,383,1,1,1.2053036420845622
2020-21,21,18,1.5055090027920228,0,417,1,0.85,1.7711870621082622
2020-21,21,19,1.5709767638063805,0,435,1,1.2,1.3091473031719838
2020-21,21,20,1.129493342105263,0,455,1,1,1.129493342105263
2020-21,22,2,1.399936744011544,0,12,1,1.2,1.1666139533429534
2020-21,22,3,1.2109483151103018,1,66,1,1,1.2109483151103018
2020-21,22,4,1.619935583625731,0,96,1,1.2,1.3499463196881092
2020-21,22,5,1.1404829183999998,1,548,1,1.2,0.950402432
2020-21,22,6,1.1859043126847293,0,128,1,0.85,1.3951815443349755
2020-21,22,8,1.6867173688888888,0,516,1,1.2,1.4055978074074074
2020-21,22,9,0.9794701465063519,1,217,1,0.85,1.1523178194192376
2020-21,22,10,1.9186976824801474,0,200,1,1.2,1.598914735400123
2020-21,22,11,1.0156699631618618,0,255,1,1,1.0156699631618618
2020-21,22,12,0.6762673986658344,1,278,1,0.85,0.7956087043127464
2020-21,22,13,0.9057724484119781,1,298,1,0.85,1.0656146451905626
2020-21,22,14,1.1486928518965518,0,325,1,0.85,1.3514033551724138
2020-21,22,15,1.2387409534948743,0,483,1,0.85,1.4573422982292639
2020-21,22,16,1.445730619047619,0,363,1,1.2,1.2047755158730158
2020-21,22,17,1.4645518001264222,0,383,1,1.2,1.2204598334386851
2020-21,22,18,1.4928335314285717,0,417,1,0.85,1.7562747428571432
2020-21,22,19,1.3292045685798464,0,435,1,1,1.3292045685798464
2020-21,22,20,1.1355678820326678,0,455,1,1,1.1355678820326678
2020-21,23,2,1.1838183121521337,1,12,1,1,1.1838183121521337
2020-21,23,4,1.3727909511278196,0,96,1,1,1.3727909511278196
2020-21,23,5,0.7952194816458867,0,548,1,0.85,0.935552331348102
2020-21,23,6,1.4075468595238096,0,128,1,1,1.4075468595238096
2020-21,23,8,1.695687283502171,1,516,1,1.2,1.4130727362518092
2020-21,23,9,1.13630215877193,1,217,1,1,1.13630215877193
2020-21,23,10,1.3676041024239334,1,200,1,0.85,1.6089460028516864
2020-21,23,12,0.7687990720158626,0,278,1,1,0.7687990720158626
2020-21,23,13,1.2547773484210525,0,298,1,1.2,1.0456477903508772
2020-21,23,14,1.132635401593102,0,325,1,0.85,1.3325122371683553
2020-21,23,15,1.774722585945946,0,483,1,1.2,1.4789354882882884
2020-21,23,16,1.127879812117347,0,363,1,0.85,1.3269174260204082
2020-21,23,17,1.066164183994507,1,383,1,0.85,1.2543108046994202
2020-21,23,18,2.0886489357951996,0,417,1,1.2,1.740540779829333
2020-21,23,19,1.1114555938497739,1,435,1,0.85,1.3075948162938515
2020-21,23,20,1.3438373031578945,1,455,1,1.2,1.1198644192982454
2020-21,24,1,1.1789040786196052,0,8,1,1,1.1789040786196052
2020-21,24,2,1.1645993703537842,1,12,1,1,1.1645993703537842
2020-21,24,6,1.2252246247695855,0,128,1,0.85,1.4414407350230418
2020-21,24,9,1.3677671134125633,0,217,1,1.2,1.1398059278438029
2020-21,24,10,1.879047566003359,0,200,1,1.2,1.565872971669466
2020-21,24,11,1.3148369947639913,0,255,1,1.2,1.0956974956366594
2020-21,24,13,0.899354090449915,0,298,1,0.85,1.0580636358234294
2020-21,24,14,1.5985305421929366,0,325,1,1.2,1.3321087851607805
2020-21,24,15,1.7758483993025285,0,483,1,1.2,1.4798736660854404
2020-21,24,16,1.113506739285714,0,363,1,0.85,1.3100079285714283
2020-21,24,17,1.727455722359882,0,383,1,1.4,1.233896944542773
2020-21,24,18,2.091474033599368,0,417,1,1.2,1.7428950279994735
2020-21,24,19,1.1163423585642969,1,435,1,0.85,1.3133439512521141
2020-21,24,20,0.937508585229202,0,455,1,0.85,1.1029512767402376
2020-21,25,1,1.3963349468549238,0,8,1,1.2,1.1636124557124365
2020-21,25,2,1.4366741896103898,0,12,1,1.2,1.1972284913419915
2020-21,25,3,0.9511228318090109,0,74,1,0.85,1.1189680374223658
2020-21,25,4,1.1254667697368421,1,96,1,0.85,1.324078552631579
2020-21,25,5,0.7832418497756384,0,548,1,0.85,0.9214609997360451
2020-21,25,6,1.4419734464285714,0,128,1,1,1.4419734464285714
2020-21,25,7,1.279376553689209,1,156,1,1,1.279376553689209
2020-21,25,8,1.1658268772239428,1,516,1,0.85,1.3715610320281681
2020-21,25,9,1.155602680098684,0,217,1,1,1.155602680098684
2020-21,25,11,1.3466232851158495,0,255,1,1.2,1.1221860709298745
2020-21,25,12,0.9151990264429996,1,278,1,1.2,0.7626658553691663
2020-21,25,13,0.8943340532483552,0,298,1,0.85,1.0521577097039474
2020-21,25,14,1.6354035559827458,0,325,1,1.2,1.3628362966522882
2020-21,25,15,1.2753789844172296,0,483,1,0.85,1.5004458640202702
2020-21,25,17,1.4987605291464459,0,383,1,1.2,1.2489671076220383
2020-21,25,18,1.4439258465787819,1,417,1,0.85,1.6987362900926846
2020-21,25,19,1.2989061090254856,0,435,1,1,1.2989061090254856
2020-21,25,20,1.0929908618421051,1,455,1,1,1.0929908618421051
2020-21,26,1,1.424959648282067,0,8,1,1.2,1.1874663735683892
2020-21,26,10,1.3053514825946204,0,200,1,0.85,1.5357076265819063
2020-21,26,19,1.7934024813436895,0,435,1,1.4,1.2810017723883498
2020-21,27,1,0.9996962089333402,0,8,1,0.85,1.1761131869804002
2020-21,27,2,0.9973147039157814,1,12,1,0.85,1.1733114163715075
2020-21,27,3,1.2933132155428548,0,74,1,1.2,1.0777610129523791
2020-21,27,4,1.3310027832817337,0,96,1,1,1.3310027832817337
2020-21,27,5,1.1020365018047633,1,548,1,1.2,0.9183637515039695
2020-21,27,6,1.71218886122449,0,128,1,1.2,1.4268240510204084
2020-21,27,7,1.497039735770837,0,156,1,1.2,1.2475331131423641
2020-21,27,8,1.3392993101505613,1,516,1,1,1.3392993101505613
2020-21,27,9,1.1859915646616541,0,217,1,1,1.1859915646616541
2020-21,27,10,1.8246003577758105,0,200,1,1.2,1.5205002981465088
2020-21,27,11,0.961163260313165,0,255,1,0.85,1.1307803062507824
2020-21,27,13,1.4193189484210527,1,298,1,1.4,1.0137992488721805
2020-21,27,15,1.2529726907528957,0,483,1,0.85,1.4740855185328186
2020-21,27,17,1.0520593209070797,0,383,1,0.85,1.2377168481259762
2020-21,27,18,1.4318709511279775,1,417,1,0.85,1.6845540601505617
2020-21,27,19,1.298178014376928,1,435,1,1,1.298178014376928
2020-21,27,20,1.1610546736842102,1,455,1,1,1.1610546736842102
2020-21,28,1,1.1713161311342195,0,8,1,1,1.1713161311342195
2020-21,28,2,1.0179030935064934,0,12,1,0.85,1.19753305118411
2020-21,28,3,0.9141870735241271,0,74,1,0.85,1.075514204146032
2020-21,28,4,1.3598081037593983,0,96,1,1,1.3598081037593983
2020-21,28,5,0.8985573725301242,1,548,1,1,0.8985573725301242
2020-21,28,6,1.2277958352182539,1,128,1,0.85,1.4444656884920635
2020-21,28,7,1.0926120445306542,0,156,1,0.85,1.285425934741946
2020-21,28,8,1.5852519959463032,0,516,1,1.2,1.3210433299552526
2020-21,28,9,0.9964614166301169,1,217,1,0.85,1.1723075489766082
2020-21,28,10,1.8653540034603244,1,200,1,1.2,1.5544616695502704
2020-21,28,11,1.1351678116426902,1,255,1,1,1.1351678116426902
2020-21,28,12,0.724308741360487,1,278,1,0.85,0.8521279310123376
2020-21,28,13,1.2526095236842105,1,298,1,1.2,1.0438412697368422
2020-21,28,15,1.7811829716216214,0,483,1,1.2,1.4843191430180178
2020-21,28,16,1.344280277096065,0,376,1,1,1.344280277096065
2020-21,28,17,1.4604441543868523,0,383,1,1.2,1.2170367953223769
2020-21,28,18,1.649945229955253,0,417,1,1,1.649945229955253
2020-21,28,19,1.5558489424736757,0,435,1,1.2,1.2965407853947297
2020-21,28,20,1.3840825526315785,0,455,1,1.2,1.1534021271929822
2020-21,29,1,1.3881065671462771,0,8,1,1.2,1.1567554726218976
2020-21,29,2,1.1862378211502782,0,12,1,1,1.1862378211502782
2020-21,29,3,0.9101175528418185,1,74,1,0.85,1.0707265327550806
2020-21,29,8,1.3526074357262496,0,516,1,1,1.3526074357262496
2020-21,29,10,1.304650245817437,0,200,1,0.85,1.5348826421381612
2020-21,29,17,1.2231817732300885,1,383,1,1,1.2231817732300885
2020-21,29,19,1.303942319133765,0,435,1,1,1.303942319133765
2020-21,30,1,1.4277052659841647,0,8,1,1.2,1.1897543883201374
2020-21,30,2,1.0176063230339105,0,12,1,0.85,1.1971839094516594
2020-21,30,3,1.2515348851756654,0,74,1,1.2,1.0429457376463878
2020-21,30,4,1.160573770467836,0,96,1,0.85,1.3653809064327485
2020-21,30,5,0.7476956914281027,0,548,1,0.85,0.8796419899154149
2020-21,30,6,1.4181748861003862,0,128,1,1,1.4181748861003862
2020-21,30,7,1.0773134282684396,0,156,1,0.85,1.2674275626687526
2020-21,30,8,1.3506720183052237,0,516,1,1,1.3506720183052237
2020-21,30,9,1.371533570697013,0,217,1,1.2,1.142944642247511
2020-21,30,10,1.3006274216738494,0,200,1,0.85,1.5301499078515877
2020-21,30,12,1.0083103302630536,1,278,1,1.2,0.8402586085525448
2020-21,30,13,1.0272785867709817,0,298,1,1,1.0272785867709817
2020-21,30,15,1.5570734364499634,0,483,1,1,1.5570734364499634
2020-21,30,16,1.1303145401072816,0,376,1,0.85,1.3297818118909195
2020-21,30,17,1.020884111103803,0,383,1,0.85,1.2010401307103564
2020-21,30,18,1.9630075059097762,0,417,1,1.2,1.635839588258147
2020-21,30,19,1.3022753375355551,0,435,1,1,1.3022753375355551
2020-21,30,20,1.378116083641536,0,455,1,1.2,1.1484300697012801
2020-21,31,1,1.0355386943709717,1,8,1,0.85,1.2182808169070256
2020-21,31,2,1.202612236223236,0,12,1,1,1.202612236223236
2020-21,31,3,1.2735865821422552,1,74,1,1.2,1.0613221517852127
2020-21,31,5,0.8947606222930093,0,548,1,1,0.8947606222930093
2020-21,31,6,1.7305383406015038,0,128,1,1.2,1.4421152838345865
2020-21,31,7,1.2465935838963627,1,156,1,1,1.2465935838963627
2020-21,31,8,1.1515543777715502,0,516,1,0.85,1.3547698562018238
2020-21,31,9,1.3930117819944599,0,217,1,1.2,1.1608431516620499
2020-21,31,10,2.1187242986283565,0,200,1,1.4,1.5133744990202547
2020-21,31,11,0.9511821997413096,0,255,1,0.85,1.1190378820485996
2020-21,31,12,0.825031645169583,0,278,1,1,0.825031645169583
2020-21,31,13,1.2532687487534628,0,298,1,1.2,1.044390623961219
2020-21,31,15,1.576807688122333,0,483,1,1,1.576807688122333
2020-21,31,16,1.1315330686457312,0,376,1,0.85,1.3312153748773308
2020-21,31,17,1.5207469843036796,0,383,1,1.2,1.2672891535863997
2020-21,31,18,1.4099438643329438,1,417,1,0.85,1.6587574874505222
2020-21,31,20,0.9832945076869803,1,455,1,0.85,1.1568170678670358
2020-21,32,2,1.4680789812713602,0,12,1,1.2,1.2233991510594668
2020-21,32,3,1.2481375745015442,1,74,1,1.2,1.0401146454179535
2020-21,32,4,1.7233556961593168,0,81,1,1.2,1.4361297467994307
2020-21,32,7,1.2416257604344907,0,156,1,1,1.2416257604344907
2020-21,32,8,1.5960226536051658,0,516,1,1.2,1.330018878004305
2020-21,32,9,0.9819216948380568,1,217,1,0.85,1.1552019939271256
2020-21,32,10,1.8253621178912023,0,200,1,1.2,1.5211350982426686
2020-21,32,11,1.1081750353634026,0,255,1,1,1.1081750353634026
2020-21,32,12,0.8080053209344655,0,278,1,1,0.8080053209344655
2020-21,32,13,0.8835350001012147,0,298,1,0.85,1.0394529412955467
2020-21,32,15,1.5835667474012474,0,483,1,1,1.5835667474012474
2020-21,32,16,1.6358656415111417,0,376,1,1.2,1.3632213679259515
2020-21,32,18,1.9815293918579338,0,417,1,1.2,1.6512744932149448
2020-21,32,20,0.9727620254385962,1,455,1,0.85,1.1444259122807015
2020-21,33,1,1.4324434594927946,0,8,1,1.2,1.1937028829106622
2020-21,33,2,1.0445300353646354,0,12,1,0.85,1.228858865134865
2020-21,33,4,1.470975227146814,1,81,1,1,1.470975227146814
2020-21,33,5,1.0629026753058834,1,548,1,1.2,0.8857522294215695
2020-21,33,6,1.7951319318681318,0,128,1,1.2,1.4959432765567766
2020-21,33,9,0.9627839237171053,0,217,1,0.85,1.1326869690789474
2020-21,33,10,1.824840553788821,1,200,1,1.2,1.5207004614906843
2020-21,33,11,0.9698420659159909,0,255,1,0.85,1.1409906657835187
2020-21,33,13,1.0355113677631582,1,298,1,1,1.0355113677631582
2020-21,33,15,1.5730008287162163,1,483,1,1,1.5730008287162163
2020-21,33,18,1.672862110264958,0,417,1,1,1.672862110264958
2020-21,33,20,0.9542202548026313,0,455,1,0.85,1.122612064473684
2020-21,34,2,1.2341429685064935,0,12,1,1,1.2341429685064935
2020-21,34,3,1.0329679636182965,1,74,1,1,1.0329679636182965
2020-21,34,4,1.7298506963562748,0,81,1,1.2,1.4415422469635624
2020-21,34,5,0.7369819209658031,1,548,1,0.85,0.8670375540774153
2020-21,34,6,1.7842698235714287,0,128,1,1.2,1.4868915196428574
2020-21,34,8,1.6373941017812859,0,516,1,1.2,1.3644950848177382
2020-21,34,9,0.9530742499679077,0,217,1,0.85,1.121263823491656
2020-21,34,10,1.5083482852028651,0,200,1,1,1.5083482852028651
2020-21,34,12,0.8062193879111039,1,278,1,1,0.8062193879111039
2020-21,34,15,1.8970025311799605,0,483,1,1.2,1.5808354426499671
2020-21,34,16,1.6331382835265476,0,376,1,1.2,1.3609485696054564
2020-21,34,17,1.108475377093676,1,383,1,0.85,1.3040886789337365
2020-21,34,18,1.4380835477200777,0,417,1,0.85,1.6918629973177386
2020-21,34,19,1.1455832663899082,0,431,1,0.85,1.3477450192822449
2020-21,34,20,0.973620404685494,0,455,1,0.85,1.1454357702182283
2020-21,35,3,1.018611622834976,0,74,1,1,1.018611622834976
2020-21,35,4,1.2422910146710524,1,81,1,0.85,1.4615188407894735
2020-21,35,8,1.1669066372798862,0,516,1,0.85,1.3728313379763368
2020-21,35,10,1.5276570275357655,0,200,1,1,1.5276570275357655
2020-21,35,12,0.9535969029203166,0,278,1,1.2,0.7946640857669306
2020-21,35,15,1.353754931579794,0,483,1,0.85,1.5926528606821109
2020-21,35,17,1.2832985675305522,0,383,1,1,1.2832985675305522
2020-21,35,18,2.0035879128886775,0,417,1,1.2,1.669656594073898
2020-21,35,19,1.6264637925602263,0,431,1,1.2,1.3553864938001887
2020-21,35,20,1.1415979423558895,0,455,1,1,1.1415979423558895
2020-21,36,2,1.2294057536494514,0,12,1,1,1.2294057536494514
2020-21,36,3,1.2231320206689003,0,74,1,1.2,1.0192766838907503
2020-21,36,4,1.4433069178433886,0,81,1,1,1.4433069178433886
2020-21,36,7,1.035366529323747,0,156,1,0.85,1.2180782697926436
2020-21,36,8,1.1701778445925368,0,516,1,0.85,1.3766798171676904
2020-21,36,10,1.2871991454392737,1,200,1,0.85,1.5143519358109103
2020-21,36,11,0.9675312764539884,0,255,1,0.85,1.1382720899458687
2020-21,36,15,1.5938552941546196,1,483,1,1,1.5938552941546196
2020-21,36,17,1.1117854281590864,1,383,1,0.85,1.3079828566577487
2020-21,36,18,1.979346837744086,0,417,1,1.2,1.6494556981200716
2020-21,36,19,1.3507986524879891,0,431,1,1,1.3507986524879891
2020-21,36,20,1.3451278208078332,0,455,1,1.2,1.1209398506731945
2020-21,37,1,1.183854057417369,0,8,1,1,1.183854057417369
2020-21,37,2,1.4926553565525384,0,12,1,1.2,1.243879463793782
2020-21,37,3,1.2462569553570744,0,74,1,1.2,1.038547462797562
2020-21,37,4,1.7395738466165411,0,81,1,1.2,1.449644872180451
2020-21,37,5,1.034822107300751,0,548,1,1.2,0.8623517560839593
2020-21,37,6,1.4733464833887044,0,128,1,1,1.4733464833887044
2020-21,37,7,1.036670426847369,1,156,1,0.85,1.2196122668792577
2020-21,37,8,1.6738335551192507,0,516,1,1.2,1.394861295932709
2020-21,37,9,1.3875735389952155,0,217,1,1.2,1.156311282496013
2020-21,37,10,1.2842021410282092,1,200,1,0.85,1.5108260482684814
2020-21,37,11,0.9657946038288967,1,255,1,0.85,1.136228945681055
2020-21,37,12,0.799790940867718,0,278,1,1,0.799790940867718
2020-21,37,15,1.3490107488943488,0,483,1,0.85,1.5870714692874692
2020-21,37,17,1.1058995093372888,0,383,1,0.85,1.3010582462791633
2020-21,37,18,1.9880934620959954,0,417,1,1.2,1.6567445517466628
2020-21,38,1,1.177473771544579,1,8,1,1,1.177473771544579
2020-21,38,2,1.4813578508513707,0,12,1,1.2,1.2344648757094756
2020-21,38,3,1.2449793453608764,0,74,1,1.2,1.0374827878007304
2020-21,38,4,1.253474474112607,0,81,1,0.85,1.4746758518971845
2020-21,38,6,1.4773305178571432,0,128,1,1,1.4773305178571432
2020-21,38,7,1.6734881005094395,0,156,1,1.4,1.1953486432210283
2020-21,38,9,1.189051520662768,0,217,1,1,1.189051520662768
2020-21,38,10,1.2784623917829785,0,200,1,0.85,1.5040734020976219
2020-21,38,11,0.958796074595065,1,255,1,0.85,1.1279953818765471
2020-21,38,12,0.9694179772030926,1,278,1,1.2,0.8078483143359105
2020-21,38,15,1.352131618918919,1,483,1,0.85,1.5907430810810812
2020-21,38,16,1.690183241490764,0,376,1,1.2,1.4084860345756367
2020-21,38,17,1.5670749823008852,0,383,1,1.2,1.305895818584071
2020-21,38,18,1.6937085528178055,0,417,1,1,1.6937085528178055
2020-21,38,19,1.1074999327616812,1,435,1,0.85,1.302941097366684
2020-21,38,20,1.4011458157894732,0,455,1,1.2,1.1676215131578944
2021-22,7,1,1.195321881719281,1,16,1,0.85,1.4062610373168012
2021-22,7,2,1.360260694154633,0,168,1,1.2,1.1335505784621942
2021-22,7,3,1.126111876190476,0,80,1,1,1.126111876190476
2021-22,7,4,1.4925053864233238,1,56,1,1.2,1.2437544886861032
2021-22,7,5,1.3293834182539679,1,98,1,0.85,1.5639804920634917
2021-22,7,6,0.6973909009398496,0,127,1,0.85,0.8204598834586466
2021-22,7,7,1.1378623915057915,0,146,1,0.85,1.338661637065637
2021-22,7,8,1.232507315834249,0,169,1,1.2,1.0270894298618742
2021-22,7,9,1.13058976660401,0,200,1,0.85,1.3301056077694235
2021-22,7,10,1.4890505604790223,1,184,1,0.85,1.7518241887988497
2021-22,7,11,1.6322617864864866,0,229,1,1.4,1.1659012760617762
2021-22,7,12,0.8057816030461269,0,256,1,1.4,0.5755582878900907
2021-22,7,13,0.8891827222222222,0,270,1,0.85,1.0460973202614379
2021-22,7,14,1.7315090570580125,0,292,1,1,1.7315090570580125
2021-22,7,15,1.3763701661904761,1,314,1,0.85,1.619259019047619
2021-22,7,16,1.7255129657142858,0,334,1,1.2,1.4379274714285715
2021-22,7,17,1.279859990037594,0,353,1,0.85,1.505717635338346
2021-22,7,18,1.2432748939546163,0,387,1,0.85,1.4626763458289604
2021-22,7,19,1.0955978446938774,0,408,1,0.85,1.2889386408163264
2021-22,7,20,0.7887779542108426,0,439,1,0.85,0.9279740637774619
2021-22,8,1,1.1679919630037816,0,16,1,0.85,1.3741081917691549
2021-22,8,2,1.167689139898048,0,168,1,1,1.167689139898048
2021-22,8,3,1.3438412548571428,0,80,1,1.2,1.1198677123809524
2021-22,8,4,0.9928422692110532,1,56,1,0.85,1.168049728483592
2021-22,8,5,2.101887096296296,0,98,1,1.4,1.5013479259259257
2021-22,8,7,1.5759748735135135,0,146,1,1.2,1.3133123945945946
2021-22,8,8,1.0229026678710829,0,169,1,1,1.0229026678710829
2021-22,8,9,1.3138383005847953,0,200,1,1,1.3138383005847953
2021-22,8,10,1.6468441095455932,0,184,1,1,1.6468441095455932
2021-22,8,11,0.9792577356756759,1,229,1,0.85,1.1520679243243246
2021-22,8,12,0.5060344683928052,1,256,1,0.85,0.5953346686974179
2021-22,8,13,1.0573336989106752,0,270,1,1,1.0573336989106752
2021-22,8,14,1.6870301865874784,0,292,1,1,1.6870301865874784
2021-22,8,15,1.2929014921904762,1,314,1,0.85,1.521060579047619
2021-22,8,16,1.3583973873333335,1,334,1,0.85,1.5981145733333335
2021-22,8,17,1.4682698596491228,0,353,1,1,1.4682698596491228
2021-22,8,18,1.7360195141803103,0,387,1,1.2,1.446682928483592
2021-22,8,19,1.0941242483809523,1,408,1,0.85,1.287204998095238
2021-22,8,20,0.7971927239301199,0,439,1,0.85,0.9378737928589646
2021-22,9,2,1.464986257385304,0,168,1,1.2,1.22082188115442
2021-22,9,3,0.905421646875,0,80,1,0.85,1.0652019375000001
2021-22,9,5,1.5379220555555553,0,98,1,1,1.5379220555555553
2021-22,9,7,1.1358604144425675,0,146,1,0.85,1.3363063699324325
2021-22,9,8,0.9143282665847692,0,169,1,0.85,1.0756803136291402
2021-22,9,9,1.0969892020285088,0,200,1,0.85,1.2905755317982457
2021-22,9,10,1.6505132901989936,0,184,1,1,1.6505132901989936
2021-22,9,11,1.316906239864865,1,229,1,1.2,1.0974218665540543
2021-22,9,12,0.5016302109932549,0,256,1,0.85,0.5901531894038293
2021-22,9,13,1.4006855612745097,0,270,1,1.2,1.167237967728758
2021-22,9,14,1.4200221018118968,0,292,1,0.85,1.6706142374257609
2021-22,9,15,1.7934901500000004,0,314,1,1.2,1.4945751250000003
2021-22,9,16,1.2952739131250002,0,334,1,0.85,1.5238516625000003
2021-22,9,17,1.4440471809210527,0,353,1,1,1.4440471809210527
2021-22,9,18,1.332976322977197,0,387,1,0.85,1.5682074387967022
2021-22,9,19,1.2559247482142857,1,408,1,1,1.2559247482142857
2021-22,9,20,0.8066192349344874,0,439,1,0.85,0.9489638058052793
2021-22,10,4,1.583416948302704,0,59,1,1.4,1.131012105930503
2021-22,10,5,1.2958268444444443,0,98,1,0.85,1.5245021699346404
2021-22,10,6,0.8209005855263158,1,127,1,1,0.8209005855263158
2021-22,10,7,1.8267615815580285,1,146,1,1.4,1.3048297011128775
2021-22,10,8,1.1801218245921319,0,169,1,1,1.1801218245921319
2021-22,10,9,1.5333298947368421,0,200,1,1.2,1.2777749122807018
2021-22,10,10,1.3617454321591949,0,184,1,0.85,1.6020534495990528
2021-22,10,11,0.9402193432432433,0,229,1,0.85,1.1061404038155804
2021-22,10,13,1.58088716355248,1,270,1,1.2,1.3174059696270666
2021-22,10,14,2.0332896563867413,0,292,1,1.2,1.6944080469889513
2021-22,10,15,1.3540830455555557,0,314,1,0.85,1.5930388771241832
2021-22,10,16,1.24503338,1,334,1,0.85,1.4647451529411766
2021-22,10,17,1.4530328173374614,0,353,1,1,1.4530328173374614
2021-22,10,18,1.3496905558291903,0,387,1,0.85,1.5878712421519887
2021-22,10,19,1.0356178485714285,0,408,1,0.85,1.2183739394957982
2021-22,10,20,0.8378652946442234,0,439,1,0.85,0.9857238760520276
2021-22,11,1,0.8668988884124372,1,67,1,0.85,1.0198810451911027
2021-22,11,2,1.4629627015709326,0,44,1,1,1.4629627015709326
2021-22,11,3,0.9612553217948305,0,76,1,0.85,1.1308886138762713
2021-22,11,4,0.9686330739275427,0,59,1,0.85,1.1395683222676973
2021-22,11,5,1.780216859259259,0,98,1,1.2,1.483514049382716
2021-22,11,6,0.6960536184210526,0,127,1,0.85,0.8188866099071207
2021-22,11,7,1.2661212177177177,1,146,1,1,1.2661212177177177
2021-22,11,8,1.2011274454481244,1,169,1,1,1.2011274454481244
2021-22,11,9,1.0736167962475633,0,200,1,0.85,1.2630785838206628
2021-22,11,10,1.3148081275947952,0,184,1,0.85,1.5468330912879944
2021-22,11,11,1.1217744369369371,0,229,1,1,1.1217744369369371
2021-22,11,12,0.7622798111324313,1,256,1,1.2,0.6352331759436928
2021-22,11,13,1.824640415395788,0,270,1,1.4,1.303314582425563
2021-22,11,14,1.463783101610575,0,292,1,0.85,1.7220977666006765
2021-22,11,15,1.3279036713333334,0,314,1,0.85,1.5622396133333334
2021-22,11,16,1.2128520422222224,1,334,1,0.85,1.4268847555555557
2021-22,11,17,1.2266882144736844,1,353,1,0.85,1.443162605263158
2021-22,11,19,1.4229348647619044,0,408,1,1.2,1.1857790539682538
2021-22,11,20,0.8649971116084333,0,439,1,0.85,1.017643660715804
2021-22,12,1,1.3810417536635704,0,67,1,1.4,0.986458395473979
2021-22,12,2,1.2146991828266238,1,44,1,0.85,1.4290578621489693
2021-22,12,3,1.1208169538068884,0,76,1,1,1.1208169538068884
2021-22,12,4,0.9269953621418825,0,59,1,0.85,1.09058277899045
2021-22,12,5,1.318257881871345,0,98,1,0.85,1.5508916257309941
2021-22,12,6,0.8077974649122807,1,127,1,1,0.8077974649122807
2021-22,12,7,1.0300068226884778,0,146,1,0.85,1.2117727325746799
2021-22,12,8,1.6473521486996177,0,169,1,1.4,1.1766801062140126
2021-22,12,9,1.5563313163434904,0,200,1,1.2,1.2969427636195754
2021-22,12,10,1.8046513037800356,0,184,1,1.2,1.5038760864833631
2021-22,12,11,1.3479837388335705,1,229,1,1.2,1.1233197823613088
2021-22,12,12,0.5427697207897979,1,256,1,0.85,0.6385526126938799
2021-22,12,13,1.1360274374269006,0,270,1,0.85,1.3365028675610595
2021-22,12,14,1.4455663594205446,0,292,1,0.85,1.7006663052006408
2021-22,12,15,1.3693624010526315,0,314,1,0.85,1.6110145894736843
2021-22,12,16,1.1659621163157896,0,334,1,0.85,1.3717201368421055
2021-22,12,17,1.1920040268698062,0,353,1,0.85,1.4023576786703602
2021-22,12,19,1.1937923669172932,0,408,1,1,1.1937923669172932
2021-22,12,20,1.0922983627833933,1,439,1,1,1.0922983627833933
2021-22,13,1,0.964594956366611,1,67,1,0.85,1.1348175957254247
2021-22,13,2,1.176757720148892,0,44,1,0.85,1.3844208472339905
2021-22,13,3,0.9924339026403901,1,76,1,0.85,1.1675692972239884
2021-22,13,4,0.9235375290347883,1,59,1,0.85,1.0865147400409274
2021-22,13,6,0.7894345983379502,0,127,1,1,0.7894345983379502
2021-22,13,7,1.016817214054054,0,146,1,0.85,1.1962555459459459
2021-22,13,8,1.0565944132678153,0,169,1,0.85,1.2430522509033122
2021-22,13,9,1.148281894122807,0,200,1,0.85,1.3509198754385965
2021-22,13,10,1.3075074698353157,1,184,1,0.85,1.538244082159195
2021-22,13,11,0.9175458817567568,1,229,1,0.85,1.0794657432432433
2021-22,13,12,0.6499479819482452,0,256,1,1,0.6499479819482452
2021-22,13,13,1.675701929019608,0,270,1,1.2,1.3964182741830067
2021-22,13,15,1.5842226883333332,1,314,1,1,1.5842226883333332
2021-22,13,16,1.8525415719999998,0,334,1,1.4,1.32324398
2021-22,13,18,1.5770270700657132,0,387,1,1,1.5770270700657132
2021-22,13,19,1.6725709679999998,0,408,1,1.4,1.1946935485714285
2021-22,13,20,0.8990676904475898,1,439,1,0.85,1.0577266946442234
2021-22,14,1,1.304161814087851,0,67,1,1.2,1.086801511739876
2021-22,14,2,1.9045199513430258,0,44,1,1.4,1.360371393816447
2021-22,14,3,1.382003643499134,0,76,1,1.2,1.151669702915945
2021-22,14,4,1.0728701333723119,0,59,1,1,1.0728701333723119
2021-22,14,6,0.6594653756578946,0,127,1,0.85,0.7758416184210526
2021-22,14,7,0.9855498205276705,0,146,1,0.85,1.159470377091377
2021-22,14,8,1.4835305724609282,0,169,1,1.2,1.2362754770507736
2021-22,14,9,1.3909416432748538,0,200,1,1,1.3909416432748538
2021-22,14,10,1.3185630522241103,1,184,1,0.85,1.551250649675424
2021-22,14,11,0.9132093945302447,0,229,1,0.85,1.0743639935649938
2021-22,14,12,0.5323975832073985,0,256,1,0.85,0.6263500978910571
2021-22,14,13,1.719028027637722,0,270,1,1.2,1.4325233563647684
2021-22,14,15,1.5219938578811372,0,314,1,1,1.5219938578811372
2021-22,14,16,1.1854626028571429,0,334,1,0.85,1.3946618857142858
2021-22,14,17,1.1897427430263159,1,353,1,0.85,1.3996973447368422
2021-22,14,18,1.9328202353812625,0,387,1,1.2,1.6106835294843855
2021-22,14,19,1.0700033131292517,0,408,1,0.85,1.2588274272108844
2021-22,14,20,0.9084904385215141,1,439,1,0.85,1.068812280613546
2021-22,15,1,0.9500594382299499,0,67,1,0.85,1.1177169861528822
2021-22,15,2,1.1397831737266808,0,44,1,0.85,1.3409213808549185
2021-22,15,3,1.003653537353169,0,76,1,0.85,1.1807688674743164
2021-22,15,6,0.7822783032581454,0,127,1,1,0.7822783032581454
2021-22,15,7,1.4274869955773954,0,146,1,1.2,1.1895724963144962
2021-22,15,8,1.5594506737127038,0,169,1,1.2,1.29954222809392
2021-22,15,9,1.1985260219298244,0,200,1,0.85,1.4100306140350876
2021-22,15,11,1.046921402948403,1,229,1,1,1.046921402948403
2021-22,15,12,0.5356246582004509,0,256,1,0.85,0.6301466567064129
2021-22,15,13,1.2047413755050507,1,270,1,0.85,1.4173427947118242
2021-22,15,15,1.7983459240026163,0,314,1,1.2,1.4986216033355135
2021-22,15,16,1.1835418390909092,0,334,1,0.85,1.3924021636363637
2021-22,15,17,1.1414734957393486,1,353,1,0.85,1.342909994987469
2021-22,15,18,2.192450030289501,0,387,1,1.4,1.5660357359210724
2021-22,15,19,1.505105452987013,0,408,1,1.2,1.2542545441558441
2021-22,15,20,1.2307144305209712,0,439,1,1.2,1.025595358767476
2021-22,16,1,0.944899048314238,1,67,1,0.85,1.1116459391932212
2021-22,16,2,1.850397532813194,0,44,1,1.4,1.3217125234379958
2021-22,16,3,1.0100486146290364,0,76,1,0.85,1.1882924877988663
2021-22,16,5,1.4787543863636363,1,112,1,1,1.4787543863636363
2021-22,16,6,0.7063215778708133,0,127,1,0.85,0.8309665622009569
2021-22,16,7,0.9967257035252642,0,146,1,0.85,1.172618474735605
2021-22,16,8,1.0924801658850567,0,169,1,0.85,1.2852707833941843
2021-22,16,9,1.209166779672006,1,200,1,0.85,1.4225491525553011
2021-22,16,10,1.7925224377639752,0,199,1,1.2,1.493768698136646
2021-22,16,11,0.8544237645710928,1,229,1,0.85,1.005204428907168
2021-22,16,12,0.6305027339530939,1,256,1,1,0.6305027339530939
2021-22,16,13,1.1700368439613527,1,270,1,0.85,1.3765139340721797
2021-22,16,15,1.51327692121389,0,314,1,1,1.51327692121389
2021-22,16,18,1.4161615643791468,0,387,1,0.85,1.666072428681349
2021-22,16,19,1.0662952119875775,1,408,1,0.85,1.254464955279503
2021-22,16,20,1.5101344021755765,0,439,1,1.4,1.0786674301254118
2021-22,17,1,1.0820890328662567,1,67,1,1,1.0820890328662567
2021-22,17,2,1.1652102400958815,1,44,1,0.85,1.37083557658339
2021-22,17,6,0.734384381006865,0,127,1,0.85,0.8639816247139588
2021-22,17,8,1.574464500903312,0,169,1,1.2,1.31205375075276
2021-22,17,10,2.151433845,0,199,1,1.4,1.5367384607142858
2021-22,17,14,2.319969585347944,1,39,1,1.4,1.6571211323913886
2021-22,17,15,1.3012372351265824,0,314,1,0.85,1.5308673354430382
2021-22,17,16,1.1880093149734199,0,491,1,0.85,1.3976580176157882
2021-22,17,19,1.4641777485714285,0,408,1,1.2,1.2201481238095238
2021-22,17,20,0.9769123982896581,1,439,1,0.85,1.1493087038701861
2021-22,18,1,0.8912904767216955,0,67,1,0.85,1.0485770314372889
2021-22,18,6,0.8520041820175438,1,127,1,1,0.8520041820175438
2021-22,18,10,1.9303661307428572,0,199,1,1.2,1.6086384422857145
2021-22,18,12,0.6317134027777778,1,257,1,1,0.6317134027777778
2021-22,18,17,1.5938435397129187,0,353,1,1.2,1.3282029497607657
2021-22,18,20,1.3752826028584544,1,439,1,1.2,1.1460688357153788
2021-22,19,1,0.8969107818582914,1,67,1,0.85,1.0551891551274017
2021-22,19,2,1.6014162726116643,0,44,1,1.2,1.3345135605097203
2021-22,19,3,0.9890346860017921,0,76,1,0.85,1.1635702188256378
2021-22,19,4,0.9156838553945249,1,69,1,0.85,1.0772751239935587
2021-22,19,6,0.7052738785263157,0,127,1,0.85,0.8297339747368421
2021-22,19,9,1.9402575796783623,0,200,1,1.4,1.3858982711988304
2021-22,19,12,0.5209197686666667,0,257,1,0.85,0.6128467866666667
2021-22,19,13,1.3570127284858389,0,270,1,1,1.3570127284858389
2021-22,19,16,1.4029347940730277,0,491,1,1,1.4029347940730277
2021-22,19,17,1.1325750678489703,1,353,1,0.85,1.3324412562929062
2021-22,19,19,1.0843398650285714,0,408,1,0.85,1.2756939588571428
2021-22,20,3,1.614782235876138,0,76,1,1.4,1.15341588276867
2021-22,20,4,1.2895529925925926,0,69,1,1.2,1.0746274938271605
2021-22,20,6,0.6915427505060728,0,127,1,0.85,0.8135797064777328
2021-22,20,7,1.0296595330014224,1,162,1,0.85,1.2113641564722617
2021-22,20,9,1.7686886164210522,1,200,1,1.2,1.473907180350877
2021-22,20,11,0.9802200779797979,0,231,1,1,0.9802200779797979
2021-22,20,12,0.5743995198717948,1,257,1,0.85,0.675764141025641
2021-22,20,13,1.1475030764444445,0,270,1,0.85,1.3500036193464053
2021-22,20,17,1.2837491206140352,0,353,1,1,1.2837491206140352
2021-22,20,19,1.0833747567582415,0,408,1,0.85,1.2745585373626371
2021-22,21,1,1.4261081924912276,0,67,1,1.4,1.0186487089223055
2021-22,21,2,1.1759646597182412,0,44,1,0.85,1.3834878349626367
2021-22,21,4,0.9007436689629629,0,69,1,0.85,1.059698434074074
2021-22,21,5,1.2761641653917912,0,110,1,0.85,1.5013696063432838
2021-22,21,6,0.9722561941520467,0,127,1,1.2,0.8102134951267056
2021-22,21,7,1.1866236302093522,0,162,1,1,1.1866236302093522
2021-22,21,8,1.170691536614252,0,169,1,0.85,1.3772841607226496
2021-22,21,10,1.4256157845604396,0,199,1,0.85,1.6771950406593408
2021-22,21,12,0.7906348740740741,0,257,1,1.2,0.6588623950617284
2021-22,21,13,1.3153774416792359,0,270,1,1,1.3153774416792359
2021-22,21,15,1.5870097189986858,0,326,1,1,1.5870097189986858
2021-22,21,17,1.0585670804210527,1,353,1,0.85,1.245373035789474
2021-22,21,18,1.6718141009256855,0,387,1,1,1.6718141009256855
2021-22,21,20,1.3560526104408215,1,439,1,1.2,1.130043842034018
2021-22,22,2,1.3513271262404498,0,44,1,1,1.3513271262404498
2021-22,22,7,1.0443511946142237,0,162,1,0.85,1.228648464252028
2021-22,22,8,1.1510073948213961,0,169,1,0.85,1.3541263468487015
2021-22,22,9,1.5250617887989202,0,200,1,1,1.5250617887989202
2021-22,22,10,1.6244154835978837,0,199,1,1,1.6244154835978837
2021-22,22,11,0.8206579301975052,1,229,1,0.85,0.9654799178794179
2021-22,22,12,0.7953516714285715,1,257,1,1.2,0.6627930595238096
2021-22,22,16,1.440914003631181,0,351,1,1,1.440914003631181
2021-22,22,17,1.2081988421052632,0,353,1,1,1.2081988421052632
2021-22,22,19,1.0804641043349752,0,408,1,0.85,1.2711342403940886
2021-22,22,20,0.9471960799611777,0,439,1,0.85,1.1143483293660914
2021-22,23,1,0.8922865101768843,1,67,1,0.85,1.0497488355022169
2021-22,23,2,1.154320472543138,1,44,1,0.85,1.3580240853448682
2021-22,23,3,1.2309293104519272,0,76,1,1,1.2309293104519272
2021-22,23,4,1.0425935125661374,0,69,1,1,1.0425935125661374
2021-22,23,6,0.8553189122807017,1,127,1,1,0.8553189122807017
2021-22,23,7,1.4778320201784736,0,162,1,1.2,1.2315266834820613
2021-22,23,9,1.3725389641650418,0,200,1,0.85,1.6147517225471082
2021-22,23,10,1.3971179838775512,0,199,1,0.85,1.6436682163265308
2021-22,23,11,0.8258041475975976,0,229,1,0.85,0.9715342912912913
2021-22,23,12,0.6590217643678161,0,257,1,1,0.6590217643678161
2021-22,23,13,1.3027793959882803,1,270,1,1,1.3027793959882803
2021-22,23,15,1.344911976728663,1,326,1,0.85,1.5822493843866625
2021-22,23,16,2.056104294323666,0,351,1,1.4,1.4686459245169043
2021-22,23,17,1.4757759064327485,0,353,1,1.2,1.2298132553606238
2021-22,23,20,0.9392316610339929,0,439,1,0.85,1.104978424745874
2021-22,24,1,1.0305392860391718,1,67,1,1,1.0305392860391718
2021-22,24,2,1.14782151032606,0,44,1,0.85,1.3503782474424237
2021-22,24,3,1.6703579717926476,0,76,1,1.4,1.1931128369947483
2021-22,24,5,1.5177692457264957,0,98,1,1,1.5177692457264957
2021-22,24,7,1.050920587951065,0,162,1,0.85,1.2363771622953705
2021-22,24,8,1.3380523340024533,0,169,1,1,1.3380523340024533
2021-22,24,9,2.234275775438596,0,200,1,1.4,1.5959112681704257
2021-22,24,10,1.3807038620197045,0,199,1,0.85,1.6243574847290643
2021-22,24,11,0.8416640155405406,1,229,1,0.85,0.9901929594594595
2021-22,24,12,0.5733890097222222,1,257,1,0.85,0.6745753055555556
2021-22,24,13,1.0766463653703704,0,270,1,0.85,1.266642782788671
2021-22,24,14,1.481520506399254,0,299,1,0.85,1.7429653016461812
2021-22,24,15,1.324863690200091,0,326,1,0.85,1.5586631649412834
2021-22,24,16,1.7637456973426073,0,351,1,1.2,1.4697880811188395
2021-22,24,17,1.0371776164473685,0,353,1,0.85,1.220208960526316
2021-22,24,18,1.5972408727715022,0,379,1,1,1.5972408727715022
2021-22,24,19,1.1052945525238096,1,408,1,0.85,1.3003465323809524
2021-22,24,20,1.3084804921193576,0,439,1,1.2,1.0904004100994646
2021-22,25,2,1.3836625738420443,0,44,1,1,1.3836625738420443
2021-22,25,3,1.0308868031105416,1,76,1,0.85,1.2128080036594606
2021-22,25,5,1.8290184172839503,0,98,1,1.2,1.524182014403292
2021-22,25,7,1.0244011611565318,1,162,1,0.85,1.2051778366547434
2021-22,25,8,1.1731996594770107,1,169,1,0.85,1.3802348935023656
2021-22,25,9,1.6279032589231697,0,200,1,1,1.6279032589231697
2021-22,25,10,1.3742443016190478,0,199,1,0.85,1.616758001904762
2021-22,25,11,0.8273156063839702,1,229,1,0.85,0.9733124780987884
2021-22,25,12,0.5665131594086021,1,257,1,0.85,0.6664860698924732
2021-22,25,16,1.7691813906551948,0,351,1,1.2,1.4743178255459957
2021-22,25,17,1.2330580998185119,0,353,1,1,1.2330580998185119
2021-22,25,18,1.3353267988495625,0,379,1,0.85,1.570972704528897
2021-22,25,19,1.2683419668202764,0,408,1,1,1.2683419668202764
2021-22,25,20,1.3230743957153788,1,439,1,1.2,1.1025619964294824
2021-22,26,3,1.429616428438987,0,76,1,1.2,1.191347023699156
2021-22,26,4,0.9376531201314219,0,69,1,0.85,1.1031213178016728
2021-22,26,6,0.7118519504244483,1,127,1,0.85,0.837472882852292
2021-22,26,8,1.34032834545056,0,169,1,1,1.34032834545056
2021-22,26,9,1.5964567836257308,0,200,1,1,1.5964567836257308
2021-22,26,12,0.6559007552083334,0,257,1,1,0.6559007552083334
2021-22,26,13,1.0534135897306398,0,270,1,0.85,1.2393101055654587
2021-22,26,15,2.2699311659914505,0,326,1,1.4,1.6213794042796075
2021-22,26,16,1.2868407635599797,1,351,1,0.85,1.5139303100705643
2021-22,26,19,1.0787343086160714,0,408,1,0.85,1.2690991866071428
2021-22,27,2,1.1565188414435934,1,44,1,0.85,1.3606104016983451
2021-22,27,3,1.0301161961045218,0,76,1,0.85,1.2119014071817904
2021-22,27,4,0.9381792616898147,0,69,1,0.85,1.1037403078703703
2021-22,27,7,1.0459282884878123,0,162,1,0.85,1.230503868809191
2021-22,27,8,1.9308920875097575,0,169,1,1.4,1.3792086339355412
2021-22,27,9,1.3331417962082623,1,200,1,0.85,1.568402113186191
2021-22,27,10,1.7328470320346319,0,199,1,1,1.7328470320346319
2021-22,27,12,0.57249661489899,1,257,1,0.85,0.6735254292929294
2021-22,27,13,1.0440931620915035,1,270,1,0.85,1.2283448965782393
2021-22,27,14,1.3454512052869891,1,39,1,0.85,1.5828837709258696
2021-22,27,15,1.6938962222145875,0,326,1,1,1.6938962222145875
2021-22,27,16,1.2503968238536385,1,351,1,0.85,1.4710550868866337
2021-22,27,17,1.0842812206414474,1,353,1,0.85,1.2756249654605263
2021-22,27,18,1.8245149445611129,1,379,1,1.2,1.5204291204675942
2021-22,27,19,1.2566541506493507,1,408,1,1,1.2566541506493507
2021-22,27,20,1.1256542694813476,0,439,1,1,1.1256542694813476
2021-22,28,1,0.8423273254866331,0,67,1,0.85,0.9909733241019214
2021-22,28,3,1.0516433757090056,0,76,1,0.85,1.2372275008341242
2021-22,28,4,1.106560692480359,0,69,1,1,1.106560692480359
2021-22,28,5,1.8268832860215054,0,98,1,1.2,1.5224027383512546
2021-22,28,7,1.2123370817372943,1,162,1,1,1.2123370817372943
2021-22,28,9,1.3073251947642541,1,200,1,0.85,1.5380296408991225
2021-22,28,11,0.961697714527027,1,229,1,1,0.961697714527027
2021-22,28,12,0.6745442696078432,0,257,1,1,0.6745442696078432
2021-22,28,13,1.6866252993464048,0,270,1,1.4,1.2047323566760035
2021-22,28,17,1.0962937563795854,1,353,1,0.85,1.289757360446571
2021-22,28,19,1.7413158811764706,0,408,1,1.4,1.2437970579831934
2021-22,29,2,1.3321775216022544,0,44,1,1,1.3321775216022544
2021-22,29,3,1.0420848896153345,1,76,1,0.85,1.2259822230768642
2021-22,29,5,1.307505896267361,0,98,1,0.85,1.5382422309027777
2021-22,29,6,0.7062704765350877,1,127,1,0.85,0.8309064429824561
2021-22,29,7,1.6905013708547127,1,162,1,1.4,1.2075009791819378
2021-22,29,9,1.828851200318979,0,200,1,1.2,1.5240426669324825
2021-22,29,10,1.4598640694047615,0,199,1,0.85,1.7174871404761902
2021-22,29,12,0.5650528283333334,1,257,1,0.85,0.6647680333333333
2021-22,29,13,1.248466096768337,0,270,1,1,1.248466096768337
2021-22,29,16,1.2252734185881875,0,351,1,0.85,1.4414981395155146
2021-22,29,19,1.0763380721632654,0,408,1,0.85,1.2662800848979592
2021-22,29,20,1.064467875112751,1,475,1,0.85,1.2523151471914717
2021-22,30,1,0.8446391330181514,1,67,1,0.85,0.9936930976684134
2021-22,30,2,1.602791632011838,0,44,1,1.2,1.3356596933431983
2021-22,30,3,1.2117617904385536,0,76,1,1,1.2117617904385536
2021-22,30,9,1.297195112719298,0,200,1,0.85,1.5261118973168213
2021-22,30,17,1.234989427631579,0,353,1,1,1.234989427631579
2021-22,30,19,1.5098012323809524,0,408,1,1.2,1.2581676936507937
2021-22,30,20,1.046140119242482,0,475,1,0.85,1.2307530814617436
2021-22,31,1,0.826902530576441,0,67,1,0.85,0.9728265065605189
2021-22,31,2,1.3278967294244615,0,44,1,1,1.3278967294244615
2021-22,31,3,1.4532382227879719,0,76,1,1.2,1.21103185232331
2021-22,31,4,0.9726871784465021,1,69,1,0.85,1.1443378569958849
2021-22,31,6,0.6970721404605263,0,127,1,0.85,0.820084871130031
2021-22,31,7,1.471019159435173,1,162,1,1.2,1.2258492995293109
2021-22,31,9,1.833426291729323,0,200,1,1.2,1.5278552431077692
2021-22,31,10,1.442345351823708,0,199,1,0.85,1.69687688449848
2021-22,31,11,0.834885151003861,1,229,1,0.85,0.9822178247104247
2021-22,31,12,0.559638917824074,1,257,1,0.85,0.6583987268518519
2021-22,31,13,1.0713960766516517,0,270,1,0.85,1.260465972531355
2021-22,31,14,1.7828608996885442,0,39,1,1.2,1.4857174164071203
2021-22,31,16,1.2189550299331935,0,351,1,0.85,1.4340647410978746
2021-22,31,17,1.0351811009601706,0,353,1,0.85,1.2178601187766713
2021-22,31,19,1.0943860723166023,0,408,1,0.85,1.2875130262548264
2021-22,31,20,1.0779007485986216,0,475,1,0.85,1.2681185277630842
2021-22,32,1,0.8344479197028284,0,67,1,0.85,0.981703434944504
2021-22,32,2,1.3374423599698564,0,44,1,1,1.3374423599698564
2021-22,32,4,1.350814503303303,0,69,1,1.2,1.1256787527527525
2021-22,32,5,1.3062472237301588,0,98,1,0.85,1.5367614396825398
2021-22,32,6,0.8608923319548872,1,127,1,1,0.8608923319548872
2021-22,32,8,1.412806280837762,1,170,1,1,1.412806280837762
2021-22,32,9,1.2827113300682256,0,200,1,0.85,1.509072153021442
2021-22,32,10,1.44673276369356,1,199,1,0.85,1.7020385455218354
2021-22,32,11,1.3638217780780781,0,229,1,1.4,0.9741584129129129
2021-22,32,12,0.8030951567567566,0,257,1,1.2,0.6692459639639639
2021-22,32,13,1.0653212614766083,0,270,1,0.85,1.2533191311489509
2021-22,32,14,1.5430560867391856,1,39,1,1,1.5430560867391856
2021-22,32,16,1.719254544906605,0,351,1,1.2,1.4327121207555042
2021-22,32,17,1.0189986417243768,1,353,1,0.85,1.1988219314404434
2021-22,32,19,1.0961404493609022,0,408,1,0.85,1.2895769992481203
2021-22,32,20,1.2814797443744248,0,475,1,1,1.2814797443744248
2021-22,33,3,1.0289309135992128,0,76,1,0.85,1.2105069571755447
2021-22,33,7,1.2150653437098842,0,162,1,1,1.2150653437098842
2021-22,33,8,1.1840644931923172,0,170,1,0.85,1.3930170508144908
2021-22,33,11,0.9812630504017532,1,229,1,1,0.9812630504017532
2021-22,33,12,0.5806010149122807,1,257,1,0.85,0.6830600175438596
2021-22,33,17,1.0226476714237516,0,353,1,0.85,1.2031149075573548
2021-22,33,19,1.1051844275824174,0,408,1,0.85,1.3002169736263736
2021-22,34,1,0.9615573479752011,0,67,1,1,0.9615573479752011
2021-22,34,2,1.32629616083594,1,44,1,1,1.32629616083594
2021-22,34,3,1.2192680186508604,1,76,1,1,1.2192680186508604
2021-22,34,4,0.9732036506018517,0,69,1,0.85,1.144945471296296
2021-22,34,5,1.5528064839181288,1,98,1,1,1.5528064839181288
2021-22,34,8,1.9209709448932522,0,170,1,1.4,1.3721221034951803
2021-22,34,9,1.2910964828834903,1,200,1,0.85,1.5189370386864594
2021-22,34,10,1.4313826105699854,1,199,1,0.85,1.6839795418470418
2021-22,34,11,0.8303893450035562,1,229,1,0.85,0.9769286411806544
2021-22,34,12,0.5740085779914529,0,257,1,0.85,0.6753042094017093
2021-22,34,14,1.2305010914593988,1,39,1,0.85,1.4476483428934104
2021-22,34,16,1.2895259971075301,0,351,1,0.85,1.5170894083618003
2021-22,34,17,1.0051688790131577,1,353,1,0.85,1.182551622368421
2021-22,34,19,1.5810558141428572,0,408,1,1.2,1.3175465117857144
2021-22,34,20,1.0892195264566493,0,475,1,0.85,1.2814347370078227
2021-22,35,2,1.1034830880448336,1,44,1,0.85,1.2982153976998043
2021-22,35,3,1.4412004304379435,0,76,1,1.2,1.2010003586982863
2021-22,35,4,1.1377867037037035,1,69,1,1,1.1377867037037035
2021-22,35,5,1.297914155911681,0,98,1,0.85,1.5269578304843305
2021-22,35,6,0.7223565939367,0,127,1,0.85,0.849831286984353
2021-22,35,7,1.1166258867689973,0,477,1,1,1.1166258867689973
2021-22,35,8,1.6536386472417368,1,170,1,1.2,1.3780322060347807
2021-22,35,9,1.7935270352631576,0,200,1,1.2,1.494605862719298
2021-22,35,10,2.350802477832512,0,199,1,1.4,1.6791446270232229
2021-22,35,11,0.9618899067914068,1,229,1,1,0.9618899067914068
2021-22,35,12,0.5679813085416666,1,257,1,0.85,0.6682133041666666
2021-22,35,13,1.112055217118863,1,270,1,0.85,1.3083002554339564
2021-22,35,14,1.7089849860828974,0,39,1,1.2,1.4241541550690813
2021-22,35,15,1.4383010757540677,0,319,1,0.85,1.6921189126518446
2021-22,35,16,1.3099098731988907,0,351,1,0.85,1.5410704390575185
2021-22,35,17,1.0065956844030808,0,353,1,0.85,1.184230216944801
2021-22,35,19,1.6072980137979092,0,408,1,1.2,1.3394150114982577
2021-22,35,20,1.0864361802231646,0,475,1,0.85,1.2781602120272524
2021-22,36,3,1.03007660618523,1,76,1,0.85,1.211854830806153
2021-22,36,4,1.1222555917107582,1,69,1,1,1.1222555917107582
2021-22,36,13,1.098875131502525,0,270,1,0.85,1.2927942723559118
2021-22,36,14,2.035149122866451,0,39,1,1.4,1.4536779449046078
2021-22,36,16,1.291051931343322,0,351,1,0.85,1.5188846251097907
2021-22,36,19,1.1293298023979592,1,408,1,0.85,1.3286232969387757
2021-22,37,3,1.0260587283969191,0,76,1,0.85,1.2071279157610815
2021-22,37,4,0.948651985443583,0,69,1,0.85,1.1160611593453917
2021-22,37,6,0.7222823068914475,0,127,1,0.85,0.8497438904605265
2021-22,37,10,1.440380763843381,0,199,1,0.85,1.6945656045216249
2021-22,37,12,0.688974492248062,0,257,1,1,0.688974492248062
2021-22,37,14,1.8155382163687603,1,39,1,1.2,1.5129485136406338
2021-22,37,15,1.7460668471788003,0,319,1,1,1.7460668471788003
2021-22,37,16,1.8803831167760505,0,351,1,1.2,1.5669859306467089
2021-22,37,17,0.996544363875598,1,353,1,0.85,1.1724051339712918
2021-22,37,18,1.300864159156913,0,379,1,0.85,1.5304284225375446
2021-22,37,19,1.8473887525581394,0,408,1,1.4,1.3195633946843854
2021-22,38,1,0.8192626985338876,0,23,1,0.85,0.9638384688633972
2021-22,38,2,1.7814811381246536,0,44,1,1.4,1.2724865272318955
2021-22,38,3,1.0340243700853118,0,76,1,0.85,1.2164992589238963
2021-22,38,4,1.1371086557239054,0,69,1,1,1.1371086557239054
2021-22,38,5,1.2247746069767442,0,112,1,0.85,1.4409113023255815
2021-22,38,9,1.262079633124003,0,200,1,0.85,1.48479956838118
2021-22,38,10,1.4480258733984623,0,199,1,0.85,1.7035598510570145
2021-22,38,11,0.960091452313836,0,231,1,1,0.960091452313836
2021-22,38,12,0.5902228100378787,0,257,1,0.85,0.6943797765151514
2021-22,38,13,1.130439498580247,0,270,1,0.85,1.329928821859114
2021-22,38,14,1.2628436816692292,0,39,1,0.85,1.4856984490226226
2021-22,38,15,1.725102028071538,0,319,1,1,1.725102028071538
2021-22,38,16,1.5552270987227421,0,351,1,1,1.5552270987227421
2021-22,38,17,0.9940176607894736,1,353,1,0.85,1.1694325421052632
2021-22,38,19,1.1344792358116882,0,408,1,0.85,1.3346814538961038
2021-22,38,20,1.8972781411064537,0,429,1,1.4,1.3551986722188956
2022-23,8,1,0.9065323655462183,1,15,1,1,0.9065323655462183
2022-23,8,2,1.2415070384920632,1,31,1,0.85,1.4605965158730156
2022-23,8,3,2.0017555630936483,0,71,1,1.2,1.6681296359113735
2022-23,8,4,1.4083100428571427,0,81,1,1.2,1.1735917023809523
2022-23,8,9,1.39419861702092,0,209,1,0.85,1.6402336670834352
2022-23,8,10,1.9261979471449795,0,249,1,1.2,1.6051649559541497
2022-23,8,13,0.5898378334942085,1,307,1,0.85,0.6939268629343629
2022-23,8,15,1.1355107565101563,0,357,1,0.85,1.3358950076590075
2022-23,8,17,1.3317086250244432,0,409,1,0.85,1.5667160294405214
2022-23,8,18,1.0698616428571426,0,425,1,1,1.0698616428571426
2022-23,8,19,1.106470206362574,0,461,1,0.85,1.3017296545442048
2022-23,8,20,1.8401891972602735,0,478,1,1.4,1.3144208551859098
2022-23,9,1,0.8810976078431371,0,15,1,1,0.8810976078431371
2022-23,9,2,1.1707644559259258,1,31,1,0.85,1.377369948148148
2022-23,9,3,1.6368723068041526,1,71,1,1,1.6368723068041526
2022-23,9,4,1.003769693888889,1,81,1,0.85,1.1809055222222222
2022-23,9,5,1.2941349838654153,0,106,1,1.2,1.0784458198878462
2022-23,9,6,1.0168932843107912,0,128,1,0.85,1.1963450403656368
2022-23,9,7,1.4600160992736078,0,152,1,1,1.4600160992736078
2022-23,9,9,1.6036849847587917,0,209,1,1,1.6036849847587917
2022-23,9,10,1.3828349317236253,1,249,1,0.85,1.6268646255572063
2022-23,9,12,1.0331922394957984,0,280,1,1,1.0331922394957984
2022-23,9,13,0.6678184720720721,0,307,1,1,0.6678184720720721
2022-23,9,14,1.9116169210526315,0,327,1,1.4,1.365440657894737
2022-23,9,16,1.6190153847587916,0,385,1,1,1.6190153847587916
2022-23,9,17,1.3144749300228136,0,409,1,0.85,1.5464410941444866
2022-23,9,18,1.3222384799999995,0,425,1,1.2,1.1018653999999997
2022-23,9,19,1.0546135959384024,1,461,1,0.85,1.2407218775745912
2022-23,9,20,1.3199020648401825,0,478,1,1,1.3199020648401825
2022-23,10,1,1.1007861838235293,0,15,1,1.2,0.9173218198529411
2022-23,10,2,1.1130126961805555,0,31,1,0.85,1.309426701388889
2022-23,10,3,1.615139202069153,0,71,1,1,1.615139202069153
2022-23,10,4,1.3837887624999998,0,81,1,1.2,1.1531573020833332
2022-23,10,5,1.15132749856199,0,106,1,1,1.15132749856199
2022-23,10,7,1.2305137420903955,0,152,1,0.85,1.4476632259887006
2022-23,10,8,1.4973105577108825,0,199,1,1,1.4973105577108825
2022-23,10,9,1.839389107056221,0,209,1,1,1.839389107056221
2022-23,10,10,1.3594955984908987,0,249,1,0.85,1.599406586459881
2022-23,10,11,1.2667760862001696,0,230,1,0.85,1.4903248072943172
2022-23,10,12,1.221018908235294,0,280,1,1.2,1.017515756862745
2022-23,10,13,0.6237660761824324,1,307,1,0.85,0.7338424425675676
2022-23,10,14,1.2510461052631578,0,327,1,0.85,1.4718189473684211
2022-23,10,15,1.4007150069444445,0,376,1,1,1.4007150069444445
2022-23,10,16,1.3693475409977878,0,385,1,0.85,1.610997107056221
2022-23,10,18,1.2777539375,1,425,1,1,1.2777539375
2022-23,10,19,1.0184441899422523,0,461,1,0.85,1.1981696352261793
2022-23,10,20,1.5607944729452052,0,478,1,1.2,1.300662060787671
2022-23,11,1,0.7710893058823529,1,15,1,0.85,0.9071638892733563
2022-23,11,2,1.245057954248366,0,31,1,1,1.245057954248366
2022-23,11,3,1.3449891226922421,0,71,1,0.85,1.5823401443438143
2022-23,11,4,1.2252729313725488,1,81,1,1,1.2252729313725488
2022-23,11,5,1.1262488424018655,0,106,1,1,1.1262488424018655
2022-23,11,6,0.9882018153567386,1,128,1,0.85,1.1625903710079277
2022-23,11,7,1.4241168368644068,1,152,1,1,1.4241168368644068
2022-23,11,8,1.8163792181205258,0,199,1,1.2,1.5136493484337716
2022-23,11,11,1.7970472582061068,0,230,1,1.2,1.4975393818384224
2022-23,11,12,1.588981568382353,1,280,1,1.4,1.1349868345588237
2022-23,11,13,0.8358402410174881,0,307,1,1.2,0.6965335341812401
2022-23,11,14,1.4020563881578947,1,327,1,1,1.4020563881578947
2022-23,11,15,1.659838666666667,1,376,1,1.2,1.383198888888889
2022-23,11,16,1.3163687419705228,0,385,1,0.85,1.5486691082006152
2022-23,11,17,1.274173237470464,0,422,1,0.85,1.499027338200546
2022-23,11,18,1.0601707999999999,1,425,1,0.85,1.2472597647058823
2022-23,11,20,1.1577744486301367,1,478,1,0.85,1.3620875866236903
2022-23,12,2,1.0562593577160495,0,31,1,0.85,1.2426580679012347
2022-23,12,3,1.342332653459305,0,71,1,0.85,1.5792148864227118
2022-23,12,4,1.2676940462962962,1,81,1,1,1.2676940462962962
2022-23,12,5,0.9936524739214924,1,106,1,0.85,1.1690029104958735
2022-23,12,7,1.1866041194915253,0,152,1,0.85,1.396004846460618
2022-23,12,8,1.8774334615582746,0,199,1,1.2,1.5645278846318955
2022-23,12,9,1.6278863027971184,1,201,1,0.85,1.9151603562319042
2022-23,12,10,1.4360166333333335,1,254,1,0.85,1.6894313333333335
2022-23,12,12,0.9522901176470588,1,280,1,0.85,1.1203413148788928
2022-23,12,14,1.3653654241486068,1,327,1,1,1.3653654241486068
2022-23,12,15,1.1754011608024693,1,376,1,0.85,1.3828248950617286
2022-23,12,16,1.5261714370536967,1,385,1,1,1.5261714370536967
2022-23,12,17,1.3161884650681595,1,422,1,0.85,1.5484570177272465
2022-23,12,18,1.4498532666666668,0,425,1,1.2,1.2082110555555556
2022-23,12,19,1.3091597991881483,0,455,1,1.2,1.090966499323457
2022-23,12,20,1.1507216875951294,0,478,1,0.85,1.3537902207001522
2022-23,13,1,0.8210799361111111,0,15,1,0.85,0.9659763954248366
2022-23,13,2,1.3261896959064328,1,31,1,1,1.3261896959064328
2022-23,13,3,1.5527785537780658,0,71,1,1,1.5527785537780658
2022-23,13,4,1.0440421083333333,0,81,1,0.85,1.2282848333333334
2022-23,13,5,1.5604245594334327,0,106,1,1.4,1.1145889710238805
2022-23,13,6,1.192309597819932,0,128,1,1,1.192309597819932
2022-23,13,7,1.1600582489642186,0,152,1,0.85,1.3647744105461395
2022-23,13,8,1.3091671334141053,1,199,1,0.85,1.5401966275460062
2022-23,13,9,1.551600603327485,0,201,1,0.85,1.8254124745029234
2022-23,13,10,1.4123872000000002,1,254,1,0.85,1.6616320000000002
2022-23,13,11,1.2322858813829785,0,238,1,0.85,1.4497480957446807
2022-23,13,12,1.0297953694444446,0,280,1,0.85,1.2115239640522877
2022-23,13,13,0.7658512822822824,0,307,1,1,0.7658512822822824
2022-23,13,14,1.5900886140350878,0,327,1,1.2,1.3250738450292399
2022-23,13,15,1.5757958596491228,0,376,1,1.2,1.313163216374269
2022-23,13,16,1.8507788252466595,1,385,1,1.2,1.5423156877055497
2022-23,13,17,1.8012807620282425,0,422,1,1.2,1.501067301690202
2022-23,13,18,1.2320912105263158,0,425,1,1,1.2320912105263158
2022-23,13,19,0.9781612287949357,1,455,1,0.85,1.1507779162293361
2022-23,13,20,1.3468041038211969,0,478,1,1,1.3468041038211969
2022-23,14,1,0.8049419526315789,1,15,1,0.85,0.9469905325077399
2022-23,14,3,1.6440517979869154,0,71,1,1,1.6440517979869154
2022-23,14,4,1.1091311629166667,0,81,1,0.85,1.3048601916666667
2022-23,14,5,1.151206288338413,0,106,1,1,1.151206288338413
2022-23,14,6,1.1639679744187597,0,128,1,1,1.1639679744187597
2022-23,14,7,1.1472261384924174,1,152,1,0.85,1.3496778099910793
2022-23,14,8,1.2683788792433999,1,199,1,0.85,1.4922104461687058
2022-23,14,9,1.562234641383072,1,201,1,0.85,1.8379231075094966
2022-23,14,10,2.32088185,0,254,1,1.4,1.6577727500000001
2022-23,14,11,1.800087582530795,0,238,1,1.2,1.5000729854423291
2022-23,14,12,1.102085410526316,0,280,1,0.85,1.2965710712074305
2022-23,14,13,0.7325452674253201,1,307,1,1,0.7325452674253201
2022-23,14,14,1.086219483102493,1,327,1,0.85,1.277905274238227
2022-23,14,15,1.1250375647222222,1,376,1,0.85,1.3235736055555556
2022-23,14,16,1.8931252307963766,0,385,1,1.2,1.5776043589969806
2022-23,14,17,1.3298604027239087,0,422,1,0.85,1.5645416502634222
2022-23,14,18,1.0757054725,0,425,1,0.85,1.26553585
2022-23,14,20,1.3275350986301369,0,478,1,1,1.3275350986301369
2022-23,15,1,1.1202323470588234,1,15,1,1.2,0.9335269558823529
2022-23,15,2,1.3556840370774264,0,31,1,1,1.3556840370774264
2022-23,15,3,1.4188275135547443,0,71,1,0.85,1.66920883947617
2022-23,15,4,1.079578759920635,0,81,1,0.85,1.2700926587301589
2022-23,15,5,0.9740314253332686,0,106,1,0.85,1.1459193239214924
2022-23,15,6,1.4071059710079277,0,128,1,1.2,1.1725883091732732
2022-23,15,7,1.3481969194915253,0,152,1,1,1.3481969194915253
2022-23,15,8,1.5029558534940055,0,199,1,1,1.5029558534940055
2022-23,15,9,2.5202643537236598,0,201,1,1.4,1.8001888240883286
2022-23,15,10,1.369698338095238,1,254,1,0.85,1.6114098095238096
2022-23,15,11,1.2903305457446805,0,238,1,0.85,1.5180359361702125
2022-23,15,12,1.5721486411764705,0,280,1,1.2,1.3101238676470588
2022-23,15,13,0.620184143445946,0,307,1,0.85,0.7296284040540542
2022-23,15,14,1.0718551514473684,0,327,1,0.85,1.2610060605263158
2022-23,15,15,1.0821194211640213,0,376,1,0.85,1.273081671957672
2022-23,15,16,1.7231204354786644,0,385,1,1,1.7231204354786644
2022-23,15,17,1.538063529978708,0,422,1,1,1.538063529978708
2022-23,15,18,1.4956250857142857,0,425,1,1.2,1.2463542380952382
2022-23,15,19,1.032912824453802,0,461,1,0.85,1.2151915581809434
2022-23,15,20,1.3250890463144163,0,478,1,1,1.3250890463144163
2022-23,16,1,0.7666821547619047,1,15,1,0.85,0.9019790056022409
2022-23,16,2,1.3157849397089398,0,31,1,1,1.3157849397089398
2022-23,16,4,1.7830193075757574,0,81,1,1.4,1.2735852196969697
2022-23,16,5,0.98039362174597,0,106,1,0.85,1.1534042608776118
2022-23,16,7,1.0970835610169491,0,152,1,0.85,1.2906865423728813
2022-23,16,8,1.3046173584030907,0,199,1,0.85,1.5348439510624596
2022-23,16,9,1.8231930143489576,0,201,1,1,1.8231930143489576
2022-23,16,10,1.5932459545454547,1,254,1,1,1.5932459545454547
2022-23,16,11,1.8214687841945283,0,238,1,1.2,1.5178906534954404
2022-23,16,12,1.1320796785714284,0,280,1,0.85,1.3318584453781512
2022-23,16,13,0.7339457657657659,0,307,1,1,0.7339457657657659
2022-23,16,14,1.043577794235589,0,327,1,0.85,1.2277385814536341
2022-23,16,15,1.2882181414141414,1,376,1,1,1.2882181414141414
2022-23,16,17,1.8373653922201005,0,422,1,1.2,1.531137826850084
2022-23,16,18,1.0662845477272727,0,425,1,0.85,1.254452409090909
2022-23,16,20,1.6162976712328767,0,478,1,1.2,1.3469147260273973
2022-23,17,1,0.7508729659090908,0,15,1,0.85,0.8833799598930481
2022-23,17,3,1.9168265585233528,0,57,1,1.2,1.5973554654361275
2022-23,17,4,1.2881162971014493,0,81,1,1,1.2881162971014493
2022-23,17,5,0.9932130025756987,0,106,1,0.85,1.168485885383175
2022-23,17,6,1.0461981950538743,1,128,1,0.85,1.2308214059457345
2022-23,17,7,1.089155899152542,0,152,1,0.85,1.281359881355932
2022-23,17,8,1.3404894297768695,0,199,1,0.85,1.5770463879727876
2022-23,17,9,1.5767717313410425,1,201,1,0.85,1.8550255662835795
2022-23,17,10,1.5848613478260871,0,254,1,1,1.5848613478260871
2022-23,17,11,2.1468556914893613,0,238,1,1.4,1.5334683510638296
2022-23,17,12,1.1213094659090908,0,280,1,0.85,1.3191876069518715
2022-23,17,13,0.6451909963144963,0,307,1,0.85,0.7590482309582309
2022-23,17,14,1.0469067581339713,1,327,1,0.85,1.231655009569378
2022-23,17,15,1.2450651787439615,1,376,1,1,1.2450651787439615
2022-23,17,17,1.5502898638371658,0,422,1,1,1.5502898638371658
2022-23,17,19,1.398280857430023,0,455,1,1.2,1.1652340478583525
2022-23,17,20,1.1619250163787966,0,478,1,0.85,1.3669706075044668
2022-23,18,1,0.8914677877237851,0,15,1,1,0.8914677877237851
2022-23,18,3,1.3676745185267865,0,57,1,0.85,1.6090288453256312
2022-23,18,4,1.2789697847222223,1,81,1,1,1.2789697847222223
2022-23,18,5,1.4410794510485139,0,106,1,1.2,1.2008995425404283
2022-23,18,6,1.017648971710885,0,128,1,0.85,1.1972340843657472
2022-23,18,7,1.1381025991893883,1,152,1,0.85,1.3389442343404567
2022-23,18,8,2.1574972371968233,0,199,1,1.4,1.5410694551405881
2022-23,18,9,1.5297848541882955,0,201,1,0.85,1.7997468872803477
2022-23,18,10,1.9176905500000003,0,254,1,1.2,1.5980754583333336
2022-23,18,11,1.9792488899167435,1,238,1,1.2,1.6493740749306196
2022-23,18,12,1.3183359718670076,0,280,1,1,1.3183359718670076
2022-23,18,13,0.6387809529964746,0,307,1,0.85,0.7515070035252643
2022-23,18,14,1.0278979860411899,1,327,1,0.85,1.2092917482837529
2022-23,18,15,1.032491426851852,1,376,1,0.85,1.2146957962962963
2022-23,18,16,1.679065812206369,0,398,1,1,1.679065812206369
2022-23,18,17,1.288414972026438,0,422,1,0.85,1.5157823200311036
2022-23,18,19,1.2063704023117128,0,455,1,1,1.2063704023117128
2022-23,18,20,1.382255165525114,0,478,1,1,1.382255165525114
2022-23,19,1,0.9020357965686274,1,15,1,1,0.9020357965686274
2022-23,19,2,1.1848852456868335,0,44,1,0.85,1.39398264198451
2022-23,19,4,1.532974792,0,81,1,1.2,1.2774789933333335
2022-23,19,5,1.0802115023610572,0,106,1,0.85,1.2708370616012439
2022-23,19,7,1.3064090579096044,0,152,1,1,1.3064090579096044
2022-23,19,8,1.5609906769349646,0,199,1,1,1.5609906769349646
2022-23,19,10,1.376262574,0,254,1,0.85,1.6191324400000002
2022-23,19,11,1.4146728402039004,0,238,1,0.85,1.664320988475177
2022-23,19,13,0.868518054054054,1,307,1,1.2,0.723765045045045
2022-23,19,14,1.0089255699561404,1,327,1,0.85,1.1869712587719299
2022-23,19,15,1.4221103573333334,1,376,1,1.2,1.1850919644444444
2022-23,19,16,1.3985614688605885,1,398,1,0.85,1.6453664339536336
2022-23,19,17,1.286629918106165,0,422,1,0.85,1.5136822565954882
2022-23,19,18,1.055691252083333,1,425,1,0.85,1.241989708333333
2022-23,19,19,1.0404445966187839,0,455,1,0.85,1.224052466610334
2022-23,19,20,1.195491815068493,0,478,1,0.85,1.4064609589041095
2022-23,20,1,1.0909900376470587,1,15,1,1.2,0.9091583647058823
2022-23,20,2,1.1664705614264343,0,44,1,0.85,1.372318307560511
2022-23,20,4,1.1103182157051283,1,81,1,0.85,1.3062567243589744
2022-23,20,5,1.5269562949646327,1,106,1,1.2,1.2724635791371939
2022-23,20,6,1.036313754636134,1,128,1,0.85,1.219192652513099
2022-23,20,8,1.3476608417256923,0,199,1,0.85,1.5854833432066968
2022-23,20,9,2.1211972620332693,0,201,1,1.2,1.7676643850277245
2022-23,20,10,1.3799459365384616,0,254,1,0.85,1.6234658076923079
2022-23,20,11,1.4064781265957447,0,238,1,0.85,1.6546801489361702
2022-23,20,12,1.3333009422222224,0,281,1,1,1.3333009422222224
2022-23,20,15,1.0056317017094016,1,376,1,0.85,1.1830961196581196
2022-23,20,16,1.5951475305267122,1,398,1,1,1.5951475305267122
2022-23,20,17,1.2817068355266397,0,422,1,0.85,1.507890394737223
2022-23,20,19,1.0491548233560475,0,455,1,0.85,1.2342997921835854
2022-23,20,20,1.2022211683350894,1,478,1,0.85,1.4143778451001052
2022-23,21,1,0.9334099660633484,0,15,1,1,0.9334099660633484
2022-23,21,2,1.1996615131724124,1,44,1,0.85,1.411366486085191
2022-23,21,3,1.3663240142478668,0,57,1,0.85,1.6074400167621963
2022-23,21,4,1.0840766151234569,1,81,1,0.85,1.27538425308642
2022-23,21,5,1.2621226722473018,0,106,1,1,1.2621226722473018
2022-23,21,6,1.4320615858372012,1,128,1,1.2,1.1933846548643343
2022-23,21,7,1.3512599033270558,1,152,1,1,1.3512599033270558
2022-23,21,8,1.5728469230879303,0,199,1,1,1.5728469230879303
2022-23,21,9,1.7811877417560187,0,201,1,1,1.7811877417560187
2022-23,21,10,1.6425670740740743,0,254,1,1,1.6425670740740743
2022-23,21,11,1.640134758592471,1,238,1,1,1.640134758592471
2022-23,21,12,1.3680970598290596,1,281,1,1,1.3680970598290596
2022-23,21,13,0.6412576636636635,1,307,1,0.85,0.7544207807807807
2022-23,21,14,1.3411826760233916,0,327,1,1.2,1.117652230019493
2022-23,21,15,1.0041868238683127,1,376,1,0.85,1.1813962633744854
2022-23,21,17,1.2785308739767398,0,422,1,0.85,1.5041539693843997
2022-23,21,18,1.0927931499999999,1,425,1,0.85,1.285639
2022-23,21,19,1.0360579511640355,1,455,1,0.85,1.2188917072518066
2022-23,21,20,1.9597627245053268,0,478,1,1.4,1.399830517503805
2022-23,22,1,0.7744526018518518,0,15,1,0.85,0.9111207080610022
2022-23,22,2,1.3741451880886315,0,44,1,1,1.3741451880886315
2022-23,22,3,1.6111898069984056,0,57,1,1,1.6111898069984056
2022-23,22,4,1.0605806645833336,1,81,1,0.85,1.2477419583333336
2022-23,22,5,1.0738802243209398,1,106,1,0.85,1.2633884992011055
2022-23,22,6,1.0212470483204443,1,128,1,0.85,1.201467115671111
2022-23,22,7,1.6239393167070217,0,152,1,1.2,1.3532827639225182
2022-23,22,8,1.9200285824303192,1,199,1,1.2,1.6000238186919327
2022-23,22,9,2.0980305652912508,1,201,1,1.2,1.7483588044093756
2022-23,22,10,1.3926403339285716,0,254,1,0.85,1.6384003928571431
2022-23,22,12,1.1698746304526748,0,281,1,0.85,1.3763230946502056
2022-23,22,13,0.9085011891891892,0,307,1,1.2,0.7570843243243244
2022-23,22,15,0.9773087230158729,0,376,1,0.85,1.1497749682539682
2022-23,22,17,1.4990159190949481,0,422,1,1,1.4990159190949481
2022-23,22,18,1.7945576499999998,1,425,1,1.4,1.2818268928571428
2022-23,22,19,1.43830440245965,0,455,1,1.2,1.1985870020497085
2022-23,22,20,1.7326938845401176,1,478,1,1.2,1.443911570450098
2022-23,23,2,1.96773547124639,0,44,1,1.4,1.4055253366045644
2022-23,23,4,1.4717286137931034,0,81,1,1.2,1.226440511494253
2022-23,23,5,1.0762059305951919,0,106,1,0.85,1.2661246242296376
2022-23,23,6,1.1817262818244747,0,128,1,1,1.1817262818244747
2022-23,23,7,1.3769626686148448,0,152,1,1,1.3769626686148448
2022-23,23,8,1.889406907174101,0,199,1,1.2,1.5745057559784177
2022-23,23,9,1.4801009291426979,1,201,1,0.85,1.7412952107561153
2022-23,23,10,1.6398348620689658,0,254,1,1,1.6398348620689658
2022-23,23,11,1.5652449559794568,0,238,1,1,1.5652449559794568
2022-23,23,12,1.1915398222222222,1,281,1,0.85,1.4018115555555555
2022-23,23,14,0.9941007892982457,1,327,1,0.85,1.1695303403508774
2022-23,23,15,0.9732118704980843,0,376,1,0.85,1.1449551417624522
2022-23,23,17,1.2928389519308625,0,422,1,0.85,1.520987002271603
2022-23,23,19,1.1849742053319803,0,455,1,1,1.1849742053319803
2022-23,23,20,1.240986047472839,0,478,1,0.85,1.4599835852621634
2022-23,24,1,0.8596406750000001,0,15,1,0.85,1.0113419705882354
2022-23,24,2,1.7773003745813984,0,44,1,1.2,1.4810836454844987
2022-23,24,3,1.3936068213545028,1,57,1,0.85,1.6395374368876503
2022-23,24,4,1.0553252869444445,0,81,1,0.85,1.2415591611111112
2022-23,24,5,1.0651815881608748,0,106,1,0.85,1.2531548096010292
2022-23,24,7,1.409730579661017,0,152,1,1,1.409730579661017
2022-23,24,8,1.3557688961622665,1,199,1,0.85,1.595022230779137
2022-23,24,9,1.7078683373309353,1,201,1,1,1.7078683373309353
2022-23,24,10,1.9534084400000005,0,254,1,1.2,1.6278403666666672
2022-23,24,11,1.3178429388297872,0,238,1,0.85,1.5504034574468084
2022-23,24,12,1.6357540781609192,1,281,1,1.2,1.3631283984674327
2022-23,24,13,0.673922803836094,0,307,1,0.85,0.7928503574542283
2022-23,24,14,1.1908358132427845,1,327,1,1,1.1908358132427845
2022-23,24,17,1.796904125862537,1,422,1,1.2,1.4974201048854474
2022-23,24,18,1.1040008267618895,1,430,1,0.85,1.298824502072811
2022-23,24,19,1.4205123498400059,0,455,1,1.2,1.1837602915333383
2022-23,24,20,1.231919845890411,0,478,1,0.85,1.4493174657534247
2022-23,25,2,1.3100418643083453,1,44,1,0.85,1.5412257227157005
2022-23,25,7,1.6692355118644064,1,152,1,1.2,1.3910295932203387
2022-23,25,9,1.4659783548401768,0,201,1,0.85,1.7246804174590316
2022-23,25,10,2.0541372,0,254,1,1.2,1.7117810000000002
2022-23,25,11,1.3170092956417294,1,238,1,0.85,1.549422700754976
2022-23,25,13,0.6788939662162161,0,307,1,0.85,0.7986987837837837
2022-23,25,17,1.2765432061123114,0,422,1,0.85,1.5018155366027193
2022-23,25,18,1.271770829096837,1,430,1,1,1.271770829096837
2022-23,26,1,0.830173340909091,0,15,1,0.85,0.9766745187165776
2022-23,26,2,1.3146828536010302,1,44,1,0.85,1.5466857101188591
2022-23,26,3,1.9812133723736767,0,57,1,1.2,1.6510111436447306
2022-23,26,4,1.0517180196236557,0,81,1,0.85,1.237315317204301
2022-23,26,5,1.0384588685555123,1,106,1,0.85,1.2217163159476616
2022-23,26,7,1.1693321806673727,0,152,1,0.85,1.375684918432203
2022-23,26,8,1.369805057117212,0,199,1,0.85,1.611535361314367
2022-23,26,9,1.694860065710268,0,201,1,1,1.694860065710268
2022-23,26,10,1.4265446671875002,0,254,1,0.85,1.6782878437500002
2022-23,26,11,1.815078889627659,0,238,1,1.2,1.5125657413563827
2022-23,26,12,1.3472101111111108,1,281,1,1,1.3472101111111108
2022-23,26,13,0.8154048812448812,1,307,1,1,0.8154048812448812
2022-23,26,14,1.4375966328947367,0,327,1,1.2,1.1979971940789473
2022-23,26,15,1.575246529232915,0,357,1,1.4,1.125176092309225
2022-23,26,17,1.4795757996063306,1,422,1,1,1.4795757996063306
2022-23,26,20,1.438470423412204,1,478,1,1,1.438470423412204
2022-23,27,1,0.8387564779411766,1,15,1,0.85,0.9867723269896196
2022-23,27,2,1.5035444448296191,0,44,1,1,1.5035444448296191
2022-23,27,8,1.5909019683345327,1,199,1,1,1.5909019683345327
2022-23,27,9,2.056847847107085,0,201,1,1.2,1.7140398725892374
2022-23,27,10,1.6692488181818186,0,254,1,1,1.6692488181818186
2022-23,27,11,1.512791021921341,0,238,1,1,1.512791021921341
2022-23,27,12,1.1330943946127947,0,281,1,0.85,1.333052228956229
2022-23,27,13,0.683459027027027,1,307,1,0.85,0.8040694435612082
2022-23,27,14,1.0556976872408292,1,327,1,0.85,1.241997279106858
2022-23,27,15,0.9622129182712406,0,357,1,0.85,1.1320151979661655
2022-23,27,18,1.0575775329391672,0,430,1,0.85,1.2442088622813732
2022-23,27,20,1.7226890813859792,0,478,1,1.2,1.435574234488316
2022-23,28,1,0.8351920071428572,0,15,1,0.85,0.9825788319327733
2022-23,28,2,1.2965167787704477,1,44,1,0.85,1.5253138573769973
2022-23,28,4,1.2151992598039216,0,81,1,1,1.2151992598039216
2022-23,28,8,1.9265371516585408,0,199,1,1.2,1.6054476263821174
2022-23,28,11,1.2888025930851064,0,238,1,0.85,1.5162383448060075
2022-23,28,15,0.9618978128052098,0,357,1,0.85,1.131644485653188
2022-23,28,17,1.4893696648546195,0,422,1,1,1.4893696648546195
2022-23,28,18,1.0661598408026225,0,430,1,0.85,1.254305695061909
2022-23,28,20,1.2334598679060664,0,478,1,0.85,1.4511292563600782
2022-23,29,1,0.8261588958333335,0,15,1,0.85,0.9719516421568629
2022-23,29,7,1.3362564581005587,0,167,1,1,1.3362564581005587
2022-23,29,8,1.6266851923159473,0,199,1,1,1.6266851923159473
2022-23,29,9,1.4752747526426082,0,201,1,0.85,1.7356173560501273
2022-23,29,13,0.9431438084942084,0,307,1,1.2,0.7859531737451737
2022-23,29,17,1.5123484351680359,0,422,1,1,1.5123484351680359
2022-23,29,18,1.095433593083105,0,430,1,0.85,1.2887454036271824
2022-23,29,20,1.2339054271308978,0,478,1,0.85,1.4516534436834092
2022-23,30,1,1.1601165119236885,0,15,1,1.2,0.9667637599364072
2022-23,30,2,1.263002072623164,1,44,1,0.85,1.4858847913213695
2022-23,30,3,1.7040310961210023,1,57,1,1,1.7040310961210023
2022-23,30,4,1.3031560765765764,0,81,1,1,1.3031560765765764
2022-23,30,5,1.4808510678318803,0,106,1,1.2,1.234042556526567
2022-23,30,6,0.8357643789473685,0,133,1,0.85,0.983252210526316
2022-23,30,7,1.1094619341247671,0,167,1,0.85,1.305249334264432
2022-23,30,8,1.9472648731905116,0,199,1,1.2,1.6227207276587596
2022-23,30,9,1.4906099512137292,0,201,1,0.85,1.753658766133799
2022-23,30,10,1.3220727045039762,0,258,1,0.85,1.555379652357619
2022-23,30,11,1.3464942747268545,0,238,1,0.85,1.5841109114433582
2022-23,30,12,1.6643574518518516,0,281,1,1.2,1.3869645432098763
2022-23,30,13,0.6572946366366366,0,307,1,0.85,0.7732878078078077
2022-23,30,14,1.0938062133040936,1,327,1,0.85,1.2868308391812866
2022-23,30,15,1.0828799763274737,0,357,1,1,1.0828799763274737
2022-23,30,17,2.1135443999327914,0,422,1,1.4,1.5096745713805655
2022-23,30,18,1.2768170358170505,0,430,1,1,1.2768170358170505
2022-23,30,19,1.0264063017925806,1,455,1,0.85,1.2075368256383303
2022-23,30,20,1.4464736208811548,1,478,1,1,1.4464736208811548
2022-23,31,1,1.0455331346749228,0,15,1,1,1.0455331346749228
2022-23,31,2,1.452402060671483,1,44,1,1,1.452402060671483
2022-23,31,4,1.104927858114035,0,81,1,0.85,1.2999151271929823
2022-23,31,5,1.467382982614328,0,106,1,1.2,1.2228191521786067
2022-23,31,6,0.9689046779661018,0,133,1,1,0.9689046779661018
2022-23,31,7,1.0999224223916655,1,167,1,0.85,1.2940263792843123
2022-23,31,8,1.4204096548649472,0,199,1,0.85,1.6710701821940555
2022-23,31,9,1.4761229409372565,0,201,1,0.85,1.7366152246320665
2022-23,31,10,2.203258752564243,0,258,1,1.4,1.5737562518316022
2022-23,31,11,1.9465927491601345,0,238,1,1.2,1.622160624300112
2022-23,31,12,1.1794490546546543,0,281,1,0.85,1.3875871231231227
2022-23,31,13,0.7618475967859751,0,307,1,1,0.7618475967859751
2022-23,31,14,1.0876763156472262,1,327,1,0.85,1.2796191948790898
2022-23,31,15,0.957076358066849,0,357,1,0.85,1.1259721859609988
2022-23,31,17,1.309246714366344,0,422,1,0.85,1.540290252195699
2022-23,31,18,1.0889865084092052,0,430,1,0.85,1.2811605981284766
2022-23,31,19,1.4301848802168606,0,455,1,1.2,1.1918207335140505
2022-23,31,20,1.4360401045421771,1,478,1,1,1.4360401045421771
2022-23,32,1,0.9040569294871796,0,15,1,0.85,1.063596387631976
2022-23,32,2,1.4283351833384133,0,44,1,1,1.4283351833384133
2022-23,32,4,1.0925066309829057,0,81,1,0.85,1.2853019188034185
2022-23,32,7,1.0884244639076743,1,167,1,0.85,1.2804993693031463
2022-23,32,8,1.4238735098684097,1,199,1,0.85,1.675145305727541
2022-23,32,9,1.4679351259048325,0,201,1,0.85,1.726982501064509
2022-23,32,10,1.3488131867728206,0,258,1,0.85,1.586839043262142
2022-23,32,11,1.3973150811511184,0,238,1,0.85,1.643900095471904
2022-23,32,12,1.178384605847953,0,281,1,0.85,1.3863348304093566
2022-23,32,16,1.7005796992616895,0,295,1,1.2,1.4171497493847414
2022-23,32,17,1.8272512402769976,0,422,1,1.2,1.522709366897498
2022-23,32,18,1.5261043156102148,0,430,1,1.2,1.2717535963418456
2022-23,32,19,1.0530848185644663,1,455,1,0.85,1.2389233159581956
2022-23,32,20,1.4294749736564802,0,478,1,1,1.4294749736564802
2022-23,33,1,1.5015090691176474,0,15,1,1.4,1.0725064779411768
2022-23,33,2,1.24295622464822,1,44,1,0.85,1.4623014407626118
2022-23,33,4,1.5611032449999998,1,81,1,1.2,1.300919370833333
2022-23,33,5,1.0250882718017666,0,106,1,0.85,1.2059862021197256
2022-23,33,6,1.0118914098360656,0,133,1,1,1.0118914098360656
2022-23,33,7,1.0696699904741442,0,167,1,0.85,1.258435282910758
2022-23,33,8,1.6455166730843527,0,199,1,1,1.6455166730843527
2022-23,33,9,1.4511133573469368,0,201,1,0.85,1.7071921851140432
2022-23,33,10,1.33351677139886,0,258,1,0.85,1.5688432604692473
2022-23,33,11,1.6448025930851065,0,238,1,1,1.6448025930851065
2022-23,33,12,1.3718134245014244,0,281,1,1,1.3718134245014244
2022-23,33,13,0.9602640341394025,0,307,1,1.2,0.8002200284495021
2022-23,33,14,1.5166076908587258,0,327,1,1.2,1.2638397423822716
2022-23,33,15,1.071437948852078,0,376,1,0.85,1.2605152339436212
2022-23,33,18,1.3353022476027978,0,430,1,1,1.3353022476027978
2022-23,33,19,1.4833703602421544,0,455,1,1.2,1.2361419668684621
2022-23,33,20,1.236102384417808,1,478,1,0.85,1.4542380993150683
2022-23,34,1,1.09659168579627,0,15,1,1,1.09659168579627
2022-23,34,2,1.713801663324276,0,44,1,1.2,1.42816805277023
2022-23,34,3,1.4362773834983853,0,57,1,0.85,1.6897380982333945
2022-23,34,4,1.1045185026422761,0,81,1,0.85,1.299433532520325
2022-23,34,6,1.2157214476190477,0,133,1,1.2,1.0131012063492064
2022-23,34,7,1.0718282407122905,0,167,1,0.85,1.2609744008379888
2022-23,34,8,1.6648943152042464,0,199,1,1,1.6648943152042464
2022-23,34,10,1.3363631517035703,0,258,1,0.85,1.572191943180671
2022-23,34,11,1.4075192235339906,0,238,1,0.85,1.6559049688635183
2022-23,34,15,1.0584276357972244,0,376,1,0.85,1.2452089832908524
2022-23,34,18,1.6272835325643846,0,430,1,1.2,1.3560696104703205
2022-23,34,20,1.4370615603073837,0,478,1,1,1.4370615603073837
2022-23,35,1,1.3057216890756307,1,15,1,1.2,1.0881014075630255
2022-23,35,2,1.2089944863438529,0,44,1,0.85,1.4223464545221798
2022-23,35,3,1.692061813351708,0,57,1,1,1.692061813351708
2022-23,35,4,1.543622138095238,0,81,1,1.2,1.2863517817460317
2022-23,35,5,1.045106651416634,0,106,1,0.85,1.229537236960746
2022-23,35,6,0.8898241476923077,0,133,1,0.85,1.0468519384615385
2022-23,35,7,1.530701737566426,0,167,1,1.2,1.2755847813053551
2022-23,35,8,1.7076349267470023,0,199,1,1,1.7076349267470023
2022-23,35,10,1.3729267246902033,0,258,1,0.85,1.6152079114002391
2022-23,35,12,1.3562077037037035,1,281,1,1,1.3562077037037035
2022-23,35,13,0.659990172972973,0,307,1,0.85,0.7764590270270271
2022-23,35,14,1.2955100051347885,0,327,1,1,1.2955100051347885
2022-23,35,15,1.4818667506213752,0,376,1,1.2,1.234888958851146
2022-23,35,19,1.3072285900161185,1,455,1,1,1.3072285900161185
2022-23,35,20,1.2587998899217219,1,478,1,0.85,1.4809410469667317
2022-23,36,1,1.0930292818057459,0,15,1,1,1.0930292818057459
2022-23,36,2,1.4048726525850121,0,44,1,1,1.4048726525850121
2022-23,36,4,1.1090874094961238,1,81,1,0.85,1.3048087170542633
2022-23,36,7,1.0762411816307529,1,167,1,0.85,1.26616609603618
2022-23,36,8,2.441231016109854,0,199,1,1.4,1.7437364400784674
2022-23,36,9,1.6449777585365855,1,2,1,0.85,1.9352679512195123
2022-23,36,10,1.939846671971454,0,258,1,1.2,1.616538893309545
2022-23,36,12,1.3290865943152452,1,281,1,1,1.3290865943152452
2022-23,36,13,0.6486611443638761,1,307,1,0.85,0.7631307580751484
2022-23,36,14,1.1014767542606518,1,327,1,0.85,1.2958550050125317
2022-23,36,16,2.0962651238277394,0,602,1,1.2,1.746887603189783
2022-23,36,19,1.304265778137025,0,455,1,1,1.304265778137025
2022-23,37,1,0.9423459147727276,0,15,1,0.85,1.1086422526737971
2022-23,37,2,1.6845923290162608,0,44,1,1.2,1.403826940846884
2022-23,37,4,1.5361847681818177,0,81,1,1.2,1.2801539734848482
2022-23,37,7,1.057735572755619,0,167,1,0.85,1.244394791477199
2022-23,37,8,1.4631719746560905,0,199,1,0.85,1.7213787937130476
2022-23,37,9,1.6108711452380953,0,2,1,0.85,1.8951425238095239
2022-23,37,10,1.9518977390393248,1,258,1,1.2,1.6265814491994375
2022-23,37,12,1.1144798868686867,0,281,1,0.85,1.311152808080808
2022-23,37,15,1.2359375276278592,1,376,1,1,1.2359375276278592
2022-23,37,16,2.072712065460459,1,602,1,1.2,1.7272600545503825
2022-23,37,19,1.1571478692287194,0,455,1,0.85,1.3613504343867286
2022-23,38,1,0.9317937833333335,1,15,1,0.85,1.096227980392157
2022-23,38,2,1.388937157274966,0,44,1,1,1.388937157274966
2022-23,38,4,1.81118855037037,1,81,1,1.4,1.2937061074074072
2022-23,38,6,1.1690898028169014,0,133,1,1,1.1690898028169014
2022-23,38,7,1.069048400647537,0,167,1,0.85,1.257704000761808
2022-23,38,8,1.459934819663733,1,199,1,0.85,1.71757037607498
2022-23,38,9,2.2664926325581396,0,2,1,1.2,1.8887438604651163
2022-23,38,10,1.390931817182776,0,258,1,0.85,1.636390373156207
2022-23,38,11,1.7295431537049484,0,230,1,1,1.7295431537049484
2022-23,38,13,0.7873419305019306,0,307,1,1,0.7873419305019306
2022-23,38,14,1.094344970643275,0,327,1,0.85,1.2874646713450295
2022-23,38,19,1.3502513862459091,0,455,1,1,1.3502513862459091
2023-24,7,1,0.8219469831410826,1,20,1,0.85,0.9669964507542148
2023-24,7,2,1.264196439322267,0,48,1,0.85,1.4872899286144319
2023-24,7,3,2.657433962264151,0,77,1,1.4,1.8981671159029652
2023-24,7,4,1.2502512106537529,0,101,1,0.85,1.4708837772397094
2023-24,7,5,1.7818095238095237,0,129,1,1.2,1.4848412698412699
2023-24,7,7,1.1464285714285714,1,145,1,1,1.1464285714285714
2023-24,7,8,1.5408483105679365,1,220,1,1.2,1.2840402588066138
2023-24,7,9,1.4224700772200771,0,263,1,0.85,1.6734942084942084
2023-24,7,10,1.8912976664769492,0,271,1,1,1.8912976664769492
2023-24,7,11,1.5244401544401542,0,291,1,1.2,1.2703667953667952
2023-24,7,13,0.6774673469387754,0,352,1,0.85,0.7970204081632652
2023-24,7,14,1.4190369249394672,0,597,1,0.85,1.669455205811138
2023-24,7,15,0.9261059137067499,1,407,1,0.85,1.0895363690667645
2023-24,7,16,1.2781797820823242,0,28,1,0.85,1.5037409200968521
2023-24,7,17,2.027704919622254,0,471,1,1,2.027704919622254
2023-24,7,18,1.8404891041162226,0,520,1,1.2,1.5337409200968521
2023-24,7,19,1.9036637971149373,1,524,1,0.85,2.239604467194044
2023-24,7,20,2.410295131539159,0,563,1,1.4,1.721639379670828
2023-24,8,1,1.3279420289855073,1,20,1,1.4,0.9485300207039338
2023-24,8,2,1.2768166767007827,0,48,1,0.85,1.5021372667068031
2023-24,8,3,1.7025125786163522,0,77,1,0.85,2.0029559748427674
2023-24,8,5,1.7894222222222225,0,129,1,1.2,1.4911851851851854
2023-24,8,7,0.9706999999999999,0,145,1,0.85,1.142
2023-24,8,8,1.1144386053199136,1,220,1,0.85,1.3111042415528396
2023-24,8,9,1.3780720720720718,1,263,1,0.85,1.6212612612612611
2023-24,8,11,1.3256756756756756,0,291,1,1,1.3256756756756756
2023-24,8,12,1.6941333333333333,0,614,1,1,1.6941333333333333
2023-24,8,13,1.0825066666666665,0,352,1,1.4,0.7732190476190476
2023-24,8,14,1.3629466666666665,0,597,1,0.85,1.6034666666666666
2023-24,8,15,1.0602339444623137,0,407,1,1,1.0602339444623137
2023-24,8,16,1.2819133333333332,1,28,1,0.85,1.5081333333333333
2023-24,8,17,2.0281850705194358,0,471,1,1,2.0281850705194358
2023-24,8,18,1.2853133333333333,1,520,1,0.85,1.5121333333333333
2023-24,8,19,2.1616308360477743,0,524,1,1,2.1616308360477743
2023-24,8,20,1.6648634210261062,0,563,1,1,1.6648634210261062
2023-24,9,1,0.9236218944099379,0,20,1,1,0.9236218944099379
2023-24,9,2,1.2602343844069839,0,48,1,0.85,1.482628687537628
2023-24,9,3,1.74007429245283,0,77,1,0.85,2.0471462264150944
2023-24,9,4,1.0849187499999997,1,112,1,0.85,1.2763749999999998
2023-24,9,5,2.1750555555555557,0,129,1,1.4,1.5536111111111113
2023-24,9,6,1.441865625,0,596,1,0.85,1.6963125
2023-24,9,7,1.5645000000000002,0,145,1,1.4,1.1175000000000002
2023-24,9,8,1.5634922717469446,0,220,1,1.2,1.3029102264557872
2023-24,9,9,2.1909054054054056,0,263,1,1.4,1.5649324324324325
2023-24,9,10,2.2398333333333333,0,275,1,1.2,1.8665277777777778
2023-24,9,11,1.178585304054054,1,291,1,0.85,1.3865709459459459
2023-24,9,12,1.4445218750000002,0,614,1,0.85,1.6994375000000002
2023-24,9,14,1.317021875,0,597,1,0.85,1.5494375
2023-24,9,15,0.9096864244934062,1,407,1,0.85,1.0702193229334191
2023-24,9,16,1.2336156249999999,0,28,1,0.85,1.4513125
2023-24,9,18,1.237334375,1,520,1,0.85,1.4556875
2023-24,9,19,2.578084690553746,0,524,1,1.2,2.1484039087947884
2023-24,9,20,1.4143442886301782,0,563,1,0.85,1.6639344572119745
2023-24,10,1,0.8068975155279503,1,20,1,0.85,0.9492911947387651
2023-24,10,2,1.2436029500301022,0,48,1,0.85,1.4630622941530615
2023-24,10,4,1.2683529411764707,1,112,1,1,1.2683529411764707
2023-24,10,5,1.280388888888889,0,129,1,0.85,1.506339869281046
2023-24,10,6,1.516244444444444,0,596,1,0.85,1.783816993464052
2023-24,10,7,0.9470000000000001,0,145,1,0.85,1.1141176470588237
2023-24,10,8,1.3668566837230938,0,220,1,1,1.3668566837230938
2023-24,10,9,1.6046422893481718,1,263,1,1,1.6046422893481718
2023-24,10,10,1.8455555555555554,0,275,1,1,1.8455555555555554
2023-24,10,11,1.1157567567567568,1,291,1,0.85,1.3126550079491257
2023-24,10,12,2.1250509803921567,0,614,1,1.2,1.770875816993464
2023-24,10,13,0.9754643534833287,1,369,1,1.2,0.8128869612361073
2023-24,10,14,2.1506379084967318,0,597,1,1.4,1.5361699346405229
2023-24,10,15,0.9166754583467354,0,407,1,0.85,1.0784417157020416
2023-24,10,16,2.048520261437908,0,28,1,1.4,1.4632287581699344
2023-24,10,17,2.718049673202614,0,482,1,1.4,1.9414640522875815
2023-24,10,18,1.2132444444444443,0,520,1,0.85,1.427346405228758
2023-24,10,19,1.8197231270358307,0,524,1,0.85,2.1408507376892127
2023-24,10,20,1.6019383126700937,0,563,1,1,1.6019383126700937
2023-24,11,1,1.077863354037267,0,20,1,1.2,0.8982194616977226
2023-24,11,2,1.197180563917319,0,48,1,0.85,1.4084477222556695
2023-24,11,3,2.692053872053872,0,89,1,1.4,1.9228956228956229
2023-24,11,4,1.1140666666666665,0,112,1,0.85,1.3106666666666666
2023-24,11,5,1.2427839506172842,0,129,1,0.85,1.4620987654320992
2023-24,11,6,1.4785844444444443,0,596,1,0.85,1.739511111111111
2023-24,11,7,1.4066666666666667,0,145,1,1.2,1.1722222222222223
2023-24,11,8,1.150171059988817,1,220,1,0.85,1.3531424235162555
2023-24,11,9,1.319337837837838,0,263,1,0.85,1.5521621621621624
2023-24,11,10,1.816358024691358,0,275,1,1,1.816358024691358
2023-24,11,11,1.0750202702702703,0,291,1,0.85,1.2647297297297297
2023-24,11,12,2.1600800000000002,0,614,1,1.2,1.800066666666667
2023-24,11,13,0.7012064772145417,0,369,1,0.85,0.8249487967229903
2023-24,11,14,1.6645111111111113,1,597,1,1,1.6645111111111113
2023-24,11,17,1.685417777777778,0,482,1,0.85,1.9828444444444446
2023-24,11,18,1.3784,0,520,1,1,1.3784
2023-24,11,19,1.7573496199782845,0,524,1,0.85,2.067470141150923
2023-24,11,20,1.388472701004603,0,563,1,0.85,1.633497295299533
2023-24,12,1,0.7720661981039556,0,20,1,0.85,0.9083131742399477
2023-24,12,2,1.1525131658164074,0,48,1,0.85,1.3558978421369499
2023-24,12,3,1.9206379585326954,1,89,1,1,1.9206379585326954
2023-24,12,4,1.892357894736842,0,112,1,1.4,1.3516842105263158
2023-24,12,6,2.391896650717703,0,596,1,1.4,1.7084976076555023
2023-24,12,7,1.624,0,145,1,1.4,1.1600000000000001
2023-24,12,8,1.1397410041999319,0,220,1,0.85,1.3408717696469787
2023-24,12,9,1.273609530583215,0,263,1,0.85,1.4983641536273116
2023-24,12,10,2.1084912280701755,0,275,1,1.2,1.757076023391813
2023-24,12,11,1.0546770981507823,1,291,1,0.85,1.2407965860597439
2023-24,12,12,2.227670813397129,0,614,1,1.2,1.8563923444976076
2023-24,12,13,0.8220567547902013,0,369,1,1,0.8220567547902013
2023-24,12,14,1.3779598086124403,1,597,1,0.85,1.621129186602871
2023-24,12,15,0.9022527962039414,0,424,1,0.85,1.0614738778869899
2023-24,12,17,1.93955023923445,0,482,1,1,1.93955023923445
2023-24,12,18,1.2831177033492822,0,520,1,0.85,1.5095502392344498
2023-24,12,19,1.7274891136636379,0,524,1,0.85,2.032340133721927
2023-24,12,20,1.6033132271258732,0,563,1,1,1.6033132271258732
2023-24,13,1,0.7462128881987578,1,20,1,0.85,0.8778975155279504
2023-24,13,2,1.601523540036123,0,48,1,1.2,1.3346029500301024
2023-24,13,3,1.5725901515151512,0,89,1,0.85,1.8501060606060604
2023-24,13,4,1.9048399999999999,0,112,1,1.4,1.3606
2023-24,13,6,1.4705708333333332,0,596,1,0.85,1.7300833333333332
2023-24,13,7,1.4963999999999997,0,145,1,1.2,1.2469999999999999
2023-24,13,8,1.1507539539899352,0,220,1,0.85,1.3538281811646298
2023-24,13,9,1.535445945945946,0,263,1,1,1.535445945945946
2023-24,13,10,1.549738888888889,0,275,1,0.85,1.8232222222222225
2023-24,13,11,1.7601594594594594,0,291,1,1.4,1.2572567567567567
2023-24,13,12,1.5938208333333332,0,614,1,0.85,1.8750833333333332
2023-24,13,13,1.1147447004608293,0,369,1,1.2,0.9289539170506912
2023-24,13,14,1.3315958333333333,1,597,1,0.85,1.5665833333333334
2023-24,13,15,1.1329001839926403,0,424,1,1,1.1329001839926403
2023-24,13,17,1.6363208333333334,0,482,1,0.85,1.9250833333333335
2023-24,13,18,1.5470833333333331,0,520,1,1,1.5470833333333331
2023-24,13,19,1.7125146579804558,0,524,1,0.85,2.0147231270358303
2023-24,13,20,1.5581475657695796,0,563,1,1,1.5581475657695796
2023-24,14,1,0.7556075125702455,0,20,1,0.85,0.8889500147885242
2023-24,14,3,1.8005772005772005,0,89,1,1,1.8005772005772005
2023-24,14,4,1.1629619047619046,0,112,1,0.85,1.3681904761904762
2023-24,14,6,1.4441655677655678,1,596,1,0.85,1.6990183150183151
2023-24,14,7,1.101761904761905,0,145,1,0.85,1.2961904761904763
2023-24,14,8,1.3288839820615521,0,220,1,1,1.3288839820615521
2023-24,14,9,1.3312181467181468,1,263,1,0.85,1.5661389961389962
2023-24,14,10,2.524962962962963,0,275,1,1.4,1.8035449735449738
2023-24,14,12,1.587856043956044,0,614,1,0.85,1.8680659340659342
2023-24,14,13,0.9113846829054203,0,369,1,1,0.9113846829054203
2023-24,14,14,1.9491076923076929,0,597,1,1.2,1.6242564102564108
2023-24,14,17,1.670022710622711,0,482,1,0.85,1.9647326007326011
2023-24,14,18,2.1839589743589745,0,520,1,1.4,1.559970695970696
2023-24,14,19,1.6823711028385295,0,524,1,0.85,1.9792601209865053
2023-24,14,20,2.266863421026106,0,563,1,1.4,1.61918815787579
2023-24,15,1,0.7486935347261434,0,20,1,0.85,0.8808159232072276
2023-24,15,2,1.9815993041649809,1,48,1,1.4,1.415428074403558
2023-24,15,3,1.4871955922865012,1,89,1,0.85,1.7496418732782368
2023-24,15,4,1.3164545454545455,0,112,1,1,1.3164545454545455
2023-24,15,6,1.390935494519767,0,596,1,0.85,1.63639469943502
2023-24,15,7,1.5403636363636364,0,145,1,1.2,1.2836363636363637
2023-24,15,8,1.1268899581726686,0,220,1,0.85,1.3257528919678454
2023-24,15,9,1.5272235872235873,1,263,1,1,1.5272235872235873
2023-24,15,10,1.5491035353535354,1,275,1,0.85,1.8224747474747476
2023-24,15,12,2.7128616701181185,0,614,1,1.4,1.9377583357986563
2023-24,15,13,1.0706770004189359,0,369,1,1.2,0.8922308336824466
2023-24,15,14,1.6677583357986565,0,597,1,1,1.6677583357986565
2023-24,15,15,0.8932051407432606,0,427,1,0.85,1.0508295773450125
2023-24,15,17,2.345491821140206,0,482,1,1.2,1.9545765176168384
2023-24,15,18,1.3650491308834034,0,520,1,0.85,1.6059401539804745
2023-24,15,20,1.4254094826401296,1,563,1,0.85,1.6769523325177995
2023-24,16,1,1.0371104509856874,0,20,1,1.2,0.8642587091547396
2023-24,16,3,2.0521106719367586,1,89,1,1.2,1.7100922266139655
2023-24,16,4,1.126508695652174,0,112,1,0.85,1.325304347826087
2023-24,16,6,1.6033206324462037,0,596,1,1,1.6033206324462037
2023-24,16,8,1.6125163629543962,0,220,1,1.2,1.3437636357953302
2023-24,16,9,1.52951821386604,1,263,1,1,1.52951821386604
2023-24,16,10,1.4924685990338165,1,275,1,0.85,1.7558454106280195
2023-24,16,11,1.0724221364221365,0,291,1,0.85,1.2616731016731018
2023-24,16,12,2.746214102815989,0,614,1,1.4,1.9615815020114211
2023-24,16,13,0.8008137647765978,0,369,1,0.85,0.9421338409136445
2023-24,16,14,1.4093877549705778,0,597,1,0.85,1.6581032411418561
2023-24,16,15,1.3746913409525359,0,427,1,1.2,1.1455761174604466
2023-24,16,16,1.3078843535735156,0,28,1,0.85,1.5386874747923713
2023-24,16,17,1.65662688540536,1,482,1,0.85,1.9489728063592473
2023-24,16,18,1.628103241141856,0,520,1,1,1.628103241141856
2023-24,16,19,1.5927397067725253,0,528,1,1,1.5927397067725253
2023-24,16,20,1.394109070351428,0,563,1,0.85,1.6401283180605037
2023-24,17,1,0.7220732401656315,1,20,1,0.85,0.8494979296066253
2023-24,17,4,1.3071666666666666,0,112,1,1,1.3071666666666666
2023-24,17,5,2.0606859592711686,0,129,1,1.4,1.471918542336549
2023-24,17,6,1.399974539287864,0,596,1,0.85,1.6470288697504283
2023-24,17,8,1.8757995446920679,0,220,1,1.4,1.3398568176371914
2023-24,17,9,1.278857545045045,1,263,1,0.85,1.5045382882882883
2023-24,17,10,2.088722222222222,0,275,1,1.2,1.740601851851852
2023-24,17,11,1.2834152334152336,1,291,1,1,1.2834152334152336
2023-24,17,13,0.779134024577573,0,369,1,0.85,0.9166282642089094
2023-24,17,14,2.307007084317266,1,597,1,1.4,1.6478622030837617
2023-24,17,16,1.5157206775794885,0,28,1,1,1.5157206775794885
2023-24,17,17,1.8916122030837617,0,482,1,1,1.8916122030837617
2023-24,17,18,1.3836828726211974,1,520,1,0.85,1.6278622030837617
2023-24,17,19,1.3803433205302555,1,528,1,0.85,1.623933318270889
2023-24,17,20,1.6047063048079828,0,563,1,1,1.6047063048079828
2023-24,18,1,1.1803652173913044,0,20,1,1.4,0.8431180124223603
2023-24,18,3,1.4340959595959595,0,89,1,0.85,1.687171717171717
2023-24,18,5,1.281952965235174,0,129,1,0.85,1.5081799591002047
2023-24,18,6,1.6330200946870066,1,596,1,1,1.6330200946870066
2023-24,18,7,1.195198461647526,0,217,1,0.85,1.4061158372323834
2023-24,18,8,1.1480631631919485,0,220,1,0.85,1.350662544931704
2023-24,18,9,1.7701881081081081,0,263,1,1.2,1.4751567567567567
2023-24,18,10,1.555311111111111,0,275,1,0.85,1.8297777777777777
2023-24,18,11,1.7570082256169213,0,291,1,1.4,1.2550058754406581
2023-24,18,12,1.941895931965632,1,614,1,1,1.941895931965632
2023-24,18,14,1.674220094687007,0,597,1,1,1.674220094687007
2023-24,18,15,1.0652352409901775,0,427,1,0.85,1.2532179305766795
2023-24,18,16,1.2871338506049446,0,28,1,0.85,1.5142751183587584
2023-24,18,17,2.309064113624408,0,482,1,1.2,1.9242200946870067
2023-24,18,18,1.3778670804839557,0,520,1,0.85,1.6210200946870068
2023-24,18,19,1.584505892338396,1,528,1,1,1.584505892338396
2023-24,18,20,1.5861180526156635,0,563,1,1,1.5861180526156635
2023-24,19,1,0.7201445293836598,0,20,1,0.85,0.8472288580984233
2023-24,19,2,1.5989479425870412,0,48,1,1.2,1.3324566188225344
2023-24,19,3,1.4022321212121212,1,89,1,0.85,1.6496848484848485
2023-24,19,4,1.1149279999999997,0,112,1,0.85,1.3116799999999997
2023-24,19,5,1.5016617790811342,0,129,1,1,1.5016617790811342
2023-24,19,6,1.9427210157803234,0,596,1,1.2,1.6189341798169363
2023-24,19,8,1.3425601393574074,0,220,1,1,1.3425601393574074
2023-24,19,9,2.057941787941788,0,263,1,1.4,1.46995841995842
2023-24,19,10,1.508895299145299,0,275,1,0.85,1.7751709401709401
2023-24,19,11,1.0506402027027026,1,291,1,0.85,1.2360472972972973
2023-24,19,12,1.637857814958172,0,614,1,0.85,1.9268915470096142
2023-24,19,13,0.8098486635944699,0,369,1,0.85,0.9527631336405529
2023-24,19,14,1.6577803336630905,0,597,1,1,1.6577803336630905
2023-24,19,15,1.0864234108138116,0,427,1,0.85,1.2781451891927196
2023-24,19,16,1.8138450671565916,0,28,1,1.2,1.5115375559638264
2023-24,19,17,1.5980748220751653,0,482,1,0.85,1.8800880259707826
2023-24,19,18,1.6293187952015518,0,520,1,1,1.6293187952015518
2023-24,19,19,2.1819265102178305,1,528,1,1.4,1.558518935869879
2023-24,19,20,1.3633657160801096,0,563,1,0.85,1.6039596659765996
2023-24,20,1,0.8706648263170003,0,20,1,1,0.8706648263170003
2023-24,20,2,1.1232192267780805,0,48,1,0.85,1.3214343844448007
2023-24,20,3,1.9164055944055942,0,89,1,1.2,1.5970046620046618
2023-24,20,4,1.1406999999999998,0,112,1,0.85,1.3419999999999999
2023-24,20,6,1.9537568139128605,0,596,1,1.2,1.6281306782607172
2023-24,20,7,1.1862789996313128,0,217,1,0.85,1.3956223525074267
2023-24,20,8,1.1851695955481003,0,220,1,0.85,1.394317171233059
2023-24,20,9,1.28504004004004,0,263,1,0.85,1.5118118118118118
2023-24,20,10,2.4875637860082302,0,275,1,1.4,1.7768312757201645
2023-24,20,11,1.2170054054054056,0,291,1,1,1.2170054054054056
2023-24,20,12,1.9592126274245911,0,614,1,1,1.9592126274245911
2023-24,20,14,1.4153925580030915,0,597,1,0.85,1.6651677152977546
2023-24,20,15,1.9062386691034314,0,427,1,1.4,1.361599049359594
2023-24,20,16,1.561342196047244,0,28,1,1,1.561342196047244
2023-24,20,17,2.576494060676115,0,482,1,1.4,1.8403529004829395
2023-24,20,18,1.4556888542993873,0,520,1,0.85,1.7125751227051615
2023-24,20,20,1.380870689558624,1,563,1,0.85,1.6245537524219107
2023-24,21,1,0.754312777284827,1,20,1,0.85,0.8874267968056789
2023-24,21,2,1.1126785768950993,1,48,1,0.85,1.3090336198765875
2023-24,21,3,1.9489831649831646,0,89,1,1.2,1.6241526374859705
2023-24,21,4,1.1324518518518516,0,112,1,0.85,1.332296296296296
2023-24,21,5,1.3114513108614234,1,129,1,0.85,1.5428838951310864
2023-24,21,6,1.4329726560620881,0,596,1,0.85,1.6858501836024566
2023-24,21,7,1.222864113473295,1,217,1,0.85,1.438663662909759
2023-24,21,8,1.9523281811646298,0,220,1,1.4,1.3945201294033072
2023-24,21,9,1.5313899613899615,1,263,1,1,1.5313899613899615
2023-24,21,10,1.7719444444444445,0,275,1,1,1.7719444444444445
2023-24,21,11,1.013956340956341,1,291,1,0.85,1.1928898128898129
2023-24,21,12,1.6538420136940173,0,614,1,0.85,1.945696486698844
2023-24,21,13,1.1230330123928096,0,369,1,1.2,0.9358608436606747
2023-24,21,14,1.635493040745314,0,597,1,1,1.635493040745314
2023-24,21,15,2.210969950225286,0,427,1,1.4,1.5792642501609186
2023-24,21,16,1.3013797552060204,0,28,1,0.85,1.53103500612473
2023-24,21,17,1.5799012274906596,0,482,1,0.85,1.8587073264595997
2023-24,21,18,2.0543059346086623,0,520,1,1.2,1.7119216121738854
2023-24,21,19,1.3601051933484054,0,528,1,0.85,1.600123756880477
2023-24,21,20,1.582962546978271,1,563,1,1,1.582962546978271
2023-24,22,1,0.7379744056543156,0,20,1,0.85,0.8682051831227243
2023-24,22,2,1.3027590771239035,0,48,1,1,1.3027590771239035
2023-24,22,3,1.6236471861471862,0,89,1,1,1.6236471861471862
2023-24,22,4,1.5883714285714285,0,112,1,1.2,1.3236428571428571
2023-24,22,5,1.3058535489667566,0,129,1,0.85,1.5362982929020668
2023-24,22,6,2.3187158589740284,0,596,1,1.4,1.6562256135528775
2023-24,22,7,1.984514334602245,0,217,1,1.4,1.4175102390016037
2023-24,22,8,1.2414854855103001,0,220,1,0.85,1.4605711594238826
2023-24,22,9,1.5168592730661694,1,263,1,1,1.5168592730661694
2023-24,22,10,1.518406130268199,1,275,1,0.85,1.7863601532567048
2023-24,22,11,1.2001901901901904,0,291,1,1,1.2001901901901904
2023-24,22,12,1.6241236205028013,1,614,1,0.85,1.9107336711797662
2023-24,22,14,1.3814124611751184,0,597,1,0.85,1.625191130794257
2023-24,22,15,1.9488713287689499,0,427,1,1.2,1.6240594406407916
2023-24,22,16,2.1280316629269507,0,28,1,1.4,1.5200226163763935
2023-24,22,18,1.428895219795808,0,520,1,0.85,1.6810531997597742
2023-24,22,20,1.5714810798410894,0,563,1,1,1.5714810798410894
2023-24,23,1,1.0231180124223602,0,20,1,1.2,0.8525983436853002
2023-24,23,3,1.3709070010449318,0,89,1,0.85,1.612831765935214
2023-24,23,4,1.927268965517241,0,112,1,1.4,1.3766206896551723
2023-24,23,5,1.3505677892918826,0,129,1,0.85,1.588903281519862
2023-24,23,6,1.411995909264687,0,596,1,0.85,1.6611716579584554
2023-24,23,7,1.250222835877216,0,217,1,0.85,1.470850395149666
2023-24,23,8,1.4378854541097534,0,220,1,1,1.4378854541097534
2023-24,23,9,1.5232972972972973,0,263,1,1,1.5232972972972973
2023-24,23,10,1.528709259259259,0,275,1,0.85,1.7984814814814813
2023-24,23,11,1.6482567567567568,0,291,1,1.4,1.1773262548262549
2023-24,23,12,2.2524889547070486,0,614,1,1.2,1.8770741289225406
2023-24,23,13,0.8044931890618973,0,369,1,0.85,0.946462575366938
2023-24,23,14,1.3964125759313541,1,597,1,0.85,1.6428383246251226
2023-24,23,15,1.375082416573258,0,427,1,0.85,1.6177440194979507
2023-24,23,17,1.8538759352295433,0,482,1,1,1.8538759352295433
2023-24,23,18,1.4298459092646871,0,520,1,0.85,1.6821716579584556
2023-24,23,19,2.084891499820165,0,532,1,1.2,1.7374095831834708
2023-24,23,20,1.6104317105130532,0,563,1,1,1.6104317105130532
2023-24,24,1,0.838320977759968,1,20,1,1,0.838320977759968
2023-24,24,3,1.5777373737373739,0,89,1,1,1.5777373737373739
2023-24,24,4,1.1920399999999998,1,112,1,0.85,1.4023999999999999
2023-24,24,5,1.8497256857855366,0,129,1,1.2,1.5414380714879472
2023-24,24,6,2.308871545533514,0,596,1,1.4,1.649193961095367
2023-24,24,8,1.4408568910739548,0,220,1,1,1.4408568910739548
2023-24,24,9,2.1080802092414994,0,263,1,1.4,1.5057715780296426
2023-24,24,10,1.5254605734767024,0,275,1,0.85,1.7946594982078852
2023-24,24,12,1.6072086958287641,0,614,1,0.85,1.890833759798546
2023-24,24,14,1.973613398475731,0,597,1,1.2,1.6446778320631092
2023-24,24,15,1.3934744484598804,0,427,1,0.85,1.6393817040704477
2023-24,24,17,1.5876966686404907,0,482,1,0.85,1.867878433694695
2023-24,24,18,1.45583099596332,0,520,1,0.85,1.712742348192141
2023-24,24,20,1.3762583425188017,0,563,1,0.85,1.6191274617868257
2023-24,25,1,0.6958830551242235,1,20,1,0.85,0.8186859472049689
2023-24,25,2,1.3322104841278812,0,49,1,1,1.3322104841278812
2023-24,25,3,1.8922111436950144,0,89,1,1.2,1.5768426197458454
2023-24,25,5,1.3120172275641029,1,129,1,0.85,1.54354967948718
2023-24,25,6,2.3619454009571608,0,596,1,1.4,1.6871038578265436
2023-24,25,8,1.2185962212437096,0,220,1,0.85,1.4336426132278937
2023-24,25,9,1.2832056587837837,0,263,1,0.85,1.5096537162162162
2023-24,25,10,1.7960763888888889,0,275,1,1,1.7960763888888889
2023-24,25,14,1.4204914041525623,0,597,1,0.85,1.6711663578265439
2023-24,25,15,1.3896704169360172,0,427,1,0.85,1.6349063728659026
2023-24,25,16,1.2677231355908465,1,696,1,0.85,1.4914389830480548
2023-24,25,17,1.5880870735358488,0,482,1,0.85,1.8683377335715867
2023-24,25,18,1.4425382791525623,0,520,1,0.85,1.6971038578265438
2023-24,25,20,1.9549856743271847,0,563,1,1.2,1.6291547286059873
2023-24,26,1,0.8017560700169396,0,20,1,1,0.8017560700169396
2023-24,26,2,1.134179570524052,0,49,1,0.85,1.3343289064988848
2023-24,26,3,2.237467803030303,0,89,1,1.4,1.5981912878787878
2023-24,26,4,1.5410394805772067,0,101,1,1,1.5410394805772067
2023-24,26,5,1.2835131477184842,0,129,1,0.85,1.5100154679040991
2023-24,26,6,1.455631275528931,0,596,1,0.85,1.7125073829752129
2023-24,26,8,1.224426638781779,1,220,1,0.85,1.4405019279785636
2023-24,26,9,1.4826945126945128,0,263,1,1,1.4826945126945128
2023-24,26,10,2.149979797979798,0,275,1,1.2,1.7916498316498315
2023-24,26,14,1.424979760377416,0,597,1,0.85,1.676446776914607
2023-24,26,15,2.330466501348211,0,427,1,1.4,1.6646189295344365
2023-24,26,19,1.522550584543301,0,532,1,0.85,1.7912359818156482
2023-24,26,20,1.3868638975176624,1,563,1,0.85,1.6316045853148968
2023-24,27,1,0.6654487577639752,1,20,1,0.85,0.7828808914870297
2023-24,27,2,1.1662650380839292,0,49,1,0.85,1.372076515392858
2023-24,27,3,1.3595394857667584,1,89,1,0.85,1.5994582185491277
2023-24,27,4,1.538951089612444,0,101,1,1,1.538951089612444
2023-24,27,6,1.471647760310111,0,596,1,0.85,1.7313503062471896
2023-24,27,7,1.2727382842837944,0,611,1,0.85,1.4973391579809348
2023-24,27,8,1.6812904808220919,0,220,1,1.2,1.4010754006850765
2023-24,27,9,1.254472972972973,0,263,1,0.85,1.4758505564387918
2023-24,27,10,1.5198611111111113,1,275,1,0.85,1.788071895424837
2023-24,27,11,1.1469805771083725,1,313,1,0.85,1.3493889142451443
2023-24,27,12,1.9613912246183167,0,614,1,1,1.9613912246183167
2023-24,27,13,0.905869662031768,0,352,1,1,0.905869662031768
2023-24,27,14,2.322184546393124,0,597,1,1.4,1.6587032474236603
2023-24,27,15,1.4337851755520132,1,427,1,0.85,1.6868060888847216
2023-24,27,16,1.8033053261832117,0,696,1,1.2,1.5027544384860099
2023-24,27,18,1.4394855712285992,0,520,1,0.85,1.6935124367395284
2023-24,27,19,1.5048560453948183,0,532,1,0.85,1.7704188769350804
2023-24,27,20,1.9208100464255857,0,563,1,1.2,1.6006750386879882
2023-24,28,1,0.65202165039929,0,20,1,0.85,0.7670842945874001
2023-24,28,2,1.398780147293068,0,49,1,1,1.398780147293068
2023-24,28,4,2.16628951232229,0,101,1,1.4,1.5473496516587786
2023-24,28,5,1.239215435259693,1,129,1,0.85,1.4579005120702269
2023-24,28,6,1.7136060951591168,0,596,1,1,1.7136060951591168
2023-24,28,7,1.507767406673559,0,611,1,1,1.507767406673559
2023-24,28,8,1.20230225942282,0,220,1,0.85,1.4144732463797884
2023-24,28,9,1.7845343629343626,0,263,1,1.2,1.487111969111969
2023-24,28,10,1.5048507936507936,0,275,1,0.85,1.7704126984126984
2023-24,28,11,1.8761678706570346,0,313,1,1.4,1.3401199076121677
2023-24,28,14,1.4504937523138208,1,597,1,0.85,1.7064632380162599
2023-24,28,15,1.6608338962392204,0,427,1,1,1.6608338962392204
2023-24,28,16,1.5228158113755164,0,696,1,1,1.5228158113755164
2023-24,28,17,1.5781427648951634,0,576,1,0.85,1.8566385469354865
2023-24,28,18,1.98304282343185,1,520,1,1.2,1.6525356861932083
2023-24,28,20,1.3748859605166528,0,563,1,0.85,1.617512894725474
2023-24,29,2,1.4053864287989806,0,49,1,1,1.4053864287989806
2023-24,29,4,1.3100821856367788,0,101,1,0.85,1.541273159572681
2023-24,29,10,1.7442901234567902,1,275,1,1,1.7442901234567902
2023-24,29,12,1.6960787612352466,0,614,1,0.85,1.9953867779238195
2023-24,29,16,1.26402216323316,0,696,1,0.85,1.487084897921365
2023-24,29,18,1.6335406858644999,0,520,1,1,1.6335406858644999
2023-24,29,19,1.6818333005268153,0,528,1,1,1.6818333005268153
2023-24,30,1,1.0818091787439612,1,20,1,1.4,0.7727208419599724
2023-24,30,2,1.2095623960213795,1,49,1,0.85,1.4230145835545642
2023-24,30,3,1.3619389730639728,0,89,1,0.85,1.6022811447811445
2023-24,30,4,1.5733544487563855,0,101,1,1,1.5733544487563855
2023-24,30,5,2.0063526912181304,0,129,1,1.4,1.4331090651558076
2023-24,30,7,1.264567002423717,0,611,1,0.85,1.4877258852043729
2023-24,30,8,1.1885021966610751,0,220,1,0.85,1.3982378784247944
2023-24,30,9,1.2893772522522522,0,263,1,0.85,1.5169144144144144
2023-24,30,10,1.497021021021021,0,275,1,0.85,1.7612012012012013
2023-24,30,11,1.1459907526574193,0,313,1,0.85,1.3482244148910816
2023-24,30,12,2.3858621491087035,0,614,1,1.2,1.9882184575905864
2023-24,30,14,1.4460408469784427,0,597,1,0.85,1.7012245258569916
2023-24,30,15,1.411930502267359,0,427,1,0.85,1.661094708549834
2023-24,30,16,1.2399427269563017,0,696,1,0.85,1.458756149360355
2023-24,30,17,1.6167728253750895,0,576,1,0.85,1.9020856769118701
2023-24,30,18,1.4162908469784425,0,520,1,0.85,1.6662245258569912
2023-24,30,19,1.981696748403099,0,528,1,1.2,1.6514139570025825
2023-24,30,20,1.9770983771797197,0,563,1,1.2,1.6475819809830998
2023-24,31,1,0.6608853449723014,1,20,1,0.85,0.7775121705556488
2023-24,31,3,1.3508595413595412,1,89,1,0.85,1.589246519246519
2023-24,31,4,1.312937150578946,1,101,1,0.85,1.5446319418575836
2023-24,31,5,1.2537645847632122,1,129,1,0.85,1.4750171585449554
2023-24,31,8,1.1775156508053706,0,220,1,0.85,1.3853125303592595
2023-24,31,9,1.8216946676406138,0,263,1,1.2,1.5180788897005115
2023-24,31,10,1.499454678362573,0,275,1,0.85,1.76406432748538
2023-24,31,11,1.123483733629506,0,313,1,0.85,1.3217455689758895
2023-24,31,12,2.8209655849716455,0,614,1,1.4,2.0149754178368897
2023-24,31,14,1.726190969670319,0,597,1,1,1.726190969670319
2023-24,31,15,1.4062607373721658,0,427,1,0.85,1.6544243969084305
2023-24,31,16,1.233467877533857,0,696,1,0.85,1.4511386794515966
2023-24,31,17,2.6419504097472473,0,576,1,1.4,1.8871074355337483
2023-24,31,18,1.6324071858865348,0,520,1,1,1.6324071858865348
2023-24,31,19,1.7193942018088808,0,528,1,1,1.7193942018088808
2023-24,31,20,1.3851083410292662,0,563,1,0.85,1.629539224740313
2023-24,32,1,0.7641565871199738,1,20,1,1,0.7641565871199738
2023-24,32,2,1.211101250182964,0,49,1,0.85,1.4248250002152518
2023-24,32,3,1.3177711323763954,0,89,1,0.85,1.5503189792663477
2023-24,32,4,1.8373506436351632,0,101,1,1.2,1.5311255363626362
2023-24,32,5,2.024127829560586,0,129,1,1.4,1.4458055925432758
2023-24,32,7,1.2742384679456018,0,611,1,0.85,1.499104079936002
2023-24,32,8,1.9333470808581483,0,220,1,1.4,1.3809622006129632
2023-24,32,9,1.3132258179231864,1,263,1,0.85,1.5449715504978663
2023-24,32,10,1.7575498575498574,0,275,1,1,1.7575498575498574
2023-24,32,11,1.5612194792931338,0,313,1,1.2,1.3010162327442782
2023-24,32,12,1.6851186274758725,0,614,1,0.85,1.9824925029127913
2023-24,32,14,2.1106486614820694,0,597,1,1.2,1.758873884568391
2023-24,32,15,1.6481132405453558,1,427,1,1,1.6481132405453558
2023-24,32,16,1.7395707374253226,0,696,1,1.2,1.449642281187769
2023-24,32,17,1.8783272324847724,0,576,1,1,1.8783272324847724
2023-24,32,18,1.3753717492515531,0,520,1,0.85,1.6180844108841803
2023-24,32,20,1.370579174160075,0,563,1,0.85,1.612446087247147
2023-24,33,1,0.7581525720656155,0,20,1,1,0.7581525720656155
2023-24,33,2,1.9997351318723697,1,49,1,1.4,1.4283822370516928
2023-24,33,3,1.5464646464646463,0,89,1,1,1.5464646464646463
2023-24,33,4,1.29990657207315,1,101,1,0.85,1.5293018494978237
2023-24,33,5,1.2730494505494505,0,129,1,0.85,1.49770523594053
2023-24,33,8,1.9523381813489649,1,220,1,1.4,1.3945272723921178
2023-24,33,9,1.5171517671517671,0,263,1,1,1.5171517671517671
2023-24,33,10,1.728361111111111,1,275,1,1,1.728361111111111
2023-24,33,11,1.0920245747518476,0,313,1,0.85,1.284734793825703
2023-24,33,12,2.7159342421983172,0,614,1,1.4,1.9399530301416554
2023-24,33,13,0.7722736995853751,0,352,1,0.85,0.908557293629853
2023-24,33,14,1.5336641801234943,0,597,1,0.85,1.8043108001452874
2023-24,33,15,1.6382005718447785,1,427,1,1,1.6382005718447785
2023-24,33,16,1.2309181459427847,0,696,1,0.85,1.4481389952268056
2023-24,33,18,1.9380960370974214,0,520,1,1.2,1.615080030914518
2023-24,33,19,1.5308272776489573,0,532,1,0.85,1.8009732678223027
2023-24,33,20,1.360064323540586,0,563,1,0.85,1.6000756747536307
2023-24,34,2,1.2183011860710171,0,49,1,0.85,1.433295513024726
2023-24,34,4,1.2861114953535984,0,101,1,0.85,1.5130723474748216
2023-24,34,5,2.104792713567839,0,129,1,1.4,1.5034233668341708
2023-24,34,7,2.091580447340279,0,611,1,1.4,1.493986033814485
2023-24,34,10,2.0506666666666664,0,275,1,1.2,1.708888888888889
2023-24,34,12,1.6980586357674912,0,614,1,0.85,1.9977160420794013
2023-24,34,13,0.8964912601812026,1,352,1,1,0.8964912601812026
2023-24,34,14,1.5335351016616783,0,597,1,0.85,1.8041589431313863
2023-24,34,15,1.3727494120555366,0,427,1,0.85,1.6149993083006313
2023-24,34,16,1.2224462177365614,0,696,1,0.85,1.4381720208665427
2023-24,34,19,1.5639890083655785,0,532,1,0.85,1.8399870686653865
2023-24,35,1,0.9270842945874002,0,20,1,1.2,0.7725702454895002
2023-24,35,4,1.2661559911268878,0,101,1,0.85,1.4895952836786917
2023-24,35,5,1.2731566890653636,0,129,1,0.85,1.4978313989004277
2023-24,35,6,2.1624496843739793,0,173,1,1.2,1.8020414036449828
2023-24,35,8,1.403489610078395,0,220,1,1,1.403489610078395
2023-24,35,9,1.3162638352638354,1,263,1,0.85,1.5485456885456887
2023-24,35,10,1.4386137566137567,0,275,1,0.85,1.6924867724867725
2023-24,35,11,1.2823377357728503,0,313,1,1,1.2823377357728503
2023-24,35,12,1.720614705729499,0,614,1,0.85,2.024252594975881
2023-24,35,14,1.5115199424546089,0,597,1,0.85,1.7782587558289515
2023-24,35,19,2.22728700625212,0,532,1,1.2,1.8560725052101001
2023-24,35,20,1.3639049670972108,0,563,1,0.85,1.604594078937895
2023-24,36,1,0.6882618084645384,1,20,1,0.85,0.8097197746641629
2023-24,36,3,2.146070707070707,0,89,1,1.4,1.5329076479076478
2023-24,36,4,1.2509305964370503,1,101,1,0.85,1.4716830546318238
2023-24,36,5,1.5182223543400712,1,129,1,1,1.5182223543400712
2023-24,36,6,1.8254960223261436,0,173,1,1,1.8254960223261436
2023-24,36,8,1.3973619447277346,1,220,1,1,1.3973619447277346
2023-24,36,9,1.3022576995600252,0,263,1,0.85,1.532067881835324
2023-24,36,10,1.4251227390180878,1,275,1,0.85,1.6766149870801033
2023-24,36,11,1.267887667887668,0,313,1,1,1.267887667887668
2023-24,36,12,1.7040492965613392,0,614,1,0.85,2.004763878307458
2023-24,36,13,0.7717712180358787,0,352,1,0.85,0.9079661388657396
2023-24,36,14,1.5167409464794663,0,597,1,0.85,1.7844011135052544
2023-24,36,16,1.1880344292042826,0,696,1,0.85,1.3976875637697443
2023-24,36,17,1.5650424694335063,0,576,1,0.85,1.8412264346276546
2023-24,36,18,2.295494892240689,0,520,1,1.4,1.6396392087433493
2023-24,36,19,1.8534316959517574,0,532,1,1,1.8534316959517574
2023-24,36,20,2.213398414919726,0,563,1,1.4,1.5809988677998044
2023-24,37,1,0.9596713721061547,1,20,1,1.2,0.7997261434217956
2023-24,37,2,1.721734074310054,0,49,1,1.2,1.4347783952583784
2023-24,37,3,1.3513442565186746,0,89,1,0.85,1.5898167723749115
2023-24,37,4,1.2462231580913252,0,101,1,0.85,1.4661448918721474
2023-24,37,6,2.2470453489294195,0,173,1,1.2,1.8725377907745164
2023-24,37,8,1.1675245245408796,0,220,1,0.85,1.3735582641657407
2023-24,37,9,1.2912063882063882,1,263,1,0.85,1.5190663390663393
2023-24,37,10,2.3139595959595955,0,275,1,1.4,1.6528282828282828
2023-24,37,11,1.5183304508243973,0,313,1,1.2,1.2652753756869979
2023-24,37,12,1.9927535887401426,0,614,1,1,1.9927535887401426
2023-24,37,16,1.4223272366180604,0,696,1,1,1.4223272366180604
2023-24,37,17,1.5580725221289573,0,576,1,0.85,1.8330264966223027
2023-24,37,20,1.3822729231382465,0,563,1,0.85,1.6262034389861724
2023-24,38,1,0.6767501725327814,0,20,1,0.85,0.796176673567978
2023-24,38,3,1.5864118457300271,0,89,1,1,1.5864118457300271
2023-24,38,4,1.4492652311839067,0,101,1,1,1.4492652311839067
2023-24,38,6,1.6060442150896406,0,173,1,0.85,1.8894637824584006
2023-24,38,9,2.0993441441441445,0,263,1,1.4,1.4995315315315318
2023-24,38,10,1.435072839506173,0,275,1,0.85,1.688320987654321
2023-24,38,11,1.117576644526999,1,313,1,0.85,1.3147960523847049
2023-24,38,14,1.78962305681111,1,597,1,1,1.78962305681111
2023-24,38,15,1.363469790684303,0,427,1,0.85,1.6040821066874154
2023-24,38,16,1.2184306215045948,0,696,1,0.85,1.4334477900054057
2023-24,38,17,1.8422975923195242,0,576,1,1,1.8422975923195242
2023-24,38,18,1.422768487178332,1,520,1,0.85,1.6738452790333318
2023-24,38,20,2.3100918187010717,0,563,1,1.4,1.65006558478648
2024-25,7,1,0.6498224852071005,0,3,1,0.7,0.9283178360101436
2024-25,7,3,1.047135135135135,0,85,1,0.7,1.4959073359073358
2024-25,7,4,1.669973305290406,0,88,1,1,1.669973305290406
2024-25,7,5,1.3817740953356823,0,120,1,0.85,1.6256165827478615
2024-25,7,6,1.5668600095556615,0,162,1,1.2,1.305716674629718
2024-25,7,7,2.030128712871287,0,200,1,1.4,1.450091937765205
2024-25,7,8,1.8515639097744359,1,235,1,1.2,1.5429699248120299
2024-25,7,9,1.660896414590194,0,241,1,1.2,1.3840803454918285
2024-25,7,10,1.4326624358674798,0,267,1,0.85,1.6854852186676232
2024-25,7,11,1.7497709329533375,1,291,1,1,1.7497709329533375
2024-25,7,12,1.0486766491299069,1,339,1,1,1.0486766491299069
2024-25,7,14,2.2003165001350253,1,369,1,1.2,1.8335970834458546
2024-25,7,15,1.5473040629095673,1,395,1,1,1.5473040629095673
2024-25,7,16,1.406073732718894,0,436,1,1.2,1.1717281105990782
2024-25,7,17,2.3090047405837497,0,455,1,1.4,1.6492891004169643
2024-25,7,18,1.4029493087557603,0,498,1,1,1.4029493087557603
2024-25,7,19,1.4948496240601503,0,524,1,0.85,1.7586466165413532
2024-25,7,20,1.6664277554510847,0,533,1,1,1.6664277554510847
2024-25,8,1,0.9097633136094675,0,3,1,1,0.9097633136094675
2024-25,8,2,1.2532835820895523,0,47,1,1,1.2532835820895523
2024-25,8,3,2.0283855855855855,1,85,1,1.4,1.4488468468468467
2024-25,8,4,1.628641751604379,0,88,1,1,1.628641751604379
2024-25,8,5,1.9300608049627752,1,120,1,1.2,1.608384004135646
2024-25,8,6,1.7612031215161648,0,162,1,1.4,1.2580022296544036
2024-25,8,7,1.7361029702970296,0,200,1,1.2,1.4467524752475247
2024-25,8,8,1.340256140350877,1,235,1,0.85,1.5767719298245613
2024-25,8,9,1.3964749891257067,0,241,1,1,1.3964749891257067
2024-25,8,10,1.840424386381631,0,267,1,1,1.840424386381631
2024-25,8,11,1.254230403800475,0,291,1,0.7,1.7917577197149643
2024-25,8,12,1.021431539187913,0,339,1,1,1.021431539187913
2024-25,8,13,0.9934278874925194,0,347,1,1,0.9934278874925194
2024-25,8,14,1.7393572778827977,0,369,1,1,1.7393572778827977
2024-25,8,15,1.488817125382263,0,395,1,1,1.488817125382263
2024-25,8,16,1.2449462365591397,1,436,1,1,1.2449462365591397
2024-25,8,17,1.2203366008437622,0,455,1,0.7,1.7433380012053745
2024-25,8,18,1.2161397849462365,0,498,1,0.85,1.430752688172043
2024-25,8,19,1.684736842105263,0,524,1,1,1.684736842105263
2024-25,8,20,2.2170231215033596,0,533,1,1.2,1.8475192679194665
2024-25,9,2,1.2862033582089554,0,47,1,1,1.2862033582089554
2024-25,9,3,1.6809527027027027,0,85,1,1.2,1.400793918918919
2024-25,9,4,1.3684801458097398,0,88,1,0.85,1.6099766421291055
2024-25,9,6,1.560752508361204,0,162,1,1.2,1.3006270903010033
2024-25,9,7,1.2389433787128712,1,200,1,0.85,1.4575804455445545
2024-25,9,8,1.5563486842105263,0,235,1,1,1.5563486842105263
2024-25,9,9,1.41419530230535,0,241,1,1,1.41419530230535
2024-25,9,10,1.8375777620421063,0,267,1,1,1.8375777620421063
2024-25,9,11,2.1810933144505276,0,291,1,1.2,1.8175777620421063
2024-25,9,12,1.427253895184136,0,339,1,1.4,1.0194670679886686
2024-25,9,13,0.6943745511669659,1,347,1,0.7,0.991963644524237
2024-25,9,14,1.4317378308128546,0,369,1,0.85,1.684397448015123
2024-25,9,15,1.758919266055046,0,395,1,1.2,1.4657660550458715
2024-25,9,16,0.8659959677419355,0,436,1,0.7,1.2371370967741937
2024-25,9,17,2.206919141824307,0,455,1,1.2,1.8390992848535894
2024-25,9,18,1.3900806451612904,0,498,1,1,1.3900806451612904
2024-25,9,19,1.4445246710526316,0,524,1,0.85,1.6994407894736843
2024-25,9,20,1.8326162591037811,0,533,1,1,1.8326162591037811
2024-25,10,1,1.1115882352941178,0,15,1,1.2,0.9263235294117648
2024-25,10,2,1.2287796312554873,0,47,1,1,1.2287796312554873
2024-25,10,3,1.7098378378378376,0,85,1,1.2,1.4248648648648647
2024-25,10,4,1.5917427220038638,0,88,1,1,1.5917427220038638
2024-25,10,6,1.3370607908715324,0,162,1,1,1.3370607908715324
2024-25,10,7,1.4141933605125219,0,200,1,1,1.4141933605125219
2024-25,10,8,1.0772414860681112,0,235,1,0.7,1.5389164086687304
2024-25,10,9,1.3774779315815058,0,241,1,1,1.3774779315815058
2024-25,10,10,1.380831757190859,0,267,1,0.7,1.9726167959869416
2024-25,10,11,1.5417242765889005,0,291,1,0.85,1.813793266575177
2024-25,10,12,1.0200866522246292,0,339,1,1,1.0200866522246292
2024-25,10,13,0.9459657830816348,0,347,1,1,0.9459657830816348
2024-25,10,14,1.7606093628377628,0,369,1,1,1.7606093628377628
2024-25,10,15,2.066421154883972,1,395,1,1.4,1.4760151106314086
2024-25,10,16,1.0277096774193548,1,436,1,0.85,1.2090702087286527
2024-25,10,17,1.9062524328026451,1,455,1,1,1.9062524328026451
2024-25,10,19,2.069015479876161,0,524,1,1.2,1.7241795665634674
2024-25,10,20,1.8004882103883846,0,533,1,1,1.8004882103883846
2024-25,11,1,1.0851666666666668,0,15,1,1.2,0.9043055555555557
2024-25,11,2,1.8144975124378109,0,47,1,1.4,1.2960696517412935
2024-25,11,3,1.4323723723723725,0,85,1,1,1.4323723723723725
2024-25,11,4,1.5794236818925382,0,88,1,1,1.5794236818925382
2024-25,11,5,1.6356578657716754,0,145,1,1.2,1.3630482214763961
2024-25,11,6,1.9218914901523596,0,162,1,1.4,1.3727796358231141
2024-25,11,7,1.4206270627062707,0,200,1,1,1.4206270627062707
2024-25,11,8,1.2703523391812865,1,235,1,0.85,1.49453216374269
2024-25,11,9,1.3337291576047556,1,241,1,1,1.3337291576047556
2024-25,11,10,1.9468190272013486,0,267,1,1,1.9468190272013486
2024-25,11,11,1.766263471645793,0,291,1,1,1.766263471645793
2024-25,11,12,1.0195262826565943,1,339,1,1,1.0195262826565943
2024-25,11,13,1.006745461799322,0,347,1,1,1.006745461799322
2024-25,11,15,1.742817125382263,0,395,1,1.2,1.4523476044852193
2024-25,11,16,1.3789462365591398,0,436,1,1.2,1.1491218637992833
2024-25,11,17,1.8845632447616052,0,455,1,1,1.8845632447616052
2024-25,11,18,1.1689985380116958,0,508,1,0.85,1.3752923976608187
2024-25,11,19,1.7489473684210524,1,524,1,1,1.7489473684210524
2024-25,11,20,1.2891057387426104,1,533,1,0.7,1.8415796267751579
2024-25,12,1,1.1088947368421052,1,15,1,1.2,0.924078947368421
2024-25,12,2,1.3341712490180677,0,47,1,1,1.3341712490180677
2024-25,12,3,1.4348790896159318,0,85,1,1,1.4348790896159318
2024-25,12,4,1.6336645407402994,1,88,1,1,1.6336645407402994
2024-25,12,5,1.411677263132843,0,145,1,1,1.411677263132843
2024-25,12,6,0.9468433374405913,0,162,1,0.7,1.352633339200845
2024-25,12,7,1.7306076081292343,0,200,1,1.2,1.4421730067743619
2024-25,12,8,1.459556786703601,1,235,1,1,1.459556786703601
2024-25,12,9,1.3435328861518736,0,241,1,1,1.3435328861518736
2024-25,12,10,1.6471971999971138,0,267,1,0.85,1.9378790588201338
2024-25,12,11,1.7078790588201338,0,291,1,1,1.7078790588201338
2024-25,12,12,0.7269490084985836,0,339,1,0.7,1.0384985835694052
2024-25,12,13,0.9131423981857697,0,347,1,0.85,1.0742851743361996
2024-25,12,14,1.4217839335180054,0,383,1,0.85,1.6726869806094182
2024-25,12,16,1.6493616298811544,0,436,1,1.4,1.1781154499151103
2024-25,12,18,1.6733850415512466,1,508,1,1.2,1.3944875346260388
2024-25,12,19,2.058382271468144,1,524,1,1.2,1.7153185595567866
2024-25,12,20,1.7768946107108243,0,533,1,1,1.7768946107108243
2024-25,13,1,0.7602187499999999,0,15,1,0.85,0.8943749999999999
2024-25,13,3,1.410135135135135,0,85,1,1,1.410135135135135
2024-25,13,4,1.1283869195922989,0,88,1,0.7,1.6119813137032841
2024-25,13,6,1.3405016722408025,1,162,1,1,1.3405016722408025
2024-25,13,7,1.8306772277227723,0,200,1,1.2,1.5255643564356436
2024-25,13,8,1.4415789473684208,0,235,1,1,1.4415789473684208
2024-25,13,9,1.3423562418442798,0,241,1,1,1.3423562418442798
2024-25,13,10,2.260525485795422,0,267,1,1.2,1.8837712381628517
2024-25,13,11,1.7627712381628518,0,291,1,1,1.7627712381628518
2024-25,13,12,1.2606883852691217,1,339,1,1.2,1.0505736543909348
2024-25,13,14,1.6685526315789474,1,383,1,1,1.6685526315789474
2024-25,13,15,1.1996115241635688,0,413,1,1,1.1996115241635688
2024-25,13,16,1.0019032258064515,1,436,1,0.85,1.1787096774193548
2024-25,13,19,2.3996736842105255,0,524,1,1.4,1.714052631578947
2024-25,13,20,1.7381284544455566,0,533,1,1,1.7381284544455566
2024-25,14,1,0.7863511904761905,1,15,1,0.85,0.9251190476190476
2024-25,14,3,1.160157014157014,1,85,1,0.85,1.3648906048906049
2024-25,14,4,1.9028357870894677,0,88,1,1.2,1.585696489241223
2024-25,14,5,1.6535839598997497,0,146,1,1,1.6535839598997497
2024-25,14,7,1.2365997171145686,1,200,1,0.85,1.4548231966053748
2024-25,14,8,1.4076942355889723,1,235,1,1,1.4076942355889723
2024-25,14,9,1.3093868969945524,0,241,1,1,1.3093868969945524
2024-25,14,10,1.8738094483076255,0,267,1,1,1.8738094483076255
2024-25,14,12,1.2475127478753543,0,339,1,1.2,1.0395939565627952
2024-25,14,14,2.2680701754385963,0,383,1,1.4,1.6200501253132833
2024-25,14,15,1.7168153655514249,0,413,1,1.4,1.2262966896795893
2024-25,14,16,1.380811059907834,0,436,1,1.2,1.1506758832565285
2024-25,14,19,1.2627017543859649,0,524,1,0.7,1.8038596491228072
2024-25,14,20,1.8147010636012035,0,533,1,1,1.8147010636012035
2024-25,15,1,0.8930681818181819,0,15,1,1,0.8930681818181819
2024-25,15,2,0.9265803540437346,1,47,1,0.7,1.3236862200624782
2024-25,15,3,1.1298316953316951,0,85,1,0.85,1.329213759213759
2024-25,15,4,1.9488887058581281,0,88,1,1.2,1.62407392154844
2024-25,15,5,1.1227333333333334,0,146,1,0.7,1.603904761904762
2024-25,15,6,1.3314301640388597,0,162,1,1,1.3314301640388597
2024-25,15,7,1.6931611161116111,0,200,1,1.2,1.410967596759676
2024-25,15,9,1.8350897623472653,0,241,1,1.4,1.3107784016766182
2024-25,15,10,1.8693985198042482,0,267,1,1,1.8693985198042482
2024-25,15,11,1.8527358589265808,0,293,1,1,1.8527358589265808
2024-25,15,13,1.1359319642379713,0,350,1,1,1.1359319642379713
2024-25,15,14,1.9735119617224879,0,383,1,1.2,1.6445933014354066
2024-25,15,15,1.261010476512335,0,413,1,1,1.261010476512335
2024-25,15,16,1.20791788856305,0,436,1,1,1.20791788856305
2024-25,15,17,2.552587085505527,0,476,1,1.2,2.1271559045879394
2024-25,15,18,1.520009632690309,0,495,1,1,1.520009632690309
2024-25,15,19,1.7977751196172247,0,524,1,1,1.7977751196172247
2024-25,16,1,0.8611956521739131,1,15,1,1,0.8611956521739131
2024-25,16,2,1.5354268656716414,0,47,1,1.2,1.2795223880597013
2024-25,16,3,1.1294911868390127,0,85,1,0.85,1.328813160987074
2024-25,16,4,1.9413718056034268,0,88,1,1.2,1.6178098380028558
2024-25,16,5,1.5899092970521542,0,146,1,1,1.5899092970521542
2024-25,16,6,1.4027287929461842,0,162,1,1,1.4027287929461842
2024-25,16,7,1.4126646577701247,0,200,1,1,1.4126646577701247
2024-25,16,8,1.9308277511961718,1,235,1,1.4,1.3791626794258371
2024-25,16,10,1.9321618177897406,0,267,1,1,1.9321618177897406
2024-25,16,12,1.0873396858099407,0,339,1,1,1.0873396858099407
2024-25,16,13,0.9736225033164551,0,350,1,0.85,1.1454382391958295
2024-25,16,14,1.931011441647597,0,383,1,1.2,1.6091762013729976
2024-25,16,17,1.8160498502133238,0,476,1,0.85,2.136529235545087
2024-25,16,19,1.7904805491990845,0,524,1,1,1.7904805491990845
2024-25,16,20,1.4813194242157608,0,533,1,0.85,1.7427287343714835
2024-25,17,1,0.8290625,0,15,1,1,0.8290625
2024-25,17,2,1.5609831692600824,0,47,1,1.2,1.3008193077167354
2024-25,17,3,1.3642792792792793,1,85,1,1,1.3642792792792793
2024-25,17,4,1.971981313703284,0,88,1,1.2,1.6433177614194034
2024-25,17,5,1.3792445887445888,0,146,1,0.85,1.6226406926406927
2024-25,17,6,1.4117405845572197,1,162,1,1,1.4117405845572197
2024-25,17,7,1.9536584158415837,0,200,1,1.4,1.3954702970297028
2024-25,17,8,1.3722425629290618,1,235,1,1,1.3722425629290618
2024-25,17,9,0.9833004385964913,1,248,1,0.7,1.4047149122807019
2024-25,17,10,2.28644467289396,0,267,1,1.2,1.905370560744967
2024-25,17,12,1.0931075255573346,0,339,1,1,1.0931075255573346
2024-25,17,13,1.4244431324191946,0,350,1,1.2,1.1870359436826623
2024-25,17,14,1.5817105263157893,0,383,1,1,1.5817105263157893
2024-25,17,15,1.1804747108097329,1,395,1,0.85,1.388793777423215
2024-25,17,16,1.15625,1,443,1,1,1.15625
2024-25,17,17,2.1512692442685926,1,476,1,1,2.1512692442685926
2024-25,17,18,2.1873177674130235,0,495,1,1.4,1.5623698338664453
2024-25,17,19,1.7954605263157892,0,524,1,1,1.7954605263157892
2024-25,18,1,0.730575,1,15,1,0.85,0.8595
2024-25,18,2,1.54771855010661,0,47,1,1.2,1.289765458422175
2024-25,18,3,1.400108108108108,1,85,1,1,1.400108108108108
2024-25,18,4,1.6135850509626273,1,88,1,1,1.6135850509626273
2024-25,18,5,1.609047619047619,1,146,1,1,1.609047619047619
2024-25,18,6,1.3958347268673355,0,162,1,1,1.3958347268673355
2024-25,18,7,1.4544514851485149,1,200,1,1,1.4544514851485149
2024-25,18,8,1.621078947368421,0,235,1,1.2,1.3508991228070175
2024-25,18,9,1.6307115789473687,0,248,1,1.2,1.358926315789474
2024-25,18,10,2.687738642645969,0,267,1,1.4,1.919813316175692
2024-25,18,12,0.769751298394712,0,339,1,0.7,1.0996447119924457
2024-25,18,13,1.2076167983552761,0,350,1,1,1.2076167983552761
2024-25,18,14,1.5680421052631577,0,383,1,1,1.5680421052631577
2024-25,18,15,1.3605107033639146,1,395,1,1,1.3605107033639146
2024-25,18,16,0.96798,1,443,1,0.85,1.1388
2024-25,19,1,0.8325961538461538,0,15,1,1,0.8325961538461538
2024-25,19,2,1.3474217149546386,0,47,1,1,1.3474217149546386
2024-25,19,3,1.3635654885654882,0,85,1,1,1.3635654885654882
2024-25,19,4,2.241595260911229,0,88,1,1.4,1.6011394720794492
2024-25,19,5,1.8969047619047616,0,146,1,1.2,1.5807539682539682
2024-25,19,6,1.1995211371237458,0,162,1,0.85,1.411201337792642
2024-25,19,8,1.6565557894736842,0,235,1,1.2,1.3804631578947368
2024-25,19,9,1.3497368421052633,0,248,1,1,1.3497368421052633
2024-25,19,10,1.915363453651551,1,267,1,1,1.915363453651551
2024-25,19,12,0.9088700849858357,1,339,1,0.85,1.0692589235127479
2024-25,19,13,0.8288059376423432,1,350,1,0.7,1.1840084823462047
2024-25,19,14,1.848971659919028,0,383,1,1.2,1.54080971659919
2024-25,19,15,1.3196902752293578,1,395,1,1,1.3196902752293578
2024-25,19,16,1.1296153846153845,1,443,1,1,1.1296153846153845
2024-25,19,18,1.6833418497700565,0,495,1,1,1.6833418497700565
2024-25,19,19,2.4767251461988304,0,524,1,1.4,1.7690893901420217
2024-25,19,20,1.665432064371768,0,533,1,1,1.665432064371768
2024-25,20,1,0.8125,0,15,1,1,0.8125
2024-25,20,2,0.9374519853562376,0,47,1,0.7,1.3392171219374824
2024-25,20,3,1.354174174174174,1,85,1,1,1.354174174174174
2024-25,20,4,1.129842162660962,1,88,1,0.7,1.614060232372803
2024-25,20,5,2.224213333333333,0,146,1,1.4,1.5887238095238094
2024-25,20,6,1.4176935940313866,0,162,1,1,1.4176935940313866
2024-25,20,7,1.4557201646090534,0,201,1,1,1.4557201646090534
2024-25,20,8,1.3842914979757084,0,235,1,1,1.3842914979757084
2024-25,20,9,1.167117933723197,0,248,1,0.85,1.3730799220272907
2024-25,20,10,1.9185824476253022,0,267,1,1,1.9185824476253022
2024-25,20,11,2.2945474779038184,0,295,1,1.2,1.912122898253182
2024-25,20,12,0.8856827740248419,0,339,1,0.85,1.0419797341468728
2024-25,20,13,1.0102786546280067,0,350,1,0.85,1.1885631230917726
2024-25,20,14,2.1767953216374267,0,383,1,1.4,1.5548538011695905
2024-25,20,15,1.3035483415666902,0,395,1,1,1.3035483415666902
2024-25,20,16,1.1207407407407406,1,443,1,1,1.1207407407407406
2024-25,20,17,2.0854059855289164,0,476,1,1,2.0854059855289164
2024-25,20,18,1.9738927907457138,0,495,1,1.2,1.6449106589547615
2024-25,20,19,2.186155082362394,0,524,1,1.2,1.8217959019686618
2024-25,20,20,2.0263919152363417,0,533,1,1.2,1.6886599293636182
2024-25,21,1,0.7121026785714286,0,15,1,0.85,0.8377678571428572
2024-25,21,2,1.305427408412483,1,47,1,1,1.305427408412483
2024-25,21,3,1.5974015444015441,0,85,1,1.2,1.3311679536679535
2024-25,21,4,1.8801268403171005,0,88,1,1.2,1.5667723669309173
2024-25,21,5,1.327245421245421,1,146,1,0.85,1.5614652014652013
2024-25,21,6,1.405186423882076,0,162,1,1,1.405186423882076
2024-25,21,7,1.013611111111111,1,201,1,0.7,1.448015873015873
2024-25,21,8,1.4011695906432748,0,235,1,1,1.4011695906432748
2024-25,21,9,1.173703007518797,0,248,1,0.85,1.3808270676691732
2024-25,21,10,1.9322232179787675,0,267,1,1,1.9322232179787675
2024-25,21,12,1.2507321372363867,0,339,1,1.2,1.0422767810303222
2024-25,21,13,1.1954184207079526,0,350,1,1,1.1954184207079526
2024-25,21,14,1.1200263157894734,0,383,1,0.7,1.6000375939849623
2024-25,21,15,1.2904539585457016,1,395,1,1,1.2904539585457016
2024-25,21,16,1.5915,0,443,1,1.4,1.1367857142857143
2024-25,21,17,2.1798717712527993,0,476,1,1,2.1798717712527993
2024-25,21,18,2.3504116902142878,0,495,1,1.4,1.6788654930102056
2024-25,21,19,1.8250386996904022,0,524,1,1,1.8250386996904022
2024-25,21,20,2.0498419057368635,0,533,1,1.2,1.708201588114053
2024-25,22,1,0.8357758620689655,0,15,1,1,0.8357758620689655
2024-25,22,2,1.8194721131186176,0,47,1,1.4,1.2996229379418698
2024-25,22,3,1.6457670083876976,0,85,1,1.2,1.371472506989748
2024-25,22,4,2.2240509235755845,0,88,1,1.4,1.588607802553989
2024-25,22,5,1.5143738977072307,0,146,1,1,1.5143738977072307
2024-25,22,7,1.238199233716475,1,201,1,0.85,1.4567049808429118
2024-25,22,8,1.1851907894736842,0,235,1,0.85,1.394342105263158
2024-25,22,9,0.9561796733212341,1,248,1,0.7,1.3659709618874774
2024-25,22,10,2.2803043400509972,0,267,1,1.2,1.9002536167091646
2024-25,22,11,1.9019909662616372,0,295,1,1,1.9019909662616372
2024-25,22,12,1.0161240388506678,1,339,1,1,1.0161240388506678
2024-25,22,13,1.058953752591987,1,350,1,0.85,1.245827944225867
2024-25,22,14,1.597277676950998,0,383,1,1,1.597277676950998
2024-25,22,15,1.3022234600262124,0,395,1,1,1.3022234600262124
2024-25,22,16,0.8163448275862067,0,443,1,0.7,1.166206896551724
2024-25,22,17,2.663134575739877,0,476,1,1.2,2.2192788131165644
2024-25,22,18,1.6704098713472668,0,495,1,1,1.6704098713472668
2024-25,22,19,1.8276969018290405,0,524,1,1,1.8276969018290405
2024-25,23,1,0.8425833333333334,1,15,1,1,0.8425833333333334
2024-25,23,2,1.1055547685302303,0,47,1,0.85,1.3006526688590945
2024-25,23,3,1.6225081081081079,1,85,1,1.2,1.3520900900900898
2024-25,23,4,1.6499875424688561,0,88,1,1,1.6499875424688561
2024-25,23,5,1.5131462585034012,0,146,1,1,1.5131462585034012
2024-25,23,6,1.676572861920688,0,162,1,1.2,1.3971440516005735
2024-25,23,7,1.4174814814814816,0,201,1,1,1.4174814814814816
2024-25,23,8,1.3848820326678766,1,235,1,1,1.3848820326678766
2024-25,23,9,1.1356894736842107,0,248,1,0.85,1.336105263157895
2024-25,23,11,1.91336292151868,0,295,1,1,1.91336292151868
2024-25,23,12,0.8550259353326167,0,339,1,0.85,1.0059128650971962
2024-25,23,13,1.2224382037963868,0,350,1,1,1.2224382037963868
2024-25,23,14,1.6083684210526314,1,383,1,1,1.6083684210526314
2024-25,23,15,0.9346751660866813,0,395,1,0.7,1.3352502372666877
2024-25,23,16,1.157,0,443,1,1,1.157
2024-25,23,17,2.6572007602969436,0,476,1,1.2,2.2143339669141198
2024-25,23,18,1.1762600604201738,0,495,1,0.7,1.6803715148859628
2024-25,23,19,2.172372025955299,0,524,1,1.2,1.810310021629416
2024-25,24,1,1.0071290322580644,0,15,1,1.2,0.8392741935483871
2024-25,24,2,1.3009591387325667,0,47,1,1,1.3009591387325667
2024-25,24,3,1.876122057541412,0,85,1,1.4,1.3400871839581514
2024-25,24,4,1.38686072041793,0,88,1,0.85,1.631600847550506
2024-25,24,5,1.788334975369458,0,146,1,1.2,1.490279146141215
2024-25,24,6,1.219897532003229,0,162,1,0.85,1.4351735670626224
2024-25,24,7,1.421111111111111,1,201,1,1,1.421111111111111
2024-25,24,9,1.5612835314091682,0,248,1,1.2,1.3010696095076402
2024-25,24,13,1.7388542041390949,0,350,1,1.4,1.2420387172422107
2024-25,24,14,1.5780984719864177,0,383,1,1,1.5780984719864177
2024-25,24,15,1.3160752293577982,0,395,1,1,1.3160752293577982
2024-25,24,16,1.1741935483870967,1,443,1,1,1.1741935483870967
2024-25,24,17,1.9005892043133374,0,476,1,0.85,2.235987299192162
2024-25,24,18,1.676230293043556,1,495,1,1,1.676230293043556
2024-25,24,19,2.1342140118508186,0,524,1,1.2,1.778511676542349
2024-25,25,1,0.5868515624999998,1,15,1,0.7,0.8383593749999998
2024-25,25,3,0.9638716216216213,0,85,1,0.7,1.3769594594594592
2024-25,25,4,1.3663650729048695,1,88,1,0.85,1.6074883210645525
2024-25,25,5,1.5542698412698415,1,146,1,1,1.5542698412698415
2024-25,25,6,1.4280011148272018,0,162,1,1,1.4280011148272018
2024-25,25,7,1.4117013888888887,0,201,1,1,1.4117013888888887
2024-25,25,8,1.3084868421052631,0,235,1,1,1.3084868421052631
2024-25,25,9,1.5406184210526315,0,248,1,1.2,1.2838486842105263
2024-25,25,14,1.610032894736842,0,383,1,1,1.610032894736842
2024-25,25,15,1.5887325244155075,0,395,1,1.2,1.3239437703462562
2024-25,25,16,1.1649999999999998,0,443,1,1,1.1649999999999998
2024-25,25,17,2.2219374492673585,0,476,1,1,2.2219374492673585
2024-25,25,18,1.4356451144167226,1,495,1,0.85,1.6889942522549677
2024-25,25,19,1.7750337381916328,0,524,1,1,1.7750337381916328
2024-25,25,20,2.4045443333378294,0,533,1,1.4,1.7175316666698783
2024-25,26,1,0.6966780303030301,0,15,1,0.85,0.819621212121212
2024-25,26,2,1.3169926486968144,0,47,1,1,1.3169926486968144
2024-25,26,4,1.1085375270256357,1,88,1,0.7,1.583625038608051
2024-25,26,5,1.0650860215053763,1,146,1,0.7,1.5215514592933947
2024-25,26,6,1.7132916172186858,0,162,1,1.2,1.427743014348905
2024-25,26,7,1.398013468013468,1,201,1,1,1.398013468013468
2024-25,26,8,1.1228133971291867,0,235,1,0.85,1.320956937799043
2024-25,26,9,1.257671451355662,0,248,1,1,1.257671451355662
2024-25,26,10,1.6251953957531453,0,267,1,0.85,1.9119945832389946
2024-25,26,12,1.2155814030994831,1,339,1,1.2,1.0129845025829027
2024-25,26,13,1.6965775634288829,0,350,1,1.4,1.2118411167349163
2024-25,26,14,1.6288197767145134,0,383,1,1,1.6288197767145134
2024-25,26,15,1.6103346330275228,0,395,1,1.2,1.3419455275229357
2024-25,26,16,1.4349090909090907,0,443,1,1.2,1.1957575757575756
2024-25,26,17,2.1871005991815284,0,476,1,1,2.1871005991815284
2024-25,26,19,2.4800457665903886,1,524,1,1.4,1.7714612618502776
2024-25,27,1,0.9923823529411764,1,15,1,1.2,0.826985294117647
2024-25,27,4,1.5520478315901671,0,88,1,1,1.5520478315901671
2024-25,27,5,1.4780654761904763,0,146,1,1,1.4780654761904763
2024-25,27,6,1.019156981605351,1,162,1,0.7,1.4559385451505016
2024-25,27,7,1.3630718954248366,0,201,1,1,1.3630718954248366
2024-25,27,8,1.2941640866873065,0,235,1,1,1.2941640866873065
2024-25,27,9,1.258622291021672,0,248,1,1,1.258622291021672
2024-25,27,12,1.2024505058680692,1,339,1,1.2,1.0020420882233911
2024-25,27,13,1.1963628095018313,1,350,1,1,1.1963628095018313
2024-25,27,14,1.3915263157894735,0,383,1,0.85,1.6370897832817335
2024-25,27,15,1.9142775646371972,0,395,1,1.4,1.3673411175979981
2024-25,27,16,1.7504117647058821,1,443,1,1.4,1.2502941176470588
2024-25,27,18,2.007338580617629,0,495,1,1.2,1.672782150514691
2024-25,27,19,1.2283956880152185,1,524,1,0.7,1.7548509828788836
2024-25,27,20,1.6860508752227046,0,533,1,1,1.6860508752227046
2024-25,28,1,0.8147857142857141,0,15,1,1,0.8147857142857141
2024-25,28,3,1.457357164748399,0,70,1,1,1.457357164748399
2024-25,28,4,1.546846464973305,0,88,1,1,1.546846464973305
2024-25,28,5,1.4775180375180377,0,146,1,1,1.4775180375180377
2024-25,28,6,1.0035461639809464,1,162,1,0.7,1.4336373771156379
2024-25,28,7,1.134736507936508,1,201,1,0.85,1.334984126984127
2024-25,28,8,1.2994736842105261,0,235,1,1,1.2994736842105261
2024-25,28,9,1.2600902255639097,0,248,1,1,1.2600902255639097
2024-25,28,10,1.8760274369046077,0,267,1,1,1.8760274369046077
2024-25,28,12,0.6864175322631412,0,339,1,0.7,0.9805964746616304
2024-25,28,13,1.4404335152099772,0,350,1,1.2,1.200361262674981
2024-25,28,14,2.2836421052631573,0,383,1,1.4,1.6311729323308268
2024-25,28,15,1.1705564220183486,1,395,1,0.85,1.3771252023745277
2024-25,28,16,1.4914285714285713,1,443,1,1.2,1.2428571428571429
2024-25,28,17,3.1532425200174847,0,476,1,1.4,2.252316085726775
2024-25,28,19,2.057580794090489,0,524,1,1.2,1.7146506617420745
2024-25,28,20,1.686171972745688,0,533,1,1,1.686171972745688
2024-25,29,1,0.8343749999999998,1,15,1,1,0.8343749999999998
2024-25,29,3,1.45942153329044,0,70,1,1,1.45942153329044
2024-25,29,4,1.5408229520573797,0,88,1,1,1.5408229520573797
2024-25,29,5,1.7526386554621851,0,146,1,1.2,1.4605322128851543
2024-25,29,6,1.9521778477277196,0,162,1,1.4,1.3944127483769426
2024-25,29,8,1.0920511695906432,0,235,1,0.85,1.284766081871345
2024-25,29,9,1.07768567251462,1,248,1,0.85,1.2678654970760235
2024-25,29,10,2.2992824475147113,0,267,1,1.2,1.9160687062622594
2024-25,29,13,1.1866967973293554,0,350,1,1,1.1866967973293554
2024-25,29,14,1.1416038011695904,1,383,1,0.7,1.6308625730994148
2024-25,29,16,1.0473888888888887,0,443,1,0.85,1.232222222222222
2024-25,29,17,2.307934963782129,0,476,1,1,2.307934963782129
2024-25,29,19,1.7051435406698563,0,524,1,1,1.7051435406698563
2024-25,30,1,0.8215540540540538,0,15,1,1,0.8215540540540538
2024-25,30,2,1.388835820895522,1,47,1,1,1.388835820895522
2024-25,30,3,1.2257245307157507,0,70,1,0.85,1.442028859665589
2024-25,30,4,1.853177068348076,0,88,1,1.2,1.5443142236233967
2024-25,30,5,1.4679455782312927,0,146,1,1,1.4679455782312927
2024-25,30,6,1.1686293836598183,1,162,1,0.85,1.3748580984233156
2024-25,30,7,0.9373086419753086,0,201,1,0.7,1.3390123456790124
2024-25,30,8,1.781465149359886,0,235,1,1.4,1.272475106685633
2024-25,30,9,1.7629843527738263,0,248,1,1.4,1.2592745376955903
2024-25,30,12,0.9638235969680727,1,339,1,1,0.9638235969680727
2024-25,30,13,0.8475503998395357,1,350,1,0.7,1.210786285485051
2024-25,30,14,1.9420881934566139,0,383,1,1.2,1.6184068278805117
2024-25,30,15,1.3506359108781127,0,395,1,1,1.3506359108781127
2024-25,30,16,1.0287297297297298,1,443,1,0.85,1.2102702702702703
2024-25,30,17,2.2483693114522842,0,476,1,1,2.2483693114522842
2024-25,30,19,1.6856644373364351,0,524,1,1,1.6856644373364351
2024-25,31,1,0.825986842105263,0,15,1,1,0.825986842105263
2024-25,31,2,1.6503084577114424,0,47,1,1.2,1.3752570480928688
2024-25,31,3,1.2195069604246191,0,70,1,0.85,1.4347140710877873
2024-25,31,4,1.53762174405436,1,88,1,1,1.53762174405436
2024-25,31,5,1.4618915343915344,0,146,1,1,1.4618915343915344
2024-25,31,7,1.3209309309309307,0,201,1,1,1.3209309309309307
2024-25,31,8,1.7887423822714679,0,235,1,1.4,1.2776731301939057
2024-25,31,9,1.8042742382271468,0,248,1,1.4,1.2887673130193906
2024-25,31,12,0.9560913970478604,0,339,1,1,0.9560913970478604
2024-25,31,13,1.1794651245046806,1,350,1,1,1.1794651245046806
2024-25,31,14,1.9061385041551244,1,383,1,1.2,1.5884487534626037
2024-25,31,15,0.9502938837920489,1,395,1,0.7,1.3575626911314986
2024-25,31,16,1.465578947368421,0,443,1,1.2,1.2213157894736844
2024-25,31,17,2.2041468085071334,0,476,1,1,2.2041468085071334
2024-25,31,18,1.1907278801671757,0,495,1,0.7,1.701039828810251
2024-25,31,19,1.6720713073005091,0,524,1,1,1.6720713073005091
2024-25,32,1,0.83275641025641,0,15,1,1,0.83275641025641
2024-25,32,2,0.9646615570794673,1,47,1,0.7,1.3780879386849534
2024-25,32,3,1.4152132662004142,1,70,1,1,1.4152132662004142
2024-25,32,4,2.1416276098382547,0,88,1,1.4,1.5297340070273249
2024-25,32,5,1.007018018018018,0,146,1,0.7,1.4385971685971686
2024-25,32,6,1.1548202341137122,0,162,1,0.85,1.3586120401337791
2024-25,32,8,1.548971659919028,1,235,1,1.2,1.29080971659919
2024-25,32,9,1.2941835357624834,0,248,1,1,1.2941835357624834
2024-25,32,10,2.397383411790847,0,630,1,1.2,1.9978195098257057
2024-25,32,11,1.8724032151299974,0,295,1,1,1.8724032151299974
2024-25,32,12,0.8079680031960484,0,339,1,0.85,0.9505505919953511
2024-25,32,13,1.1722644531253987,0,350,1,1,1.1722644531253987
2024-25,32,16,1.267692307692308,0,443,1,1,1.267692307692308
2024-25,32,17,2.2019453783298975,0,476,1,1,2.2019453783298975
2024-25,32,19,2.357316065031689,0,524,1,1.4,1.6837971893083492
2024-25,33,3,1.4064043084578461,1,70,1,1,1.4064043084578461
2024-25,33,4,1.5154906568516417,0,88,1,1,1.5154906568516417
2024-25,33,5,1.4402130325814537,0,146,1,1,1.4402130325814537
2024-25,33,6,1.3508117147247583,0,162,1,1,1.3508117147247583
2024-25,33,8,1.5258473684210525,0,235,1,1.2,1.2715394736842105
2024-25,33,9,1.2983289473684212,0,248,1,1,1.2983289473684212
2024-25,33,10,2.807333365167848,0,630,1,1.4,2.005238117977034
2024-25,33,12,0.6750007790368271,1,339,1,0.7,0.9642868271954673
2024-25,33,14,1.5602834008097164,0,383,1,1,1.5602834008097164
2024-25,33,15,1.6019155963302754,0,395,1,1.2,1.3349296636085628
2024-25,33,16,1.27,0,443,1,1,1.27
2024-25,33,17,1.8921243692284542,0,476,1,0.85,2.2260286696805345
2024-25,33,18,2.018136010334196,0,495,1,1.2,1.68178000861183
2024-25,33,19,1.1803759398496239,0,524,1,0.7,1.6862513426423198
2024-25,34,3,1.1735235821236385,0,70,1,0.85,1.3806159789689865
2024-25,34,4,1.8160866226555805,1,88,1,1.2,1.5134055188796505
2024-25,34,5,1.2400866910866912,0,146,1,0.85,1.458925518925519
2024-25,34,6,1.321842985389896,1,162,1,1,1.321842985389896
2024-25,34,8,1.548338896020539,0,235,1,1.2,1.2902824133504494
2024-25,34,9,0.9020295250320925,0,248,1,0.7,1.2886136071887038
2024-25,34,10,2.423630754325531,0,630,1,1.2,2.019692295271276
2024-25,34,12,0.8052500518206314,0,339,1,0.85,0.9473530021419193
2024-25,34,14,1.5275263157894734,0,383,1,1,1.5275263157894734
2024-25,34,15,1.1543479587155963,1,395,1,0.85,1.3580564220183486
2024-25,34,16,1.2912195121951222,0,443,1,1,1.2912195121951222
2024-25,34,17,2.1898341058439366,0,476,1,1,2.1898341058439366
2024-25,34,19,1.6602251898402722,0,524,1,1,1.6602251898402722
2024-25,35,1,0.8247023809523807,0,15,1,1,0.8247023809523807
2024-25,35,2,1.340731343283582,1,47,1,1,1.340731343283582
2024-25,35,3,1.9715897475864992,0,70,1,1.4,1.4082783911332137
2024-25,35,4,1.27539719840371,0,88,1,0.85,1.500467292239659
2024-25,35,5,1.7450428571428573,0,146,1,1.2,1.4542023809523812
2024-25,35,6,1.818924277506217,0,162,1,1.4,1.2992316267901551
2024-25,35,7,1.628984126984127,0,201,1,1.2,1.3574867724867725
2024-25,35,8,1.08843671679198,0,235,1,0.85,1.280513784461153
2024-25,35,9,1.5275187969924815,0,248,1,1.2,1.272932330827068
2024-25,35,10,2.0411534364044135,0,630,1,1,2.0411534364044135
2024-25,35,11,1.3513061541508593,1,295,1,0.7,1.9304373630726563
2024-25,35,12,1.1228992310805341,0,339,1,1.2,0.9357493592337784
2024-25,35,13,1.1963404832672742,1,350,1,1,1.1963404832672742
2024-25,35,15,1.3273721190422914,0,395,1,1,1.3273721190422914
2024-25,35,16,1.299761904761905,0,443,1,1,1.299761904761905
2024-25,35,17,1.5368458293527865,0,476,1,0.7,2.195494041932552
2024-25,35,19,1.4039658916709248,0,524,1,0.85,1.651724578436382
2024-25,35,20,1.9222005969154696,0,533,1,1.2,1.6018338307628914
2024-25,36,1,1.1593139534883716,0,15,1,1.4,0.828081395348837
2024-25,36,2,1.3287622861303239,1,47,1,1,1.3287622861303239
2024-25,36,4,1.2765740077431584,1,88,1,0.85,1.5018517738154806
2024-25,36,5,1.464343786295006,1,146,1,1,1.464343786295006
2024-25,36,6,1.5516010033444816,0,162,1,1.2,1.2930008361204013
2024-25,36,7,1.3424289405684755,1,201,1,1,1.3424289405684755
2024-25,36,8,1.270501835985312,0,235,1,1,1.270501835985312
2024-25,36,9,1.2656548347613221,0,248,1,1,1.2656548347613221
2024-25,36,10,2.0035823811758586,0,630,1,1,2.0035823811758586
2024-25,36,11,2.2703878982648127,0,295,1,1.2,1.8919899152206774
2024-25,36,12,1.3814898214638645,0,339,1,1.4,0.9867784439027604
2024-25,36,13,0.8239808676739377,1,350,1,0.7,1.1771155252484826
2024-25,36,15,1.3121965923984273,1,395,1,1,1.3121965923984273
2024-25,36,16,0.9303488372093023,0,443,1,0.7,1.3290697674418606
2024-25,36,19,1.6308306310800698,1,524,1,1,1.6308306310800698
2024-25,36,20,1.5794634169477686,0,533,1,1,1.5794634169477686
2024-25,37,1,1.040931818181818,1,15,1,1.2,0.8674431818181816
2024-25,37,2,1.1187468017057567,1,47,1,0.85,1.3161727078891254
2024-25,37,4,1.4888551425924015,0,88,1,1,1.4888551425924015
2024-25,37,5,2.0316031746031746,0,146,1,1.4,1.4511451247165534
2024-25,37,6,1.1047933762949669,1,162,1,0.85,1.2997569132881963
2024-25,37,7,1.3273737373737373,0,201,1,1,1.3273737373737373
2024-25,37,8,0.8817069377990431,1,235,1,0.7,1.2595813397129187
2024-25,37,9,1.2623444976076554,0,248,1,1,1.2623444976076554
2024-25,37,10,1.3922958454101901,0,630,1,0.7,1.9889940648717004
2024-25,37,13,1.1517251645171145,0,350,1,1,1.1517251645171145
2024-25,37,14,1.80383568677792,0,383,1,1.2,1.5031964056482667
2024-25,37,15,1.8168176658843609,0,395,1,1.4,1.297726904203115
2024-25,37,16,1.1247045454545455,0,443,1,0.85,1.3231818181818182
2024-25,37,19,1.9750292397660818,0,524,1,1.2,1.6458576998050682
2024-25,37,20,1.5792318488332229,0,533,1,1,1.5792318488332229
2024-25,38,1,0.6226499999999998,0,15,1,0.7,0.8894999999999998
2024-25,38,3,0.9835278863216279,1,70,1,0.7,1.4050398376023256
2024-25,38,4,1.477769472757015,0,88,1,1,1.477769472757015
2024-25,38,5,1.4694905869324475,0,146,1,1,1.4694905869324475
2024-25,38,6,1.5308580984233155,1,162,1,1.2,1.2757150820194296
2024-25,38,7,1.8643160493827162,0,201,1,1.4,1.3316543209876546
2024-25,38,8,1.5101754385964912,1,235,1,1.2,1.2584795321637428
2024-25,38,9,1.5576842105263158,0,248,1,1.2,1.2980701754385966
2024-25,38,10,1.6664024055773297,0,630,1,0.85,1.9604734183262702
2024-25,38,11,1.8681830855199653,0,295,1,1,1.8681830855199653
2024-25,38,12,1.0168516610867886,0,339,1,1,1.0168516610867886
2024-25,38,13,1.149612763082483,1,350,1,1,1.149612763082483
2024-25,38,15,1.2827785654712258,0,395,1,1,1.2827785654712258
2024-25,38,16,1.318888888888889,0,443,1,1,1.318888888888889
2024-25,38,18,1.6885409291106126,0,495,1,1,1.6885409291106126
2024-25,38,19,1.4050202429149796,0,524,1,0.85,1.652964991664682
2025-26,7,1,0.6851447368421052,1,1,1,0.85,0.8060526315789474
2025-26,7,3,2.2847382431233356,0,187,0.75,1.2,1.9039485359361132
2025-26,7,4,1.1263744608789985,0,67,1,1,1.1263744608789985
2025-26,7,5,1.5258857142857143,0,101,1,1.2,1.2715714285714286
2025-26,7,6,1.2422142857142855,0,139,1,0.85,1.4614285714285713
2025-26,7,8,1.2439849624060149,0,253,1,1,1.2439849624060149
2025-26,7,9,1.2805263157894735,0,287,1,1,1.2805263157894735
2025-26,7,10,1.5439398496240602,0,314,1,1.2,1.2866165413533834
2025-26,7,11,1.2760493017032486,0,343,1.019348107310376,1,1.2760493017032486
2025-26,7,13,1.1856904684070424,0,260,0.7826126599460105,1,1.1856904684070424
2025-26,7,15,1.0480612244897958,1,469,1,1,1.0480612244897958
2025-26,7,16,1.3901503759398492,0,502,1,1,1.3901503759398492
2025-26,7,18,1.3107142857142857,0,565,1,1,1.3107142857142857
2025-26,7,19,1.900469022384548,0,603,0.9708797300660319,1.4,1.35747787313182
2025-26,8,1,0.7849824561403509,1,1,1,1,0.7849824561403509
2025-26,8,2,1.2771416667942415,0,36,0.75,1,1.2771416667942415
2025-26,8,3,1.58809917184265,1,187,0.75,0.85,1.8683519668737059
2025-26,8,4,1.1084517119119437,0,67,1,1,1.1084517119119437
2025-26,8,5,1.2421333333333333,1,101,1,1,1.2421333333333333
2025-26,8,6,1.4013333333333333,0,139,1,1,1.4013333333333333
2025-26,8,7,1.2643789556962024,1,220,1,1,1.2643789556962024
2025-26,8,8,1.2963859649122806,0,253,1,1,1.2963859649122806
2025-26,8,9,1.8272210526315789,0,287,1,1.4,1.305157894736842
2025-26,8,10,1.5306105263157894,0,314,1,1.2,1.2755087719298246
2025-26,8,11,1.0394254856777083,0,343,1.0119980726272417,0.85,1.2228535125620097
2025-26,8,12,1.0454594594594595,0,373,0.8958115795714578,1,1.0454594594594595
2025-26,8,13,1.2419777705132395,0,260,0.8122523963562356,1,1.2419777705132395
2025-26,8,14,1.8433468617272297,0,436,0.8330020140385589,1.2,1.5361223847726915
2025-26,8,15,1.1970285714285713,0,469,1,1.2,0.9975238095238095
2025-26,8,16,1.5161403508771927,0,502,1,1,1.5161403508771927
2025-26,8,17,0.8888495316716939,1,670,1,0.7,1.269785045245277
2025-26,8,18,1.3353333333333333,0,565,1,1,1.3353333333333333
2025-26,9,1,0.763421052631579,1,1,1,1,0.763421052631579
2025-26,9,2,1.4923642798043761,1,36,0.7508221022644561,1.2,1.2436368998369802
2025-26,9,3,1.6285617236024843,0,187,0.7838591919314796,0.85,1.9159549689440993
2025-26,9,4,1.3323102166967635,1,67,1,1,1.3323102166967635
2025-26,9,5,1.185125,0,101,1,1,1.185125
2025-26,9,6,1.68525,0,139,1,1.2,1.404375
2025-26,9,7,1.1360588995568686,0,220,1,0.85,1.33653988183161
2025-26,9,8,1.8791315789473682,0,253,1,1.4,1.342236842105263
2025-26,9,9,1.3729605263157896,0,287,1,1,1.3729605263157896
2025-26,9,10,1.3126644736842104,0,314,1,1,1.3126644736842104
2025-26,9,12,1.0638682432432434,0,373,0.9256744646680886,1,1.0638682432432434
2025-26,9,13,1.5494749918273945,0,260,0.8209601796640964,1.2,1.291229159856162
2025-26,9,14,1.6119897357243982,0,436,0.8362620107246763,1,1.6119897357243982
2025-26,9,15,0.9920535714285714,0,469,1,1,0.9920535714285714
2025-26,9,16,1.8309078947368418,0,502,1,1.2,1.5257565789473682
2025-26,9,17,1.2579352166967634,0,670,1,1,1.2579352166967634
2025-26,9,18,1.271875,1,565,1,1,1.271875
2025-26,9,19,1.65005376344086,0,605,0.8752826266849629,1,1.65005376344086
2025-26,10,1,0.6342368421052631,1,1,1,0.85,0.7461609907120743
2025-26,10,2,1.4878006774256287,0,36,0.769066589013006,1.2,1.2398338978546906
2025-26,10,3,2.3417844355133357,0,187,0.8320523622124745,1.2,1.9514870295944464
2025-26,10,4,1.7886488382734251,0,67,1,1.4,1.2776063130524467
2025-26,10,5,1.2507058823529411,0,101,1,1,1.2507058823529411
2025-26,10,6,1.188,1,139,1,0.85,1.3976470588235295
2025-26,10,7,1.3348857340720222,1,220,1,1,1.3348857340720222
2025-26,10,8,1.3268111455108358,1,253,1,1,1.3268111455108358
2025-26,10,9,1.4145510835913313,0,287,1,1,1.4145510835913313
2025-26,10,10,0.9529318885448915,1,314,1,0.7,1.3613312693498452
2025-26,10,11,1.3919857040492005,0,348,1.0233534221006209,1.2,1.159988086707667
2025-26,10,12,1.1630524642289348,1,373,0.9528818426264932,1,1.1630524642289348
2025-26,10,13,1.2788039151587407,1,260,0.8425934988412986,1,1.2788039151587407
2025-26,10,14,1.5830491630347279,0,436,0.8494535289713772,1,1.5830491630347279
2025-26,10,15,1.0236974789915967,0,469,1,1,1.0236974789915967
2025-26,10,16,1.4707120743034054,0,502,1,1,1.4707120743034054
2025-26,10,17,1.239959254228917,0,670,1,1,1.239959254228917
2025-26,10,18,1.2870588235294116,0,565,1,1,1.2870588235294116
2025-26,10,19,1.6406388361796331,0,605,0.8756784732716034,1,1.6406388361796331
2025-26,10,20,1.2526890185155637,0,633,0.9947791226703702,1,1.2526890185155637
2025-26,11,1,0.7280409356725147,0,1,1,1,0.7280409356725147
2025-26,11,2,1.2370237156448396,1,36,0.784448043488649,1,1.2370237156448396
2025-26,11,3,1.9775155279503105,0,187,0.8350116789224333,1,1.9775155279503105
2025-26,11,4,1.5916779642182464,0,67,1,1.2,1.3263983035152054
2025-26,11,5,1.2201111111111111,0,101,1,1,1.2201111111111111
2025-26,11,6,1.347777777777778,1,139,1,1,1.347777777777778
2025-26,11,7,0.883704367666232,1,220,1,0.7,1.26243481095176
2025-26,11,8,1.2830994152046784,1,253,1,1,1.2830994152046784
2025-26,11,9,1.3965204678362573,1,287,1,1,1.3965204678362573
2025-26,11,10,1.2990350877192984,0,314,1,1,1.2990350877192984
2025-26,11,11,1.2611448854411242,0,348,1.0224404363099036,1,1.2611448854411242
2025-26,11,12,1.5697027027027026,0,373,0.9517251972374633,1.4,1.1212162162162163
2025-26,11,14,1.6023242095327987,0,436,0.8607907639729082,1,1.6023242095327987
2025-26,11,16,1.2335438596491228,0,502,1,0.85,1.4512280701754385
2025-26,11,17,1.458344630884913,0,670,1,1.2,1.2152871924040942
2025-26,11,18,1.42,0,565,1,1,1.42
2025-26,11,19,1.1048667861409798,0,605,0.8848845012072265,0.7,1.5783811230585425
2025-26,11,20,1.2557346796164703,0,633,0.9904590814112746,1,1.2557346796164703
2025-26,12,1,0.7128808864265929,0,1,1,1,0.7128808864265929
2025-26,12,2,1.2569334817136204,0,36,0.7903972327038071,1,1.2569334817136204
2025-26,12,3,2.0323831317423995,0,187,0.843866988172126,1,2.0323831317423995
2025-26,12,4,1.1442201569615813,0,67,1,0.85,1.346141361131272
2025-26,12,5,1.4136000000000002,0,101,1,1.2,1.1780000000000002
2025-26,12,6,1.3157894736842106,0,139,1,1,1.3157894736842106
2025-26,12,7,1.0216094519704433,1,220,1,0.85,1.201893472906404
2025-26,12,8,1.0502326869806093,1,253,1,0.85,1.235567867036011
2025-26,12,9,1.6128864265927978,1,287,1,1.2,1.3440720221606648
2025-26,12,10,1.1104861495844875,1,314,1,0.85,1.3064542936288088
2025-26,12,11,1.3294397095939203,0,348,1.0237824468037948,1,1.3294397095939203
2025-26,12,12,1.1464153627311522,0,373,0.9459849254466912,1,1.1464153627311522
2025-26,12,13,1.0464704614028546,0,408,0.8408526226587337,1,1.0464704614028546
2025-26,12,14,1.5664124090310725,0,436,0.8791605622902094,1,1.5664124090310725
2025-26,12,15,1.2718564690026952,0,469,1,1.2,1.0598803908355794
2025-26,12,16,1.6933961218836564,1,502,1,1.2,1.411163434903047
2025-26,12,17,1.2519308348154825,0,670,1,1,1.2519308348154825
2025-26,12,18,1.9297894736842105,0,565,1,1.4,1.378421052631579
2025-26,12,19,1.8613174872665532,0,605,0.8902206511560492,1.2,1.551097906055461
2025-26,13,1,0.6807368421052632,0,1,1,1,0.6807368421052632
2025-26,13,2,0.8987628913955036,1,36,0.7956557372829727,0.7,1.2839469877078624
2025-26,13,3,2.016763975155279,0,187,0.8545149720578218,1,2.016763975155279
2025-26,13,4,1.3189408251145993,0,67,1,1,1.3189408251145993
2025-26,13,5,0.8260699999999999,0,101,1,0.7,1.1801
2025-26,13,6,1.3455000000000001,1,139,1,1,1.3455000000000001
2025-26,13,7,1.3942648774795796,0,220,1,1.2,1.1618873978996498
2025-26,13,8,1.2632894736842106,0,253,1,1,1.2632894736842106
2025-26,13,9,1.3598684210526315,0,287,1,1,1.3598684210526315
2025-26,13,10,1.2496315789473684,0,314,1,1,1.2496315789473684
2025-26,13,11,1.8932530107054812,0,348,1.0312086196402912,1.4,1.3523235790753438
2025-26,13,12,1.1680945945945946,1,373,0.9563752143586493,1,1.1680945945945946
2025-26,13,13,0.9427389649053605,0,408,0.8400302847113463,0.85,1.1091046645945417
2025-26,13,14,1.4995917885795187,0,436,0.8845926687720098,1,1.4995917885795187
2025-26,13,16,1.4371052631578947,0,502,1,1,1.4371052631578947
2025-26,13,17,1.3049408251145993,0,670,1,1,1.3049408251145993
2025-26,13,18,1.406,0,565,1,1,1.406
2025-26,14,1,0.6859398496240603,1,1,1,1,0.6859398496240603
2025-26,14,2,1.4947844695621635,0,36,0.8003382297709128,1.2,1.2456537246351362
2025-26,14,3,2.066441881100266,0,187,0.8743195419388777,1,2.066441881100266
2025-26,14,4,1.316314179473559,0,67,1,1,1.316314179473559
2025-26,14,5,1.6367999999999998,0,101,1,1.4,1.169142857142857
2025-26,14,6,1.3152380952380953,0,139,1,1,1.3152380952380953
2025-26,14,7,1.1667821507760532,0,220,1,1,1.1667821507760532
2025-26,14,8,1.0708295739348372,1,253,1,0.85,1.2597994987468673
2025-26,14,9,1.663278195488722,1,287,1,1.2,1.3860651629072682
2025-26,14,10,1.4772932330827067,0,314,1,1.2,1.231077694235589
2025-26,14,11,1.4340936361661953,0,348,1.0325003524284297,1,1.4340936361661953
2025-26,14,12,0.9573384813384814,0,373,0.9573127868106892,0.85,1.1262805662805664
2025-26,14,13,1.1305897505704372,0,408,0.8302897355417432,1,1.1305897505704372
2025-26,14,16,1.2252994987468673,1,502,1,0.85,1.441528822055138
2025-26,14,17,1.587577015368271,0,670,1,1.2,1.3229808461402257
2025-26,14,18,1.3604761904761904,0,565,1,1,1.3604761904761904
2025-26,14,19,1.8319590064091764,0,603,0.9838212231864225,1.2,1.5266325053409804
2025-26,14,20,1.6149579831932772,0,627,1,1,1.6149579831932772
2025-26,15,1,0.8048038277511962,0,1,1,1.2,0.6706698564593302
2025-26,15,3,1.9993308865047992,0,187,0.8795429815803083,1,1.9993308865047992
2025-26,15,4,1.3206679366591263,1,67,1,1,1.3206679366591263
2025-26,15,5,1.1964545454545452,0,101,1,1,1.1964545454545452
2025-26,15,6,1.16025,0,139,1,0.85,1.365
2025-26,15,7,1.4926979936642026,1,220,1,1.2,1.2439149947201689
2025-26,15,8,1.2457177033492823,0,253,1,1,1.2457177033492823
2025-26,15,9,1.3457894736842104,1,287,1,1,1.3457894736842104
2025-26,15,10,1.273755980861244,0,314,1,1,1.273755980861244
2025-26,15,11,1.4112779643430529,0,348,1.031141577149316,1,1.4112779643430529
2025-26,15,12,1.0937223587223588,0,373,0.9660175102205997,1,1.0937223587223588
2025-26,15,13,0.9520962136214739,1,408,0.8414313011512554,0.85,1.1201131924958516
2025-26,15,14,1.0451526755655576,0,443,0.7783588738277701,0.85,1.229591383018303
2025-26,15,16,1.4173684210526316,0,502,1,1,1.4173684210526316
2025-26,15,17,1.8584805658682308,0,670,1,1.4,1.327486118477308
2025-26,15,18,1.3913636363636361,1,565,1,1,1.3913636363636361
2025-26,15,20,1.5663492063492064,0,627,1,1,1.5663492063492064
2025-26,16,1,0.5147963386727689,0,1,1,0.7,0.7354233409610984
2025-26,16,2,1.318114520161197,0,36,0.8200285175846167,1,1.318114520161197
2025-26,16,4,1.5692031095242467,0,67,1,1.2,1.3076692579368723
2025-26,16,5,1.0533347826086956,0,101,1,0.85,1.2392173913043478
2025-26,16,6,1.6262608695652174,0,139,1,1.2,1.355217391304348
2025-26,16,7,1.2519027217741936,1,220,1,1,1.2519027217741936
2025-26,16,8,1.4695194508009155,0,253,1,1.2,1.2245995423340963
2025-26,16,9,1.3103203661327232,0,287,1,1,1.3103203661327232
2025-26,16,10,1.0965972540045765,0,314,1,0.85,1.2901144164759724
2025-26,16,11,1.4382820716311917,0,348,1.0322550682472618,1,1.4382820716311917
2025-26,16,12,1.1118213866039954,1,373,0.9828398450320723,1,1.1118213866039954
2025-26,16,13,1.1015186396874757,1,408,0.8512719915570872,1,1.1015186396874757
2025-26,16,14,1.1927282023728019,0,443,0.7868620975635163,1,1.1927282023728019
2025-26,16,17,1.379408388371655,1,670,1,1,1.379408388371655
2025-26,16,18,1.3434782608695652,0,565,1,1,1.3434782608695652
2025-26,16,19,1.5296201726705831,0,603,0.9910777116040422,1,1.5296201726705831
2025-26,16,20,2.379578947368421,0,627,1,1.4,1.6996992481203008
2025-26,17,1,0.7206140350877194,1,1,1,1,0.7206140350877194
2025-26,17,2,1.3059520873213715,0,36,0.8254857804126112,1,1.3059520873213715
2025-26,17,3,2.1290999999999993,0,470,1,1.2,1.7742499999999994
2025-26,17,4,0.974491088481439,0,67,1,0.7,1.3921301264020558
2025-26,17,5,1.0632791666666666,1,101,1,0.85,1.2509166666666667
2025-26,17,6,1.170875,1,139,1,0.85,1.3775000000000002
2025-26,17,7,1.2422733847637417,0,220,1,1,1.2422733847637417
2025-26,17,8,1.2231578947368422,0,253,1,1,1.2231578947368422
2025-26,17,9,1.6168684210526314,0,287,1,1.2,1.347390350877193
2025-26,17,10,1.3388596491228069,1,314,1,1,1.3388596491228069
2025-26,17,11,1.409405502763543,0,348,1.0330262102272354,1,1.409405502763543
2025-26,17,12,1.1446621621621622,0,373,0.982541909422167,1,1.1446621621621622
2025-26,17,13,0.9649914818374424,1,408,0.8720073357995806,0.85,1.135284096279344
2025-26,17,14,1.4533424005440325,0,443,0.8002141951096045,1.2,1.2111186671200271
2025-26,17,16,1.3605743243243242,0,505,0.8970851468942469,1,1.3605743243243242
2025-26,17,17,1.600556151682467,1,670,1,1.2,1.3337967930687225
2025-26,17,18,1.3841666666666665,0,565,1,1,1.3841666666666665
2025-26,18,1,0.6997894736842106,0,1,1,1,0.6997894736842106
2025-26,18,2,1.3069261251886428,0,36,0.8254599695978001,1,1.3069261251886428
2025-26,18,3,1.7596799999999995,1,470,1,1,1.7596799999999995
2025-26,18,4,1.3513128345916265,0,67,1,1,1.3513128345916265
2025-26,18,5,1.25168,0,101,1,1,1.25168
2025-26,18,6,1.9286400000000001,0,139,1,1.4,1.3776000000000002
2025-26,18,7,1.2866797597042514,0,220,1,1,1.2866797597042514
2025-26,18,8,1.2810315789473687,0,253,1,1,1.2810315789473687
2025-26,18,9,1.1674705263157894,1,287,1,0.85,1.3734947368421053
2025-26,18,10,1.3093052631578947,1,314,1,1,1.3093052631578947
2025-26,18,12,0.7991729729729731,0,373,0.9822676223592306,0.7,1.1416756756756758
2025-26,18,13,1.1288288682584937,0,408,0.8632900029658457,1,1.1288288682584937
2025-26,18,16,1.6393816216216215,0,505,0.8964913408063363,1.2,1.3661513513513512
2025-26,18,17,1.1265159094028825,0,670,1,0.85,1.3253128345916265
2025-26,18,18,1.3552,1,565,1,1,1.3552
2025-26,19,1,0.7055668016194333,0,1,1,1,0.7055668016194333
2025-26,19,3,1.724692307692307,0,470,1,1,1.724692307692307
2025-26,19,4,1.4431668530561947,0,67,1,1,1.4431668530561947
2025-26,19,5,1.308153846153846,1,101,1,1,1.308153846153846
2025-26,19,6,1.443076923076923,0,139,1,1,1.443076923076923
2025-26,19,7,1.2828194321206743,0,220,1,1,1.2828194321206743
2025-26,19,8,1.2640688259109314,0,253,1,1,1.2640688259109314
2025-26,19,9,1.3748987854251011,1,287,1,1,1.3748987854251011
2025-26,19,10,1.2939473684210525,0,314,1,1,1.2939473684210525
2025-26,19,12,0.9680810810810809,1,373,0.9788344926409608,0.85,1.1389189189189188
2025-26,19,13,1.1057270509000616,1,408,0.8749689882525745,1,1.1057270509000616
2025-26,19,14,0.8488423249839435,0,443,0.8277816819074452,0.7,1.212631892834205
2025-26,19,15,1.1438993747254091,0,684,1.0476102000033882,0.85,1.3457639702651873
2025-26,19,16,1.3693762993762992,0,505,0.9094370968831047,1,1.3693762993762992
2025-26,19,17,1.6330309928982027,1,670,1,1.2,1.3608591607485023
2025-26,19,18,1.3534615384615383,1,565,1,1,1.3534615384615383
2025-26,19,20,1.7940123601066675,0,709,0.9944669505471245,1.2,1.4950103000888897
2025-26,20,1,0.9339883040935673,0,1,1,1.2,0.7783235867446394
2025-26,20,2,1.464727608712284,0,38,0.8322525531104876,1,1.464727608712284
2025-26,20,3,2.0956444444444435,0,470,1,1.2,1.7463703703703697
2025-26,20,4,1.7781014708892593,0,67,1,1.2,1.4817512257410494
2025-26,20,5,1.297111111111111,0,101,1,1,1.297111111111111
2025-26,20,6,1.026148148148148,1,139,1,0.7,1.4659259259259259
2025-26,20,8,1.2879922027290451,0,253,1,1,1.2879922027290451
2025-26,20,9,1.3813840155945418,0,287,1,1,1.3813840155945418
2025-26,20,10,1.3060233918128654,0,314,1,1,1.3060233918128654
2025-26,20,12,1.1219219219219219,0,373,0.9771761832464783,1,1.1219219219219219
2025-26,20,14,1.2106230419626705,0,443,0.8205720163965816,1,1.2106230419626705
2025-26,20,15,1.3420186291848106,1,684,1.0526243042797778,1,1.3420186291848106
2025-26,20,16,1.6383903903903902,0,505,0.9139025086305023,1.2,1.3653253253253252
2025-26,20,17,1.400269744259568,0,670,1,1,1.400269744259568
2025-26,20,18,1.1339629629629626,0,565,1,0.85,1.3340740740740737
2025-26,20,19,1.5006753612813746,0,605,0.938837079821121,0.85,1.7655004250369113
2025-26,20,20,1.251742554900301,1,709,0.9864526030483323,0.85,1.472638299882707
2025-26,21,1,0.8015977443609024,1,1,1,1,0.8015977443609024
2025-26,21,2,1.4432201306315748,1,38,0.8297019299923687,1,1.4432201306315748
2025-26,21,3,1.735785714285714,0,470,1,1,1.735785714285714
2025-26,21,4,1.4665791834013302,0,67,1,1,1.4665791834013302
2025-26,21,5,1.0889714285714285,1,101,1,0.85,1.2811428571428571
2025-26,21,6,1.9939999999999998,0,139,1,1.4,1.4242857142857142
2025-26,21,7,1.2834638800136289,0,226,0.926197662907577,1,1.2834638800136289
2025-26,21,8,1.316278195488722,1,253,1,1,1.316278195488722
2025-26,21,9,0.9924342105263158,0,287,1,0.7,1.417763157894737
2025-26,21,10,1.3075939849624063,0,314,1,1,1.3075939849624063
2025-26,21,11,1.348638432001312,0,347,0.9775807028823316,1,1.348638432001312
2025-26,21,12,1.5520945945945945,1,373,0.9726330704125629,1.4,1.1086389961389962
2025-26,21,13,1.3207283910258738,1,260,0.9245787745223789,1,1.3207283910258738
2025-26,21,14,1.0193226156069362,0,443,0.8298166503519897,0.85,1.199203077184631
2025-26,21,16,1.373349420849421,0,505,0.9214314201004461,1,1.373349420849421
2025-26,21,17,1.389793469115616,0,670,1,1,1.389793469115616
2025-26,21,18,1.564285714285714,0,565,1,1.2,1.3035714285714284
2025-26,22,1,0.7863702359346643,1,1,1,1,0.7863702359346643
2025-26,22,2,1.4452683022721193,0,38,0.8382301324789174,1,1.4452683022721193
2025-26,22,3,2.11663448275862,0,470,1,1.2,1.763862068965517
2025-26,22,4,1.753009762025538,0,67,1,1.2,1.4608414683546151
2025-26,22,5,1.2962758620689654,0,101,1,1,1.2962758620689654
2025-26,22,6,1.463103448275862,0,139,1,1,1.463103448275862
2025-26,22,7,1.2804103234277644,1,226,0.9366192606195107,1,1.2804103234277644
2025-26,22,8,1.3308892921960074,0,253,1,1,1.3308892921960074
2025-26,22,9,1.672856624319419,1,287,1,1.2,1.3940471869328492
2025-26,22,10,1.34491833030853,0,314,1,1,1.34491833030853
2025-26,22,11,1.39018242232351,1,347,0.9741196378316823,1,1.39018242232351
2025-26,22,12,0.7630456663560111,0,373,0.9668884909905039,0.7,1.0900652376514446
2025-26,22,14,1.3982265404009346,1,443,0.833944115108629,1.2,1.1651887836674455
2025-26,22,15,1.142762322192324,1,684,1.058629033463004,0.85,1.344426261402734
2025-26,22,16,1.6305013979496736,1,505,0.9234269269236234,1.2,1.3587511649580615
2025-26,22,17,1.455324226975305,0,670,1,1,1.455324226975305
2025-26,22,18,1.1070517241379307,0,565,1,0.85,1.302413793103448
2025-26,22,20,1.4058050990122437,1,709,0.9848669829067744,1,1.4058050990122437
2025-26,23,1,0.7714912280701754,0,1,1,1,0.7714912280701754
2025-26,23,2,1.4127057695044245,1,38,0.8439505809393824,1,1.4127057695044245
2025-26,23,3,1.8110666666666662,0,470,1,1,1.8110666666666662
2025-26,23,4,1.4460369397582247,0,67,1,1,1.4460369397582247
2025-26,23,5,1.3060666666666667,0,101,1,1,1.3060666666666667
2025-26,23,6,1.4586666666666668,0,139,1,1,1.4586666666666668
2025-26,23,7,1.2888664296597256,0,226,0.9444796864733385,1,1.2888664296597256
2025-26,23,8,1.343526315789474,0,253,1,1,1.343526315789474
2025-26,23,9,1.186242105263158,0,287,1,0.85,1.3955789473684213
2025-26,23,10,1.3477543859649124,0,314,1,1,1.3477543859649124
2025-26,23,12,1.2804756756756757,0,373,0.9671828702161084,1.2,1.067063063063063
2025-26,23,13,0.9349916639424649,1,260,0.9248294851017969,0.7,1.3357023770606642
2025-26,23,14,1.5969744239448886,0,443,0.8356973328048342,1.4,1.1406960171034919
2025-26,23,15,1.3014051708832466,0,684,1.0569086968643364,1,1.3014051708832466
2025-26,23,16,1.3834594594594596,1,505,0.9284222642117128,1,1.3834594594594596
2025-26,23,17,1.4260369397582249,0,670,1,1,1.4260369397582249
2025-26,23,18,1.1463666666666665,0,565,1,0.85,1.3486666666666665
2025-26,23,19,1.4375276585963839,0,600,1,0.85,1.6912090101133928
2025-26,23,20,1.938953976602884,0,709,0.9843615364738034,1.4,1.3849671261449172
2025-26,24,1,0.7695076400679118,1,1,1,1,0.7695076400679118
2025-26,24,2,1.4385212763248367,0,38,0.8472557890621425,1,1.4385212763248367
2025-26,24,3,1.8187741935483868,0,470,1,1,1.8187741935483868
2025-26,24,4,1.2146349218718342,1,67,1,0.85,1.4289822610256873
2025-26,24,5,1.546916129032258,1,101,1,1.2,1.2890967741935484
2025-26,24,6,1.445483870967742,0,139,1,1,1.445483870967742
2025-26,24,7,1.1094784038967633,0,226,0.9546793027688754,0.85,1.3052687104667804
2025-26,24,8,1.3711544991511038,0,253,1,1,1.3711544991511038
2025-26,24,9,1.6682852292020374,0,287,1,1.2,1.3902376910016978
2025-26,24,10,1.6266825127334466,0,314,1,1.2,1.3555687606112055
2025-26,24,11,1.6232313911169456,0,347,0.9681023801094871,1.2,1.352692825930788
2025-26,24,12,1.1084481255449,0,373,0.9756304227742866,1,1.1084481255449
2025-26,24,13,1.3106781571620205,0,260,0.9234269269236234,1,1.3106781571620205
2025-26,24,14,1.142328599318608,0,443,0.8412609933836223,1,1.142328599318608
2025-26,24,15,1.5544533084827024,0,684,1.0501471121982706,1.2,1.2953777570689187
2025-26,24,16,1.3972188317349608,0,505,0.936021782367352,1,1.3972188317349608
2025-26,24,17,1.0000617762663684,1,670,1,0.7,1.4286596803805263
2025-26,24,18,1.6219354838709676,0,565,1,1.2,1.3516129032258064
2025-26,24,19,1.6533864541832672,0,600,1,1,1.6533864541832672
2025-26,25,1,0.637625822368421,1,1,1,0.85,0.7501480263157895
2025-26,25,2,1.68488003508236,0,38,0.8465479726147599,1.2,1.4040666959019668
2025-26,25,3,1.5366937499999995,0,470,1,0.85,1.8078749999999995
2025-26,25,4,1.4276306833966108,0,67,1,1,1.4276306833966108
2025-26,25,5,1.3238125,0,101,1,1,1.3238125
2025-26,25,6,1.4378125,0,139,1,1,1.4378125
2025-26,25,7,1.104286808163903,0,226,0.9625619552221995,0.85,1.2991609507810624
2025-26,25,8,1.612342105263158,1,253,1,1.2,1.3436184210526316
2025-26,25,9,1.3917927631578946,0,287,1,1,1.3917927631578946
2025-26,25,10,1.3691447368421052,0,314,1,1,1.3691447368421052
2025-26,25,11,1.3807529957591522,0,347,0.9638237518915259,1,1.3807529957591522
2025-26,25,12,1.3020709459459456,0,373,0.9833979069864297,1.2,1.0850591216216214
2025-26,25,13,1.5623866623079439,0,260,0.9299839538261102,1.2,1.30198888525662
2025-26,25,15,1.3306370241437873,0,684,1.0436289604603748,1,1.3306370241437873
2025-26,25,16,1.4129307432432432,0,505,0.9458370883495774,1,1.4129307432432432
2025-26,25,17,1.9404954567552555,0,670,1,1.4,1.386068183396611
2025-26,25,18,1.6492499999999999,0,565,1,1.2,1.374375
2025-26,26,2,1.4247441030364059,1,38,0.849542777596261,1,1.4247441030364059
2025-26,26,3,1.7839999999999996,0,470,1,1,1.7839999999999996
2025-26,26,4,1.3995157549357924,0,67,1,1,1.3995157549357924
2025-26,26,5,1.621890909090909,0,101,1,1.2,1.3515757575757577
2025-26,26,6,1.715272727272727,0,139,1,1.2,1.4293939393939392
2025-26,26,7,1.0977989313076082,0,226,0.9684519426469782,0.85,1.2915281544795392
2025-26,26,8,0.9300622009569379,0,253,1,0.7,1.32866028708134
2025-26,26,9,1.4093141945773524,0,287,1,1,1.4093141945773524
2025-26,26,10,1.9384752791068582,0,314,1,1.4,1.3846251993620418
2025-26,26,11,1.3805893096458735,0,347,0.9655378956669052,1,1.3805893096458735
2025-26,26,12,1.1403603603603605,1,373,0.9844073042150981,1,1.1403603603603605
2025-26,26,13,1.299021501861245,1,260,0.9389823400687698,1,1.299021501861245
2025-26,26,14,1.1478055055107037,0,443,0.8387659457712717,1,1.1478055055107037
2025-26,26,15,1.3483478049603563,0,684,1.0438421093275947,1,1.3483478049603563
2025-26,26,16,1.012110565110565,1,505,0.946772480999074,0.7,1.445872235872236
2025-26,26,17,1.3910309064509443,0,670,1,1,1.3910309064509443
2025-26,26,18,1.3866666666666667,0,565,1,1,1.3866666666666667
2025-26,27,1,0.7427067669172932,0,1,1,1,0.7427067669172932
2025-26,27,2,1.1870111212372148,0,38,0.8488126299331191,0.85,1.396483672043782
2025-26,27,3,1.7844705882352936,0,470,1,1,1.7844705882352936
2025-26,27,4,1.4453984011860874,1,67,1,1,1.4453984011860874
2025-26,27,5,1.3294705882352944,0,101,1,1,1.3294705882352944
2025-26,27,6,1.4085294117647058,1,139,1,1,1.4085294117647058
2025-26,27,7,0.9072840470593161,0,226,0.9739026193446215,0.7,1.2961200672275945
2025-26,27,8,0.9136191950464398,1,253,1,0.7,1.3051702786377712
2025-26,27,9,1.4072755417956657,0,287,1,1,1.4072755417956657
2025-26,27,10,1.3841950464396287,0,314,1,1,1.3841950464396287
2025-26,27,12,1.1253497615262322,1,373,0.9913211308853402,1,1.1253497615262322
2025-26,27,13,1.302802079928081,0,260,0.9430178806617339,1,1.302802079928081
2025-26,27,14,1.1466652590308233,1,443,0.838353998851354,1,1.1466652590308233
2025-26,27,15,1.912734248562369,0,684,1.0452625195741407,1.4,1.366238748973121
2025-26,27,16,1.4156995230524643,0,505,0.9463325649517091,1,1.4156995230524643
2025-26,27,17,1.425104283539029,0,670,1,1,1.425104283539029
2025-26,27,18,1.7025882352941175,0,565,1,1.2,1.4188235294117646
2025-26,28,1,0.7431871345029241,0,1,1,1,0.7431871345029241
2025-26,28,2,1.1858394570160122,0,38,0.8582963838569952,0.85,1.3951052435482498
2025-26,28,3,1.7903428571428568,0,470,1,1,1.7903428571428568
2025-26,28,4,1.273481555331662,0,67,1,0.85,1.4982135945078376
2025-26,28,6,1.414,0,139,1,1,1.414
2025-26,28,7,1.7958310512950733,0,226,0.9764658425190612,1.4,1.2827364652107667
2025-26,28,8,1.577341353383459,0,253,1,1.2,1.3144511278195492
2025-26,28,9,1.4033533834586465,0,287,1,1,1.4033533834586465
2025-26,28,10,1.3975037593984965,0,314,1,1,1.3975037593984965
2025-26,28,12,0.9581173745173744,0,373,0.9908808171140333,0.85,1.1271969111969111
2025-26,28,13,1.2821111078090484,1,260,0.9440453208179314,1,1.2821111078090484
2025-26,28,15,1.3664131295746664,0,684,1.0467090810895456,1,1.3664131295746664
2025-26,28,16,1.7096154440154439,0,505,0.952287405848464,1.2,1.4246795366795366
2025-26,28,17,1.7265420276951198,0,670,1,1.2,1.4387850230792665
2025-26,28,18,1.4374285714285713,0,565,1,1,1.4374285714285713
2025-26,29,1,0.9017752489331436,1,1,1,1.2,0.7514793741109531
2025-26,29,2,1.3796942125340605,0,38,0.8638297819926086,1,1.3796942125340605
2025-26,29,3,1.8031111111111107,0,470,1,1,1.8031111111111107
2025-26,29,4,1.4963539140215822,1,67,1,1,1.4963539140215822
2025-26,29,5,1.587154285714286,1,101,1,1.2,1.3226285714285717
2025-26,29,6,1.6806666666666665,0,139,1,1.2,1.4005555555555556
2025-26,29,7,1.5339453963620586,0,226,0.9752242766984113,1.2,1.2782878303017156
2025-26,29,8,1.3348830409356727,0,253,1,1,1.3348830409356727
2025-26,29,9,0.9750877192982457,1,287,1,0.7,1.392982456140351
2025-26,29,10,1.1756593567251463,0,314,1,0.85,1.3831286549707604
2025-26,29,11,1.2546206631674586,0,348,1.0298778740455703,0.85,1.4760243096087748
2025-26,29,12,0.9754196696696696,0,373,0.9915843484424761,0.85,1.1475525525525525
2025-26,29,13,1.2882254869911351,0,260,0.9463325649517091,1,1.2882254869911351
2025-26,29,15,1.3909301486034151,0,684,1.0412022000552987,1,1.3909301486034151
2025-26,29,16,1.9900915915915915,0,505,0.9492563759653282,1.4,1.4214939939939941
2025-26,29,18,1.4569444444444444,0,565,1,1,1.4569444444444444
2025-26,29,19,1.4455638346786819,1,603,1.0004745567335738,1,1.4455638346786819
2025-26,29,20,1.4219514286332513,0,709,0.9964961634099924,1,1.4219514286332513
2025-26,30,1,0.7532825484764544,1,1,1,1,0.7532825484764544
2025-26,30,2,1.7302187548997596,0,38,0.8643493770184458,1.2,1.4418489624164663
2025-26,30,3,1.789513513513513,1,470,1,1,1.789513513513513
2025-26,30,4,1.2464152985274872,1,67,1,0.85,1.4663709394441027
2025-26,30,5,0.9374555555555557,0,101,1,0.7,1.3392222222222225
2025-26,30,6,1.3754054054054052,1,139,1,1,1.3754054054054052
2025-26,30,7,1.2641853445384592,0,226,0.974049597633431,1,1.2641853445384592
2025-26,30,9,1.9273598862019914,0,287,1,1.4,1.3766856330014225
2025-26,30,10,1.3752062588904699,1,314,1,1,1.3752062588904699
2025-26,30,11,1.457639069722466,1,348,1.0282540947318661,1,1.457639069722466
2025-26,30,12,1.1284295105916726,0,373,0.9889770017077224,1,1.1284295105916726
2025-26,30,13,1.27913333021996,0,260,0.9420467531929126,1,1.27913333021996
2025-26,30,14,1.1451216765752223,0,443,0.8398508790267408,1,1.1451216765752223
2025-26,30,15,1.39322656958098,1,684,1.0425045613524992,1,1.39322656958098
2025-26,30,16,1.440372534696859,1,505,0.9463682515990377,1,1.440372534696859
2025-26,30,18,1.7588108108108107,0,565,1,1.2,1.4656756756756757
2025-26,30,19,1.7112985199378024,0,603,0.9954088502271821,1.2,1.4260820999481687
2025-26,30,20,1.4352359089477047,0,709,0.9996593735307421,1,1.4352359089477047
2025-26,31,2,1.2176589264882292,1,38,0.867844689907018,0.85,1.4325399135155639
2025-26,31,3,1.8095263157894732,0,470,1,1,1.8095263157894732
2025-26,31,4,1.4648641464855288,0,67,1,1,1.4648641464855288
2025-26,31,5,1.340594594594595,1,101,1,1,1.340594594594595
2025-26,31,6,1.3628947368421052,0,139,1,1,1.3628947368421052
2025-26,31,9,1.4115096952908588,1,287,1,1,1.4115096952908588
2025-26,31,10,0.9548116343490306,0,314,1,0.7,1.3640166204986153
2025-26,31,11,1.4355022697644009,1,348,1.031225898893688,1,1.4355022697644009
2025-26,31,12,1.3557439544807963,0,373,0.9896966592933791,1.2,1.129786628733997
2025-26,31,14,1.3693190512896742,0,443,0.8523770567127789,1.2,1.1410992094080619
2025-26,31,16,1.4295732574679942,1,505,0.9436130325689899,1,1.4295732574679942
2025-26,31,18,1.471842105263158,0,565,1,1,1.471842105263158
2025-26,31,19,1.735507253222946,0,603,0.9923650282768398,1.2,1.446256044352455
2025-26,32,1,0.7608906882591094,0,1,1,1,0.7608906882591094
2025-26,32,3,1.8438974358974354,0,470,1,1,1.8438974358974354
2025-26,32,4,2.0622561594523616,0,67,1,1.4,1.4730401138945441
2025-26,32,5,1.3190000000000004,0,101,1,1,1.3190000000000004
2025-26,32,6,1.1512051282051279,1,139,1,0.85,1.3543589743589741
2025-26,32,8,1.3543379832876745,0,258,0.8927348237865751,1,1.3543379832876745
2025-26,32,9,1.3991632928475035,0,287,1,1,1.3991632928475035
2025-26,32,10,1.6330040485829966,0,314,1,1.2,1.3608367071524972
2025-26,32,12,1.1564587664587664,1,373,0.994499197252831,1,1.1564587664587664
2025-26,32,13,1.2586018488249608,1,260,0.944273286858225,1,1.2586018488249608
2025-26,32,14,0.9850394854677197,0,443,0.860836446881222,0.85,1.1588699829031996
2025-26,32,15,1.4434978249627353,0,684,1.0508088487385467,1,1.4434978249627353
2025-26,32,16,1.4221483021483021,0,505,0.9536141718054428,1,1.4221483021483021
2025-26,32,19,1.0176001428111843,1,603,0.9892273502886922,0.7,1.4537144897302634
2025-26,32,20,1.472143220751263,0,709,0.9952129191897722,1,1.472143220751263
2025-26,33,1,1.0802657894736845,0,1,1,1.4,0.7716184210526318
2025-26,33,2,1.206560457155699,0,38,0.8653040202408584,0.85,1.4194828907714105
2025-26,33,5,1.324410256410257,1,101,1,1,1.324410256410257
2025-26,33,8,1.14625288219432,1,258,0.8951145430360077,0.85,1.348532802581553
2025-26,33,9,1.4351842105263157,0,287,1,1,1.4351842105263157
2025-26,33,10,1.3665657894736847,1,314,1,1,1.3665657894736847
2025-26,33,12,1.1535472972972973,0,373,1,1,1.1535472972972973
2025-26,33,14,1.1906767239416332,1,443,0.8614066976027712,1,1.1906767239416332
2025-26,33,15,1.476805024224171,0,684,1.051925637413638,1,1.476805024224171
2025-26,33,16,0.9884662162162162,0,505,0.9519712588354726,0.7,1.4120945945945946
2025-26,33,17,1.7180981890347924,0,670,1,1.2,1.431748490862327
2025-26,33,19,1.4283838067986805,1,603,0.9851224071018382,1,1.4283838067986805
2025-26,34,1,0.7859691912708602,1,1,1,1,0.7859691912708602
2025-26,34,2,1.4275019839796093,0,38,0.8643137317239906,1,1.4275019839796093
2025-26,34,5,1.5726600000000006,0,101,1,1.2,1.3105500000000005
2025-26,34,9,1.4355455712451863,0,287,1,1,1.4355455712451863
2025-26,34,10,1.3681129653401802,1,314,1,1,1.3681129653401802
2025-26,34,12,1.1446802900461437,0,373,1.0003849362128034,1,1.1446802900461437
2025-26,34,15,2.1263772689380582,0,684,1.0480420551555885,1.4,1.5188409063843276
2025-26,34,16,1.386433750823995,1,505,0.9525647965670937,1,1.386433750823995
2025-26,34,17,1.4686135932249675,0,670,1,1,1.4686135932249675
2025-26,34,19,1.4072878885200568,0,603,0.982418311624577,1,1.4072878885200568
2025-26,35,1,0.7910651629072684,1,1,1,1,0.7910651629072684
2025-26,35,3,1.8707619047619046,0,470,1,1,1.8707619047619046
2025-26,35,4,1.4805568107764289,1,67,1,1,1.4805568107764289
2025-26,35,5,1.113126829268293,1,101,1,0.85,1.3095609756097566
2025-26,35,6,1.3133333333333332,0,139,1,1,1.3133333333333332
2025-26,35,9,1.7150676691729325,0,287,1,1.2,1.4292230576441105
2025-26,35,10,1.900754385964913,0,314,1,1.4,1.3576817042606522
2025-26,35,11,0.9220284998067253,0,343,1.0577726035699928,0.7,1.3171835711524649
2025-26,35,12,1.4054826254826251,0,373,1.0026235394628635,1.2,1.171235521235521
2025-26,35,13,1.248196578402528,0,260,0.9502076943340049,1,1.248196578402528
2025-26,35,14,1.2099050245048695,0,443,0.8760865663763814,1,1.2099050245048695
2025-26,35,15,1.4896984090705474,0,684,1.0452957637328533,1,1.4896984090705474
2025-26,35,17,1.2393302088389366,0,670,1,0.85,1.4580355398105138
2025-26,36,1,0.7812729498164016,1,1,1,1,0.7812729498164016
2025-26,36,2,1.2080804900821251,0,38,0.8647682668708083,0.85,1.4212711648025003
2025-26,36,4,1.4679668979968865,1,67,1,1,1.4679668979968865
2025-26,36,5,1.8204000000000005,0,101,1,1.4,1.3002857142857147
2025-26,36,6,0.9493953488372091,1,139,1,0.7,1.3562790697674416
2025-26,36,9,1.4297062423500613,0,287,1,1,1.4297062423500613
2025-26,36,10,1.4012239902080788,0,314,1,1,1.4012239902080788
2025-26,36,12,1.1984160905091137,0,373,1.0038383513920992,1,1.1984160905091137
2025-26,36,14,1.2020791337178518,1,443,0.8878786737090044,1,1.2020791337178518
2025-26,36,15,1.4917796468439801,0,684,1.0452713486237828,1,1.4917796468439801
2025-26,36,16,1.377971383147854,0,505,0.966177655855154,1,1.377971383147854
2025-26,36,17,1.4658144153466535,1,670,1,1,1.4658144153466535
2025-26,36,19,1.7237429409423968,0,603,0.9834011034496916,1.2,1.4364524507853307
2025-26,37,1,0.5527571770334928,1,1,1,0.7,0.789653110047847
2025-26,37,2,1.4303258974540076,0,38,0.8638385114110084,1,1.4303258974540076
2025-26,37,4,1.7568688100232202,0,67,1,1.2,1.4640573416860168
2025-26,37,5,1.3393488372093028,0,101,1,1,1.3393488372093028
2025-26,37,6,1.336590909090909,0,139,1,1,1.336590909090909
2025-26,37,7,1.3755796089385477,0,220,1,1,1.3755796089385477
2025-26,37,8,1.343157894736842,0,253,1,1,1.343157894736842
2025-26,37,9,1.2370855263157896,0,287,1,0.85,1.4553947368421054
2025-26,37,10,1.179812200956938,0,314,1,0.85,1.388014354066986
2025-26,37,12,1.419051597051597,0,373,1.0014330094039237,1.2,1.1825429975429975
2025-26,37,13,1.496276187362817,0,260,0.9552263720868497,1.2,1.2468968228023476
2025-26,37,14,1.2032234367068126,0,443,0.8864917840553206,1,1.2032234367068126
2025-26,37,15,1.2585566400954251,0,684,1.0415675438088965,0.85,1.4806548707005003
2025-26,37,16,1.6563802423112768,0,505,0.9683583015385442,1.2,1.3803168685927307
2025-26,37,17,1.4443542203459696,0,670,1,1,1.4443542203459696
2025-26,37,18,1.2913048650917318,0,575,0.8859980982112646,1,1.2913048650917318
2025-26,37,19,1.4281990178878163,0,603,0.9806474327663686,1,1.4281990178878163
2025-26,37,20,1.564958476409574,0,636,0.9217491642353032,1,1.564958476409574
2025-26,38,4,1.4695525189578797,0,67,1,1,1.4695525189578797
2025-26,38,5,1.6176000000000006,0,101,1,1.2,1.3480000000000005
2025-26,38,6,1.3155555555555556,0,139,1,1,1.3155555555555556
2025-26,38,7,1.384025885558583,0,220,1,1,1.384025885558583
2025-26,38,8,1.621794258373206,0,253,1,1.2,1.351495215311005
2025-26,38,9,1.4399415204678365,0,287,1,1,1.4399415204678365
2025-26,38,10,1.3882807017543863,1,314,1,1,1.3882807017543863
2025-26,38,11,1.4356979470380962,0,348,1.024251853256778,1,1.4356979470380962
2025-26,38,12,1.1973753753753755,0,373,1.003494502986841,1,1.1973753753753755
2025-26,38,15,1.4681241431367824,0,684,1.0416631619813483,1,1.4681241431367824
2025-26,38,16,1.4519951412086245,0,505,0.9656458262271945,1,1.4519951412086245
2025-26,38,17,1.4357110322167763,0,670,1,1,1.4357110322167763
2025-26,38,18,1.2750919972469332,1,575,0.8846134248331577,1,1.2750919972469332
2025-26,38,19,1.2215870921303627,1,603,0.9746874351745646,0.85,1.43716128485925
2025-26,38,20,1.3308167403204407,0,636,0.9260567956259744,0.85,1.5656667533181656
