season,gw,team,xgc,clean_sheet,element
2020-21,7,1,1.299070440300922,1,8
2020-21,7,2,1.2501381338661341,0,12
2020-21,7,3,1.3428956302206037,0,66
2020-21,7,4,1.2232275217629347,0,85
2020-21,7,5,1.0376106269083032,1,110
2020-21,7,6,1.3620062346938775,0,128
2020-21,7,7,1.123192645092779,0,156
2020-21,7,9,1.1198420187969926,0,217
2020-21,7,10,1.3735219904629807,0,197
2020-21,7,11,1.087749887978142,0,255
2020-21,7,12,1.0383293474187811,1,278
2020-21,7,13,1.2296263238866398,0,291
2020-21,7,14,1.5830750439707404,0,323
2020-21,7,15,1.3012353661114668,0,347
2020-21,7,17,1.29371116687737,0,383
2020-21,7,18,1.5404248719211824,0,417
2020-21,7,19,1.3000911965719684,0,431
2020-21,7,20,1.088640684210526,1,455
2020-21,8,1,1.2366044776141938,0,8
2020-21,8,2,1.2266838385899814,1,12
2020-21,8,3,1.374172388205897,1,66
2020-21,8,5,0.9902264392719956,0,110
2020-21,8,6,1.3538259523809524,0,128
2020-21,8,7,1.209462135419927,0,156
2020-21,8,8,1.3418456890756305,0,516
2020-21,8,9,1.1537824842105264,1,217
2020-21,8,10,1.4683638359541118,0,197
2020-21,8,11,1.0317118287795992,0,255
2020-21,8,12,1.0092815368888681,0,278
2020-21,8,13,1.2072921578947369,0,291
2020-21,8,14,1.5521394410393579,0,323
2020-21,8,15,1.3306387417040357,0,347
2020-21,8,16,1.243576895238095,1,363
2020-21,8,17,1.2273360890855454,1,383
2020-21,8,18,1.531756843137255,0,417
2020-21,8,19,1.3091499834671705,1,431
2020-21,8,20,1.065232438596491,0,455
2020-21,9,1,1.2733256352633067,1,8
2020-21,9,2,1.2300620493506493,0,12
2020-21,9,3,1.307059113943028,0,66
2020-21,9,4,1.1930541754385966,1,96
2020-21,9,5,0.9715614766538626,1,110
2020-21,9,6,1.317898830357143,0,128
2020-21,9,7,1.2256061894561816,0,156
2020-21,9,8,1.3394952290598292,0,516
2020-21,9,9,1.1149378914473687,0,217
2020-21,9,11,1.0582332769808742,1,255
2020-21,9,12,1.0149035677629437,0,278
2020-21,9,13,1.1498636140350877,1,291
2020-21,9,14,1.5117369134743979,0,323
2020-21,9,16,1.1759381517857141,0,363
2020-21,9,17,1.1965929585176989,1,383
2020-21,9,18,1.54377433974359,0,417
2020-21,9,19,1.3335827345004725,1,431
2020-21,9,20,1.1166249736842104,0,455
2020-21,10,1,1.3052703037772297,0,8
2020-21,10,2,1.240454296266234,0,12
2020-21,10,3,1.335230695475791,0,66
2020-21,10,5,0.9319858218629962,1,110
2020-21,10,6,1.3351345462184874,0,128
2020-21,10,7,1.2545859430175825,0,156
2020-21,10,8,1.3981024375000002,0,516
2020-21,10,9,1.2747226625386998,0,217
2020-21,10,10,1.4165439411764706,1,213
2020-21,10,11,1.103202731276117,0,255
2020-21,10,12,0.9951768447777596,1,278
2020-21,10,14,1.521126447975904,1,323
2020-21,10,15,1.4475730650154797,0,351
2020-21,10,16,1.1947232016806721,0,363
2020-21,10,17,1.2169206668401873,1,383
2020-21,10,18,1.5966585882352944,1,417
2020-21,10,19,1.2927220442357388,0,431
2020-21,10,20,1.1118678575851393,0,455
2020-21,11,1,1.3509136757896059,0,8
2020-21,11,3,1.2736779901715807,0,66
2020-21,11,4,1.2796984887436456,0,97
2020-21,11,5,0.889424773518114,0,110
2020-21,11,6,1.3281069047619047,0,128
2020-21,11,7,1.3608007239610505,0,156
2020-21,11,8,1.3988788199279711,0,516
2020-21,11,9,1.307882792397661,0,217
2020-21,11,10,1.4144778854875284,0,213
2020-21,11,11,1.159673968427444,1,255
2020-21,11,12,0.9593281480261268,1,278
2020-21,11,13,1.0670675417956657,0,298
2020-21,11,15,1.4551378391812866,0,351
2020-21,11,16,1.2562898015873014,0,363
2020-21,11,17,1.1990652409046214,1,383
2020-21,11,18,1.7054013854875285,0,417
2020-21,11,19,1.342915541778198,0,431
2020-21,11,20,1.1053340321637426,0,455
2020-21,12,1,1.2987012191691003,0,8
2020-21,12,2,1.1983787494270435,1,12
2020-21,12,4,1.3250461282578874,1,97
2020-21,12,5,0.892583063878219,0,110
2020-21,12,6,1.2856342781954888,0,128
2020-21,12,7,1.324498738489416,1,156
2020-21,12,8,1.4901393016614748,0,516
2020-21,12,9,1.2531053822714682,1,217
2020-21,12,10,1.5832825489424496,0,213
2020-21,12,11,1.1159371806154732,0,255
2020-21,12,12,0.9207032509135642,1,278
2020-21,12,13,1.139767456140351,1,298
2020-21,12,15,1.44764732132964,0,351
2020-21,12,16,1.288508864661654,1,363
2020-21,12,17,1.1647373861201678,0,383
2020-21,12,18,1.6983107594687654,0,417
2020-21,12,19,1.3586474606319767,0,431
2020-21,12,20,1.1242603462603875,0,455
2020-21,13,1,1.2715324582106453,0,8
2020-21,13,2,1.189996041125541,1,12
2020-21,13,3,1.173480951252709,1,74
2020-21,13,4,1.3449363320337882,1,97
2020-21,13,5,0.9046736394635758,0,110
2020-21,13,6,1.2865518142857144,0,128
2020-21,13,7,1.3044976515649451,1,156
2020-21,13,8,1.4938306711650924,1,516
2020-21,13,9,1.2268163631578948,0,217
2020-21,13,10,1.5803244876068376,0,213
2020-21,13,11,1.1407855715846995,0,255
2020-21,13,12,0.9008519745496923,0,278
2020-21,13,13,1.1430995373961221,0,298
2020-21,13,14,1.256366092217724,0,325
2020-21,13,15,1.480193205263158,0,351
2020-21,13,16,1.2341486714285712,0,363
2020-21,13,17,1.1912259668141592,0,383
2020-21,13,18,1.649134837606838,0,417
2020-21,13,19,1.362671187600378,0,431
2020-21,13,20,1.1263271789473683,0,455
2020-21,14,1,1.2596734840101385,0,8
2020-21,14,2,1.142680038961039,1,12
2020-21,14,4,1.3610643154320987,0,97
2020-21,14,5,0.890850157490397,1,110
2020-21,14,6,1.2449510136054422,0,128
2020-21,14,7,1.2790763348237575,0,156
2020-21,14,8,1.436290326377953,0,516
2020-21,14,9,1.2654919649122809,1,217
2020-21,14,10,1.5653398346456693,0,213
2020-21,14,11,1.1527896872235233,1,255
2020-21,14,12,0.8654671258222078,1,278
2020-21,14,13,1.142686960526316,0,298
2020-21,14,14,1.3261420763779528,0,325
2020-21,14,15,1.4878720050125314,0,351
2020-21,14,16,1.2043033537414967,0,363
2020-21,14,17,1.1877792064896755,0,383
2020-21,14,18,1.6799302155980504,0,417
2020-21,14,19,1.3455152262860743,0,431
2020-21,14,20,1.141277789473684,0,455
2020-21,15,1,1.2302513256460412,0,8
2020-21,15,2,1.087330387012987,1,12
2020-21,15,3,1.1561485676840908,0,74
2020-21,15,4,1.360003109935332,0,97
2020-21,15,5,0.8605792928479972,0,110
2020-21,15,6,1.2629405584415585,0,128
2020-21,15,8,1.429162039624609,1,516
2020-21,15,9,1.2492783301435406,0,217
2020-21,15,10,1.6982594014598538,1,213
2020-21,15,11,1.1208240650769996,0,255
2020-21,15,12,0.8975393103068645,1,278
2020-21,15,13,1.1597875814536343,0,298
2020-21,15,14,1.3148442301007994,0,325
2020-21,15,15,1.5427236411483252,0,351
2020-21,15,16,1.1978365194805194,1,363
2020-21,15,17,1.206836697103781,0,383
2020-21,15,18,1.7162554014598541,0,417
2020-21,15,19,1.3963466250912528,0,431
2020-21,15,20,1.1397078444976076,0,455
2020-21,16,1,1.2668020506179525,1,8
2020-21,16,2,1.0726989876314161,0,12
2020-21,16,6,1.4143820124223603,0,128
2020-21,16,9,1.2782151418764303,0,217
2020-21,16,10,1.6873203141082518,1,213
2020-21,16,11,1.1016451057258259,1,255
2020-21,16,13,1.1504834641148325,1,298
2020-21,16,14,1.3897331011131724,1,325
2020-21,16,15,1.4983691784897024,0,351
2020-21,16,16,1.1769873229813663,1,363
2020-21,16,18,1.7008964445430348,0,417
2020-21,16,19,1.3958758587829374,1,431
2020-21,16,20,1.1064569382151028,0,455
2020-21,17,1,1.244618423508871,1,8
2020-21,17,2,1.0881253972845335,0,12
2020-21,17,3,1.2402022096994978,0,66
2020-21,17,5,0.9007415068094519,0,110
2020-21,17,6,1.421341636904762,1,128
2020-21,17,9,1.2372573442982457,0,217
2020-21,17,10,1.627026351344086,0,213
2020-21,17,11,1.087053726320583,0,255
2020-21,17,13,1.1168814439359267,0,298
2020-21,17,14,1.3751053231416548,0,325
2020-21,17,17,1.1840280580992688,1,383
2020-21,17,18,1.6824028096774195,0,417
2020-21,17,20,1.1298728157894735,0,455
2020-21,18,1,1.226800446568516,1,8
2020-21,18,3,1.2581415759620187,0,66
2020-21,18,6,1.3763636514285715,1,128
2020-21,18,7,1.2670866126244018,0,156
2020-21,18,8,1.364337300443459,0,516
2020-21,18,12,0.8674011598383707,1,278
2020-21,18,13,1.1302275504385966,1,298
2020-21,18,14,1.3457883170731708,0,325
2020-21,18,15,1.512081425945946,1,483
2020-21,18,17,1.1789551390117994,0,383
2020-21,18,20,1.1746192631578944,0,455
2020-21,19,1,1.2049648140081888,1,8
2020-21,19,3,1.3147013129235379,1,66
2020-21,19,6,1.3345339725274725,0,128
2020-21,19,15,1.4909363326403329,0,483
2020-21,19,16,1.1291181152542373,0,375
2020-21,19,17,1.1705041334513273,0,383
2020-21,19,20,1.1408706376518216,0,455
2020-21,20,1,1.1700197653412185,0,8
2020-21,20,2,1.1446257096103896,0,12
2020-21,20,3,1.2727998778110943,1,66
2020-21,20,4,1.3011756252631577,0,96
2020-21,20,6,1.3647585846560848,0,128
2020-21,20,7,1.2466886242702113,0,156
2020-21,20,8,1.4005456808648649,1,516
2020-21,20,9,1.159785028265107,0,217
2020-21,20,10,1.6237361188705166,0,200
2020-21,20,11,1.0572985159886663,0,255
2020-21,20,12,0.8316155606577662,1,278
2020-21,20,13,1.0956625448343078,0,298
2020-21,20,14,1.3949088341341342,0,325
2020-21,20,15,1.4794014684684684,0,483
2020-21,20,17,1.1600473590878146,0,383
2020-21,20,18,1.7613296162162162,0,417
2020-21,20,19,1.3362303514376128,0,435
2020-21,20,20,1.1487557251461986,1,455
2020-21,21,1,1.1620328451504611,1,8
2020-21,21,2,1.1259611823176823,1,12
2020-21,21,3,1.2431225119662388,1,66
2020-21,21,4,1.3509669089068825,0,96
2020-21,21,5,0.9768466948717948,1,548
2020-21,21,6,1.4302145994897961,1,128
2020-21,21,7,1.225813169805349,0,156
2020-21,21,8,1.4261746414201182,0,516
2020-21,21,9,1.1339488843984962,0,217
2020-21,21,10,1.6004610683924265,0,200
2020-21,21,11,1.0229694618462142,0,255
2020-21,21,12,0.8207484237093905,1,278
2020-21,21,13,1.0791567396616542,1,298
2020-21,21,14,1.3695150063186812,1,325
2020-21,21,15,1.4591506660231663,0,483
2020-21,21,16,1.2227661895604396,0,363
2020-21,21,17,1.2053036420845622,0,383
2020-21,21,18,1.7711870621082622,0,417
2020-21,21,19,1.3091473031719838,0,435
2020-21,21,20,1.129493342105263,0,455
2020-21,22,2,1.1666139533429534,0,12
2020-21,22,3,1.2109483151103018,1,66
2020-21,22,4,1.3499463196881092,0,96
2020-21,22,5,0.950402432,1,548
2020-21,22,6,1.3951815443349755,0,128
2020-21,22,8,1.4055978074074074,0,516
2020-21,22,9,1.1523178194192376,1,217
2020-21,22,10,1.598914735400123,0,200
2020-21,22,11,1.0156699631618618,0,255
2020-21,22,12,0.7956087043127464,1,278
2020-21,22,13,1.0656146451905626,1,298
2020-21,22,14,1.3514033551724138,0,325
2020-21,22,15,1.4573422982292639,0,483
2020-21,22,16,1.2047755158730158,0,363
2020-21,22,17,1.2204598334386851,0,383
2020-21,22,18,1.7562747428571432,0,417
2020-21,22,19,1.3292045685798464,0,435
2020-21,22,20,1.1355678820326678,0,455
2020-21,23,2,1.1838183121521337,1,12
2020-21,23,4,1.3727909511278196,0,96
2020-21,23,5,0.935552331348102,0,548
2020-21,23,6,1.4075468595238096,0,128
2020-21,23,8,1.4130727362518092,1,516
2020-21,23,9,1.13630215877193,1,217
2020-21,23,10,1.6089460028516864,1,200
2020-21,23,12,0.7687990720158626,0,278
2020-21,23,13,1.0456477903508772,0,298
2020-21,23,14,1.3325122371683553,0,325
2020-21,23,15,1.4789354882882884,0,483
2020-21,23,16,1.3269174260204082,0,363
2020-21,23,17,1.2543108046994202,1,383
2020-21,23,18,1.740540779829333,0,417
2020-21,23,19,1.3075948162938515,1,435
2020-21,23,20,1.1198644192982454,1,455
2020-21,24,1,1.1789040786196052,0,8
2020-21,24,2,1.1645993703537842,1,12
2020-21,24,6,1.4414407350230418,0,128
2020-21,24,9,1.1398059278438029,0,217
2020-21,24,10,1.565872971669466,0,200
2020-21,24,11,1.0956974956366594,0,255
2020-21,24,13,1.0580636358234294,0,298
2020-21,24,14,1.3321087851607805,0,325
2020-21,24,15,1.4798736660854404,0,483
2020-21,24,16,1.3100079285714283,0,363
2020-21,24,17,1.233896944542773,0,383
2020-21,24,18,1.7428950279994735,0,417
2020-21,24,19,1.3133439512521141,1,435
2020-21,24,20,1.1029512767402376,0,455
2020-21,25,1,1.1636124557124365,0,8
2020-21,25,2,1.1972284913419915,0,12
2020-21,25,3,1.1189680374223658,0,74
2020-21,25,4,1.324078552631579,1,96
2020-21,25,5,0.9214609997360451,0,548
2020-21,25,6,1.4419734464285714,0,128
2020-21,25,7,1.279376553689209,1,156
2020-21,25,8,1.3715610320281681,1,516
2020-21,25,9,1.155602680098684,0,217
2020-21,25,11,1.1221860709298745,0,255
2020-21,25,12,0.7626658553691663,1,278
2020-21,25,13,1.0521577097039474,0,298
2020-21,25,14,1.3628362966522882,0,325
2020-21,25,15,1.5004458640202702,0,483
2020-21,25,17,1.2489671076220383,0,383
2020-21,25,18,1.6987362900926846,1,417
2020-21,25,19,1.2989061090254856,0,435
2020-21,25,20,1.0929908618421051,1,455
2020-21,26,1,1.1874663735683892,0,8
2020-21,26,10,1.5357076265819063,0,200
2020-21,26,19,1.2810017723883498,0,435
2020-21,27,1,1.1761131869804002,0,8
2020-21,27,2,1.1733114163715075,1,12
2020-21,27,3,1.0777610129523791,0,74
2020-21,27,4,1.3310027832817337,0,96
2020-21,27,5,0.9183637515039695,1,548
2020-21,27,6,1.4268240510204084,0,128
2020-21,27,7,1.2475331131423641,0,156
2020-21,27,8,1.3392993101505613,1,516
2020-21,27,9,1.1859915646616541,0,217
2020-21,27,10,1.5205002981465088,0,200
2020-21,27,11,1.1307803062507824,0,255
2020-21,27,13,1.0137992488721805,1,298
2020-21,27,15,1.4740855185328186,0,483
2020-21,27,17,1.2377168481259762,0,383
2020-21,27,18,1.6845540601505617,1,417
2020-21,27,19,1.298178014376928,1,435
2020-21,27,20,1.1610546736842102,1,455
2020-21,28,1,1.1713161311342195,0,8
2020-21,28,2,1.19753305118411,0,12
2020-21,28,3,1.075514204146032,0,74
2020-21,28,4,1.3598081037593983,0,96
2020-21,28,5,0.8985573725301242,1,548
2020-21,28,6,1.4444656884920635,1,128
2020-21,28,7,1.285425934741946,0,156
2020-21,28,8,1.3210433299552526,0,516
2020-21,28,9,1.1723075489766082,1,217
2020-21,28,10,1.5544616695502704,1,200
2020-21,28,11,1.1351678116426902,1,255
2020-21,28,12,0.8521279310123376,1,278
2020-21,28,13,1.0438412697368422,1,298
2020-21,28,15,1.4843191430180178,0,483
2020-21,28,16,1.344280277096065,0,376
2020-21,28,17,1.2170367953223769,0,383
2020-21,28,18,1.649945229955253,0,417
2020-21,28,19,1.2965407853947297,0,435
2020-21,28,20,1.1534021271929822,0,455
2020-21,29,1,1.1567554726218976,0,8
2020-21,29,2,1.1862378211502782,0,12
2020-21,29,3,1.0707265327550806,1,74
2020-21,29,8,1.3526074357262496,0,516
2020-21,29,10,1.5348826421381612,0,200
2020-21,29,17,1.2231817732300885,1,383
2020-21,29,19,1.303942319133765,0,435
2020-21,30,1,1.1897543883201374,0,8
2020-21,30,2,1.1971839094516594,0,12
2020-21,30,3,1.0429457376463878,0,74
2020-21,30,4,1.3653809064327485,0,96
2020-21,30,5,0.8796419899154149,0,548
2020-21,30,6,1.4181748861003862,0,128
2020-21,30,7,1.2674275626687526,0,156
2020-21,30,8,1.3506720183052237,0,516
2020-21,30,9,1.142944642247511,0,217
2020-21,30,10,1.5301499078515877,0,200
2020-21,30,12,0.8402586085525448,1,278
2020-21,30,13,1.0272785867709817,0,298
2020-21,30,15,1.5570734364499634,0,483
2020-21,30,16,1.3297818118909195,0,376
2020-21,30,17,1.2010401307103564,0,383
2020-21,30,18,1.635839588258147,0,417
2020-21,30,19,1.3022753375355551,0,435
2020-21,30,20,1.1484300697012801,0,455
2020-21,31,1,1.2182808169070256,1,8
2020-21,31,2,1.202612236223236,0,12
2020-21,31,3,1.0613221517852127,1,74
2020-21,31,5,0.8947606222930093,0,548
2020-21,31,6,1.4421152838345865,0,128
2020-21,31,7,1.2465935838963627,1,156
2020-21,31,8,1.3547698562018238,0,516
2020-21,31,9,1.1608431516620499,0,217
2020-21,31,10,1.5133744990202547,0,200
2020-21,31,11,1.1190378820485996,0,255
2020-21,31,12,0.825031645169583,0,278
2020-21,31,13,1.044390623961219,0,298
2020-21,31,15,1.576807688122333,0,483
2020-21,31,16,1.3312153748773308,0,376
2020-21,31,17,1.2672891535863997,0,383
2020-21,31,18,1.6587574874505222,1,417
2020-21,31,20,1.1568170678670358,1,455
2020-21,32,2,1.2233991510594668,0,12
2020-21,32,3,1.0401146454179535,1,74
2020-21,32,4,1.4361297467994307,0,81
2020-21,32,7,1.2416257604344907,0,156
2020-21,32,8,1.330018878004305,0,516
2020-21,32,9,1.1552019939271256,1,217
2020-21,32,10,1.5211350982426686,0,200
2020-21,32,11,1.1081750353634026,0,255
2020-21,32,12,0.8080053209344655,0,278
2020-21,32,13,1.0394529412955467,0,298
2020-21,32,15,1.5835667474012474,0,483
2020-21,32,16,1.3632213679259515,0,376
2020-21,32,18,1.6512744932149448,0,417
2020-21,32,20,1.1444259122807015,1,455
2020-21,33,1,1.1937028829106622,0,8
2020-21,33,2,1.228858865134865,0,12
2020-21,33,4,1.470975227146814,1,81
2020-21,33,5,0.8857522294215695,1,548
2020-21,33,6,1.4959432765567766,0,128
2020-21,33,9,1.1326869690789474,0,217
2020-21,33,10,1.5207004614906843,1,200
2020-21,33,11,1.1409906657835187,0,255
2020-21,33,13,1.0355113677631582,1,298
2020-21,33,15,1.5730008287162163,1,483
2020-21,33,18,1.672862110264958,0,417
2020-21,33,20,1.122612064473684,0,455
2020-21,34,2,1.2341429685064935,0,12
2020-21,34,3,1.0329679636182965,1,74
2020-21,34,4,1.4415422469635624,0,81
2020-21,34,5,0.8670375540774153,1,548
2020-21,34,6,1.4868915196428574,0,128
2020-21,34,8,1.3644950848177382,0,516
2020-21,34,9,1.121263823491656,0,217
2020-21,34,10,1.5083482852028651,0,200
2020-21,34,12,0.8062193879111039,1,278
2020-21,34,15,1.5808354426499671,0,483
2020-21,34,16,1.3609485696054564,0,376
2020-21,34,17,1.3040886789337365,1,383
2020-21,34,18,1.6918629973177386,0,417
2020-21,34,19,1.3477450192822449,0,431
2020-21,34,20,1.1454357702182283,0,455
2020-21,35,3,1.018611622834976,0,74
2020-21,35,4,1.4615188407894735,1,81
2020-21,35,8,1.3728313379763368,0,516
2020-21,35,10,1.5276570275357655,0,200
2020-21,35,12,0.7946640857669306,0,278
2020-21,35,15,1.5926528606821109,0,483
2020-21,35,17,1.2832985675305522,0,383
2020-21,35,18,1.669656594073898,0,417
2020-21,35,19,1.3553864938001887,0,431
2020-21,35,20,1.1415979423558895,0,455
2020-21,36,2,1.2294057536494514,0,12
2020-21,36,3,1.0192766838907503,0,74
2020-21,36,4,1.4433069178433886,0,81
2020-21,36,7,1.2180782697926436,0,156
2020-21,36,8,1.3766798171676904,0,516
2020-21,36,10,1.5143519358109103,1,200
2020-21,36,11,1.1382720899458687,0,255
2020-21,36,15,1.5938552941546196,1,483
2020-21,36,17,1.3079828566577487,1,383
2020-21,36,18,1.6494556981200716,0,417
2020-21,36,19,1.3507986524879891,0,431
2020-21,36,20,1.1209398506731945,0,455
2020-21,37,1,1.183854057417369,0,8
2020-21,37,2,1.243879463793782,0,12
2020-21,37,3,1.038547462797562,0,74
2020-21,37,4,1.449644872180451,0,81
2020-21,37,5,0.8623517560839593,0,548
2020-21,37,6,1.4733464833887044,0,128
2020-21,37,7,1.2196122668792577,1,156
2020-21,37,8,1.394861295932709,0,516
2020-21,37,9,1.156311282496013,0,217
2020-21,37,10,1.5108260482684814,1,200
2020-21,37,11,1.136228945681055,1,255
2020-21,37,12,0.799790940867718,0,278
2020-21,37,15,1.5870714692874692,0,483
2020-21,37,17,1.3010582462791633,0,383
2020-21,37,18,1.6567445517466628,0,417
2020-21,38,1,1.177473771544579,1,8
2020-21,38,2,1.2344648757094756,0,12
2020-21,38,3,1.0374827878007304,0,74
2020-21,38,4,1.4746758518971845,0,81
2020-21,38,6,1.4773305178571432,0,128
2020-21,38,7,1.1953486432210283,0,156
2020-21,38,9,1.189051520662768,0,217
2020-21,38,10,1.5040734020976219,0,200
2020-21,38,11,1.1279953818765471,1,255
2020-21,38,12,0.8078483143359105,1,278
2020-21,38,15,1.5907430810810812,1,483
2020-21,38,16,1.4084860345756367,0,376
2020-21,38,17,1.305895818584071,0,383
2020-21,38,18,1.6937085528178055,0,417
2020-21,38,19,1.302941097366684,1,435
2020-21,38,20,1.1676215131578944,0,455
2021-22,7,1,1.4062610373168012,1,16
2021-22,7,2,1.1335505784621942,0,168
2021-22,7,3,1.126111876190476,0,80
2021-22,7,4,1.2437544886861032,1,56
2021-22,7,5,1.5639804920634917,1,98
2021-22,7,6,0.8204598834586466,0,127
2021-22,7,7,1.338661637065637,0,146
2021-22,7,8,1.0270894298618742,0,169
2021-22,7,9,1.3301056077694235,0,200
2021-22,7,10,1.7518241887988497,1,184
2021-22,7,11,1.1659012760617762,0,229
2021-22,7,12,0.5755582878900907,0,256
2021-22,7,13,1.0460973202614379,0,270
2021-22,7,14,1.7315090570580125,0,292
2021-22,7,15,1.619259019047619,1,314
2021-22,7,16,1.4379274714285715,0,334
2021-22,7,17,1.505717635338346,0,353
2021-22,7,18,1.4626763458289604,0,387
2021-22,7,19,1.2889386408163264,0,408
2021-22,7,20,0.9279740637774619,0,439
2021-22,8,1,1.3741081917691549,0,16
2021-22,8,2,1.167689139898048,0,168
2021-22,8,3,1.1198677123809524,0,80
2021-22,8,4,1.168049728483592,1,56
2021-22,8,5,1.5013479259259257,0,98
2021-22,8,7,1.3133123945945946,0,146
2021-22,8,8,1.0229026678710829,0,169
2021-22,8,9,1.3138383005847953,0,200
2021-22,8,10,1.6468441095455932,0,184
2021-22,8,11,1.1520679243243246,1,229
2021-22,8,12,0.5953346686974179,1,256
2021-22,8,13,1.0573336989106752,0,270
2021-22,8,14,1.6870301865874784,0,292
2021-22,8,15,1.521060579047619,1,314
2021-22,8,16,1.5981145733333335,1,334
2021-22,8,17,1.4682698596491228,0,353
2021-22,8,18,1.446682928483592,0,387
2021-22,8,19,1.287204998095238,1,408
2021-22,8,20,0.9378737928589646,0,439
2021-22,9,2,1.22082188115442,0,168
2021-22,9,3,1.0652019375000001,0,80
2021-22,9,5,1.5379220555555553,0,98
2021-22,9,7,1.3363063699324325,0,146
2021-22,9,8,1.0756803136291402,0,169
2021-22,9,9,1.2905755317982457,0,200
2021-22,9,10,1.6505132901989936,0,184
2021-22,9,11,1.0974218665540543,1,229
2021-22,9,12,0.5901531894038293,0,256
2021-22,9,13,1.167237967728758,0,270
2021-22,9,14,1.6706142374257609,0,292
2021-22,9,15,1.4945751250000003,0,314
2021-22,9,16,1.5238516625000003,0,334
2021-22,9,17,1.4440471809210527,0,353
2021-22,9,18,1.5682074387967022,0,387
2021-22,9,19,1.2559247482142857,1,408
2021-22,9,20,0.9489638058052793,0,439
2021-22,10,4,1.131012105930503,0,59
2021-22,10,5,1.5245021699346404,0,98
2021-22,10,6,0.8209005855263158,1,127
2021-22,10,7,1.3048297011128775,1,146
2021-22,10,8,1.1801218245921319,0,169
2021-22,10,9,1.2777749122807018,0,200
2021-22,10,10,1.6020534495990528,0,184
2021-22,10,11,1.1061404038155804,0,229
2021-22,10,13,1.3174059696270666,1,270
2021-22,10,14,1.6944080469889513,0,292
2021-22,10,15,1.5930388771241832,0,314
2021-22,10,16,1.4647451529411766,1,334
2021-22,10,17,1.4530328173374614,0,353
2021-22,10,18,1.5878712421519887,0,387
2021-22,10,19,1.2183739394957982,0,408
2021-22,10,20,0.9857238760520276,0,439
2021-22,11,1,1.0198810451911027,1,67
2021-22,11,2,1.4629627015709326,0,44
2021-22,11,3,1.1308886138762713,0,76
2021-22,11,4,1.1395683222676973,0,59
2021-22,11,5,1.483514049382716,0,98
2021-22,11,6,0.8188866099071207,0,127
2021-22,11,7,1.2661212177177177,1,146
2021-22,11,8,1.2011274454481244,1,169
2021-22,11,9,1.2630785838206628,0,200
2021-22,11,10,1.5468330912879944,0,184
2021-22,11,11,1.1217744369369371,0,229
2021-22,11,12,0.6352331759436928,1,256
2021-22,11,13,1.303314582425563,0,270
2021-22,11,14,1.7220977666006765,0,292
2021-22,11,15,1.5622396133333334,0,314
2021-22,11,16,1.4268847555555557,1,334
2021-22,11,17,1.443162605263158,1,353
2021-22,11,19,1.1857790539682538,0,408
2021-22,11,20,1.017643660715804,0,439
2021-22,12,1,0.986458395473979,0,67
2021-22,12,2,1.4290578621489693,1,44
2021-22,12,3,1.1208169538068884,0,76
2021-22,12,4,1.09058277899045,0,59
2021-22,12,5,1.5508916257309941,0,98
2021-22,12,6,0.8077974649122807,1,127
2021-22,12,7,1.2117727325746799,0,146
2021-22,12,8,1.1766801062140126,0,169
2021-22,12,9,1.2969427636195754,0,200
2021-22,12,10,1.5038760864833631,0,184
2021-22,12,11,1.1233197823613088,1,229
2021-22,12,12,0.6385526126938799,1,256
2021-22,12,13,1.3365028675610595,0,270
2021-22,12,14,1.7006663052006408,0,292
2021-22,12,15,1.6110145894736843,0,314
2021-22,12,16,1.3717201368421055,0,334
2021-22,12,17,1.4023576786703602,0,353
2021-22,12,19,1.1937923669172932,0,408
2021-22,12,20,1.0922983627833933,1,439
2021-22,13,1,1.1348175957254247,1,67
2021-22,13,2,1.3844208472339905,0,44
2021-22,13,3,1.1675692972239884,1,76
2021-22,13,4,1.0865147400409274,1,59
2021-22,13,6,0.7894345983379502,0,127
2021-22,13,7,1.1962555459459459,0,146
2021-22,13,8,1.2430522509033122,0,169
2021-22,13,9,1.3509198754385965,0,200
2021-22,13,10,1.538244082159195,1,184
2021-22,13,11,1.0794657432432433,1,229
2021-22,13,12,0.6499479819482452,0,256
2021-22,13,13,1.3964182741830067,0,270
2021-22,13,15,1.5842226883333332,1,314
2021-22,13,16,1.32324398,0,334
2021-22,13,18,1.5770270700657132,0,387
2021-22,13,19,1.1946935485714285,0,408
2021-22,13,20,1.0577266946442234,1,439
2021-22,14,1,1.086801511739876,0,67
2021-22,14,2,1.360371393816447,0,44
2021-22,14,3,1.151669702915945,0,76
2021-22,14,4,1.0728701333723119,0,59
2021-22,14,6,0.7758416184210526,0,127
2021-22,14,7,1.159470377091377,0,146
2021-22,14,8,1.2362754770507736,0,169
2021-22,14,9,1.3909416432748538,0,200
2021-22,14,10,1.551250649675424,1,184
2021-22,14,11,1.0743639935649938,0,229
2021-22,14,12,0.6263500978910571,0,256
2021-22,14,13,1.4325233563647684,0,270
2021-22,14,15,1.5219938578811372,0,314
2021-22,14,16,1.3946618857142858,0,334
2021-22,14,17,1.3996973447368422,1,353
2021-22,14,18,1.6106835294843855,0,387
2021-22,14,19,1.2588274272108844,0,408
2021-22,14,20,1.068812280613546,1,439
2021-22,15,1,1.1177169861528822,0,67
2021-22,15,2,1.3409213808549185,0,44
2021-22,15,3,1.1807688674743164,0,76
2021-22,15,6,0.7822783032581454,0,127
2021-22,15,7,1.1895724963144962,0,146
2021-22,15,8,1.29954222809392,0,169
2021-22,15,9,1.4100306140350876,0,200
2021-22,15,11,1.046921402948403,1,229
2021-22,15,12,0.6301466567064129,0,256
2021-22,15,13,1.4173427947118242,1,270
2021-22,15,15,1.4986216033355135,0,314
2021-22,15,16,1.3924021636363637,0,334
2021-22,15,17,1.342909994987469,1,353
2021-22,15,18,1.5660357359210724,0,387
2021-22,15,19,1.2542545441558441,0,408
2021-22,15,20,1.025595358767476,0,439
2021-22,16,1,1.1116459391932212,1,67
2021-22,16,2,1.3217125234379958,0,44
2021-22,16,3,1.1882924877988663,0,76
2021-22,16,5,1.4787543863636363,1,112
2021-22,16,6,0.8309665622009569,0,127
2021-22,16,7,1.172618474735605,0,146
2021-22,16,8,1.2852707833941843,0,169
2021-22,16,9,1.4225491525553011,1,200
2021-22,16,10,1.493768698136646,0,199
2021-22,16,11,1.005204428907168,1,229
2021-22,16,12,0.6305027339530939,1,256
2021-22,16,13,1.3765139340721797,1,270
2021-22,16,15,1.51327692121389,0,314
2021-22,16,18,1.666072428681349,0,387
2021-22,16,19,1.254464955279503,1,408
2021-22,16,20,1.0786674301254118,0,439
2021-22,17,1,1.0820890328662567,1,67
2021-22,17,2,1.37083557658339,1,44
2021-22,17,6,0.8639816247139588,0,127
2021-22,17,8,1.31205375075276,0,169
2021-22,17,10,1.5367384607142858,0,199
2021-22,17,14,1.6571211323913886,1,39
2021-22,17,15,1.5308673354430382,0,314
2021-22,17,16,1.3976580176157882,0,491
2021-22,17,19,1.2201481238095238,0,408
2021-22,17,20,1.1493087038701861,1,439
2021-22,18,1,1.0485770314372889,0,67
2021-22,18,6,0.8520041820175438,1,127
2021-22,18,10,1.6086384422857145,0,199
2021-22,18,12,0.6317134027777778,1,257
2021-22,18,17,1.3282029497607657,0,353
2021-22,18,20,1.1460688357153788,1,439
2021-22,19,1,1.0551891551274017,1,67
2021-22,19,2,1.3345135605097203,0,44
2021-22,19,3,1.1635702188256378,0,76
2021-22,19,4,1.0772751239935587,1,69
2021-22,19,6,0.8297339747368421,0,127
2021-22,19,9,1.3858982711988304,0,200
2021-22,19,12,0.6128467866666667,0,257
2021-22,19,13,1.3570127284858389,0,270
2021-22,19,16,1.4029347940730277,0,491
2021-22,19,17,1.3324412562929062,1,353
2021-22,19,19,1.2756939588571428,0,408
2021-22,20,3,1.15341588276867,0,76
2021-22,20,4,1.0746274938271605,0,69
2021-22,20,6,0.8135797064777328,0,127
2021-22,20,7,1.2113641564722617,1,162
2021-22,20,9,1.473907180350877,1,200
2021-22,20,11,0.9802200779797979,0,231
2021-22,20,12,0.675764141025641,1,257
2021-22,20,13,1.3500036193464053,0,270
2021-22,20,17,1.2837491206140352,0,353
2021-22,20,19,1.2745585373626371,0,408
2021-22,21,1,1.0186487089223055,0,67
2021-22,21,2,1.3834878349626367,0,44
2021-22,21,4,1.059698434074074,0,69
2021-22,21,5,1.5013696063432838,0,110
2021-22,21,6,0.8102134951267056,0,127
2021-22,21,7,1.1866236302093522,0,162
2021-22,21,8,1.3772841607226496,0,169
2021-22,21,10,1.6771950406593408,0,199
2021-22,21,12,0.6588623950617284,0,257
2021-22,21,13,1.3153774416792359,0,270
2021-22,21,15,1.5870097189986858,0,326
2021-22,21,17,1.245373035789474,1,353
2021-22,21,18,1.6718141009256855,0,387
2021-22,21,20,1.130043842034018,1,439
2021-22,22,2,1.3513271262404498,0,44
2021-22,22,7,1.228648464252028,0,162
2021-22,22,8,1.3541263468487015,0,169
2021-22,22,9,1.5250617887989202,0,200
2021-22,22,10,1.6244154835978837,0,199
2021-22,22,11,0.9654799178794179,1,229
2021-22,22,12,0.6627930595238096,1,257
2021-22,22,16,1.440914003631181,0,351
2021-22,22,17,1.2081988421052632,0,353
2021-22,22,19,1.2711342403940886,0,408
2021-22,22,20,1.1143483293660914,0,439
2021-22,23,1,1.0497488355022169,1,67
2021-22,23,2,1.3580240853448682,1,44
2021-22,23,3,1.2309293104519272,0,76
2021-22,23,4,1.0425935125661374,0,69
2021-22,23,6,0.8553189122807017,1,127
2021-22,23,7,1.2315266834820613,0,162
2021-22,23,9,1.6147517225471082,0,200
2021-22,23,10,1.6436682163265308,0,199
2021-22,23,11,0.9715342912912913,0,229
2021-22,23,12,0.6590217643678161,0,257
2021-22,23,13,1.3027793959882803,1,270
2021-22,23,15,1.5822493843866625,1,326
2021-22,23,16,1.4686459245169043,0,351
2021-22,23,17,1.2298132553606238,0,353
2021-22,23,20,1.104978424745874,0,439
2021-22,24,1,1.0305392860391718,1,67
2021-22,24,2,1.3503782474424237,0,44
2021-22,24,3,1.1931128369947483,0,76
2021-22,24,5,1.5177692457264957,0,98
2021-22,24,7,1.2363771622953705,0,162
2021-22,24,8,1.3380523340024533,0,169
2021-22,24,9,1.5959112681704257,0,200
2021-22,24,10,1.6243574847290643,0,199
2021-22,24,11,0.9901929594594595,1,229
2021-22,24,12,0.6745753055555556,1,257
2021-22,24,13,1.266642782788671,0,270
2021-22,24,14,1.7429653016461812,0,299
2021-22,24,15,1.5586631649412834,0,326
2021-22,24,16,1.4697880811188395,0,351
2021-22,24,17,1.220208960526316,0,353
2021-22,24,18,1.5972408727715022,0,379
2021-22,24,19,1.3003465323809524,1,408
2021-22,24,20,1.0904004100994646,0,439
2021-22,25,2,1.3836625738420443,0,44
2021-22,25,3,1.2128080036594606,1,76
2021-22,25,5,1.524182014403292,0,98
2021-22,25,7,1.2051778366547434,1,162
2021-22,25,8,1.3802348935023656,1,169
2021-22,25,9,1.6279032589231697,0,200
2021-22,25,10,1.616758001904762,0,199
2021-22,25,11,0.9733124780987884,1,229
2021-22,25,12,0.6664860698924732,1,257
2021-22,25,16,1.4743178255459957,0,351
2021-22,25,17,1.2330580998185119,0,353
2021-22,25,18,1.570972704528897,0,379
2021-22,25,19,1.2683419668202764,0,408
2021-22,25,20,1.1025619964294824,1,439
2021-22,26,3,1.191347023699156,0,76
2021-22,26,4,1.1031213178016728,0,69
2021-22,26,6,0.837472882852292,1,127
2021-22,26,8,1.34032834545056,0,169
2021-22,26,9,1.5964567836257308,0,200
2021-22,26,12,0.6559007552083334,0,257
2021-22,26,13,1.2393101055654587,0,270
2021-22,26,15,1.6213794042796075,0,326
2021-22,26,16,1.5139303100705643,1,351
2021-22,26,19,1.2690991866071428,0,408
2021-22,27,2,1.3606104016983451,1,44
2021-22,27,3,1.2119014071817904,0,76
2021-22,27,4,1.1037403078703703,0,69
2021-22,27,7,1.230503868809191,0,162
2021-22,27,8,1.3792086339355412,0,169
2021-22,27,9,1.568402113186191,1,200
2021-22,27,10,1.7328470320346319,0,199
2021-22,27,12,0.6735254292929294,1,257
2021-22,27,13,1.2283448965782393,1,270
2021-22,27,14,1.5828837709258696,1,39
2021-22,27,15,1.6938962222145875,0,326
2021-22,27,16,1.4710550868866337,1,351
2021-22,27,17,1.2756249654605263,1,353
2021-22,27,18,1.5204291204675942,1,379
2021-22,27,19,1.2566541506493507,1,408
2021-22,27,20,1.1256542694813476,0,439
2021-22,28,1,0.9909733241019214,0,67
2021-22,28,3,1.2372275008341242,0,76
2021-22,28,4,1.106560692480359,0,69
2021-22,28,5,1.5224027383512546,0,98
2021-22,28,7,1.2123370817372943,1,162
2021-22,28,9,1.5380296408991225,1,200
2021-22,28,11,0.961697714527027,1,229
2021-22,28,12,0.6745442696078432,0,257
2021-22,28,13,1.2047323566760035,0,270
2021-22,28,17,1.289757360446571,1,353
2021-22,28,19,1.2437970579831934,0,408
2021-22,29,2,1.3321775216022544,0,44
2021-22,29,3,1.2259822230768642,1,76
2021-22,29,5,1.5382422309027777,0,98
2021-22,29,6,0.8309064429824561,1,127
2021-22,29,7,1.2075009791819378,1,162
2021-22,29,9,1.5240426669324825,0,200
2021-22,29,10,1.7174871404761902,0,199
2021-22,29,12,0.6647680333333333,1,257
2021-22,29,13,1.248466096768337,0,270
2021-22,29,16,1.4414981395155146,0,351
2021-22,29,19,1.2662800848979592,0,408
2021-22,29,20,1.2523151471914717,1,475
2021-22,30,1,0.9936930976684134,1,67
2021-22,30,2,1.3356596933431983,0,44
2021-22,30,3,1.2117617904385536,0,76
2021-22,30,9,1.5261118973168213,0,200
2021-22,30,17,1.234989427631579,0,353
2021-22,30,19,1.2581676936507937,0,408
2021-22,30,20,1.2307530814617436,0,475
2021-22,31,1,0.9728265065605189,0,67
2021-22,31,2,1.3278967294244615,0,44
2021-22,31,3,1.21103185232331,0,76
2021-22,31,4,1.1443378569958849,1,69
2021-22,31,6,0.820084871130031,0,127
2021-22,31,7,1.2258492995293109,1,162
2021-22,31,9,1.5278552431077692,0,200
2021-22,31,10,1.69687688449848,0,199
2021-22,31,11,0.9822178247104247,1,229
2021-22,31,12,0.6583987268518519,1,257
2021-22,31,13,1.260465972531355,0,270
2021-22,31,14,1.4857174164071203,0,39
2021-22,31,16,1.4340647410978746,0,351
2021-22,31,17,1.2178601187766713,0,353
2021-22,31,19,1.2875130262548264,0,408
2021-22,31,20,1.2681185277630842,0,475
2021-22,32,1,0.981703434944504,0,67
2021-22,32,2,1.3374423599698564,0,44
2021-22,32,4,1.1256787527527525,0,69
2021-22,32,5,1.5367614396825398,0,98
2021-22,32,6,0.8608923319548872,1,127
2021-22,32,8,1.412806280837762,1,170
2021-22,32,9,1.509072153021442,0,200
2021-22,32,10,1.7020385455218354,1,199
2021-22,32,11,0.9741584129129129,0,229
2021-22,32,12,0.6692459639639639,0,257
2021-22,32,13,1.2533191311489509,0,270
2021-22,32,14,1.5430560867391856,1,39
2021-22,32,16,1.4327121207555042,0,351
2021-22,32,17,1.1988219314404434,1,353
2021-22,32,19,1.2895769992481203,0,408
2021-22,32,20,1.2814797443744248,0,475
2021-22,33,3,1.2105069571755447,0,76
2021-22,33,7,1.2150653437098842,0,162
2021-22,33,8,1.3930170508144908,0,170
2021-22,33,11,0.9812630504017532,1,229
2021-22,33,12,0.6830600175438596,1,257
2021-22,33,17,1.2031149075573548,0,353
2021-22,33,19,1.3002169736263736,0,408
2021-22,34,1,0.9615573479752011,0,67
2021-22,34,2,1.32629616083594,1,44
2021-22,34,3,1.2192680186508604,1,76
2021-22,34,4,1.144945471296296,0,69
2021-22,34,5,1.5528064839181288,1,98
2021-22,34,8,1.3721221034951803,0,170
2021-22,34,9,1.5189370386864594,1,200
2021-22,34,10,1.6839795418470418,1,199
2021-22,34,11,0.9769286411806544,1,229
2021-22,34,12,0.6753042094017093,0,257
2021-22,34,14,1.4476483428934104,1,39
2021-22,34,16,1.5170894083618003,0,351
2021-22,34,17,1.182551622368421,1,353
2021-22,34,19,1.3175465117857144,0,408
2021-22,34,20,1.2814347370078227,0,475
2021-22,35,2,1.2982153976998043,1,44
2021-22,35,3,1.2010003586982863,0,76
2021-22,35,4,1.1377867037037035,1,69
2021-22,35,5,1.5269578304843305,0,98
2021-22,35,6,0.849831286984353,0,127
2021-22,35,7,1.1166258867689973,0,477
2021-22,35,8,1.3780322060347807,1,170
2021-22,35,9,1.494605862719298,0,200
2021-22,35,10,1.6791446270232229,0,199
2021-22,35,11,0.9618899067914068,1,229
2021-22,35,12,0.6682133041666666,1,257
2021-22,35,13,1.3083002554339564,1,270
2021-22,35,14,1.4241541550690813,0,39
2021-22,35,15,1.6921189126518446,0,319
2021-22,35,16,1.5410704390575185,0,351
2021-22,35,17,1.184230216944801,0,353
2021-22,35,19,1.3394150114982577,0,408
2021-22,35,20,1.2781602120272524,0,475
2021-22,36,3,1.211854830806153,1,76
2021-22,36,4,1.1222555917107582,1,69
2021-22,36,13,1.2927942723559118,0,270
2021-22,36,14,1.4536779449046078,0,39
2021-22,36,16,1.5188846251097907,0,351
2021-22,36,19,1.3286232969387757,1,408
2021-22,37,3,1.2071279157610815,0,76
2021-22,37,4,1.1160611593453917,0,69
2021-22,37,6,0.8497438904605265,0,127
2021-22,37,10,1.6945656045216249,0,199
2021-22,37,12,0.688974492248062,0,257
2021-22,37,14,1.5129485136406338,1,39
2021-22,37,15,1.7460668471788003,0,319
2021-22,37,16,1.5669859306467089,0,351
2021-22,37,17,1.1724051339712918,1,353
2021-22,37,18,1.5304284225375446,0,379
2021-22,37,19,1.3195633946843854,0,408
2021-22,38,1,0.9638384688633972,0,23
2021-22,38,2,1.2724865272318955,0,44
2021-22,38,3,1.2164992589238963,0,76
2021-22,38,4,1.1371086557239054,0,69
2021-22,38,5,1.4409113023255815,0,112
2021-22,38,9,1.48479956838118,0,200
2021-22,38,10,1.7035598510570145,0,199
2021-22,38,11,0.960091452313836,0,231
2021-22,38,12,0.6943797765151514,0,257
2021-22,38,13,1.329928821859114,0,270
2021-22,38,14,1.4856984490226226,0,39
2021-22,38,15,1.725102028071538,0,319
2021-22,38,16,1.5552270987227421,0,351
2021-22,38,17,1.1694325421052632,1,353
2021-22,38,19,1.3346814538961038,0,408
2021-22,38,20,1.3551986722188956,0,429
2022-23,8,1,0.9065323655462183,1,15
2022-23,8,2,1.4605965158730156,1,31
2022-23,8,3,1.6681296359113735,0,71
2022-23,8,4,1.1735917023809523,0,81
2022-23,8,9,1.6402336670834352,0,209
2022-23,8,10,1.6051649559541497,0,249
2022-23,8,13,0.6939268629343629,1,307
2022-23,8,15,1.3358950076590075,0,357
2022-23,8,17,1.5667160294405214,0,409
2022-23,8,18,1.0698616428571426,0,425
2022-23,8,19,1.3017296545442048,0,461
2022-23,8,20,1.3144208551859098,0,478
2022-23,9,1,0.8810976078431371,0,15
2022-23,9,2,1.377369948148148,1,31
2022-23,9,3,1.6368723068041526,1,71
2022-23,9,4,1.1809055222222222,1,81
2022-23,9,5,1.0784458198878462,0,106
2022-23,9,6,1.1963450403656368,0,128
2022-23,9,7,1.4600160992736078,0,152
2022-23,9,9,1.6036849847587917,0,209
2022-23,9,10,1.6268646255572063,1,249
2022-23,9,12,1.0331922394957984,0,280
2022-23,9,13,0.6678184720720721,0,307
2022-23,9,14,1.365440657894737,0,327
2022-23,9,16,1.6190153847587916,0,385
2022-23,9,17,1.5464410941444866,0,409
2022-23,9,18,1.1018653999999997,0,425
2022-23,9,19,1.2407218775745912,1,461
2022-23,9,20,1.3199020648401825,0,478
2022-23,10,1,0.9173218198529411,0,15
2022-23,10,2,1.309426701388889,0,31
2022-23,10,3,1.615139202069153,0,71
2022-23,10,4,1.1531573020833332,0,81
2022-23,10,5,1.15132749856199,0,106
2022-23,10,7,1.4476632259887006,0,152
2022-23,10,8,1.4973105577108825,0,199
2022-23,10,9,1.839389107056221,0,209
2022-23,10,10,1.599406586459881,0,249
2022-23,10,11,1.4903248072943172,0,230
2022-23,10,12,1.017515756862745,0,280
2022-23,10,13,0.7338424425675676,1,307
2022-23,10,14,1.4718189473684211,0,327
2022-23,10,15,1.4007150069444445,0,376
2022-23,10,16,1.610997107056221,0,385
2022-23,10,18,1.2777539375,1,425
2022-23,10,19,1.1981696352261793,0,461
2022-23,10,20,1.300662060787671,0,478
2022-23,11,1,0.9071638892733563,1,15
2022-23,11,2,1.245057954248366,0,31
2022-23,11,3,1.5823401443438143,0,71
2022-23,11,4,1.2252729313725488,1,81
2022-23,11,5,1.1262488424018655,0,106
2022-23,11,6,1.1625903710079277,1,128
2022-23,11,7,1.4241168368644068,1,152
2022-23,11,8,1.5136493484337716,0,199
2022-23,11,11,1.4975393818384224,0,230
2022-23,11,12,1.1349868345588237,1,280
2022-23,11,13,0.6965335341812401,0,307
2022-23,11,14,1.4020563881578947,1,327
2022-23,11,15,1.383198888888889,1,376
2022-23,11,16,1.5486691082006152,0,385
2022-23,11,17,1.499027338200546,0,422
2022-23,11,18,1.2472597647058823,1,425
2022-23,11,20,1.3620875866236903,1,478
2022-23,12,2,1.2426580679012347,0,31
2022-23,12,3,1.5792148864227118,0,71
2022-23,12,4,1.2676940462962962,1,81
2022-23,12,5,1.1690029104958735,1,106
2022-23,12,7,1.396004846460618,0,152
2022-23,12,8,1.5645278846318955,0,199
2022-23,12,9,1.9151603562319042,1,201
2022-23,12,10,1.6894313333333335,1,254
2022-23,12,12,1.1203413148788928,1,280
2022-23,12,14,1.3653654241486068,1,327
2022-23,12,15,1.3828248950617286,1,376
2022-23,12,16,1.5261714370536967,1,385
2022-23,12,17,1.5484570177272465,1,422
2022-23,12,18,1.2082110555555556,0,425
2022-23,12,19,1.090966499323457,0,455
2022-23,12,20,1.3537902207001522,0,478
2022-23,13,1,0.9659763954248366,0,15
2022-23,13,2,1.3261896959064328,1,31
2022-23,13,3,1.5527785537780658,0,71
2022-23,13,4,1.2282848333333334,0,81
2022-23,13,5,1.1145889710238805,0,106
2022-23,13,6,1.192309597819932,0,128
2022-23,13,7,1.3647744105461395,0,152
2022-23,13,8,1.5401966275460062,1,199
2022-23,13,9,1.8254124745029234,0,201
2022-23,13,10,1.6616320000000002,1,254
2022-23,13,11,1.4497480957446807,0,238
2022-23,13,12,1.2115239640522877,0,280
2022-23,13,13,0.7658512822822824,0,307
2022-23,13,14,1.3250738450292399,0,327
2022-23,13,15,1.313163216374269,0,376
2022-23,13,16,1.5423156877055497,1,385
2022-23,13,17,1.501067301690202,0,422
2022-23,13,18,1.2320912105263158,0,425
2022-23,13,19,1.1507779162293361,1,455
2022-23,13,20,1.3468041038211969,0,478
2022-23,14,1,0.9469905325077399,1,15
2022-23,14,3,1.6440517979869154,0,71
2022-23,14,4,1.3048601916666667,0,81
2022-23,14,5,1.151206288338413,0,106
2022-23,14,6,1.1639679744187597,0,128
2022-23,14,7,1.3496778099910793,1,152
2022-23,14,8,1.4922104461687058,1,199
2022-23,14,9,1.8379231075094966,1,201
2022-23,14,10,1.6577727500000001,0,254
2022-23,14,11,1.5000729854423291,0,238
2022-23,14,12,1.2965710712074305,0,280
2022-23,14,13,0.7325452674253201,1,307
2022-23,14,14,1.277905274238227,1,327
2022-23,14,15,1.3235736055555556,1,376
2022-23,14,16,1.5776043589969806,0,385
2022-23,14,17,1.5645416502634222,0,422
2022-23,14,18,1.26553585,0,425
2022-23,14,20,1.3275350986301369,0,478
2022-23,15,1,0.9335269558823529,1,15
2022-23,15,2,1.3556840370774264,0,31
2022-23,15,3,1.66920883947617,0,71
2022-23,15,4,1.2700926587301589,0,81
2022-23,15,5,1.1459193239214924,0,106
2022-23,15,6,1.1725883091732732,0,128
2022-23,15,7,1.3481969194915253,0,152
2022-23,15,8,1.5029558534940055,0,199
2022-23,15,9,1.8001888240883286,0,201
2022-23,15,10,1.6114098095238096,1,254
2022-23,15,11,1.5180359361702125,0,238
2022-23,15,12,1.3101238676470588,0,280
2022-23,15,13,0.7296284040540542,0,307
2022-23,15,14,1.2610060605263158,0,327
2022-23,15,15,1.273081671957672,0,376
2022-23,15,16,1.7231204354786644,0,385
2022-23,15,17,1.538063529978708,0,422
2022-23,15,18,1.2463542380952382,0,425
2022-23,15,19,1.2151915581809434,0,461
2022-23,15,20,1.3250890463144163,0,478
2022-23,16,1,0.9019790056022409,1,15
2022-23,16,2,1.3157849397089398,0,31
2022-23,16,4,1.2735852196969697,0,81
2022-23,16,5,1.1534042608776118,0,106
2022-23,16,7,1.2906865423728813,0,152
2022-23,16,8,1.5348439510624596,0,199
2022-23,16,9,1.8231930143489576,0,201
2022-23,16,10,1.5932459545454547,1,254
2022-23,16,11,1.5178906534954404,0,238
2022-23,16,12,1.3318584453781512,0,280
2022-23,16,13,0.7339457657657659,0,307
2022-23,16,14,1.2277385814536341,0,327
2022-23,16,15,1.2882181414141414,1,376
2022-23,16,17,1.531137826850084,0,422
2022-23,16,18,1.254452409090909,0,425
2022-23,16,20,1.3469147260273973,0,478
2022-23,17,1,0.8833799598930481,0,15
2022-23,17,3,1.5973554654361275,0,57
2022-23,17,4,1.2881162971014493,0,81
2022-23,17,5,1.168485885383175,0,106
2022-23,17,6,1.2308214059457345,1,128
2022-23,17,7,1.281359881355932,0,152
2022-23,17,8,1.5770463879727876,0,199
2022-23,17,9,1.8550255662835795,1,201
2022-23,17,10,1.5848613478260871,0,254
2022-23,17,11,1.5334683510638296,0,238
2022-23,17,12,1.3191876069518715,0,280
2022-23,17,13,0.7590482309582309,0,307
2022-23,17,14,1.231655009569378,1,327
2022-23,17,15,1.2450651787439615,1,376
2022-23,17,17,1.5502898638371658,0,422
2022-23,17,19,1.1652340478583525,0,455
2022-23,17,20,1.3669706075044668,0,478
2022-23,18,1,0.8914677877237851,0,15
2022-23,18,3,1.6090288453256312,0,57
2022-23,18,4,1.2789697847222223,1,81
2022-23,18,5,1.2008995425404283,0,106
2022-23,18,6,1.1972340843657472,0,128
2022-23,18,7,1.3389442343404567,1,152
2022-23,18,8,1.5410694551405881,0,199
2022-23,18,9,1.7997468872803477,0,201
2022-23,18,10,1.5980754583333336,0,254
2022-23,18,11,1.6493740749306196,1,238
2022-23,18,12,1.3183359718670076,0,280
2022-23,18,13,0.7515070035252643,0,307
2022-23,18,14,1.2092917482837529,1,327
2022-23,18,15,1.2146957962962963,1,376
2022-23,18,16,1.679065812206369,0,398
2022-23,18,17,1.5157823200311036,0,422
2022-23,18,19,1.2063704023117128,0,455
2022-23,18,20,1.382255165525114,0,478
2022-23,19,1,0.9020357965686274,1,15
2022-23,19,2,1.39398264198451,0,44
2022-23,19,4,1.2774789933333335,0,81
2022-23,19,5,1.2708370616012439,0,106
2022-23,19,7,1.3064090579096044,0,152
2022-23,19,8,1.5609906769349646,0,199
2022-23,19,10,1.6191324400000002,0,254
2022-23,19,11,1.664320988475177,0,238
2022-23,19,13,0.723765045045045,1,307
2022-23,19,14,1.1869712587719299,1,327
2022-23,19,15,1.1850919644444444,1,376
2022-23,19,16,1.6453664339536336,1,398
2022-23,19,17,1.5136822565954882,0,422
2022-23,19,18,1.241989708333333,1,425
2022-23,19,19,1.224052466610334,0,455
2022-23,19,20,1.4064609589041095,0,478
2022-23,20,1,0.9091583647058823,1,15
2022-23,20,2,1.372318307560511,0,44
2022-23,20,4,1.3062567243589744,1,81
2022-23,20,5,1.2724635791371939,1,106
2022-23,20,6,1.219192652513099,1,128
2022-23,20,8,1.5854833432066968,0,199
2022-23,20,9,1.7676643850277245,0,201
2022-23,20,10,1.6234658076923079,0,254
2022-23,20,11,1.6546801489361702,0,238
2022-23,20,12,1.3333009422222224,0,281
2022-23,20,15,1.1830961196581196,1,376
2022-23,20,16,1.5951475305267122,1,398
2022-23,20,17,1.507890394737223,0,422
2022-23,20,19,1.2342997921835854,0,455
2022-23,20,20,1.4143778451001052,1,478
2022-23,21,1,0.9334099660633484,0,15
2022-23,21,2,1.411366486085191,1,44
2022-23,21,3,1.6074400167621963,0,57
2022-23,21,4,1.27538425308642,1,81
2022-23,21,5,1.2621226722473018,0,106
2022-23,21,6,1.1933846548643343,1,128
2022-23,21,7,1.3512599033270558,1,152
2022-23,21,8,1.5728469230879303,0,199
2022-23,21,9,1.7811877417560187,0,201
2022-23,21,10,1.6425670740740743,0,254
2022-23,21,11,1.640134758592471,1,238
2022-23,21,12,1.3680970598290596,1,281
2022-23,21,13,0.7544207807807807,1,307
2022-23,21,14,1.117652230019493,0,327
2022-23,21,15,1.1813962633744854,1,376
2022-23,21,17,1.5041539693843997,0,422
2022-23,21,18,1.285639,1,425
2022-23,21,19,1.2188917072518066,1,455
2022-23,21,20,1.399830517503805,0,478
2022-23,22,1,0.9111207080610022,0,15
2022-23,22,2,1.3741451880886315,0,44
2022-23,22,3,1.6111898069984056,0,57
2022-23,22,4,1.2477419583333336,1,81
2022-23,22,5,1.2633884992011055,1,106
2022-23,22,6,1.201467115671111,1,128
2022-23,22,7,1.3532827639225182,0,152
2022-23,22,8,1.6000238186919327,1,199
2022-23,22,9,1.7483588044093756,1,201
2022-23,22,10,1.6384003928571431,0,254
2022-23,22,12,1.3763230946502056,0,281
2022-23,22,13,0.7570843243243244,0,307
2022-23,22,15,1.1497749682539682,0,376
2022-23,22,17,1.4990159190949481,0,422
2022-23,22,18,1.2818268928571428,1,425
2022-23,22,19,1.1985870020497085,0,455
2022-23,22,20,1.443911570450098,1,478
2022-23,23,2,1.4055253366045644,0,44
2022-23,23,4,1.226440511494253,0,81
2022-23,23,5,1.2661246242296376,0,106
2022-23,23,6,1.1817262818244747,0,128
2022-23,23,7,1.3769626686148448,0,152
2022-23,23,8,1.5745057559784177,0,199
2022-23,23,9,1.7412952107561153,1,201
2022-23,23,10,1.6398348620689658,0,254
2022-23,23,11,1.5652449559794568,0,238
2022-23,23,12,1.4018115555555555,1,281
2022-23,23,14,1.1695303403508774,1,327
2022-23,23,15,1.1449551417624522,0,376
2022-23,23,17,1.520987002271603,0,422
2022-23,23,19,1.1849742053319803,0,455
2022-23,23,20,1.4599835852621634,0,478
2022-23,24,1,1.0113419705882354,0,15
2022-23,24,2,1.4810836454844987,0,44
2022-23,24,3,1.6395374368876503,1,57
2022-23,24,4,1.2415591611111112,0,81
2022-23,24,5,1.2531548096010292,0,106
2022-23,24,7,1.409730579661017,0,152
2022-23,24,8,1.595022230779137,1,199
2022-23,24,9,1.7078683373309353,1,201
2022-23,24,10,1.6278403666666672,0,254
2022-23,24,11,1.5504034574468084,0,238
2022-23,24,12,1.3631283984674327,1,281
2022-23,24,13,0.7928503574542283,0,307
2022-23,24,14,1.1908358132427845,1,327
2022-23,24,17,1.4974201048854474,1,422
2022-23,24,18,1.298824502072811,1,430
2022-23,24,19,1.1837602915333383,0,455
2022-23,24,20,1.4493174657534247,0,478
2022-23,25,2,1.5412257227157005,1,44
2022-23,25,7,1.3910295932203387,1,152
2022-23,25,9,1.7246804174590316,0,201
2022-23,25,10,1.7117810000000002,0,254
2022-23,25,11,1.549422700754976,1,238
2022-23,25,13,0.7986987837837837,0,307
2022-23,25,17,1.5018155366027193,0,422
2022-23,25,18,1.271770829096837,1,430
2022-23,26,1,0.9766745187165776,0,15
2022-23,26,2,1.5466857101188591,1,44
2022-23,26,3,1.6510111436447306,0,57
2022-23,26,4,1.237315317204301,0,81
2022-23,26,5,1.2217163159476616,1,106
2022-23,26,7,1.375684918432203,0,152
2022-23,26,8,1.611535361314367,0,199
2022-23,26,9,1.694860065710268,0,201
2022-23,26,10,1.6782878437500002,0,254
2022-23,26,11,1.5125657413563827,0,238
2022-23,26,12,1.3472101111111108,1,281
2022-23,26,13,0.8154048812448812,1,307
2022-23,26,14,1.1979971940789473,0,327
2022-23,26,15,1.125176092309225,0,357
2022-23,26,17,1.4795757996063306,1,422
2022-23,26,20,1.438470423412204,1,478
2022-23,27,1,0.9867723269896196,1,15
2022-23,27,2,1.5035444448296191,0,44
2022-23,27,8,1.5909019683345327,1,199
2022-23,27,9,1.7140398725892374,0,201
2022-23,27,10,1.6692488181818186,0,254
2022-23,27,11,1.512791021921341,0,238
2022-23,27,12,1.333052228956229,0,281
2022-23,27,13,0.8040694435612082,1,307
2022-23,27,14,1.241997279106858,1,327
2022-23,27,15,1.1320151979661655,0,357
2022-23,27,18,1.2442088622813732,0,430
2022-23,27,20,1.435574234488316,0,478
2022-23,28,1,0.9825788319327733,0,15
2022-23,28,2,1.5253138573769973,1,44
2022-23,28,4,1.2151992598039216,0,81
2022-23,28,8,1.6054476263821174,0,199
2022-23,28,11,1.5162383448060075,0,238
2022-23,28,15,1.131644485653188,0,357
2022-23,28,17,1.4893696648546195,0,422
2022-23,28,18,1.254305695061909,0,430
2022-23,28,20,1.4511292563600782,0,478
2022-23,29,1,0.9719516421568629,0,15
2022-23,29,7,1.3362564581005587,0,167
2022-23,29,8,1.6266851923159473,0,199
2022-23,29,9,1.7356173560501273,0,201
2022-23,29,13,0.7859531737451737,0,307
2022-23,29,17,1.5123484351680359,0,422
2022-23,29,18,1.2887454036271824,0,430
2022-23,29,20,1.4516534436834092,0,478
2022-23,30,1,0.9667637599364072,0,15
2022-23,30,2,1.4858847913213695,1,44
2022-23,30,3,1.7040310961210023,1,57
2022-23,30,4,1.3031560765765764,0,81
2022-23,30,5,1.234042556526567,0,106
2022-23,30,6,0.983252210526316,0,133
2022-23,30,7,1.305249334264432,0,167
2022-23,30,8,1.6227207276587596,0,199
2022-23,30,9,1.753658766133799,0,201
2022-23,30,10,1.555379652357619,0,258
2022-23,30,11,1.5841109114433582,0,238
2022-23,30,12,1.3869645432098763,0,281
2022-23,30,13,0.7732878078078077,0,307
2022-23,30,14,1.2868308391812866,1,327
2022-23,30,15,1.0828799763274737,0,357
2022-23,30,17,1.5096745713805655,0,422
2022-23,30,18,1.2768170358170505,0,430
2022-23,30,19,1.2075368256383303,1,455
2022-23,30,20,1.4464736208811548,1,478
2022-23,31,1,1.0455331346749228,0,15
2022-23,31,2,1.452402060671483,1,44
2022-23,31,4,1.2999151271929823,0,81
2022-23,31,5,1.2228191521786067,0,106
2022-23,31,6,0.9689046779661018,0,133
2022-23,31,7,1.2940263792843123,1,167
2022-23,31,8,1.6710701821940555,0,199
2022-23,31,9,1.7366152246320665,0,201
2022-23,31,10,1.5737562518316022,0,258
2022-23,31,11,1.622160624300112,0,238
2022-23,31,12,1.3875871231231227,0,281
2022-23,31,13,0.7618475967859751,0,307
2022-23,31,14,1.2796191948790898,1,327
2022-23,31,15,1.1259721859609988,0,357
2022-23,31,17,1.540290252195699,0,422
2022-23,31,18,1.2811605981284766,0,430
2022-23,31,19,1.1918207335140505,0,455
2022-23,31,20,1.4360401045421771,1,478
2022-23,32,1,1.063596387631976,0,15
2022-23,32,2,1.4283351833384133,0,44
2022-23,32,4,1.2853019188034185,0,81
2022-23,32,7,1.2804993693031463,1,167
2022-23,32,8,1.675145305727541,1,199
2022-23,32,9,1.726982501064509,0,201
2022-23,32,10,1.586839043262142,0,258
2022-23,32,11,1.643900095471904,0,238
2022-23,32,12,1.3863348304093566,0,281
2022-23,32,16,1.4171497493847414,0,295
2022-23,32,17,1.522709366897498,0,422
2022-23,32,18,1.2717535963418456,0,430
2022-23,32,19,1.2389233159581956,1,455
2022-23,32,20,1.4294749736564802,0,478
2022-23,33,1,1.0725064779411768,0,15
2022-23,33,2,1.4623014407626118,1,44
2022-23,33,4,1.300919370833333,1,81
2022-23,33,5,1.2059862021197256,0,106
2022-23,33,6,1.0118914098360656,0,133
2022-23,33,7,1.258435282910758,0,167
2022-23,33,8,1.6455166730843527,0,199
2022-23,33,9,1.7071921851140432,0,201
2022-23,33,10,1.5688432604692473,0,258
2022-23,33,11,1.6448025930851065,0,238
2022-23,33,12,1.3718134245014244,0,281
2022-23,33,13,0.8002200284495021,0,307
2022-23,33,14,1.2638397423822716,0,327
2022-23,33,15,1.2605152339436212,0,376
2022-23,33,18,1.3353022476027978,0,430
2022-23,33,19,1.2361419668684621,0,455
2022-23,33,20,1.4542380993150683,1,478
2022-23,34,1,1.09659168579627,0,15
2022-23,34,2,1.42816805277023,0,44
2022-23,34,3,1.6897380982333945,0,57
2022-23,34,4,1.299433532520325,0,81
2022-23,34,6,1.0131012063492064,0,133
2022-23,34,7,1.2609744008379888,0,167
2022-23,34,8,1.6648943152042464,0,199
2022-23,34,10,1.572191943180671,0,258
2022-23,34,11,1.6559049688635183,0,238
2022-23,34,15,1.2452089832908524,0,376
2022-23,34,18,1.3560696104703205,0,430
2022-23,34,20,1.4370615603073837,0,478
2022-23,35,1,1.0881014075630255,1,15
2022-23,35,2,1.4223464545221798,0,44
2022-23,35,3,1.692061813351708,0,57
2022-23,35,4,1.2863517817460317,0,81
2022-23,35,5,1.229537236960746,0,106
2022-23,35,6,1.0468519384615385,0,133
2022-23,35,7,1.2755847813053551,0,167
2022-23,35,8,1.7076349267470023,0,199
2022-23,35,10,1.6152079114002391,0,258
2022-23,35,12,1.3562077037037035,1,281
2022-23,35,13,0.7764590270270271,0,307
2022-23,35,14,1.2955100051347885,0,327
2022-23,35,15,1.234888958851146,0,376
2022-23,35,19,1.3072285900161185,1,455
2022-23,35,20,1.4809410469667317,1,478
2022-23,36,1,1.0930292818057459,0,15
2022-23,36,2,1.4048726525850121,0,44
2022-23,36,4,1.3048087170542633,1,81
2022-23,36,7,1.26616609603618,1,167
2022-23,36,8,1.7437364400784674,0,199
2022-23,36,9,1.9352679512195123,1,2
2022-23,36,10,1.616538893309545,0,258
2022-23,36,12,1.3290865943152452,1,281
2022-23,36,13,0.7631307580751484,1,307
2022-23,36,14,1.2958550050125317,1,327
2022-23,36,16,1.746887603189783,0,602
2022-23,36,19,1.304265778137025,0,455
2022-23,37,1,1.1086422526737971,0,15
2022-23,37,2,1.403826940846884,0,44
2022-23,37,4,1.2801539734848482,0,81
2022-23,37,7,1.244394791477199,0,167
2022-23,37,8,1.7213787937130476,0,199
2022-23,37,9,1.8951425238095239,0,2
2022-23,37,10,1.6265814491994375,1,258
2022-23,37,12,1.311152808080808,0,281
2022-23,37,15,1.2359375276278592,1,376
2022-23,37,16,1.7272600545503825,1,602
2022-23,37,19,1.3613504343867286,0,455
2022-23,38,1,1.096227980392157,1,15
2022-23,38,2,1.388937157274966,0,44
2022-23,38,4,1.2937061074074072,1,81
2022-23,38,6,1.1690898028169014,0,133
2022-23,38,7,1.257704000761808,0,167
2022-23,38,8,1.71757037607498,1,199
2022-23,38,9,1.8887438604651163,0,2
2022-23,38,10,1.636390373156207,0,258
2022-23,38,11,1.7295431537049484,0,230
2022-23,38,13,0.7873419305019306,0,307
2022-23,38,14,1.2874646713450295,0,327
2022-23,38,19,1.3502513862459091,0,455
2023-24,7,1,0.9669964507542148,1,20
2023-24,7,2,1.4872899286144319,0,48
2023-24,7,3,1.8981671159029652,0,77
2023-24,7,4,1.4708837772397094,0,101
2023-24,7,5,1.4848412698412699,0,129
2023-24,7,7,1.1464285714285714,1,145
2023-24,7,8,1.2840402588066138,1,220
2023-24,7,9,1.6734942084942084,0,263
2023-24,7,10,1.8912976664769492,0,271
2023-24,7,11,1.2703667953667952,0,291
2023-24,7,13,0.7970204081632652,0,352
2023-24,7,14,1.669455205811138,0,597
2023-24,7,15,1.0895363690667645,1,407
2023-24,7,16,1.5037409200968521,0,28
2023-24,7,17,2.027704919622254,0,471
2023-24,7,18,1.5337409200968521,0,520
2023-24,7,19,2.239604467194044,1,524
2023-24,7,20,1.721639379670828,0,563
2023-24,8,1,0.9485300207039338,1,20
2023-24,8,2,1.5021372667068031,0,48
2023-24,8,3,2.0029559748427674,0,77
2023-24,8,5,1.4911851851851854,0,129
2023-24,8,7,1.142,0,145
2023-24,8,8,1.3111042415528396,1,220
2023-24,8,9,1.6212612612612611,1,263
2023-24,8,11,1.3256756756756756,0,291
2023-24,8,12,1.6941333333333333,0,614
2023-24,8,13,0.7732190476190476,0,352
2023-24,8,14,1.6034666666666666,0,597
2023-24,8,15,1.0602339444623137,0,407
2023-24,8,16,1.5081333333333333,1,28
2023-24,8,17,2.0281850705194358,0,471
2023-24,8,18,1.5121333333333333,1,520
2023-24,8,19,2.1616308360477743,0,524
2023-24,8,20,1.6648634210261062,0,563
2023-24,9,1,0.9236218944099379,0,20
2023-24,9,2,1.482628687537628,0,48
2023-24,9,3,2.0471462264150944,0,77
2023-24,9,4,1.2763749999999998,1,112
2023-24,9,5,1.5536111111111113,0,129
2023-24,9,6,1.6963125,0,596
2023-24,9,7,1.1175000000000002,0,145
2023-24,9,8,1.3029102264557872,0,220
2023-24,9,9,1.5649324324324325,0,263
2023-24,9,10,1.8665277777777778,0,275
2023-24,9,11,1.3865709459459459,1,291
2023-24,9,12,1.6994375000000002,0,614
2023-24,9,14,1.5494375,0,597
2023-24,9,15,1.0702193229334191,1,407
2023-24,9,16,1.4513125,0,28
2023-24,9,18,1.4556875,1,520
2023-24,9,19,2.1484039087947884,0,524
2023-24,9,20,1.6639344572119745,0,563
2023-24,10,1,0.9492911947387651,1,20
2023-24,10,2,1.4630622941530615,0,48
2023-24,10,4,1.2683529411764707,1,112
2023-24,10,5,1.506339869281046,0,129
2023-24,10,6,1.783816993464052,0,596
2023-24,10,7,1.1141176470588237,0,145
2023-24,10,8,1.3668566837230938,0,220
2023-24,10,9,1.6046422893481718,1,263
2023-24,10,10,1.8455555555555554,0,275
2023-24,10,11,1.3126550079491257,1,291
2023-24,10,12,1.770875816993464,0,614
2023-24,10,13,0.8128869612361073,1,369
2023-24,10,14,1.5361699346405229,0,597
2023-24,10,15,1.0784417157020416,0,407
2023-24,10,16,1.4632287581699344,0,28
2023-24,10,17,1.9414640522875815,0,482
2023-24,10,18,1.427346405228758,0,520
2023-24,10,19,2.1408507376892127,0,524
2023-24,10,20,1.6019383126700937,0,563
2023-24,11,1,0.8982194616977226,0,20
2023-24,11,2,1.4084477222556695,0,48
2023-24,11,3,1.9228956228956229,0,89
2023-24,11,4,1.3106666666666666,0,112
2023-24,11,5,1.4620987654320992,0,129
2023-24,11,6,1.739511111111111,0,596
2023-24,11,7,1.1722222222222223,0,145
2023-24,11,8,1.3531424235162555,1,220
2023-24,11,9,1.5521621621621624,0,263
2023-24,11,10,1.816358024691358,0,275
2023-24,11,11,1.2647297297297297,0,291
2023-24,11,12,1.800066666666667,0,614
2023-24,11,13,0.8249487967229903,0,369
2023-24,11,14,1.6645111111111113,1,597
2023-24,11,17,1.9828444444444446,0,482
2023-24,11,18,1.3784,0,520
2023-24,11,19,2.067470141150923,0,524
2023-24,11,20,1.633497295299533,0,563
2023-24,12,1,0.9083131742399477,0,20
2023-24,12,2,1.3558978421369499,0,48
2023-24,12,3,1.9206379585326954,1,89
2023-24,12,4,1.3516842105263158,0,112
2023-24,12,6,1.7084976076555023,0,596
2023-24,12,7,1.1600000000000001,0,145
2023-24,12,8,1.3408717696469787,0,220
2023-24,12,9,1.4983641536273116,0,263
2023-24,12,10,1.757076023391813,0,275
2023-24,12,11,1.2407965860597439,1,291
2023-24,12,12,1.8563923444976076,0,614
2023-24,12,13,0.8220567547902013,0,369
2023-24,12,14,1.621129186602871,1,597
2023-24,12,15,1.0614738778869899,0,424
2023-24,12,17,1.93955023923445,0,482
2023-24,12,18,1.5095502392344498,0,520
2023-24,12,19,2.032340133721927,0,524
2023-24,12,20,1.6033132271258732,0,563
2023-24,13,1,0.8778975155279504,1,20
2023-24,13,2,1.3346029500301024,0,48
2023-24,13,3,1.8501060606060604,0,89
2023-24,13,4,1.3606,0,112
2023-24,13,6,1.7300833333333332,0,596
2023-24,13,7,1.2469999999999999,0,145
2023-24,13,8,1.3538281811646298,0,220
2023-24,13,9,1.535445945945946,0,263
2023-24,13,10,1.8232222222222225,0,275
2023-24,13,11,1.2572567567567567,0,291
2023-24,13,12,1.8750833333333332,0,614
2023-24,13,13,0.9289539170506912,0,369
2023-24,13,14,1.5665833333333334,1,597
2023-24,13,15,1.1329001839926403,0,424
2023-24,13,17,1.9250833333333335,0,482
2023-24,13,18,1.5470833333333331,0,520
2023-24,13,19,2.0147231270358303,0,524
2023-24,13,20,1.5581475657695796,0,563
2023-24,14,1,0.8889500147885242,0,20
2023-24,14,3,1.8005772005772005,0,89
2023-24,14,4,1.3681904761904762,0,112
2023-24,14,6,1.6990183150183151,1,596
2023-24,14,7,1.2961904761904763,0,145
2023-24,14,8,1.3288839820615521,0,220
2023-24,14,9,1.5661389961389962,1,263
2023-24,14,10,1.8035449735449738,0,275
2023-24,14,12,1.8680659340659342,0,614
2023-24,14,13,0.9113846829054203,0,369
2023-24,14,14,1.6242564102564108,0,597
2023-24,14,17,1.9647326007326011,0,482
2023-24,14,18,1.559970695970696,0,520
2023-24,14,19,1.9792601209865053,0,524
2023-24,14,20,1.61918815787579,0,563
2023-24,15,1,0.8808159232072276,0,20
2023-24,15,2,1.415428074403558,1,48
2023-24,15,3,1.7496418732782368,1,89
2023-24,15,4,1.3164545454545455,0,112
2023-24,15,6,1.63639469943502,0,596
2023-24,15,7,1.2836363636363637,0,145
2023-24,15,8,1.3257528919678454,0,220
2023-24,15,9,1.5272235872235873,1,263
2023-24,15,10,1.8224747474747476,1,275
2023-24,15,12,1.9377583357986563,0,614
2023-24,15,13,0.8922308336824466,0,369
2023-24,15,14,1.6677583357986565,0,597
2023-24,15,15,1.0508295773450125,0,427
2023-24,15,17,1.9545765176168384,0,482
2023-24,15,18,1.6059401539804745,0,520
2023-24,15,20,1.6769523325177995,1,563
2023-24,16,1,0.8642587091547396,0,20
2023-24,16,3,1.7100922266139655,1,89
2023-24,16,4,1.325304347826087,0,112
2023-24,16,6,1.6033206324462037,0,596
2023-24,16,8,1.3437636357953302,0,220
2023-24,16,9,1.52951821386604,1,263
2023-24,16,10,1.7558454106280195,1,275
2023-24,16,11,1.2616731016731018,0,291
2023-24,16,12,1.9615815020114211,0,614
2023-24,16,13,0.9421338409136445,0,369
2023-24,16,14,1.6581032411418561,0,597
2023-24,16,15,1.1455761174604466,0,427
2023-24,16,16,1.5386874747923713,0,28
2023-24,16,17,1.9489728063592473,1,482
2023-24,16,18,1.628103241141856,0,520
2023-24,16,19,1.5927397067725253,0,528
2023-24,16,20,1.6401283180605037,0,563
2023-24,17,1,0.8494979296066253,1,20
2023-24,17,4,1.3071666666666666,0,112
2023-24,17,5,1.471918542336549,0,129
2023-24,17,6,1.6470288697504283,0,596
2023-24,17,8,1.3398568176371914,0,220
2023-24,17,9,1.5045382882882883,1,263
2023-24,17,10,1.740601851851852,0,275
2023-24,17,11,1.2834152334152336,1,291
2023-24,17,13,0.9166282642089094,0,369
2023-24,17,14,1.6478622030837617,1,597
2023-24,17,16,1.5157206775794885,0,28
2023-24,17,17,1.8916122030837617,0,482
2023-24,17,18,1.6278622030837617,1,520
2023-24,17,19,1.623933318270889,1,528
2023-24,17,20,1.6047063048079828,0,563
2023-24,18,1,0.8431180124223603,0,20
2023-24,18,3,1.687171717171717,0,89
2023-24,18,5,1.5081799591002047,0,129
2023-24,18,6,1.6330200946870066,1,596
2023-24,18,7,1.4061158372323834,0,217
2023-24,18,8,1.350662544931704,0,220
2023-24,18,9,1.4751567567567567,0,263
2023-24,18,10,1.8297777777777777,0,275
2023-24,18,11,1.2550058754406581,0,291
2023-24,18,12,1.941895931965632,1,614
2023-24,18,14,1.674220094687007,0,597
2023-24,18,15,1.2532179305766795,0,427
2023-24,18,16,1.5142751183587584,0,28
2023-24,18,17,1.9242200946870067,0,482
2023-24,18,18,1.6210200946870068,0,520
2023-24,18,19,1.584505892338396,1,528
2023-24,18,20,1.5861180526156635,0,563
2023-24,19,1,0.8472288580984233,0,20
2023-24,19,2,1.3324566188225344,0,48
2023-24,19,3,1.6496848484848485,1,89
2023-24,19,4,1.3116799999999997,0,112
2023-24,19,5,1.5016617790811342,0,129
2023-24,19,6,1.6189341798169363,0,596
2023-24,19,8,1.3425601393574074,0,220
2023-24,19,9,1.46995841995842,0,263
2023-24,19,10,1.7751709401709401,0,275
2023-24,19,11,1.2360472972972973,1,291
2023-24,19,12,1.9268915470096142,0,614
2023-24,19,13,0.9527631336405529,0,369
2023-24,19,14,1.6577803336630905,0,597
2023-24,19,15,1.2781451891927196,0,427
2023-24,19,16,1.5115375559638264,0,28
2023-24,19,17,1.8800880259707826,0,482
2023-24,19,18,1.6293187952015518,0,520
2023-24,19,19,1.558518935869879,1,528
2023-24,19,20,1.6039596659765996,0,563
2023-24,20,1,0.8706648263170003,0,20
2023-24,20,2,1.3214343844448007,0,48
2023-24,20,3,1.5970046620046618,0,89
2023-24,20,4,1.3419999999999999,0,112
2023-24,20,6,1.6281306782607172,0,596
2023-24,20,7,1.3956223525074267,0,217
2023-24,20,8,1.394317171233059,0,220
2023-24,20,9,1.5118118118118118,0,263
2023-24,20,10,1.7768312757201645,0,275
2023-24,20,11,1.2170054054054056,0,291
2023-24,20,12,1.9592126274245911,0,614
2023-24,20,14,1.6651677152977546,0,597
2023-24,20,15,1.361599049359594,0,427
2023-24,20,16,1.561342196047244,0,28
2023-24,20,17,1.8403529004829395,0,482
2023-24,20,18,1.7125751227051615,0,520
2023-24,20,20,1.6245537524219107,1,563
2023-24,21,1,0.8874267968056789,1,20
2023-24,21,2,1.3090336198765875,1,48
2023-24,21,3,1.6241526374859705,0,89
2023-24,21,4,1.332296296296296,0,112
2023-24,21,5,1.5428838951310864,1,129
2023-24,21,6,1.6858501836024566,0,596
2023-24,21,7,1.438663662909759,1,217
2023-24,21,8,1.3945201294033072,0,220
2023-24,21,9,1.5313899613899615,1,263
2023-24,21,10,1.7719444444444445,0,275
2023-24,21,11,1.1928898128898129,1,291
2023-24,21,12,1.945696486698844,0,614
2023-24,21,13,0.9358608436606747,0,369
2023-24,21,14,1.635493040745314,0,597
2023-24,21,15,1.5792642501609186,0,427
2023-24,21,16,1.53103500612473,0,28
2023-24,21,17,1.8587073264595997,0,482
2023-24,21,18,1.7119216121738854,0,520
2023-24,21,19,1.600123756880477,0,528
2023-24,21,20,1.582962546978271,1,563
2023-24,22,1,0.8682051831227243,0,20
2023-24,22,2,1.3027590771239035,0,48
2023-24,22,3,1.6236471861471862,0,89
2023-24,22,4,1.3236428571428571,0,112
2023-24,22,5,1.5362982929020668,0,129
2023-24,22,6,1.6562256135528775,0,596
2023-24,22,7,1.4175102390016037,0,217
2023-24,22,8,1.4605711594238826,0,220
2023-24,22,9,1.5168592730661694,1,263
2023-24,22,10,1.7863601532567048,1,275
2023-24,22,11,1.2001901901901904,0,291
2023-24,22,12,1.9107336711797662,1,614
2023-24,22,14,1.625191130794257,0,597
2023-24,22,15,1.6240594406407916,0,427
2023-24,22,16,1.5200226163763935,0,28
2023-24,22,18,1.6810531997597742,0,520
2023-24,22,20,1.5714810798410894,0,563
2023-24,23,1,0.8525983436853002,0,20
2023-24,23,3,1.612831765935214,0,89
2023-24,23,4,1.3766206896551723,0,112
2023-24,23,5,1.588903281519862,0,129
2023-24,23,6,1.6611716579584554,0,596
2023-24,23,7,1.470850395149666,0,217
2023-24,23,8,1.4378854541097534,0,220
2023-24,23,9,1.5232972972972973,0,263
2023-24,23,10,1.7984814814814813,0,275
2023-24,23,11,1.1773262548262549,0,291
2023-24,23,12,1.8770741289225406,0,614
2023-24,23,13,0.946462575366938,0,369
2023-24,23,14,1.6428383246251226,1,597
2023-24,23,15,1.6177440194979507,0,427
2023-24,23,17,1.8538759352295433,0,482
2023-24,23,18,1.6821716579584556,0,520
2023-24,23,19,1.7374095831834708,0,532
2023-24,23,20,1.6104317105130532,0,563
2023-24,24,1,0.838320977759968,1,20
2023-24,24,3,1.5777373737373739,0,89
2023-24,24,4,1.4023999999999999,1,112
2023-24,24,5,1.5414380714879472,0,129
2023-24,24,6,1.649193961095367,0,596
2023-24,24,8,1.4408568910739548,0,220
2023-24,24,9,1.5057715780296426,0,263
2023-24,24,10,1.7946594982078852,0,275
2023-24,24,12,1.890833759798546,0,614
2023-24,24,14,1.6446778320631092,0,597
2023-24,24,15,1.6393817040704477,0,427
2023-24,24,17,1.867878433694695,0,482
2023-24,24,18,1.712742348192141,0,520
2023-24,24,20,1.6191274617868257,0,563
2023-24,25,1,0.8186859472049689,1,20
2023-24,25,2,1.3322104841278812,0,49
2023-24,25,3,1.5768426197458454,0,89
2023-24,25,5,1.54354967948718,1,129
2023-24,25,6,1.6871038578265436,0,596
2023-24,25,8,1.4336426132278937,0,220
2023-24,25,9,1.5096537162162162,0,263
2023-24,25,10,1.7960763888888889,0,275
2023-24,25,14,1.6711663578265439,0,597
2023-24,25,15,1.6349063728659026,0,427
2023-24,25,16,1.4914389830480548,1,696
2023-24,25,17,1.8683377335715867,0,482
2023-24,25,18,1.6971038578265438,0,520
2023-24,25,20,1.6291547286059873,0,563
2023-24,26,1,0.8017560700169396,0,20
2023-24,26,2,1.3343289064988848,0,49
2023-24,26,3,1.5981912878787878,0,89
2023-24,26,4,1.5410394805772067,0,101
2023-24,26,5,1.5100154679040991,0,129
2023-24,26,6,1.7125073829752129,0,596
2023-24,26,8,1.4405019279785636,1,220
2023-24,26,9,1.4826945126945128,0,263
2023-24,26,10,1.7916498316498315,0,275
2023-24,26,14,1.676446776914607,0,597
2023-24,26,15,1.6646189295344365,0,427
2023-24,26,19,1.7912359818156482,0,532
2023-24,26,20,1.6316045853148968,1,563
2023-24,27,1,0.7828808914870297,1,20
2023-24,27,2,1.372076515392858,0,49
2023-24,27,3,1.5994582185491277,1,89
2023-24,27,4,1.538951089612444,0,101
2023-24,27,6,1.7313503062471896,0,596
2023-24,27,7,1.4973391579809348,0,611
2023-24,27,8,1.4010754006850765,0,220
2023-24,27,9,1.4758505564387918,0,263
2023-24,27,10,1.788071895424837,1,275
2023-24,27,11,1.3493889142451443,1,313
2023-24,27,12,1.9613912246183167,0,614
2023-24,27,13,0.905869662031768,0,352
2023-24,27,14,1.6587032474236603,0,597
2023-24,27,15,1.6868060888847216,1,427
2023-24,27,16,1.5027544384860099,0,696
2023-24,27,18,1.6935124367395284,0,520
2023-24,27,19,1.7704188769350804,0,532
2023-24,27,20,1.6006750386879882,0,563
2023-24,28,1,0.7670842945874001,0,20
2023-24,28,2,1.398780147293068,0,49
2023-24,28,4,1.5473496516587786,0,101
2023-24,28,5,1.4579005120702269,1,129
2023-24,28,6,1.7136060951591168,0,596
2023-24,28,7,1.507767406673559,0,611
2023-24,28,8,1.4144732463797884,0,220
2023-24,28,9,1.487111969111969,0,263
2023-24,28,10,1.7704126984126984,0,275
2023-24,28,11,1.3401199076121677,0,313
2023-24,28,14,1.7064632380162599,1,597
2023-24,28,15,1.6608338962392204,0,427
2023-24,28,16,1.5228158113755164,0,696
2023-24,28,17,1.8566385469354865,0,576
2023-24,28,18,1.6525356861932083,1,520
2023-24,28,20,1.617512894725474,0,563
2023-24,29,2,1.4053864287989806,0,49
2023-24,29,4,1.541273159572681,0,101
2023-24,29,10,1.7442901234567902,1,275
2023-24,29,12,1.9953867779238195,0,614
2023-24,29,16,1.487084897921365,0,696
2023-24,29,18,1.6335406858644999,0,520
2023-24,29,19,1.6818333005268153,0,528
2023-24,30,1,0.7727208419599724,1,20
2023-24,30,2,1.4230145835545642,1,49
2023-24,30,3,1.6022811447811445,0,89
2023-24,30,4,1.5733544487563855,0,101
2023-24,30,5,1.4331090651558076,0,129
2023-24,30,7,1.4877258852043729,0,611
2023-24,30,8,1.3982378784247944,0,220
2023-24,30,9,1.5169144144144144,0,263
2023-24,30,10,1.7612012012012013,0,275
2023-24,30,11,1.3482244148910816,0,313
2023-24,30,12,1.9882184575905864,0,614
2023-24,30,14,1.7012245258569916,0,597
2023-24,30,15,1.661094708549834,0,427
2023-24,30,16,1.458756149360355,0,696
2023-24,30,17,1.9020856769118701,0,576
2023-24,30,18,1.6662245258569912,0,520
2023-24,30,19,1.6514139570025825,0,528
2023-24,30,20,1.6475819809830998,0,563
2023-24,31,1,0.7775121705556488,1,20
2023-24,31,3,1.589246519246519,1,89
2023-24,31,4,1.5446319418575836,1,101
2023-24,31,5,1.4750171585449554,1,129
2023-24,31,8,1.3853125303592595,0,220
2023-24,31,9,1.5180788897005115,0,263
2023-24,31,10,1.76406432748538,0,275
2023-24,31,11,1.3217455689758895,0,313
2023-24,31,12,2.0149754178368897,0,614
2023-24,31,14,1.726190969670319,0,597
2023-24,31,15,1.6544243969084305,0,427
2023-24,31,16,1.4511386794515966,0,696
2023-24,31,17,1.8871074355337483,0,576
2023-24,31,18,1.6324071858865348,0,520
2023-24,31,19,1.7193942018088808,0,528
2023-24,31,20,1.629539224740313,0,563
2023-24,32,1,0.7641565871199738,1,20
2023-24,32,2,1.4248250002152518,0,49
2023-24,32,3,1.5503189792663477,0,89
2023-24,32,4,1.5311255363626362,0,101
2023-24,32,5,1.4458055925432758,0,129
2023-24,32,7,1.499104079936002,0,611
2023-24,32,8,1.3809622006129632,0,220
2023-24,32,9,1.5449715504978663,1,263
2023-24,32,10,1.7575498575498574,0,275
2023-24,32,11,1.3010162327442782,0,313
2023-24,32,12,1.9824925029127913,0,614
2023-24,32,14,1.758873884568391,0,597
2023-24,32,15,1.6481132405453558,1,427
2023-24,32,16,1.449642281187769,0,696
2023-24,32,17,1.8783272324847724,0,576
2023-24,32,18,1.6180844108841803,0,520
2023-24,32,20,1.612446087247147,0,563
2023-24,33,1,0.7581525720656155,0,20
2023-24,33,2,1.4283822370516928,1,49
2023-24,33,3,1.5464646464646463,0,89
2023-24,33,4,1.5293018494978237,1,101
2023-24,33,5,1.49770523594053,0,129
2023-24,33,8,1.3945272723921178,1,220
2023-24,33,9,1.5171517671517671,0,263
2023-24,33,10,1.728361111111111,1,275
2023-24,33,11,1.284734793825703,0,313
2023-24,33,12,1.9399530301416554,0,614
2023-24,33,13,0.908557293629853,0,352
2023-24,33,14,1.8043108001452874,0,597
2023-24,33,15,1.6382005718447785,1,427
2023-24,33,16,1.4481389952268056,0,696
2023-24,33,18,1.615080030914518,0,520
2023-24,33,19,1.8009732678223027,0,532
2023-24,33,20,1.6000756747536307,0,563
2023-24,34,2,1.433295513024726,0,49
2023-24,34,4,1.5130723474748216,0,101
2023-24,34,5,1.5034233668341708,0,129
2023-24,34,7,1.493986033814485,0,611
2023-24,34,10,1.708888888888889,0,275
2023-24,34,12,1.9977160420794013,0,614
2023-24,34,13,0.8964912601812026,1,352
2023-24,34,14,1.8041589431313863,0,597
2023-24,34,15,1.6149993083006313,0,427
2023-24,34,16,1.4381720208665427,0,696
2023-24,34,19,1.8399870686653865,0,532
2023-24,35,1,0.7725702454895002,0,20
2023-24,35,4,1.4895952836786917,0,101
2023-24,35,5,1.4978313989004277,0,129
2023-24,35,6,1.8020414036449828,0,173
2023-24,35,8,1.403489610078395,0,220
2023-24,35,9,1.5485456885456887,1,263
2023-24,35,10,1.6924867724867725,0,275
2023-24,35,11,1.2823377357728503,0,313
2023-24,35,12,2.024252594975881,0,614
2023-24,35,14,1.7782587558289515,0,597
2023-24,35,19,1.8560725052101001,0,532
2023-24,35,20,1.604594078937895,0,563
2023-24,36,1,0.8097197746641629,1,20
2023-24,36,3,1.5329076479076478,0,89
2023-24,36,4,1.4716830546318238,1,101
2023-24,36,5,1.5182223543400712,1,129
2023-24,36,6,1.8254960223261436,0,173
2023-24,36,8,1.3973619447277346,1,220
2023-24,36,9,1.532067881835324,0,263
2023-24,36,10,1.6766149870801033,1,275
2023-24,36,11,1.267887667887668,0,313
2023-24,36,12,2.004763878307458,0,614
2023-24,36,13,0.9079661388657396,0,352
2023-24,36,14,1.7844011135052544,0,597
2023-24,36,16,1.3976875637697443,0,696
2023-24,36,17,1.8412264346276546,0,576
2023-24,36,18,1.6396392087433493,0,520
2023-24,36,19,1.8534316959517574,0,532
2023-24,36,20,1.5809988677998044,0,563
2023-24,37,1,0.7997261434217956,1,20
2023-24,37,2,1.4347783952583784,0,49
2023-24,37,3,1.5898167723749115,0,89
2023-24,37,4,1.4661448918721474,0,101
2023-24,37,6,1.8725377907745164,0,173
2023-24,37,8,1.3735582641657407,0,220
2023-24,37,9,1.5190663390663393,1,263
2023-24,37,10,1.6528282828282828,0,275
2023-24,37,11,1.2652753756869979,0,313
2023-24,37,12,1.9927535887401426,0,614
2023-24,37,16,1.4223272366180604,0,696
2023-24,37,17,1.8330264966223027,0,576
2023-24,37,20,1.6262034389861724,0,563
2023-24,38,1,0.796176673567978,0,20
2023-24,38,3,1.5864118457300271,0,89
2023-24,38,4,1.4492652311839067,0,101
2023-24,38,6,1.8894637824584006,0,173
2023-24,38,9,1.4995315315315318,0,263
2023-24,38,10,1.688320987654321,0,275
2023-24,38,11,1.3147960523847049,1,313
2023-24,38,14,1.78962305681111,1,597
2023-24,38,15,1.6040821066874154,0,427
2023-24,38,16,1.4334477900054057,0,696
2023-24,38,17,1.8422975923195242,0,576
2023-24,38,18,1.6738452790333318,1,520
2023-24,38,20,1.65006558478648,0,563
2024-25,7,1,0.9283178360101436,0,3
2024-25,7,3,1.4959073359073358,0,85
2024-25,7,4,1.669973305290406,0,88
2024-25,7,5,1.6256165827478615,0,120
2024-25,7,6,1.305716674629718,0,162
2024-25,7,7,1.450091937765205,0,200
2024-25,7,8,1.5429699248120299,1,235
2024-25,7,9,1.3840803454918285,0,241
2024-25,7,10,1.6854852186676232,0,267
2024-25,7,11,1.7497709329533375,1,291
2024-25,7,12,1.0486766491299069,1,339
2024-25,7,14,1.8335970834458546,1,369
2024-25,7,15,1.5473040629095673,1,395
2024-25,7,16,1.1717281105990782,0,436
2024-25,7,17,1.6492891004169643,0,455
2024-25,7,18,1.4029493087557603,0,498
2024-25,7,19,1.7586466165413532,0,524
2024-25,7,20,1.6664277554510847,0,533
2024-25,8,1,0.9097633136094675,0,3
2024-25,8,2,1.2532835820895523,0,47
2024-25,8,3,1.4488468468468467,1,85
2024-25,8,4,1.628641751604379,0,88
2024-25,8,5,1.608384004135646,1,120
2024-25,8,6,1.2580022296544036,0,162
2024-25,8,7,1.4467524752475247,0,200
2024-25,8,8,1.5767719298245613,1,235
2024-25,8,9,1.3964749891257067,0,241
2024-25,8,10,1.840424386381631,0,267
2024-25,8,11,1.7917577197149643,0,291
2024-25,8,12,1.021431539187913,0,339
2024-25,8,13,0.9934278874925194,0,347
2024-25,8,14,1.7393572778827977,0,369
2024-25,8,15,1.488817125382263,0,395
2024-25,8,16,1.2449462365591397,1,436
2024-25,8,17,1.7433380012053745,0,455
2024-25,8,18,1.430752688172043,0,498
2024-25,8,19,1.684736842105263,0,524
2024-25,8,20,1.8475192679194665,0,533
2024-25,9,2,1.2862033582089554,0,47
2024-25,9,3,1.400793918918919,0,85
2024-25,9,4,1.6099766421291055,0,88
2024-25,9,6,1.3006270903010033,0,162
2024-25,9,7,1.4575804455445545,1,200
2024-25,9,8,1.5563486842105263,0,235
2024-25,9,9,1.41419530230535,0,241
2024-25,9,10,1.8375777620421063,0,267
2024-25,9,11,1.8175777620421063,0,291
2024-25,9,12,1.0194670679886686,0,339
2024-25,9,13,0.991963644524237,1,347
2024-25,9,14,1.684397448015123,0,369
2024-25,9,15,1.4657660550458715,0,395
2024-25,9,16,1.2371370967741937,0,436
2024-25,9,17,1.8390992848535894,0,455
2024-25,9,18,1.3900806451612904,0,498
2024-25,9,19,1.6994407894736843,0,524
2024-25,9,20,1.8326162591037811,0,533
2024-25,10,1,0.9263235294117648,0,15
2024-25,10,2,1.2287796312554873,0,47
2024-25,10,3,1.4248648648648647,0,85
2024-25,10,4,1.5917427220038638,0,88
2024-25,10,6,1.3370607908715324,0,162
2024-25,10,7,1.4141933605125219,0,200
2024-25,10,8,1.5389164086687304,0,235
2024-25,10,9,1.3774779315815058,0,241
2024-25,10,10,1.9726167959869416,0,267
2024-25,10,11,1.813793266575177,0,291
2024-25,10,12,1.0200866522246292,0,339
2024-25,10,13,0.9459657830816348,0,347
2024-25,10,14,1.7606093628377628,0,369
2024-25,10,15,1.4760151106314086,1,395
2024-25,10,16,1.2090702087286527,1,436
2024-25,10,17,1.9062524328026451,1,455
2024-25,10,19,1.7241795665634674,0,524
2024-25,10,20,1.8004882103883846,0,533
2024-25,11,1,0.9043055555555557,0,15
2024-25,11,2,1.2960696517412935,0,47
2024-25,11,3,1.4323723723723725,0,85
2024-25,11,4,1.5794236818925382,0,88
2024-25,11,5,1.3630482214763961,0,145
2024-25,11,6,1.3727796358231141,0,162
2024-25,11,7,1.4206270627062707,0,200
2024-25,11,8,1.49453216374269,1,235
2024-25,11,9,1.3337291576047556,1,241
2024-25,11,10,1.9468190272013486,0,267
2024-25,11,11,1.766263471645793,0,291
2024-25,11,12,1.0195262826565943,1,339
2024-25,11,13,1.006745461799322,0,347
2024-25,11,15,1.4523476044852193,0,395
2024-25,11,16,1.1491218637992833,0,436
2024-25,11,17,1.8845632447616052,0,455
2024-25,11,18,1.3752923976608187,0,508
2024-25,11,19,1.7489473684210524,1,524
2024-25,11,20,1.8415796267751579,1,533
2024-25,12,1,0.924078947368421,1,15
2024-25,12,2,1.3341712490180677,0,47
2024-25,12,3,1.4348790896159318,0,85
2024-25,12,4,1.6336645407402994,1,88
2024-25,12,5,1.411677263132843,0,145
2024-25,12,6,1.352633339200845,0,162
2024-25,12,7,1.4421730067743619,0,200
2024-25,12,8,1.459556786703601,1,235
2024-25,12,9,1.3435328861518736,0,241
2024-25,12,10,1.9378790588201338,0,267
2024-25,12,11,1.7078790588201338,0,291
2024-25,12,12,1.0384985835694052,0,339
2024-25,12,13,1.0742851743361996,0,347
2024-25,12,14,1.6726869806094182,0,383
2024-25,12,16,1.1781154499151103,0,436
2024-25,12,18,1.3944875346260388,1,508
2024-25,12,19,1.7153185595567866,1,524
2024-25,12,20,1.7768946107108243,0,533
2024-25,13,1,0.8943749999999999,0,15
2024-25,13,3,1.410135135135135,0,85
2024-25,13,4,1.6119813137032841,0,88
2024-25,13,6,1.3405016722408025,1,162
2024-25,13,7,1.5255643564356436,0,200
2024-25,13,8,1.4415789473684208,0,235
2024-25,13,9,1.3423562418442798,0,241
2024-25,13,10,1.8837712381628517,0,267
2024-25,13,11,1.7627712381628518,0,291
2024-25,13,12,1.0505736543909348,1,339
2024-25,13,14,1.6685526315789474,1,383
2024-25,13,15,1.1996115241635688,0,413
2024-25,13,16,1.1787096774193548,1,436
2024-25,13,19,1.714052631578947,0,524
2024-25,13,20,1.7381284544455566,0,533
2024-25,14,1,0.9251190476190476,1,15
2024-25,14,3,1.3648906048906049,1,85
2024-25,14,4,1.585696489241223,0,88
2024-25,14,5,1.6535839598997497,0,146
2024-25,14,7,1.4548231966053748,1,200
2024-25,14,8,1.4076942355889723,1,235
2024-25,14,9,1.3093868969945524,0,241
2024-25,14,10,1.8738094483076255,0,267
2024-25,14,12,1.0395939565627952,0,339
2024-25,14,14,1.6200501253132833,0,383
2024-25,14,15,1.2262966896795893,0,413
2024-25,14,16,1.1506758832565285,0,436
2024-25,14,19,1.8038596491228072,0,524
2024-25,14,20,1.8147010636012035,0,533
2024-25,15,1,0.8930681818181819,0,15
2024-25,15,2,1.3236862200624782,1,47
2024-25,15,3,1.329213759213759,0,85
2024-25,15,4,1.62407392154844,0,88
2024-25,15,5,1.603904761904762,0,146
2024-25,15,6,1.3314301640388597,0,162
2024-25,15,7,1.410967596759676,0,200
2024-25,15,9,1.3107784016766182,0,241
2024-25,15,10,1.8693985198042482,0,267
2024-25,15,11,1.8527358589265808,0,293
2024-25,15,13,1.1359319642379713,0,350
2024-25,15,14,1.6445933014354066,0,383
2024-25,15,15,1.261010476512335,0,413
2024-25,15,16,1.20791788856305,0,436
2024-25,15,17,2.1271559045879394,0,476
2024-25,15,18,1.520009632690309,0,495
2024-25,15,19,1.7977751196172247,0,524
2024-25,16,1,0.8611956521739131,1,15
2024-25,16,2,1.2795223880597013,0,47
2024-25,16,3,1.328813160987074,0,85
2024-25,16,4,1.6178098380028558,0,88
2024-25,16,5,1.5899092970521542,0,146
2024-25,16,6,1.4027287929461842,0,162
2024-25,16,7,1.4126646577701247,0,200
2024-25,16,8,1.3791626794258371,1,235
2024-25,16,10,1.9321618177897406,0,267
2024-25,16,12,1.0873396858099407,0,339
2024-25,16,13,1.1454382391958295,0,350
2024-25,16,14,1.6091762013729976,0,383
2024-25,16,17,2.136529235545087,0,476
2024-25,16,19,1.7904805491990845,0,524
2024-25,16,20,1.7427287343714835,0,533
2024-25,17,1,0.8290625,0,15
2024-25,17,2,1.3008193077167354,0,47
2024-25,17,3,1.3642792792792793,1,85
2024-25,17,4,1.6433177614194034,0,88
2024-25,17,5,1.6226406926406927,0,146
2024-25,17,6,1.4117405845572197,1,162
2024-25,17,7,1.3954702970297028,0,200
2024-25,17,8,1.3722425629290618,1,235
2024-25,17,9,1.4047149122807019,1,248
2024-25,17,10,1.905370560744967,0,267
2024-25,17,12,1.0931075255573346,0,339
2024-25,17,13,1.1870359436826623,0,350
2024-25,17,14,1.5817105263157893,0,383
2024-25,17,15,1.388793777423215,1,395
2024-25,17,16,1.15625,1,443
2024-25,17,17,2.1512692442685926,1,476
2024-25,17,18,1.5623698338664453,0,495
2024-25,17,19,1.7954605263157892,0,524
2024-25,18,1,0.8595,1,15
2024-25,18,2,1.289765458422175,0,47
2024-25,18,3,1.400108108108108,1,85
2024-25,18,4,1.6135850509626273,1,88
2024-25,18,5,1.609047619047619,1,146
2024-25,18,6,1.3958347268673355,0,162
2024-25,18,7,1.4544514851485149,1,200
2024-25,18,8,1.3508991228070175,0,235
2024-25,18,9,1.358926315789474,0,248
2024-25,18,10,1.919813316175692,0,267
2024-25,18,12,1.0996447119924457,0,339
2024-25,18,13,1.2076167983552761,0,350
2024-25,18,14,1.5680421052631577,0,383
2024-25,18,15,1.3605107033639146,1,395
2024-25,18,16,1.1388,1,443
2024-25,19,1,0.8325961538461538,0,15
2024-25,19,2,1.3474217149546386,0,47
2024-25,19,3,1.3635654885654882,0,85
2024-25,19,4,1.6011394720794492,0,88
2024-25,19,5,1.5807539682539682,0,146
2024-25,19,6,1.411201337792642,0,162
2024-25,19,8,1.3804631578947368,0,235
2024-25,19,9,1.3497368421052633,0,248
2024-25,19,10,1.915363453651551,1,267
2024-25,19,12,1.0692589235127479,1,339
2024-25,19,13,1.1840084823462047,1,350
2024-25,19,14,1.54080971659919,0,383
2024-25,19,15,1.3196902752293578,1,395
2024-25,19,16,1.1296153846153845,1,443
2024-25,19,18,1.6833418497700565,0,495
2024-25,19,19,1.7690893901420217,0,524
2024-25,19,20,1.665432064371768,0,533
2024-25,20,1,0.8125,0,15
2024-25,20,2,1.3392171219374824,0,47
2024-25,20,3,1.354174174174174,1,85
2024-25,20,4,1.614060232372803,1,88
2024-25,20,5,1.5887238095238094,0,146
2024-25,20,6,1.4176935940313866,0,162
2024-25,20,7,1.4557201646090534,0,201
2024-25,20,8,1.3842914979757084,0,235
2024-25,20,9,1.3730799220272907,0,248
2024-25,20,10,1.9185824476253022,0,267
2024-25,20,11,1.912122898253182,0,295
2024-25,20,12,1.0419797341468728,0,339
2024-25,20,13,1.1885631230917726,0,350
2024-25,20,14,1.5548538011695905,0,383
2024-25,20,15,1.3035483415666902,0,395
2024-25,20,16,1.1207407407407406,1,443
2024-25,20,17,2.0854059855289164,0,476
2024-25,20,18,1.6449106589547615,0,495
2024-25,20,19,1.8217959019686618,0,524
2024-25,20,20,1.6886599293636182,0,533
2024-25,21,1,0.8377678571428572,0,15
2024-25,21,2,1.305427408412483,1,47
2024-25,21,3,1.3311679536679535,0,85
2024-25,21,4,1.5667723669309173,0,88
2024-25,21,5,1.5614652014652013,1,146
2024-25,21,6,1.405186423882076,0,162
2024-25,21,7,1.448015873015873,1,201
2024-25,21,8,1.4011695906432748,0,235
2024-25,21,9,1.3808270676691732,0,248
2024-25,21,10,1.9322232179787675,0,267
2024-25,21,12,1.0422767810303222,0,339
2024-25,21,13,1.1954184207079526,0,350
2024-25,21,14,1.6000375939849623,0,383
2024-25,21,15,1.2904539585457016,1,395
2024-25,21,16,1.1367857142857143,0,443
2024-25,21,17,2.1798717712527993,0,476
2024-25,21,18,1.6788654930102056,0,495
2024-25,21,19,1.8250386996904022,0,524
2024-25,21,20,1.708201588114053,0,533
2024-25,22,1,0.8357758620689655,0,15
2024-25,22,2,1.2996229379418698,0,47
2024-25,22,3,1.371472506989748,0,85
2024-25,22,4,1.588607802553989,0,88
2024-25,22,5,1.5143738977072307,0,146
2024-25,22,7,1.4567049808429118,1,201
2024-25,22,8,1.394342105263158,0,235
2024-25,22,9,1.3659709618874774,1,248
2024-25,22,10,1.9002536167091646,0,267
2024-25,22,11,1.9019909662616372,0,295
2024-25,22,12,1.0161240388506678,1,339
2024-25,22,13,1.245827944225867,1,350
2024-25,22,14,1.597277676950998,0,383
2024-25,22,15,1.3022234600262124,0,395
2024-25,22,16,1.166206896551724,0,443
2024-25,22,17,2.2192788131165644,0,476
2024-25,22,18,1.6704098713472668,0,495
2024-25,22,19,1.8276969018290405,0,524
2024-25,23,1,0.8425833333333334,1,15
2024-25,23,2,1.3006526688590945,0,47
2024-25,23,3,1.3520900900900898,1,85
2024-25,23,4,1.6499875424688561,0,88
2024-25,23,5,1.5131462585034012,0,146
2024-25,23,6,1.3971440516005735,0,162
2024-25,23,7,1.4174814814814816,0,201
2024-25,23,8,1.3848820326678766,1,235
2024-25,23,9,1.336105263157895,0,248
2024-25,23,11,1.91336292151868,0,295
2024-25,23,12,1.0059128650971962,0,339
2024-25,23,13,1.2224382037963868,0,350
2024-25,23,14,1.6083684210526314,1,383
2024-25,23,15,1.3352502372666877,0,395
2024-25,23,16,1.157,0,443
2024-25,23,17,2.2143339669141198,0,476
2024-25,23,18,1.6803715148859628,0,495
2024-25,23,19,1.810310021629416,0,524
2024-25,24,1,0.8392741935483871,0,15
2024-25,24,2,1.3009591387325667,0,47
2024-25,24,3,1.3400871839581514,0,85
2024-25,24,4,1.631600847550506,0,88
2024-25,24,5,1.490279146141215,0,146
2024-25,24,6,1.4351735670626224,0,162
2024-25,24,7,1.421111111111111,1,201
2024-25,24,9,1.3010696095076402,0,248
2024-25,24,13,1.2420387172422107,0,350
2024-25,24,14,1.5780984719864177,0,383
2024-25,24,15,1.3160752293577982,0,395
2024-25,24,16,1.1741935483870967,1,443
2024-25,24,17,2.235987299192162,0,476
2024-25,24,18,1.676230293043556,1,495
2024-25,24,19,1.778511676542349,0,524
2024-25,25,1,0.8383593749999998,1,15
2024-25,25,3,1.3769594594594592,0,85
2024-25,25,4,1.6074883210645525,1,88
2024-25,25,5,1.5542698412698415,1,146
2024-25,25,6,1.4280011148272018,0,162
2024-25,25,7,1.4117013888888887,0,201
2024-25,25,8,1.3084868421052631,0,235
2024-25,25,9,1.2838486842105263,0,248
2024-25,25,14,1.610032894736842,0,383
2024-25,25,15,1.3239437703462562,0,395
2024-25,25,16,1.1649999999999998,0,443
2024-25,25,17,2.2219374492673585,0,476
2024-25,25,18,1.6889942522549677,1,495
2024-25,25,19,1.7750337381916328,0,524
2024-25,25,20,1.7175316666698783,0,533
2024-25,26,1,0.819621212121212,0,15
2024-25,26,2,1.3169926486968144,0,47
2024-25,26,4,1.583625038608051,1,88
2024-25,26,5,1.5215514592933947,1,146
2024-25,26,6,1.427743014348905,0,162
2024-25,26,7,1.398013468013468,1,201
2024-25,26,8,1.320956937799043,0,235
2024-25,26,9,1.257671451355662,0,248
2024-25,26,10,1.9119945832389946,0,267
2024-25,26,12,1.0129845025829027,1,339
2024-25,26,13,1.2118411167349163,0,350
2024-25,26,14,1.6288197767145134,0,383
2024-25,26,15,1.3419455275229357,0,395
2024-25,26,16,1.1957575757575756,0,443
2024-25,26,17,2.1871005991815284,0,476
2024-25,26,19,1.7714612618502776,1,524
2024-25,27,1,0.826985294117647,1,15
2024-25,27,4,1.5520478315901671,0,88
2024-25,27,5,1.4780654761904763,0,146
2024-25,27,6,1.4559385451505016,1,162
2024-25,27,7,1.3630718954248366,0,201
2024-25,27,8,1.2941640866873065,0,235
2024-25,27,9,1.258622291021672,0,248
2024-25,27,12,1.0020420882233911,1,339
2024-25,27,13,1.1963628095018313,1,350
2024-25,27,14,1.6370897832817335,0,383
2024-25,27,15,1.3673411175979981,0,395
2024-25,27,16,1.2502941176470588,1,443
2024-25,27,18,1.672782150514691,0,495
2024-25,27,19,1.7548509828788836,1,524
2024-25,27,20,1.6860508752227046,0,533
2024-25,28,1,0.8147857142857141,0,15
2024-25,28,3,1.457357164748399,0,70
2024-25,28,4,1.546846464973305,0,88
2024-25,28,5,1.4775180375180377,0,146
2024-25,28,6,1.4336373771156379,1,162
2024-25,28,7,1.334984126984127,1,201
2024-25,28,8,1.2994736842105261,0,235
2024-25,28,9,1.2600902255639097,0,248
2024-25,28,10,1.8760274369046077,0,267
2024-25,28,12,0.9805964746616304,0,339
2024-25,28,13,1.200361262674981,0,350
2024-25,28,14,1.6311729323308268,0,383
2024-25,28,15,1.3771252023745277,1,395
2024-25,28,16,1.2428571428571429,1,443
2024-25,28,17,2.252316085726775,0,476
2024-25,28,19,1.7146506617420745,0,524
2024-25,28,20,1.686171972745688,0,533
2024-25,29,1,0.8343749999999998,1,15
2024-25,29,3,1.45942153329044,0,70
2024-25,29,4,1.5408229520573797,0,88
2024-25,29,5,1.4605322128851543,0,146
2024-25,29,6,1.3944127483769426,0,162
2024-25,29,8,1.284766081871345,0,235
2024-25,29,9,1.2678654970760235,1,248
2024-25,29,10,1.9160687062622594,0,267
2024-25,29,13,1.1866967973293554,0,350
2024-25,29,14,1.6308625730994148,1,383
2024-25,29,16,1.232222222222222,0,443
2024-25,29,17,2.307934963782129,0,476
2024-25,29,19,1.7051435406698563,0,524
2024-25,30,1,0.8215540540540538,0,15
2024-25,30,2,1.388835820895522,1,47
2024-25,30,3,1.442028859665589,0,70
2024-25,30,4,1.5443142236233967,0,88
2024-25,30,5,1.4679455782312927,0,146
2024-25,30,6,1.3748580984233156,1,162
2024-25,30,7,1.3390123456790124,0,201
2024-25,30,8,1.272475106685633,0,235
2024-25,30,9,1.2592745376955903,0,248
2024-25,30,12,0.9638235969680727,1,339
2024-25,30,13,1.210786285485051,1,350
2024-25,30,14,1.6184068278805117,0,383
2024-25,30,15,1.3506359108781127,0,395
2024-25,30,16,1.2102702702702703,1,443
2024-25,30,17,2.2483693114522842,0,476
2024-25,30,19,1.6856644373364351,0,524
2024-25,31,1,0.825986842105263,0,15
2024-25,31,2,1.3752570480928688,0,47
2024-25,31,3,1.4347140710877873,0,70
2024-25,31,4,1.53762174405436,1,88
2024-25,31,5,1.4618915343915344,0,146
2024-25,31,7,1.3209309309309307,0,201
2024-25,31,8,1.2776731301939057,0,235
2024-25,31,9,1.2887673130193906,0,248
2024-25,31,12,0.9560913970478604,0,339
2024-25,31,13,1.1794651245046806,1,350
2024-25,31,14,1.5884487534626037,1,383
2024-25,31,15,1.3575626911314986,1,395
2024-25,31,16,1.2213157894736844,0,443
2024-25,31,17,2.2041468085071334,0,476
2024-25,31,18,1.701039828810251,0,495
2024-25,31,19,1.6720713073005091,0,524
2024-25,32,1,0.83275641025641,0,15
2024-25,32,2,1.3780879386849534,1,47
2024-25,32,3,1.4152132662004142,1,70
2024-25,32,4,1.5297340070273249,0,88
2024-25,32,5,1.4385971685971686,0,146
2024-25,32,6,1.3586120401337791,0,162
2024-25,32,8,1.29080971659919,1,235
2024-25,32,9,1.2941835357624834,0,248
2024-25,32,10,1.9978195098257057,0,630
2024-25,32,11,1.8724032151299974,0,295
2024-25,32,12,0.9505505919953511,0,339
2024-25,32,13,1.1722644531253987,0,350
2024-25,32,16,1.267692307692308,0,443
2024-25,32,17,2.2019453783298975,0,476
2024-25,32,19,1.6837971893083492,0,524
2024-25,33,3,1.4064043084578461,1,70
2024-25,33,4,1.5154906568516417,0,88
2024-25,33,5,1.4402130325814537,0,146
2024-25,33,6,1.3508117147247583,0,162
2024-25,33,8,1.2715394736842105,0,235
2024-25,33,9,1.2983289473684212,0,248
2024-25,33,10,2.005238117977034,0,630
2024-25,33,12,0.9642868271954673,1,339
2024-25,33,14,1.5602834008097164,0,383
2024-25,33,15,1.3349296636085628,0,395
2024-25,33,16,1.27,0,443
2024-25,33,17,2.2260286696805345,0,476
2024-25,33,18,1.68178000861183,0,495
2024-25,33,19,1.6862513426423198,0,524
2024-25,34,3,1.3806159789689865,0,70
2024-25,34,4,1.5134055188796505,1,88
2024-25,34,5,1.458925518925519,0,146
2024-25,34,6,1.321842985389896,1,162
2024-25,34,8,1.2902824133504494,0,235
2024-25,34,9,1.2886136071887038,0,248
2024-25,34,10,2.019692295271276,0,630
2024-25,34,12,0.9473530021419193,0,339
2024-25,34,14,1.5275263157894734,0,383
2024-25,34,15,1.3580564220183486,1,395
2024-25,34,16,1.2912195121951222,0,443
2024-25,34,17,2.1898341058439366,0,476
2024-25,34,19,1.6602251898402722,0,524
2024-25,35,1,0.8247023809523807,0,15
2024-25,35,2,1.340731343283582,1,47
2024-25,35,3,1.4082783911332137,0,70
2024-25,35,4,1.500467292239659,0,88
2024-25,35,5,1.4542023809523812,0,146
2024-25,35,6,1.2992316267901551,0,162
2024-25,35,7,1.3574867724867725,0,201
2024-25,35,8,1.280513784461153,0,235
2024-25,35,9,1.272932330827068,0,248
2024-25,35,10,2.0411534364044135,0,630
2024-25,35,11,1.9304373630726563,1,295
2024-25,35,12,0.9357493592337784,0,339
2024-25,35,13,1.1963404832672742,1,350
2024-25,35,15,1.3273721190422914,0,395
2024-25,35,16,1.299761904761905,0,443
2024-25,35,17,2.195494041932552,0,476
2024-25,35,19,1.651724578436382,0,524
2024-25,35,20,1.6018338307628914,0,533
2024-25,36,1,0.828081395348837,0,15
2024-25,36,2,1.3287622861303239,1,47
2024-25,36,4,1.5018517738154806,1,88
2024-25,36,5,1.464343786295006,1,146
2024-25,36,6,1.2930008361204013,0,162
2024-25,36,7,1.3424289405684755,1,201
2024-25,36,8,1.270501835985312,0,235
2024-25,36,9,1.2656548347613221,0,248
2024-25,36,10,2.0035823811758586,0,630
2024-25,36,11,1.8919899152206774,0,295
2024-25,36,12,0.9867784439027604,0,339
2024-25,36,13,1.1771155252484826,1,350
2024-25,36,15,1.3121965923984273,1,395
2024-25,36,16,1.3290697674418606,0,443
2024-25,36,19,1.6308306310800698,1,524
2024-25,36,20,1.5794634169477686,0,533
2024-25,37,1,0.8674431818181816,1,15
2024-25,37,2,1.3161727078891254,1,47
2024-25,37,4,1.4888551425924015,0,88
2024-25,37,5,1.4511451247165534,0,146
2024-25,37,6,1.2997569132881963,1,162
2024-25,37,7,1.3273737373737373,0,201
2024-25,37,8,1.2595813397129187,1,235
2024-25,37,9,1.2623444976076554,0,248
2024-25,37,10,1.9889940648717004,0,630
2024-25,37,13,1.1517251645171145,0,350
2024-25,37,14,1.5031964056482667,0,383
2024-25,37,15,1.297726904203115,0,395
2024-25,37,16,1.3231818181818182,0,443
2024-25,37,19,1.6458576998050682,0,524
2024-25,37,20,1.5792318488332229,0,533
2024-25,38,1,0.8894999999999998,0,15
2024-25,38,3,1.4050398376023256,1,70
2024-25,38,4,1.477769472757015,0,88
2024-25,38,5,1.4694905869324475,0,146
2024-25,38,6,1.2757150820194296,1,162
2024-25,38,7,1.3316543209876546,0,201
2024-25,38,8,1.2584795321637428,1,235
2024-25,38,9,1.2980701754385966,0,248
2024-25,38,10,1.9604734183262702,0,630
2024-25,38,11,1.8681830855199653,0,295
2024-25,38,12,1.0168516610867886,0,339
2024-25,38,13,1.149612763082483,1,350
2024-25,38,15,1.2827785654712258,0,395
2024-25,38,16,1.318888888888889,0,443
2024-25,38,18,1.6885409291106126,0,495
2024-25,38,19,1.652964991664682,0,524
2025-26,7,1,0.8060526315789474,1,1
2025-26,7,3,1.9039485359361132,0,187
2025-26,7,4,1.1263744608789985,0,67
2025-26,7,5,1.2715714285714286,0,101
2025-26,7,6,1.4614285714285713,0,139
2025-26,7,8,1.2439849624060149,0,253
2025-26,7,9,1.2805263157894735,0,287
2025-26,7,10,1.2866165413533834,0,314
2025-26,7,11,1.2760493017032486,0,343
2025-26,7,13,1.1856904684070424,0,260
2025-26,7,15,1.0480612244897958,1,469
2025-26,7,16,1.3901503759398492,0,502
2025-26,7,18,1.3107142857142857,0,565
2025-26,7,19,1.35747787313182,0,603
2025-26,8,1,0.7849824561403509,1,1
2025-26,8,2,1.2771416667942415,0,36
2025-26,8,3,1.8683519668737059,1,187
2025-26,8,4,1.1084517119119437,0,67
2025-26,8,5,1.2421333333333333,1,101
2025-26,8,6,1.4013333333333333,0,139
2025-26,8,7,1.2643789556962024,1,220
2025-26,8,8,1.2963859649122806,0,253
2025-26,8,9,1.305157894736842,0,287
2025-26,8,10,1.2755087719298246,0,314
2025-26,8,11,1.2228535125620097,0,343
2025-26,8,12,1.0454594594594595,0,373
2025-26,8,13,1.2419777705132395,0,260
2025-26,8,14,1.5361223847726915,0,436
2025-26,8,15,0.9975238095238095,0,469
2025-26,8,16,1.5161403508771927,0,502
2025-26,8,17,1.269785045245277,1,670
2025-26,8,18,1.3353333333333333,0,565
2025-26,9,1,0.763421052631579,1,1
2025-26,9,2,1.2436368998369802,1,36
2025-26,9,3,1.9159549689440993,0,187
2025-26,9,4,1.3323102166967635,1,67
2025-26,9,5,1.185125,0,101
2025-26,9,6,1.404375,0,139
2025-26,9,7,1.33653988183161,0,220
2025-26,9,8,1.342236842105263,0,253
2025-26,9,9,1.3729605263157896,0,287
2025-26,9,10,1.3126644736842104,0,314
2025-26,9,12,1.0638682432432434,0,373
2025-26,9,13,1.291229159856162,0,260
2025-26,9,14,1.6119897357243982,0,436
2025-26,9,15,0.9920535714285714,0,469
2025-26,9,16,1.5257565789473682,0,502
2025-26,9,17,1.2579352166967634,0,670
2025-26,9,18,1.271875,1,565
2025-26,9,19,1.65005376344086,0,605
2025-26,10,1,0.7461609907120743,1,1
2025-26,10,2,1.2398338978546906,0,36
2025-26,10,3,1.9514870295944464,0,187
2025-26,10,4,1.2776063130524467,0,67
2025-26,10,5,1.2507058823529411,0,101
2025-26,10,6,1.3976470588235295,1,139
2025-26,10,7,1.3348857340720222,1,220
2025-26,10,8,1.3268111455108358,1,253
2025-26,10,9,1.4145510835913313,0,287
2025-26,10,10,1.3613312693498452,1,314
2025-26,10,11,1.159988086707667,0,348
2025-26,10,12,1.1630524642289348,1,373
2025-26,10,13,1.2788039151587407,1,260
2025-26,10,14,1.5830491630347279,0,436
2025-26,10,15,1.0236974789915967,0,469
2025-26,10,16,1.4707120743034054,0,502
2025-26,10,17,1.239959254228917,0,670
2025-26,10,18,1.2870588235294116,0,565
2025-26,10,19,1.6406388361796331,0,605
2025-26,10,20,1.2526890185155637,0,633
2025-26,11,1,0.7280409356725147,0,1
2025-26,11,2,1.2370237156448396,1,36
2025-26,11,3,1.9775155279503105,0,187
2025-26,11,4,1.3263983035152054,0,67
2025-26,11,5,1.2201111111111111,0,101
2025-26,11,6,1.347777777777778,1,139
2025-26,11,7,1.26243481095176,1,220
2025-26,11,8,1.2830994152046784,1,253
2025-26,11,9,1.3965204678362573,1,287
2025-26,11,10,1.2990350877192984,0,314
2025-26,11,11,1.2611448854411242,0,348
2025-26,11,12,1.1212162162162163,0,373
2025-26,11,14,1.6023242095327987,0,436
2025-26,11,16,1.4512280701754385,0,502
2025-26,11,17,1.2152871924040942,0,670
2025-26,11,18,1.42,0,565
2025-26,11,19,1.5783811230585425,0,605
2025-26,11,20,1.2557346796164703,0,633
2025-26,12,1,0.7128808864265929,0,1
2025-26,12,2,1.2569334817136204,0,36
2025-26,12,3,2.0323831317423995,0,187
2025-26,12,4,1.346141361131272,0,67
2025-26,12,5,1.1780000000000002,0,101
2025-26,12,6,1.3157894736842106,0,139
2025-26,12,7,1.201893472906404,1,220
2025-26,12,8,1.235567867036011,1,253
2025-26,12,9,1.3440720221606648,1,287
2025-26,12,10,1.3064542936288088,1,314
2025-26,12,11,1.3294397095939203,0,348
2025-26,12,12,1.1464153627311522,0,373
2025-26,12,13,1.0464704614028546,0,408
2025-26,12,14,1.5664124090310725,0,436
2025-26,12,15,1.0598803908355794,0,469
2025-26,12,16,1.411163434903047,1,502
2025-26,12,17,1.2519308348154825,0,670
2025-26,12,18,1.378421052631579,0,565
2025-26,12,19,1.551097906055461,0,605
2025-26,13,1,0.6807368421052632,0,1
2025-26,13,2,1.2839469877078624,1,36
2025-26,13,3,2.016763975155279,0,187
2025-26,13,4,1.3189408251145993,0,67
2025-26,13,5,1.1801,0,101
2025-26,13,6,1.3455000000000001,1,139
2025-26,13,7,1.1618873978996498,0,220
2025-26,13,8,1.2632894736842106,0,253
2025-26,13,9,1.3598684210526315,0,287
2025-26,13,10,1.2496315789473684,0,314
2025-26,13,11,1.3523235790753438,0,348
2025-26,13,12,1.1680945945945946,1,373
2025-26,13,13,1.1091046645945417,0,408
2025-26,13,14,1.4995917885795187,0,436
2025-26,13,16,1.4371052631578947,0,502
2025-26,13,17,1.3049408251145993,0,670
2025-26,13,18,1.406,0,565
2025-26,14,1,0.6859398496240603,1,1
2025-26,14,2,1.2456537246351362,0,36
2025-26,14,3,2.066441881100266,0,187
2025-26,14,4,1.316314179473559,0,67
2025-26,14,5,1.169142857142857,0,101
2025-26,14,6,1.3152380952380953,0,139
2025-26,14,7,1.1667821507760532,0,220
2025-26,14,8,1.2597994987468673,1,253
2025-26,14,9,1.3860651629072682,1,287
2025-26,14,10,1.231077694235589,0,314
2025-26,14,11,1.4340936361661953,0,348
2025-26,14,12,1.1262805662805664,0,373
2025-26,14,13,1.1305897505704372,0,408
2025-26,14,16,1.441528822055138,1,502
2025-26,14,17,1.3229808461402257,0,670
2025-26,14,18,1.3604761904761904,0,565
2025-26,14,19,1.5266325053409804,0,603
2025-26,14,20,1.6149579831932772,0,627
2025-26,15,1,0.6706698564593302,0,1
2025-26,15,3,1.9993308865047992,0,187
2025-26,15,4,1.3206679366591263,1,67
2025-26,15,5,1.1964545454545452,0,101
2025-26,15,6,1.365,0,139
2025-26,15,7,1.2439149947201689,1,220
2025-26,15,8,1.2457177033492823,0,253
2025-26,15,9,1.3457894736842104,1,287
2025-26,15,10,1.273755980861244,0,314
2025-26,15,11,1.4112779643430529,0,348
2025-26,15,12,1.0937223587223588,0,373
2025-26,15,13,1.1201131924958516,1,408
2025-26,15,14,1.229591383018303,0,443
2025-26,15,16,1.4173684210526316,0,502
2025-26,15,17,1.327486118477308,0,670
2025-26,15,18,1.3913636363636361,1,565
2025-26,15,20,1.5663492063492064,0,627
2025-26,16,1,0.7354233409610984,0,1
2025-26,16,2,1.318114520161197,0,36
2025-26,16,4,1.3076692579368723,0,67
2025-26,16,5,1.2392173913043478,0,101
2025-26,16,6,1.355217391304348,0,139
2025-26,16,7,1.2519027217741936,1,220
2025-26,16,8,1.2245995423340963,0,253
2025-26,16,9,1.3103203661327232,0,287
2025-26,16,10,1.2901144164759724,0,314
2025-26,16,11,1.4382820716311917,0,348
2025-26,16,12,1.1118213866039954,1,373
2025-26,16,13,1.1015186396874757,1,408
2025-26,16,14,1.1927282023728019,0,443
2025-26,16,17,1.379408388371655,1,670
2025-26,16,18,1.3434782608695652,0,565
2025-26,16,19,1.5296201726705831,0,603
2025-26,16,20,1.6996992481203008,0,627
2025-26,17,1,0.7206140350877194,1,1
2025-26,17,2,1.3059520873213715,0,36
2025-26,17,3,1.7742499999999994,0,470
2025-26,17,4,1.3921301264020558,0,67
2025-26,17,5,1.2509166666666667,1,101
2025-26,17,6,1.3775000000000002,1,139
2025-26,17,7,1.2422733847637417,0,220
2025-26,17,8,1.2231578947368422,0,253
2025-26,17,9,1.347390350877193,0,287
2025-26,17,10,1.3388596491228069,1,314
2025-26,17,11,1.409405502763543,0,348
2025-26,17,12,1.1446621621621622,0,373
2025-26,17,13,1.135284096279344,1,408
2025-26,17,14,1.2111186671200271,0,443
2025-26,17,16,1.3605743243243242,0,505
2025-26,17,17,1.3337967930687225,1,670
2025-26,17,18,1.3841666666666665,0,565
2025-26,18,1,0.6997894736842106,0,1
2025-26,18,2,1.3069261251886428,0,36
2025-26,18,3,1.7596799999999995,1,470
2025-26,18,4,1.3513128345916265,0,67
2025-26,18,5,1.25168,0,101
2025-26,18,6,1.3776000000000002,0,139
2025-26,18,7,1.2866797597042514,0,220
2025-26,18,8,1.2810315789473687,0,253
2025-26,18,9,1.3734947368421053,1,287
2025-26,18,10,1.3093052631578947,1,314
2025-26,18,12,1.1416756756756758,0,373
2025-26,18,13,1.1288288682584937,0,408
2025-26,18,16,1.3661513513513512,0,505
2025-26,18,17,1.3253128345916265,0,670
2025-26,18,18,1.3552,1,565
2025-26,19,1,0.7055668016194333,0,1
2025-26,19,3,1.724692307692307,0,470
2025-26,19,4,1.4431668530561947,0,67
2025-26,19,5,1.308153846153846,1,101
2025-26,19,6,1.443076923076923,0,139
2025-26,19,7,1.2828194321206743,0,220
2025-26,19,8,1.2640688259109314,0,253
2025-26,19,9,1.3748987854251011,1,287
2025-26,19,10,1.2939473684210525,0,314
2025-26,19,12,1.1389189189189188,1,373
2025-26,19,13,1.1057270509000616,1,408
2025-26,19,14,1.212631892834205,0,443
2025-26,19,15,1.3457639702651873,0,684
2025-26,19,16,1.3693762993762992,0,505
2025-26,19,17,1.3608591607485023,1,670
2025-26,19,18,1.3534615384615383,1,565
2025-26,19,20,1.4950103000888897,0,709
2025-26,20,1,0.7783235867446394,0,1
2025-26,20,2,1.464727608712284,0,38
2025-26,20,3,1.7463703703703697,0,470
2025-26,20,4,1.4817512257410494,0,67
2025-26,20,5,1.297111111111111,0,101
2025-26,20,6,1.4659259259259259,1,139
2025-26,20,8,1.2879922027290451,0,253
2025-26,20,9,1.3813840155945418,0,287
2025-26,20,10,1.3060233918128654,0,314
2025-26,20,12,1.1219219219219219,0,373
2025-26,20,14,1.2106230419626705,0,443
2025-26,20,15,1.3420186291848106,1,684
2025-26,20,16,1.3653253253253252,0,505
2025-26,20,17,1.400269744259568,0,670
2025-26,20,18,1.3340740740740737,0,565
2025-26,20,19,1.7655004250369113,0,605
2025-26,20,20,1.472638299882707,1,709
2025-26,21,1,0.8015977443609024,1,1
2025-26,21,2,1.4432201306315748,1,38
2025-26,21,3,1.735785714285714,0,470
2025-26,21,4,1.4665791834013302,0,67
2025-26,21,5,1.2811428571428571,1,101
2025-26,21,6,1.4242857142857142,0,139
2025-26,21,7,1.2834638800136289,0,226
2025-26,21,8,1.316278195488722,1,253
2025-26,21,9,1.417763157894737,0,287
2025-26,21,10,1.3075939849624063,0,314
2025-26,21,11,1.348638432001312,0,347
2025-26,21,12,1.1086389961389962,1,373
2025-26,21,13,1.3207283910258738,1,260
2025-26,21,14,1.199203077184631,0,443
2025-26,21,16,1.373349420849421,0,505
2025-26,21,17,1.389793469115616,0,670
2025-26,21,18,1.3035714285714284,0,565
2025-26,22,1,0.7863702359346643,1,1
2025-26,22,2,1.4452683022721193,0,38
2025-26,22,3,1.763862068965517,0,470
2025-26,22,4,1.4608414683546151,0,67
2025-26,22,5,1.2962758620689654,0,101
2025-26,22,6,1.463103448275862,0,139
2025-26,22,7,1.2804103234277644,1,226
2025-26,22,8,1.3308892921960074,0,253
2025-26,22,9,1.3940471869328492,1,287
2025-26,22,10,1.34491833030853,0,314
2025-26,22,11,1.39018242232351,1,347
2025-26,22,12,1.0900652376514446,0,373
2025-26,22,14,1.1651887836674455,1,443
2025-26,22,15,1.344426261402734,1,684
2025-26,22,16,1.3587511649580615,1,505
2025-26,22,17,1.455324226975305,0,670
2025-26,22,18,1.302413793103448,0,565
2025-26,22,20,1.4058050990122437,1,709
2025-26,23,1,0.7714912280701754,0,1
2025-26,23,2,1.4127057695044245,1,38
2025-26,23,3,1.8110666666666662,0,470
2025-26,23,4,1.4460369397582247,0,67
2025-26,23,5,1.3060666666666667,0,101
2025-26,23,6,1.4586666666666668,0,139
2025-26,23,7,1.2888664296597256,0,226
2025-26,23,8,1.343526315789474,0,253
2025-26,23,9,1.3955789473684213,0,287
2025-26,23,10,1.3477543859649124,0,314
2025-26,23,12,1.067063063063063,0,373
2025-26,23,13,1.3357023770606642,1,260
2025-26,23,14,1.1406960171034919,0,443
2025-26,23,15,1.3014051708832466,0,684
2025-26,23,16,1.3834594594594596,1,505
2025-26,23,17,1.4260369397582249,0,670
2025-26,23,18,1.3486666666666665,0,565
2025-26,23,19,1.6912090101133928,0,600
2025-26,23,20,1.3849671261449172,0,709
2025-26,24,1,0.7695076400679118,1,1
2025-26,24,2,1.4385212763248367,0,38
2025-26,24,3,1.8187741935483868,0,470
2025-26,24,4,1.4289822610256873,1,67
2025-26,24,5,1.2890967741935484,1,101
2025-26,24,6,1.445483870967742,0,139
2025-26,24,7,1.3052687104667804,0,226
2025-26,24,8,1.3711544991511038,0,253
2025-26,24,9,1.3902376910016978,0,287
2025-26,24,10,1.3555687606112055,0,314
2025-26,24,11,1.352692825930788,0,347
2025-26,24,12,1.1084481255449,0,373
2025-26,24,13,1.3106781571620205,0,260
2025-26,24,14,1.142328599318608,0,443
2025-26,24,15,1.2953777570689187,0,684
2025-26,24,16,1.3972188317349608,0,505
2025-26,24,17,1.4286596803805263,1,670
2025-26,24,18,1.3516129032258064,0,565
2025-26,24,19,1.6533864541832672,0,600
2025-26,25,1,0.7501480263157895,1,1
2025-26,25,2,1.4040666959019668,0,38
2025-26,25,3,1.8078749999999995,0,470
2025-26,25,4,1.4276306833966108,0,67
2025-26,25,5,1.3238125,0,101
2025-26,25,6,1.4378125,0,139
2025-26,25,7,1.2991609507810624,0,226
2025-26,25,8,1.3436184210526316,1,253
2025-26,25,9,1.3917927631578946,0,287
2025-26,25,10,1.3691447368421052,0,314
2025-26,25,11,1.3807529957591522,0,347
2025-26,25,12,1.0850591216216214,0,373
2025-26,25,13,1.30198888525662,0,260
2025-26,25,15,1.3306370241437873,0,684
2025-26,25,16,1.4129307432432432,0,505
2025-26,25,17,1.386068183396611,0,670
2025-26,25,18,1.374375,0,565
2025-26,26,2,1.4247441030364059,1,38
2025-26,26,3,1.7839999999999996,0,470
2025-26,26,4,1.3995157549357924,0,67
2025-26,26,5,1.3515757575757577,0,101
2025-26,26,6,1.4293939393939392,0,139
2025-26,26,7,1.2915281544795392,0,226
2025-26,26,8,1.32866028708134,0,253
2025-26,26,9,1.4093141945773524,0,287
2025-26,26,10,1.3846251993620418,0,314
2025-26,26,11,1.3805893096458735,0,347
2025-26,26,12,1.1403603603603605,1,373
2025-26,26,13,1.299021501861245,1,260
2025-26,26,14,1.1478055055107037,0,443
2025-26,26,15,1.3483478049603563,0,684
2025-26,26,16,1.445872235872236,1,505
2025-26,26,17,1.3910309064509443,0,670
2025-26,26,18,1.3866666666666667,0,565
2025-26,27,1,0.7427067669172932,0,1
2025-26,27,2,1.396483672043782,0,38
2025-26,27,3,1.7844705882352936,0,470
2025-26,27,4,1.4453984011860874,1,67
2025-26,27,5,1.3294705882352944,0,101
2025-26,27,6,1.4085294117647058,1,139
2025-26,27,7,1.2961200672275945,0,226
2025-26,27,8,1.3051702786377712,1,253
2025-26,27,9,1.4072755417956657,0,287
2025-26,27,10,1.3841950464396287,0,314
2025-26,27,12,1.1253497615262322,1,373
2025-26,27,13,1.302802079928081,0,260
2025-26,27,14,1.1466652590308233,1,443
2025-26,27,15,1.366238748973121,0,684
2025-26,27,16,1.4156995230524643,0,505
2025-26,27,17,1.425104283539029,0,670
2025-26,27,18,1.4188235294117646,0,565
2025-26,28,1,0.7431871345029241,0,1
2025-26,28,2,1.3951052435482498,0,38
2025-26,28,3,1.7903428571428568,0,470
2025-26,28,4,1.4982135945078376,0,67
2025-26,28,6,1.414,0,139
2025-26,28,7,1.2827364652107667,0,226
2025-26,28,8,1.3144511278195492,0,253
2025-26,28,9,1.4033533834586465,0,287
2025-26,28,10,1.3975037593984965,0,314
2025-26,28,12,1.1271969111969111,0,373
2025-26,28,13,1.2821111078090484,1,260
2025-26,28,15,1.3664131295746664,0,684
2025-26,28,16,1.4246795366795366,0,505
2025-26,28,17,1.4387850230792665,0,670
2025-26,28,18,1.4374285714285713,0,565
2025-26,29,1,0.7514793741109531,1,1
2025-26,29,2,1.3796942125340605,0,38
2025-26,29,3,1.8031111111111107,0,470
2025-26,29,4,1.4963539140215822,1,67
2025-26,29,5,1.3226285714285717,1,101
2025-26,29,6,1.4005555555555556,0,139
2025-26,29,7,1.2782878303017156,0,226
2025-26,29,8,1.3348830409356727,0,253
2025-26,29,9,1.392982456140351,1,287
2025-26,29,10,1.3831286549707604,0,314
2025-26,29,11,1.4760243096087748,0,348
2025-26,29,12,1.1475525525525525,0,373
2025-26,29,13,1.2882254869911351,0,260
2025-26,29,15,1.3909301486034151,0,684
2025-26,29,16,1.4214939939939941,0,505
2025-26,29,18,1.4569444444444444,0,565
2025-26,29,19,1.4455638346786819,1,603
2025-26,29,20,1.4219514286332513,0,709
2025-26,30,1,0.7532825484764544,1,1
2025-26,30,2,1.4418489624164663,0,38
2025-26,30,3,1.789513513513513,1,470
2025-26,30,4,1.4663709394441027,1,67
2025-26,30,5,1.3392222222222225,0,101
2025-26,30,6,1.3754054054054052,1,139
2025-26,30,7,1.2641853445384592,0,226
2025-26,30,9,1.3766856330014225,0,287
2025-26,30,10,1.3752062588904699,1,314
2025-26,30,11,1.457639069722466,1,348
2025-26,30,12,1.1284295105916726,0,373
2025-26,30,13,1.27913333021996,0,260
2025-26,30,14,1.1451216765752223,0,443
2025-26,30,15,1.39322656958098,1,684
2025-26,30,16,1.440372534696859,1,505
2025-26,30,18,1.4656756756756757,0,565
2025-26,30,19,1.4260820999481687,0,603
2025-26,30,20,1.4352359089477047,0,709
2025-26,31,2,1.4325399135155639,1,38
2025-26,31,3,1.8095263157894732,0,470
2025-26,31,4,1.4648641464855288,0,67
2025-26,31,5,1.340594594594595,1,101
2025-26,31,6,1.3628947368421052,0,139
2025-26,31,9,1.4115096952908588,1,287
2025-26,31,10,1.3640166204986153,0,314
2025-26,31,11,1.4355022697644009,1,348
2025-26,31,12,1.129786628733997,0,373
2025-26,31,14,1.1410992094080619,0,443
2025-26,31,16,1.4295732574679942,1,505
2025-26,31,18,1.471842105263158,0,565
2025-26,31,19,1.446256044352455,0,603
2025-26,32,1,0.7608906882591094,0,1
2025-26,32,3,1.8438974358974354,0,470
2025-26,32,4,1.4730401138945441,0,67
2025-26,32,5,1.3190000000000004,0,101
2025-26,32,6,1.3543589743589741,1,139
2025-26,32,8,1.3543379832876745,0,258
2025-26,32,9,1.3991632928475035,0,287
2025-26,32,10,1.3608367071524972,0,314
2025-26,32,12,1.1564587664587664,1,373
2025-26,32,13,1.2586018488249608,1,260
2025-26,32,14,1.1588699829031996,0,443
2025-26,32,15,1.4434978249627353,0,684
2025-26,32,16,1.4221483021483021,0,505
2025-26,32,19,1.4537144897302634,1,603
2025-26,32,20,1.472143220751263,0,709
2025-26,33,1,0.7716184210526318,0,1
2025-26,33,2,1.4194828907714105,0,38
2025-26,33,5,1.324410256410257,1,101
2025-26,33,8,1.348532802581553,1,258
2025-26,33,9,1.4351842105263157,0,287
2025-26,33,10,1.3665657894736847,1,314
2025-26,33,12,1.1535472972972973,0,373
2025-26,33,14,1.1906767239416332,1,443
2025-26,33,15,1.476805024224171,0,684
2025-26,33,16,1.4120945945945946,0,505
2025-26,33,17,1.431748490862327,0,670
2025-26,33,19,1.4283838067986805,1,603
2025-26,34,1,0.7859691912708602,1,1
2025-26,34,2,1.4275019839796093,0,38
2025-26,34,5,1.3105500000000005,0,101
2025-26,34,9,1.4355455712451863,0,287
2025-26,34,10,1.3681129653401802,1,314
2025-26,34,12,1.1446802900461437,0,373
2025-26,34,15,1.5188409063843276,0,684
2025-26,34,16,1.386433750823995,1,505
2025-26,34,17,1.4686135932249675,0,670
2025-26,34,19,1.4072878885200568,0,603
2025-26,35,1,0.7910651629072684,1,1
2025-26,35,3,1.8707619047619046,0,470
2025-26,35,4,1.4805568107764289,1,67
2025-26,35,5,1.3095609756097566,1,101
2025-26,35,6,1.3133333333333332,0,139
2025-26,35,9,1.4292230576441105,0,287
2025-26,35,10,1.3576817042606522,0,314
2025-26,35,11,1.3171835711524649,0,343
2025-26,35,12,1.171235521235521,0,373
2025-26,35,13,1.248196578402528,0,260
2025-26,35,14,1.2099050245048695,0,443
2025-26,35,15,1.4896984090705474,0,684
2025-26,35,17,1.4580355398105138,0,670
2025-26,36,1,0.7812729498164016,1,1
2025-26,36,2,1.4212711648025003,0,38
2025-26,36,4,1.4679668979968865,1,67
2025-26,36,5,1.3002857142857147,0,101
2025-26,36,6,1.3562790697674416,1,139
2025-26,36,9,1.4297062423500613,0,287
2025-26,36,10,1.4012239902080788,0,314
2025-26,36,12,1.1984160905091137,0,373
2025-26,36,14,1.2020791337178518,1,443
2025-26,36,15,1.4917796468439801,0,684
2025-26,36,16,1.377971383147854,0,505
2025-26,36,17,1.4658144153466535,1,670
2025-26,36,19,1.4364524507853307,0,603
2025-26,37,1,0.789653110047847,1,1
2025-26,37,2,1.4303258974540076,0,38
2025-26,37,4,1.4640573416860168,0,67
2025-26,37,5,1.3393488372093028,0,101
2025-26,37,6,1.336590909090909,0,139
2025-26,37,7,1.3755796089385477,0,220
2025-26,37,8,1.343157894736842,0,253
2025-26,37,9,1.4553947368421054,0,287
2025-26,37,10,1.388014354066986,0,314
2025-26,37,12,1.1825429975429975,0,373
2025-26,37,13,1.2468968228023476,0,260
2025-26,37,14,1.2032234367068126,0,443
2025-26,37,15,1.4806548707005003,0,684
2025-26,37,16,1.3803168685927307,0,505
2025-26,37,17,1.4443542203459696,0,670
2025-26,37,18,1.2913048650917318,0,575
2025-26,37,19,1.4281990178878163,0,603
2025-26,37,20,1.564958476409574,0,636
2025-26,38,4,1.4695525189578797,0,67
2025-26,38,5,1.3480000000000005,0,101
2025-26,38,6,1.3155555555555556,0,139
2025-26,38,7,1.384025885558583,0,220
2025-26,38,8,1.351495215311005,0,253
2025-26,38,9,1.4399415204678365,0,287
2025-26,38,10,1.3882807017543863,1,314
2025-26,38,11,1.4356979470380962,0,348
2025-26,38,12,1.1973753753753755,0,373
2025-26,38,15,1.4681241431367824,0,684
2025-26,38,16,1.4519951412086245,0,505
2025-26,38,17,1.4357110322167763,0,670
2025-26,38,18,1.2750919972469332,1,575
2025-26,38,19,1.43716128485925,1,603
2025-26,38,20,1.5656667533181656,0,636
