sweep,run_id,variant,variant_index,is_baseline,season,prior_season,start_gw,weeks,bank_up_to,infeasible,policy_points,hold_points,moves,hits,policy_per_gw,hold_per_gw,frozen_points,frozen_per_gw,frozen_captain_points,frozen_captain_per_gw,weekly_points,weekly_per_gw,hold_fixedcap_points,hold_fixedcap_per_gw,hold_nocap_points,hold_nocap_per_gw,decision_weeks,consulted_weeks,weighed_weeks,banked_weeks,free_at_decision,band_ready_weeks,band_moves,band_run_moves,band_worse_moves,band_exposure,ftv_weeks,ftv_priced_weeks,ftv_gate_calls,ftv_flips,ftv_mean_charge,ftv_mean_load,wc_trig_offered,wc_trig_weeks,wc_trig_weighed,wc_trig_gw,wc_trig_value,wc_trig_bar,bb_trig_offered,bb_trig_weeks,bb_trig_weighed,bb_trig_gw,bb_trig_value,bb_trig_bar,fh_trig_offered,fh_trig_weeks,fh_trig_weighed,fh_trig_gw,fh_trig_value,fh_trig_bar,prep_weeks,prep_credit_weeks,prep_bench_sum,prep_captain_sum,dose_act_doubles,dose_act_blanks,dose_late_doubles,dose_late_blanks,floor_flips_le28,floor_flips_gt28,bench_boost_gw,bench_boost_pts,triple_captain_gw,triple_captain_pts,bench_boost_oracle_gw,bench_boost_oracle_pts,bench_boost_median_pts,bench_boost_threshold_pts,bench_boost_bar_pts,triple_captain_oracle_gw,triple_captain_oracle_pts,triple_captain_median_pts,triple_captain_threshold_pts,triple_captain_bar_pts,hold_xpoints,hold_xpoints_per_gw,policy_xpoints,policy_xpoints_per_gw,setting,min_expected_minutes,squad_hash,oracle,oracle_kind
TestDiagWildcardLookaheadTrigger#1,1787766840-1864557,no wildcard trigger (control),0,true,2020-21,2019-20,1,38,5,false,1946,1628,45,8,51.21052631578947,42.8421052631579,,,,,,,1628,42.8421052631579,1388,36.526315789473685,37,0,,,1.1081081081081081,33,40,18,12,7,0,,,,,,0,0,0,,,,0,0,0,,,,0,0,0,,,,0,,,,43,40,43,40,0,0,0,0,0,0,,,,,,,,,,,1613.0156880372417,42.44778126413794,1965.5285459142312,51.72443541879556,,55,98b82c09e797,-,none
TestDiagWildcardLookaheadTrigger#1,1787766840-1864557,no wildcard trigger (control),0,true,2021-22,2020-21,1,38,5,false,2216,1942,43,5,58.31578947368421,51.10526315789474,,,,,,,1987,52.28947368421053,1692,44.526315789473685,37,0,,,1.2432432432432432,33,38,17,8,16,0,,,,,,0,0,0,,,,0,0,0,,,,0,0,0,,,,0,,,,61,61,61,61,0,0,0,0,0,0,,,,,,,,,,,1925.730264990003,50.67711223657903,2268.3085647754,59.692330651984214,,55,2ee4dc9e44a7,-,none
TestDiagWildcardLookaheadTrigger#1,1787766840-1864557,no wildcard trigger (control),0,true,2022-23,2021-22,1,38,5,false,2054,1857,38,1,54.05263157894737,48.86842105263158,,,,,,,1855,48.81578947368421,1607,42.28947368421053,37,0,,,1.4054054054054055,33,33,13,7,11,0,,,,,,0,0,0,,,,0,0,0,,,,0,0,0,,,,0,,,,42,22,42,22,0,0,0,0,0,0,,,,,,,,,,,1880.4174544158348,49.48466985304828,2103.2326976833106,55.34822888640291,,55,daf912cff2eb,-,none
TestDiagWildcardLookaheadTrigger#1,1787766840-1864557,no wildcard trigger (control),0,true,2023-24,2022-23,1,38,5,false,2375,1806,40,3,62.5,47.526315789473685,,,,,,,1780,46.8421052631579,1569,41.28947368421053,37,0,,,1.6486486486486487,33,36,16,9,13,0,,,,,,0,0,0,,,,0,0,0,,,,0,0,0,,,,0,,,,23,23,23,21,0,0,0,0,0,0,,,,,,,,,,,1847.281228959663,48.61266391999113,2307.612822714298,60.72665322932363,,55,7df5f95f1759,-,none
TestDiagWildcardLookaheadTrigger#1,1787766840-1864557,no wildcard trigger (control),0,true,2024-25,2023-24,1,38,5,false,2448,1908,34,2,64.42105263157895,50.21052631578947,,,,,,,1890,49.73684210526316,1708,44.94736842105263,37,0,,,2.054054054054054,33,29,13,9,6,0,,,,,,0,0,0,,,,0,0,0,,,,0,0,0,,,,0,,,,10,10,10,10,0,0,0,0,0,0,,,,,,,,,,,1984.839567078322,52.23262018627163,2342.6271800092795,61.648083684454726,,55,d0f719155ebc,-,none
TestDiagWildcardLookaheadTrigger#1,1787766840-1864557,no wildcard trigger (control),0,true,2025-26,2024-25,1,38,5,false,2180,1523,35,1,57.36842105263158,40.078947368421055,,,,,,,1529,40.23684210526316,1375,36.18421052631579,37,0,,,1.3783783783783783,33,30,9,8,-5,0,,,,,,0,0,0,,,,0,0,0,,,,0,0,0,,,,0,,,,10,10,10,10,0,0,0,0,0,0,,,,,,,,,,,1583.8646329653097,41.680648235929205,2107.5021769929317,55.46058360507715,,55,cdb305de770a,-,none
TestDiagWildcardLookaheadTrigger#1,1787766840-1864557,no wildcard trigger (control),0,true,2020-21,2019-20,6,33,5,false,1721,1564,37,5,52.15151515151515,47.39393939393939,,,,,,,1556,47.15151515151515,1364,41.333333333333336,32,0,,,1.21875,32,37,9,12,-6,0,,,,,,0,0,0,,,,0,0,0,,,,0,0,0,,,,0,,,,43,40,43,40,0,0,0,0,0,0,,,,,,,,,,,1607.8659884381584,48.72321177085328,1743.5837423434823,52.835870980105526,,55,e4f19b098970,-,none
TestDiagWildcardLookaheadTrigger#1,1787766840-1864557,no wildcard trigger (control),0,true,2021-22,2020-21,6,33,5,false,1973,1697,38,6,59.78787878787879,51.42424242424242,,,,,,,1703,51.60606060606061,1488,45.09090909090909,32,0,,,1.3125,32,38,16,9,14,0,,,,,,0,0,0,,,,0,0,0,,,,0,0,0,,,,0,,,,61,61,61,61,0,0,0,0,0,0,,,,,,,,,,,1717.4237818225079,52.04314490371236,2009.925201175407,60.906824278042635,,55,ed57ca1f3812,-,none
TestDiagWildcardLookaheadTrigger#1,1787766840-1864557,no wildcard trigger (control),0,true,2022-23,2021-22,6,33,5,false,1857,1561,31,1,56.27272727272727,47.303030303030305,,,,,,,1500,45.45454545454545,1372,41.57575757575758,32,0,,,2.78125,32,31,14,10,3,0,,,,,,0,0,0,,,,0,0,0,,,,0,0,0,,,,0,,,,42,22,42,16,0,0,0,0,0,0,,,,,,,,,,,1550.0004339075806,46.969710118411534,1882.200283812387,57.036372236739,,55,9193eb4c0665,-,none
TestDiagWildcardLookaheadTrigger#1,1787766840-1864557,no wildcard trigger (control),0,true,2023-24,2022-23,6,33,5,false,2028,1724,32,0,61.45454545454545,52.24242424242424,,,,,,,1702,51.57575757575758,1484,44.96969696969697,32,0,,,1.75,32,32,15,10,15,0,,,,,,0,0,0,,,,0,0,0,,,,0,0,0,,,,0,,,,23,21,21,21,0,0,0,0,0,0,,,,,,,,,,,1721.7944263935356,52.175588678591986,2068.906453401842,62.69413495157097,,55,a4cd558c8a6c,-,none
TestDiagWildcardLookaheadTrigger#1,1787766840-1864557,no wildcard trigger (control),0,true,2024-25,2023-24,6,33,5,false,1949,1744,32,1,59.06060606060606,52.84848484848485,,,,,,,1641,49.72727272727273,1485,45,32,0,,,1.625,32,32,14,6,17,0,,,,,,0,0,0,,,,0,0,0,,,,0,0,0,,,,0,,,,10,10,10,10,0,0,0,0,0,0,,,,,,,,,,,1754.9002266108062,53.17879474578201,2013.2192781406022,61.00664479213946,,55,7d06f846b27d,-,none
TestDiagWildcardLookaheadTrigger#1,1787766840-1864557,no wildcard trigger (control),0,true,2025-26,2024-25,6,33,5,false,1934,1743,30,1,58.60606060606061,52.81818181818182,,,,,,,1663,50.39393939393939,1547,46.878787878787875,32,0,,,1.75,32,30,8,8,-1,0,,,,,,0,0,0,,,,0,0,0,,,,0,0,0,,,,0,,,,10,10,10,10,0,0,0,0,0,0,,,,,,,,,,,1697.4225268293555,51.43704626755623,1868.5569400708864,56.622937577905645,,55,135d9da53c17,-,none
TestDiagWildcardLookaheadTrigger#1,1787766840-1864557,no wildcard trigger (control),0,true,2020-21,2019-20,11,28,5,false,1507,1208,29,3,53.82142857142857,43.142857142857146,,,,,,,1203,42.964285714285715,1039,37.107142857142854,27,0,,,1.4074074074074074,27,29,8,10,-5,0,,,,,,0,0,0,,,,0,0,0,,,,0,0,0,,,,0,,,,43,38,43,38,0,0,0,0,0,0,,,,,,,,,,,1319.6548051841444,47.13052875657659,1565.4144829013403,55.9076601036193,,55,5babbe645ffb,-,none
TestDiagWildcardLookaheadTrigger#1,1787766840-1864557,no wildcard trigger (control),0,true,2021-22,2020-21,11,28,5,false,1645,1630,30,2,58.75,58.214285714285715,,,,,,,1658,59.214285714285715,1470,52.5,27,0,,,1.3333333333333333,27,30,14,7,17,0,,,,,,0,0,0,,,,0,0,0,,,,0,0,0,,,,0,,,,61,61,61,59,0,0,0,0,0,0,,,,,,,,,,,1616.204129636625,57.7215760584509,1692.4168502789776,60.44345893853491,,55,0e0b223ab713,-,none
TestDiagWildcardLookaheadTrigger#1,1787766840-1864557,no wildcard trigger (control),0,true,2022-23,2021-22,11,28,5,false,1669,1555,29,2,59.607142857142854,55.535714285714285,,,,,,,1494,53.357142857142854,1371,48.964285714285715,27,0,,,2.111111111111111,27,29,11,5,14,0,,,,,,0,0,0,,,,0,0,0,,,,0,0,0,,,,0,,,,42,16,42,14,0,0,0,0,0,0,,,,,,,,,,,1523.4456911914474,54.40877468540884,1664.4980602745743,59.44635929552051,,55,57dcb8c18a3d,-,none
TestDiagWildcardLookaheadTrigger#1,1787766840-1864557,no wildcard trigger (control),0,true,2023-24,2022-23,11,28,5,false,1671,1428,27,0,59.67857142857143,51,,,,,,,1405,50.17857142857143,1247,44.535714285714285,27,0,,,1.5925925925925926,27,27,12,3,14,0,,,,,,0,0,0,,,,0,0,0,,,,0,0,0,,,,0,,,,21,21,21,21,0,0,0,0,0,0,,,,,,,,,,,1416.7846694489685,50.5994524803203,1690.5178904222812,60.3756389436529,,55,2a84996b516a,-,none
TestDiagWildcardLookaheadTrigger#1,1787766840-1864557,no wildcard trigger (control),0,true,2024-25,2023-24,11,28,5,false,1825,1681,28,2,65.17857142857143,60.035714285714285,,,,,,,1681,60.035714285714285,1412,50.42857142857143,27,0,,,1.4074074074074074,27,28,12,11,4,0,,,,,,0,0,0,,,,0,0,0,,,,0,0,0,,,,0,,,,10,10,10,8,0,0,0,0,0,0,,,,,,,,,,,1648.6369668324785,58.87989167258852,1747.476383906812,62.409870853814716,,55,a6e9f92d83f6,-,none
TestDiagWildcardLookaheadTrigger#1,1787766840-1864557,no wildcard trigger (control),0,true,2025-26,2024-25,11,28,5,false,1565,1444,27,2,55.892857142857146,51.57142857142857,,,,,,,1416,50.57142857142857,1259,44.964285714285715,27,0,,,1.4074074074074074,27,27,9,7,-1,0,,,,,,0,0,0,,,,0,0,0,,,,0,0,0,,,,0,,,,10,10,10,10,0,0,0,0,0,0,,,,,,,,,,,1420.3707344105421,50.72752622894793,1532.6985163104728,54.73923272537403,,55,71a4b81a55e0,-,none
TestDiagWildcardLookaheadTrigger#1,1787766840-1864557,no wildcard trigger (control),0,true,2020-21,2019-20,16,23,5,false,1293,1135,22,1,56.21739130434783,49.34782608695652,,,,,,,1101,47.869565217391305,988,42.95652173913044,22,0,,,1.3181818181818181,22,22,6,9,-7,0,,,,,,0,0,0,,,,0,0,0,,,,0,0,0,,,,0,,,,43,34,32,23,0,0,0,0,0,0,,,,,,,,,,,1145.8522005436278,49.81966089320121,1314.4713011660847,57.15092613765586,,55,d978f64ccb97,-,none
TestDiagWildcardLookaheadTrigger#1,1787766840-1864557,no wildcard trigger (control),0,true,2021-22,2020-21,16,23,5,false,1335,1219,24,2,58.04347826086956,53,,,,,,,1237,53.78260869565217,1112,48.34782608695652,22,0,,,1.2272727272727273,22,24,13,6,8,0,,,,,,0,0,0,,,,0,0,0,,,,0,0,0,,,,0,,,,61,57,61,27,0,0,0,0,0,0,,,,,,,,,,,1287.3516603457401,55.97181131938,1412.008476541101,61.39167289309135,,55,a0c25dc6cfa4,-,none
TestDiagWildcardLookaheadTrigger#1,1787766840-1864557,no wildcard trigger (control),0,true,2022-23,2021-22,16,23,5,false,1310,1123,25,3,56.95652173913044,48.82608695652174,,,,,,,1062,46.17391304347826,955,41.52173913043478,22,0,,,1.4545454545454546,22,25,11,7,4,0,,,,,,0,0,0,,,,0,0,0,,,,0,0,0,,,,0,,,,42,14,36,14,0,0,0,0,0,0,,,,,,,,,,,1117.893865843038,48.60408112361034,1369.7578562779324,59.554689403388366,,55,1820c2242a5e,-,none
TestDiagWildcardLookaheadTrigger#1,1787766840-1864557,no wildcard trigger (control),0,true,2023-24,2022-23,16,23,5,false,1431,1085,23,2,62.21739130434783,47.17391304347826,,,,,,,1085,47.17391304347826,934,40.608695652173914,22,0,,,1.5,22,23,10,4,12,0,,,,,,0,0,0,,,,0,0,0,,,,0,0,0,,,,0,,,,21,21,21,17,0,0,0,0,0,0,,,,,,,,,,,1100.0328547404902,47.82751542349957,1418.4170182454768,61.67030514110769,,55,291eebc880a2,-,none
TestDiagWildcardLookaheadTrigger#1,1787766840-1864557,no wildcard trigger (control),0,true,2024-25,2023-24,16,23,5,false,1490,1367,20,1,64.78260869565217,59.43478260869565,,,,,,,1367,59.43478260869565,1174,51.04347826086956,22,0,,,2.590909090909091,22,20,7,4,6,0,,,,,,0,0,0,,,,0,0,0,,,,0,0,0,,,,0,,,,10,8,10,8,0,0,0,0,0,0,,,,,,,,,,,1409.2322184264299,61.27096601854043,1489.5237797628822,64.7619034679514,,55,0a92238fc17e,-,none
TestDiagWildcardLookaheadTrigger#1,1787766840-1864557,no wildcard trigger (control),0,true,2025-26,2024-25,16,23,5,false,1276,1307,23,1,55.47826086956522,56.82608695652174,,,,,,,1308,56.869565217391305,1146,49.82608695652174,22,0,,,1.4090909090909092,22,23,7,8,-7,0,,,,,,0,0,0,,,,0,0,0,,,,0,0,0,,,,0,,,,10,10,10,10,0,0,0,0,0,0,,,,,,,,,,,1247.0166669781659,54.21811595557243,1231.312568879252,53.53532908170661,,55,439f261a429b,-,none
TestDiagWildcardLookaheadTrigger#1,1787766840-1864557,no wildcard trigger (control),0,true,2020-21,2019-20,21,18,5,false,952,865,17,1,52.888888888888886,48.05555555555556,,,,,,,886,49.22222222222222,768,42.666666666666664,17,0,,,1.4705882352941178,17,17,5,7,-5,0,,,,,,0,0,0,,,,0,0,0,,,,0,0,0,,,,0,,,,32,23,26,23,0,0,0,0,0,0,,,,,,,,,,,895.3437728580975,49.74132071433875,1002.6949292477597,55.70527384709776,,55,dc98d0376744,-,none
TestDiagWildcardLookaheadTrigger#1,1787766840-1864557,no wildcard trigger (control),0,true,2021-22,2020-21,21,18,5,false,1035,928,24,6,57.5,51.55555555555556,,,,,,,946,52.55555555555556,839,46.611111111111114,17,0,,,1.1764705882352942,17,24,9,7,3,0,,,,,,0,0,0,,,,0,0,0,,,,0,0,0,,,,0,,,,59,25,51,19,0,0,0,0,0,0,,,,,,,,,,,978.9518706549641,54.38621503638689,1073.8191078844893,59.65661710469385,,55,17afedb0c8fd,-,none
TestDiagWildcardLookaheadTrigger#1,1787766840-1864557,no wildcard trigger (control),0,true,2022-23,2021-22,21,18,5,false,1162,1147,15,0,64.55555555555556,63.72222222222222,,,,,,,1143,63.5,998,55.44444444444444,17,0,,,2.3529411764705883,17,15,6,4,4,0,,,,,,0,0,0,,,,0,0,0,,,,0,0,0,,,,0,,,,36,14,28,10,0,0,0,0,0,0,,,,,,,,,,,1135.4096454671374,63.07831363706319,1142.2210244114244,63.456723578412465,,55,bf48ca67ee37,-,none
TestDiagWildcardLookaheadTrigger#1,1787766840-1864557,no wildcard trigger (control),0,true,2023-24,2022-23,21,18,5,false,1150,964,17,0,63.888888888888886,53.55555555555556,,,,,,,954,53,845,46.94444444444444,17,0,,,1.411764705882353,17,17,9,3,5,0,,,,,,0,0,0,,,,0,0,0,,,,0,0,0,,,,0,,,,21,17,17,17,0,0,0,0,0,0,,,,,,,,,,,996.2801720475503,55.34889844708613,1160.2729542003817,64.45960856668788,,55,a39e1a72098e,-,none
TestDiagWildcardLookaheadTrigger#1,1787766840-1864557,no wildcard trigger (control),0,true,2024-25,2023-24,21,18,5,false,1063,956,17,1,59.05555555555556,53.111111111111114,,,,,,,956,53.111111111111114,821,45.611111111111114,17,0,,,1.588235294117647,17,17,11,3,12,0,,,,,,0,0,0,,,,0,0,0,,,,0,0,0,,,,0,,,,10,8,6,8,0,0,0,0,0,0,,,,,,,,,,,978.7329286819744,54.37405159344302,1082.0968360156246,60.116490889756925,,55,606dfdefbccb,-,none
TestDiagWildcardLookaheadTrigger#1,1787766840-1864557,no wildcard trigger (control),0,true,2025-26,2024-25,21,18,5,false,1073,942,16,1,59.611111111111114,52.333333333333336,,,,,,,927,51.5,841,46.72222222222222,17,0,,,2.411764705882353,17,16,6,7,-5,0,,,,,,0,0,0,,,,0,0,0,,,,0,0,0,,,,0,,,,10,10,10,10,0,0,0,0,0,0,,,,,,,,,,,912.9456155568754,50.71920086427085,1004.9855610763206,55.8325311709067,,55,73261d35b823,-,none
TestDiagWildcardLookaheadTrigger#1,1787766840-1864557,no wildcard trigger (control),0,true,2020-21,2019-20,26,13,5,false,695,626,12,0,53.46153846153846,48.15384615384615,,,,,,,634,48.76923076923077,567,43.61538461538461,12,0,,,1.25,12,12,7,3,1,0,,,,,,0,0,0,,,,0,0,0,,,,0,0,0,,,,0,,,,12,23,10,11,0,0,0,0,0,0,,,,,,,,,,,659.8771559423692,50.759781226336095,741.2028518948778,57.01560399191367,,55,5fce185dc3f5,-,none
TestDiagWildcardLookaheadTrigger#1,1787766840-1864557,no wildcard trigger (control),0,true,2021-22,2020-21,26,13,5,false,756,637,16,5,58.15384615384615,49,,,,,,,642,49.38461538461539,573,44.07692307692308,12,0,,,1.1666666666666667,12,16,9,2,7,0,,,,,,0,0,0,,,,0,0,0,,,,0,0,0,,,,0,,,,43,19,28,4,0,0,0,0,0,0,,,,,,,,,,,643.906825351017,49.53129425777054,785.521467902337,60.42472830017977,,55,84591047a9e2,-,none
TestDiagWildcardLookaheadTrigger#1,1787766840-1864557,no wildcard trigger (control),0,true,2022-23,2021-22,26,13,5,false,865,802,10,0,66.53846153846153,61.69230769230769,,,,,,,798,61.38461538461539,686,52.76923076923077,12,0,,,2.8333333333333335,12,10,4,2,3,0,,,,,,0,0,0,,,,0,0,0,,,,0,0,0,,,,0,,,,28,10,12,4,0,0,0,0,0,0,,,,,,,,,,,809.8085824213479,62.29296787856522,871.7146868733893,67.05497591333764,,55,519e8636fe01,-,none
TestDiagWildcardLookaheadTrigger#1,1787766840-1864557,no wildcard trigger (control),0,true,2023-24,2022-23,26,13,5,false,828,617,11,0,63.69230769230769,47.46153846153846,,,,,,,619,47.61538461538461,548,42.15384615384615,12,0,,,1.5,12,11,5,2,6,0,,,,,,0,0,0,,,,0,0,0,,,,0,0,0,,,,0,,,,17,13,15,1,0,0,0,0,0,0,,,,,,,,,,,637.2043322278133,49.01571786367795,786.8575673226669,60.52750517866669,,55,d725094b2efe,-,none
TestDiagWildcardLookaheadTrigger#1,1787766840-1864557,no wildcard trigger (control),0,true,2024-25,2023-24,26,13,5,false,669,692,13,1,51.46153846153846,53.23076923076923,,,,,,,692,53.23076923076923,619,47.61538461538461,12,0,,,1.4166666666666667,12,13,9,3,7,0,,,,,,0,0,0,,,,0,0,0,,,,0,0,0,,,,0,,,,6,8,6,4,0,0,0,0,0,0,,,,,,,,,,,728.9946771610494,56.076513627773025,726.4666422242051,55.88204940186193,,55,685eecb0cbdb,-,none
TestDiagWildcardLookaheadTrigger#1,1787766840-1864557,no wildcard trigger (control),0,true,2025-26,2024-25,26,13,5,false,782,756,9,0,60.15384615384615,58.15384615384615,,,,,,,757,58.23076923076923,655,50.38461538461539,12,0,,,1.8333333333333333,12,9,2,5,-7,0,,,,,,0,0,0,,,,0,0,0,,,,0,0,0,,,,0,,,,8,10,8,10,0,0,0,0,0,0,,,,,,,,,,,710.1237686554032,54.62490528118486,725.7808375036395,55.82929519258766,,55,32f63ab9f3ba,-,none
TestDiagWildcardLookaheadTrigger#1,1787766840-1864557,"cost, raw count, bar 12 (the shipped rule)",1,false,2020-21,2019-20,1,38,5,false,1777,1628,58,10,46.76315789473684,42.8421052631579,,,,,,,1628,42.8421052631579,1388,36.526315789473685,36,0,,,1.3055555555555556,33,42,12,14,-6,0,,,,,,18,1,1,2,40,15.820150216435263,0,0,0,,,,0,0,0,,,,0,,,,43,40,43,40,0,0,0,0,0,0,,,,,,,,,,,1613.0156880372417,42.44778126413794,1803.2722572787247,47.45453308628223,,55,98b82c09e797,-,none
TestDiagWildcardLookaheadTrigger#1,1787766840-1864557,"cost, raw count, bar 12 (the shipped rule)",1,false,2021-22,2020-21,1,38,5,false,2183,1942,52,7,57.44736842105263,51.10526315789474,,,,,,,1987,52.28947368421053,1692,44.526315789473685,36,0,,,2.0833333333333335,33,42,16,15,-5,0,,,,,,18,1,1,2,24,15.820150216435263,0,0,0,,,,0,0,0,,,,0,,,,61,61,61,61,0,0,0,0,0,0,,,,,,,,,,,1925.730264990003,50.67711223657903,2199.6227713848784,57.88480977328627,,55,2ee4dc9e44a7,-,none
TestDiagWildcardLookaheadTrigger#1,1787766840-1864557,"cost, raw count, bar 12 (the shipped rule)",1,false,2022-23,2021-22,1,38,5,false,2081,1857,46,2,54.76315789473684,48.86842105263158,,,,,,,1855,48.81578947368421,1607,42.28947368421053,36,0,,,2.0833333333333335,33,35,14,8,14,0,,,,,,18,1,1,2,28,14.765473535339577,0,0,0,,,,0,0,0,,,,0,,,,42,22,42,22,0,0,0,0,0,0,,,,,,,,,,,1880.4174544158348,49.48466985304828,2111.311993920993,55.56084194528928,,55,daf912cff2eb,-,none
TestDiagWildcardLookaheadTrigger#1,1787766840-1864557,"cost, raw count, bar 12 (the shipped rule)",1,false,2023-24,2022-23,1,38,5,false,2243,1806,48,1,59.026315789473685,47.526315789473685,,,,,,,1780,46.8421052631579,1569,41.28947368421053,36,0,,,2.361111111111111,33,36,14,14,1,0,,,,,,18,1,1,2,32,15.820150216435263,0,0,0,,,,0,0,0,,,,0,,,,23,23,23,21,0,0,0,0,0,0,,,,,,,,,,,1847.281228959663,48.61266391999113,2310.34074651175,60.79844069767763,,55,7df5f95f1759,-,none
TestDiagWildcardLookaheadTrigger#1,1787766840-1864557,"cost, raw count, bar 12 (the shipped rule)",1,false,2024-25,2023-24,1,38,5,false,2361,1908,45,2,62.13157894736842,50.21052631578947,,,,,,,1890,49.73684210526316,1708,44.94736842105263,36,0,,,1.4722222222222223,33,33,20,4,26,0,,,,,,18,1,1,2,20,15.820150216435263,0,0,0,,,,0,0,0,,,,0,,,,10,10,10,10,0,0,0,0,0,0,,,,,,,,,,,1984.839567078322,52.23262018627163,2293.234861881087,60.348285838975976,,55,d0f719155ebc,-,none
TestDiagWildcardLookaheadTrigger#1,1787766840-1864557,"cost, raw count, bar 12 (the shipped rule)",1,false,2025-26,2024-25,1,38,5,false,2183,1523,45,1,57.44736842105263,40.078947368421055,,,,,,,1529,40.23684210526316,1375,36.18421052631579,36,0,,,1.4444444444444444,33,30,10,11,-5,0,,,,,,18,1,1,2,32,17.40555826154162,0,0,0,,,,0,0,0,,,,0,,,,10,10,10,10,0,0,0,0,0,0,,,,,,,,,,,1583.8646329653097,41.680648235929205,2128.3505910611602,56.00922608055685,,55,cdb305de770a,-,none
TestDiagWildcardLookaheadTrigger#1,1787766840-1864557,"cost, raw count, bar 12 (the shipped rule)",1,false,2020-21,2019-20,6,33,5,false,1801,1564,42,4,54.57575757575758,47.39393939393939,,,,,,,1556,47.15151515151515,1364,41.333333333333336,31,0,,,1.4193548387096775,31,35,12,16,-6,0,,,,,,13,2,2,8,20,15.0615231300331,0,0,0,,,,0,0,0,,,,0,,,,43,40,43,40,0,0,0,0,0,0,,,,,,,,,,,1607.8659884381584,48.72321177085328,1836.173980384453,55.64163576922585,,55,e4f19b098970,-,none
TestDiagWildcardLookaheadTrigger#1,1787766840-1864557,"cost, raw count, bar 12 (the shipped rule)",1,false,2021-22,2020-21,6,33,5,false,1958,1697,46,7,59.333333333333336,51.42424242424242,,,,,,,1703,51.60606060606061,1488,45.09090909090909,31,0,,,1.7419354838709677,31,38,14,11,9,0,,,,,,13,1,1,7,24,15.369433686052488,0,0,0,,,,0,0,0,,,,0,,,,61,61,61,61,0,0,0,0,0,0,,,,,,,,,,,1717.4237818225079,52.04314490371236,1977.8923781199549,59.93613267030166,,55,ed57ca1f3812,-,none
TestDiagWildcardLookaheadTrigger#1,1787766840-1864557,"cost, raw count, bar 12 (the shipped rule)",1,false,2022-23,2021-22,6,33,5,false,1834,1561,37,0,55.57575757575758,47.303030303030305,,,,,,,1500,45.45454545454545,1372,41.57575757575758,31,0,,,2.129032258064516,31,32,17,7,11,0,,,,,,13,4,4,10,16,14.036314348409228,0,0,0,,,,0,0,0,,,,0,,,,42,22,42,16,0,0,0,0,0,0,,,,,,,,,,,1550.0004339075806,46.969710118411534,1888.5540706682418,57.22891123237096,,55,9193eb4c0665,-,none
TestDiagWildcardLookaheadTrigger#1,1787766840-1864557,"cost, raw count, bar 12 (the shipped rule)",1,false,2023-24,2022-23,6,33,5,false,2045,1724,39,1,61.96969696969697,52.24242424242424,,,,,,,1702,51.57575757575758,1484,44.96969696969697,31,0,,,2.5161290322580645,31,33,13,7,11,0,,,,,,13,1,1,7,16,15.369433686052488,0,0,0,,,,0,0,0,,,,0,,,,23,21,21,21,0,0,0,0,0,0,,,,,,,,,,,1721.7944263935356,52.175588678591986,2067.9778246006204,62.665994684867286,,55,a4cd558c8a6c,-,none
TestDiagWildcardLookaheadTrigger#1,1787766840-1864557,"cost, raw count, bar 12 (the shipped rule)",1,false,2024-25,2023-24,6,33,5,false,2002,1744,35,0,60.666666666666664,52.84848484848485,,,,,,,1641,49.72727272727273,1485,45,31,0,,,2.3548387096774195,31,28,15,5,17,0,,,,,,13,2,2,8,16,15.265057226384899,0,0,0,,,,0,0,0,,,,0,,,,10,10,10,10,0,0,0,0,0,0,,,,,,,,,,,1754.9002266108062,53.17879474578201,2018.9362377608259,61.1798859927523,,55,7d06f846b27d,-,none
TestDiagWildcardLookaheadTrigger#1,1787766840-1864557,"cost, raw count, bar 12 (the shipped rule)",1,false,2025-26,2024-25,6,33,5,false,1894,1743,35,0,57.39393939393939,52.81818181818182,,,,,,,1663,50.39393939393939,1547,46.878787878787875,31,0,,,2.2580645161290325,31,28,5,7,-7,0,,,,,,13,1,1,7,20,15.357845524889665,0,0,0,,,,0,0,0,,,,0,,,,10,10,10,10,0,0,0,0,0,0,,,,,,,,,,,1697.4225268293555,51.43704626755623,1860.2104908771269,56.37001487506445,,55,135d9da53c17,-,none
TestDiagWildcardLookaheadTrigger#1,1787766840-1864557,"cost, raw count, bar 12 (the shipped rule)",1,false,2020-21,2019-20,11,28,5,false,1618,1208,33,2,57.785714285714285,43.142857142857146,,,,,,,1203,42.964285714285715,1039,37.107142857142854,26,0,,,2.3461538461538463,26,27,11,6,11,0,,,,,,8,1,1,12,16,13.997558618515658,0,0,0,,,,0,0,0,,,,0,,,,43,38,43,38,0,0,0,0,0,0,,,,,,,,,,,1319.6548051841444,47.13052875657659,1667.024472128989,59.536588290321035,,55,5babbe645ffb,-,none
TestDiagWildcardLookaheadTrigger#1,1787766840-1864557,"cost, raw count, bar 12 (the shipped rule)",1,false,2021-22,2020-21,11,28,5,false,1640,1630,37,3,58.57142857142857,58.214285714285715,,,,,,,1658,59.214285714285715,1470,52.5,26,0,,,1.1153846153846154,26,30,7,6,2,0,,,,,,8,2,2,13,24,12.109250782950447,0,0,0,,,,0,0,0,,,,0,,,,61,61,61,59,0,0,0,0,0,0,,,,,,,,,,,1616.204129636625,57.7215760584509,1714.3478895564572,61.226710341302045,,55,0e0b223ab713,-,none
TestDiagWildcardLookaheadTrigger#1,1787766840-1864557,"cost, raw count, bar 12 (the shipped rule)",1,false,2022-23,2021-22,11,28,5,false,1545,1555,37,4,55.17857142857143,55.535714285714285,,,,,,,1494,53.357142857142854,1371,48.964285714285715,26,0,,,1.9230769230769231,26,30,11,6,7,0,,,,,,8,3,3,14,16,14.501804365065656,0,0,0,,,,0,0,0,,,,0,,,,42,16,42,14,0,0,0,0,0,0,,,,,,,,,,,1523.4456911914474,54.40877468540884,1560.5772726145988,55.73490259337853,,55,57dcb8c18a3d,-,none
TestDiagWildcardLookaheadTrigger#1,1787766840-1864557,"cost, raw count, bar 12 (the shipped rule)",1,false,2023-24,2022-23,11,28,5,false,1683,1428,33,0,60.107142857142854,51,,,,,,,1405,50.17857142857143,1247,44.535714285714285,26,0,,,2.1923076923076925,26,26,11,6,4,0,,,,,,8,1,1,12,20,14.78615347026302,0,0,0,,,,0,0,0,,,,0,,,,21,21,21,21,0,0,0,0,0,0,,,,,,,,,,,1416.7846694489685,50.5994524803203,1719.1495989999137,61.39819996428263,,55,2a84996b516a,-,none
TestDiagWildcardLookaheadTrigger#1,1787766840-1864557,"cost, raw count, bar 12 (the shipped rule)",1,false,2024-25,2023-24,11,28,5,false,1824,1681,30,0,65.14285714285714,60.035714285714285,,,,,,,1681,60.035714285714285,1412,50.42857142857143,26,0,,,3.5384615384615383,26,23,14,5,14,0,,,,,,8,2,2,13,16,14.062355747942451,0,0,0,,,,0,0,0,,,,0,,,,10,10,10,8,0,0,0,0,0,0,,,,,,,,,,,1648.6369668324785,58.87989167258852,1811.8541711861565,64.70907754236273,,55,a6e9f92d83f6,-,none
TestDiagWildcardLookaheadTrigger#1,1787766840-1864557,"cost, raw count, bar 12 (the shipped rule)",1,false,2025-26,2024-25,11,28,5,false,1596,1444,35,2,57,51.57142857142857,,,,,,,1416,50.57142857142857,1259,44.964285714285715,26,0,,,2.0384615384615383,26,28,7,8,-7,0,,,,,,8,2,2,13,16,10.969889660635475,0,0,0,,,,0,0,0,,,,0,,,,10,10,10,10,0,0,0,0,0,0,,,,,,,,,,,1420.3707344105421,50.72752622894793,1520.866541521563,54.31666219719868,,55,71a4b81a55e0,-,none
TestDiagWildcardLookaheadTrigger#1,1787766840-1864557,"cost, raw count, bar 12 (the shipped rule)",1,false,2020-21,2019-20,16,23,5,false,1293,1135,22,1,56.21739130434783,49.34782608695652,,,,,,,1101,47.869565217391305,988,42.95652173913044,22,0,,,1.3181818181818181,22,22,6,9,-7,0,,,,,,3,3,3,,,,0,0,0,,,,0,0,0,,,,0,,,,43,34,32,23,0,0,0,0,0,0,,,,,,,,,,,1145.8522005436278,49.81966089320121,1314.4713011660847,57.15092613765586,,55,d978f64ccb97,-,none
TestDiagWildcardLookaheadTrigger#1,1787766840-1864557,"cost, raw count, bar 12 (the shipped rule)",1,false,2021-22,2020-21,16,23,5,false,1403,1219,35,5,61,53,,,,,,,1237,53.78260869565217,1112,48.34782608695652,21,0,,,1.1428571428571428,21,27,14,8,6,0,,,,,,3,2,2,18,28,14.547841839240466,0,0,0,,,,0,0,0,,,,0,,,,61,57,61,27,0,0,0,0,0,0,,,,,,,,,,,1287.3516603457401,55.97181131938,1451.367324464227,63.10292715061857,,55,a0c25dc6cfa4,-,none
TestDiagWildcardLookaheadTrigger#1,1787766840-1864557,"cost, raw count, bar 12 (the shipped rule)",1,false,2022-23,2021-22,16,23,5,false,1442,1123,28,0,62.69565217391305,48.82608695652174,,,,,,,1062,46.17391304347826,955,41.52173913043478,21,0,,,2.4285714285714284,21,22,10,6,1,0,,,,,,3,1,1,17,16,15.12188151722708,0,0,0,,,,0,0,0,,,,0,,,,42,14,36,14,0,0,0,0,0,0,,,,,,,,,,,1117.893865843038,48.60408112361034,1475.5544193865019,64.15453997332617,,55,1820c2242a5e,-,none
TestDiagWildcardLookaheadTrigger#1,1787766840-1864557,"cost, raw count, bar 12 (the shipped rule)",1,false,2023-24,2022-23,16,23,5,false,1413,1085,29,2,61.43478260869565,47.17391304347826,,,,,,,1085,47.17391304347826,934,40.608695652173914,21,0,,,2.238095238095238,21,23,11,7,6,0,,,,,,3,1,1,17,16,13.254982564483,0,0,0,,,,0,0,0,,,,0,,,,21,21,21,17,0,0,0,0,0,0,,,,,,,,,,,1100.0328547404902,47.82751542349957,1400.801717076381,60.90442248158178,,55,291eebc880a2,-,none
TestDiagWildcardLookaheadTrigger#1,1787766840-1864557,"cost, raw count, bar 12 (the shipped rule)",1,false,2024-25,2023-24,16,23,5,false,1490,1367,20,1,64.78260869565217,59.43478260869565,,,,,,,1367,59.43478260869565,1174,51.04347826086956,22,0,,,2.590909090909091,22,20,7,4,6,0,,,,,,3,3,3,,,,0,0,0,,,,0,0,0,,,,0,,,,10,8,10,8,0,0,0,0,0,0,,,,,,,,,,,1409.2322184264299,61.27096601854043,1489.5237797628822,64.7619034679514,,55,0a92238fc17e,-,none
TestDiagWildcardLookaheadTrigger#1,1787766840-1864557,"cost, raw count, bar 12 (the shipped rule)",1,false,2025-26,2024-25,16,23,5,false,1262,1307,28,4,54.869565217391305,56.82608695652174,,,,,,,1308,56.869565217391305,1146,49.82608695652174,21,0,,,1.3333333333333333,21,24,4,10,-8,0,,,,,,3,1,1,17,8,5.119281841629888,0,0,0,,,,0,0,0,,,,0,,,,10,10,10,10,0,0,0,0,0,0,,,,,,,,,,,1247.0166669781659,54.21811595557243,1212.9652755830875,52.73762067752555,,55,439f261a429b,-,none
TestDiagWildcardLookaheadTrigger#1,1787766840-1864557,"cost, raw count, bar 12 (the shipped rule)",1,false,2020-21,2019-20,21,18,5,false,952,865,17,1,52.888888888888886,48.05555555555556,,,,,,,886,49.22222222222222,768,42.666666666666664,17,0,,,1.4705882352941178,17,17,5,7,-5,0,,,,,,0,0,0,,,,0,0,0,,,,0,0,0,,,,0,,,,32,23,26,23,0,0,0,0,0,0,,,,,,,,,,,895.3437728580975,49.74132071433875,1002.6949292477597,55.70527384709776,,55,dc98d0376744,-,none
TestDiagWildcardLookaheadTrigger#1,1787766840-1864557,"cost, raw count, bar 12 (the shipped rule)",1,false,2021-22,2020-21,21,18,5,false,1035,928,24,6,57.5,51.55555555555556,,,,,,,946,52.55555555555556,839,46.611111111111114,17,0,,,1.1764705882352942,17,24,9,7,3,0,,,,,,0,0,0,,,,0,0,0,,,,0,0,0,,,,0,,,,59,25,51,19,0,0,0,0,0,0,,,,,,,,,,,978.9518706549641,54.38621503638689,1073.8191078844893,59.65661710469385,,55,17afedb0c8fd,-,none
TestDiagWildcardLookaheadTrigger#1,1787766840-1864557,"cost, raw count, bar 12 (the shipped rule)",1,false,2022-23,2021-22,21,18,5,false,1162,1147,15,0,64.55555555555556,63.72222222222222,,,,,,,1143,63.5,998,55.44444444444444,17,0,,,2.3529411764705883,17,15,6,4,4,0,,,,,,0,0,0,,,,0,0,0,,,,0,0,0,,,,0,,,,36,14,28,10,0,0,0,0,0,0,,,,,,,,,,,1135.4096454671374,63.07831363706319,1142.2210244114244,63.456723578412465,,55,bf48ca67ee37,-,none
TestDiagWildcardLookaheadTrigger#1,1787766840-1864557,"cost, raw count, bar 12 (the shipped rule)",1,false,2023-24,2022-23,21,18,5,false,1150,964,17,0,63.888888888888886,53.55555555555556,,,,,,,954,53,845,46.94444444444444,17,0,,,1.411764705882353,17,17,9,3,5,0,,,,,,0,0,0,,,,0,0,0,,,,0,0,0,,,,0,,,,21,17,17,17,0,0,0,0,0,0,,,,,,,,,,,996.2801720475503,55.34889844708613,1160.2729542003817,64.45960856668788,,55,a39e1a72098e,-,none
TestDiagWildcardLookaheadTrigger#1,1787766840-1864557,"cost, raw count, bar 12 (the shipped rule)",1,false,2024-25,2023-24,21,18,5,false,1063,956,17,1,59.05555555555556,53.111111111111114,,,,,,,956,53.111111111111114,821,45.611111111111114,17,0,,,1.588235294117647,17,17,11,3,12,0,,,,,,0,0,0,,,,0,0,0,,,,0,0,0,,,,0,,,,10,8,6,8,0,0,0,0,0,0,,,,,,,,,,,978.7329286819744,54.37405159344302,1082.0968360156246,60.116490889756925,,55,606dfdefbccb,-,none
TestDiagWildcardLookaheadTrigger#1,1787766840-1864557,"cost, raw count, bar 12 (the shipped rule)",1,false,2025-26,2024-25,21,18,5,false,1073,942,16,1,59.611111111111114,52.333333333333336,,,,,,,927,51.5,841,46.72222222222222,17,0,,,2.411764705882353,17,16,6,7,-5,0,,,,,,0,0,0,,,,0,0,0,,,,0,0,0,,,,0,,,,10,10,10,10,0,0,0,0,0,0,,,,,,,,,,,912.9456155568754,50.71920086427085,1004.9855610763206,55.8325311709067,,55,73261d35b823,-,none
TestDiagWildcardLookaheadTrigger#1,1787766840-1864557,"cost, raw count, bar 12 (the shipped rule)",1,false,2020-21,2019-20,26,13,5,false,695,626,12,0,53.46153846153846,48.15384615384615,,,,,,,634,48.76923076923077,567,43.61538461538461,12,0,,,1.25,12,12,7,3,1,0,,,,,,0,0,0,,,,0,0,0,,,,0,0,0,,,,0,,,,12,23,10,11,0,0,0,0,0,0,,,,,,,,,,,659.8771559423692,50.759781226336095,741.2028518948778,57.01560399191367,,55,5fce185dc3f5,-,none
TestDiagWildcardLookaheadTrigger#1,1787766840-1864557,"cost, raw count, bar 12 (the shipped rule)",1,false,2021-22,2020-21,26,13,5,false,756,637,16,5,58.15384615384615,49,,,,,,,642,49.38461538461539,573,44.07692307692308,12,0,,,1.1666666666666667,12,16,9,2,7,0,,,,,,0,0,0,,,,0,0,0,,,,0,0,0,,,,0,,,,43,19,28,4,0,0,0,0,0,0,,,,,,,,,,,643.906825351017,49.53129425777054,785.521467902337,60.42472830017977,,55,84591047a9e2,-,none
TestDiagWildcardLookaheadTrigger#1,1787766840-1864557,"cost, raw count, bar 12 (the shipped rule)",1,false,2022-23,2021-22,26,13,5,false,865,802,10,0,66.53846153846153,61.69230769230769,,,,,,,798,61.38461538461539,686,52.76923076923077,12,0,,,2.8333333333333335,12,10,4,2,3,0,,,,,,0,0,0,,,,0,0,0,,,,0,0,0,,,,0,,,,28,10,12,4,0,0,0,0,0,0,,,,,,,,,,,809.8085824213479,62.29296787856522,871.7146868733893,67.05497591333764,,55,519e8636fe01,-,none
TestDiagWildcardLookaheadTrigger#1,1787766840-1864557,"cost, raw count, bar 12 (the shipped rule)",1,false,2023-24,2022-23,26,13,5,false,828,617,11,0,63.69230769230769,47.46153846153846,,,,,,,619,47.61538461538461,548,42.15384615384615,12,0,,,1.5,12,11,5,2,6,0,,,,,,0,0,0,,,,0,0,0,,,,0,0,0,,,,0,,,,17,13,15,1,0,0,0,0,0,0,,,,,,,,,,,637.2043322278133,49.01571786367795,786.8575673226669,60.52750517866669,,55,d725094b2efe,-,none
TestDiagWildcardLookaheadTrigger#1,1787766840-1864557,"cost, raw count, bar 12 (the shipped rule)",1,false,2024-25,2023-24,26,13,5,false,669,692,13,1,51.46153846153846,53.23076923076923,,,,,,,692,53.23076923076923,619,47.61538461538461,12,0,,,1.4166666666666667,12,13,9,3,7,0,,,,,,0,0,0,,,,0,0,0,,,,0,0,0,,,,0,,,,6,8,6,4,0,0,0,0,0,0,,,,,,,,,,,728.9946771610494,56.076513627773025,726.4666422242051,55.88204940186193,,55,685eecb0cbdb,-,none
TestDiagWildcardLookaheadTrigger#1,1787766840-1864557,"cost, raw count, bar 12 (the shipped rule)",1,false,2025-26,2024-25,26,13,5,false,782,756,9,0,60.15384615384615,58.15384615384615,,,,,,,757,58.23076923076923,655,50.38461538461539,12,0,,,1.8333333333333333,12,9,2,5,-7,0,,,,,,0,0,0,,,,0,0,0,,,,0,0,0,,,,0,,,,8,10,8,10,0,0,0,0,0,0,,,,,,,,,,,710.1237686554032,54.62490528118486,725.7808375036395,55.82929519258766,,55,32f63ab9f3ba,-,none
TestDiagWildcardLookaheadTrigger#1,1787766840-1864557,"single-week drift > 3.0 (horizon-5, NOT fixture-aware)",2,false,2020-21,2019-20,1,38,5,false,2017,1628,55,6,53.078947368421055,42.8421052631579,,,,,,,1628,42.8421052631579,1388,36.526315789473685,36,0,,,1.1388888888888888,33,39,10,14,-7,0,,,,,,18,4,4,5,4.963205514155327,3.8907280003834686,0,0,0,,,,0,0,0,,,,0,,,,43,40,43,40,0,0,0,0,0,0,,,,,,,,,,,1613.0156880372417,42.44778126413794,2019.5163873285762,53.14516808759411,,55,98b82c09e797,-,none
TestDiagWildcardLookaheadTrigger#1,1787766840-1864557,"single-week drift > 3.0 (horizon-5, NOT fixture-aware)",2,false,2021-22,2020-21,1,38,5,false,2273,1942,53,7,59.81578947368421,51.10526315789474,,,,,,,1987,52.28947368421053,1692,44.526315789473685,36,0,,,1.4722222222222223,32,39,16,11,5,0,,,,,,18,12,12,13,3.0985274602695796,2.9296574474880113,0,0,0,,,,0,0,0,,,,0,,,,61,61,61,61,0,0,0,0,0,0,,,,,,,,,,,1925.730264990003,50.67711223657903,2271.99795179703,59.78941978413237,,55,2ee4dc9e44a7,-,none
TestDiagWildcardLookaheadTrigger#1,1787766840-1864557,"single-week drift > 3.0 (horizon-5, NOT fixture-aware)",2,false,2022-23,2021-22,1,38,5,false,2101,1857,45,1,55.28947368421053,48.86842105263158,,,,,,,1855,48.81578947368421,1607,42.28947368421053,36,0,,,2.25,33,34,12,9,5,0,,,,,,18,2,2,3,5.263488467995806,3.672291544641949,0,0,0,,,,0,0,0,,,,0,,,,42,22,42,22,0,0,0,0,0,0,,,,,,,,,,,1880.4174544158348,49.48466985304828,2137.0399631531036,56.23789376718694,,55,daf912cff2eb,-,none
TestDiagWildcardLookaheadTrigger#1,1787766840-1864557,"single-week drift > 3.0 (horizon-5, NOT fixture-aware)",2,false,2023-24,2022-23,1,38,5,false,2243,1806,48,1,59.026315789473685,47.526315789473685,,,,,,,1780,46.8421052631579,1569,41.28947368421053,36,0,,,2.361111111111111,33,36,14,14,1,0,,,,,,18,1,1,2,4.567566704335533,3.9550375541088156,0,0,0,,,,0,0,0,,,,0,,,,23,23,23,21,0,0,0,0,0,0,,,,,,,,,,,1847.281228959663,48.61266391999113,2310.34074651175,60.79844069767763,,55,7df5f95f1759,-,none
TestDiagWildcardLookaheadTrigger#1,1787766840-1864557,"single-week drift > 3.0 (horizon-5, NOT fixture-aware)",2,false,2024-25,2023-24,1,38,5,false,2414,1908,46,1,63.526315789473685,50.21052631578947,,,,,,,1890,49.73684210526316,1708,44.94736842105263,36,0,,,1.8055555555555556,32,32,16,6,18,0,,,,,,18,14,14,15,4.514214883282669,3.586467746199033,0,0,0,,,,0,0,0,,,,0,,,,10,10,10,10,0,0,0,0,0,0,,,,,,,,,,,1984.839567078322,52.23262018627163,2344.5582555629444,61.69890146218275,,55,d0f719155ebc,-,none
TestDiagWildcardLookaheadTrigger#1,1787766840-1864557,"single-week drift > 3.0 (horizon-5, NOT fixture-aware)",2,false,2025-26,2024-25,1,38,5,false,2179,1523,42,1,57.3421052631579,40.078947368421055,,,,,,,1529,40.23684210526316,1375,36.18421052631579,36,0,,,1.4166666666666667,32,32,15,6,8,0,,,,,,18,16,16,17,1.4145382719837372,1.279820460407472,0,0,0,,,,0,0,0,,,,0,,,,10,10,10,10,0,0,0,0,0,0,,,,,,,,,,,1583.8646329653097,41.680648235929205,2094.5633634860155,55.120088512789884,,55,cdb305de770a,-,none
TestDiagWildcardLookaheadTrigger#1,1787766840-1864557,"single-week drift > 3.0 (horizon-5, NOT fixture-aware)",2,false,2020-21,2019-20,6,33,5,false,1748,1564,46,3,52.96969696969697,47.39393939393939,,,,,,,1556,47.15151515151515,1364,41.333333333333336,31,0,,,1.3870967741935485,31,35,11,15,-6,0,,,,,,13,4,4,10,5.282866648851638,3.709597363508153,0,0,0,,,,0,0,0,,,,0,,,,43,40,43,40,0,0,0,0,0,0,,,,,,,,,,,1607.8659884381584,48.72321177085328,1765.7649811203182,53.508029730918736,,55,e4f19b098970,-,none
TestDiagWildcardLookaheadTrigger#1,1787766840-1864557,"single-week drift > 3.0 (horizon-5, NOT fixture-aware)",2,false,2021-22,2020-21,6,33,5,false,1901,1697,46,3,57.60606060606061,51.42424242424242,,,,,,,1703,51.60606060606061,1488,45.09090909090909,31,0,,,1.4193548387096775,31,35,20,7,23,0,,,,,,13,9,9,15,3.2817419602593887,2.773535057060586,0,0,0,,,,0,0,0,,,,0,,,,61,61,61,61,0,0,0,0,0,0,,,,,,,,,,,1717.4237818225079,52.04314490371236,1999.2474423858873,60.58325582987538,,55,ed57ca1f3812,-,none
TestDiagWildcardLookaheadTrigger#1,1787766840-1864557,"single-week drift > 3.0 (horizon-5, NOT fixture-aware)",2,false,2022-23,2021-22,6,33,5,false,1857,1561,31,1,56.27272727272727,47.303030303030305,,,,,,,1500,45.45454545454545,1372,41.57575757575758,32,0,,,2.78125,32,31,14,10,3,0,,,,,,13,13,13,,,,0,0,0,,,,0,0,0,,,,0,,,,42,22,42,16,0,0,0,0,0,0,,,,,,,,,,,1550.0004339075806,46.969710118411534,1882.200283812387,57.036372236739,,55,9193eb4c0665,-,none
TestDiagWildcardLookaheadTrigger#1,1787766840-1864557,"single-week drift > 3.0 (horizon-5, NOT fixture-aware)",2,false,2023-24,2022-23,6,33,5,false,2028,1724,32,0,61.45454545454545,52.24242424242424,,,,,,,1702,51.57575757575758,1484,44.96969696969697,32,0,,,1.75,32,32,15,10,15,0,,,,,,13,13,13,,,,0,0,0,,,,0,0,0,,,,0,,,,23,21,21,21,0,0,0,0,0,0,,,,,,,,,,,1721.7944263935356,52.175588678591986,2068.906453401842,62.69413495157097,,55,a4cd558c8a6c,-,none
TestDiagWildcardLookaheadTrigger#1,1787766840-1864557,"single-week drift > 3.0 (horizon-5, NOT fixture-aware)",2,false,2024-25,2023-24,6,33,5,false,2008,1744,42,1,60.84848484848485,52.84848484848485,,,,,,,1641,49.72727272727273,1485,45,31,0,,,1.7096774193548387,31,32,11,8,6,0,,,,,,13,7,7,13,3.6326176714431355,3.6132441852352137,0,0,0,,,,0,0,0,,,,0,,,,10,10,10,10,0,0,0,0,0,0,,,,,,,,,,,1754.9002266108062,53.17879474578201,2027.8606520488636,61.450322789359504,,55,7d06f846b27d,-,none
TestDiagWildcardLookaheadTrigger#1,1787766840-1864557,"single-week drift > 3.0 (horizon-5, NOT fixture-aware)",2,false,2025-26,2024-25,6,33,5,false,1957,1743,37,1,59.303030303030305,52.81818181818182,,,,,,,1663,50.39393939393939,1547,46.878787878787875,31,0,,,2.6129032258064515,31,31,7,10,-2,0,,,,,,13,12,12,18,1.078089229208416,0.71101136689304,0,0,0,,,,0,0,0,,,,0,,,,10,10,10,10,0,0,0,0,0,0,,,,,,,,,,,1697.4225268293555,51.43704626755623,1890.2059429879682,57.27896796933237,,55,135d9da53c17,-,none
TestDiagWildcardLookaheadTrigger#1,1787766840-1864557,"single-week drift > 3.0 (horizon-5, NOT fixture-aware)",2,false,2020-21,2019-20,11,28,5,false,1507,1208,29,3,53.82142857142857,43.142857142857146,,,,,,,1203,42.964285714285715,1039,37.107142857142854,27,0,,,1.4074074074074074,27,29,8,10,-5,0,,,,,,8,8,8,,,,0,0,0,,,,0,0,0,,,,0,,,,43,38,43,38,0,0,0,0,0,0,,,,,,,,,,,1319.6548051841444,47.13052875657659,1565.4144829013403,55.9076601036193,,55,5babbe645ffb,-,none
TestDiagWildcardLookaheadTrigger#1,1787766840-1864557,"single-week drift > 3.0 (horizon-5, NOT fixture-aware)",2,false,2021-22,2020-21,11,28,5,false,1696,1630,38,4,60.57142857142857,58.214285714285715,,,,,,,1658,59.214285714285715,1470,52.5,26,0,,,1.2307692307692308,26,31,15,6,14,0,,,,,,8,4,4,15,3.2386766245873275,2.8213546270099057,0,0,0,,,,0,0,0,,,,0,,,,61,61,61,59,0,0,0,0,0,0,,,,,,,,,,,1616.204129636625,57.7215760584509,1736.7347074345791,62.02623955123497,,55,0e0b223ab713,-,none
TestDiagWildcardLookaheadTrigger#1,1787766840-1864557,"single-week drift > 3.0 (horizon-5, NOT fixture-aware)",2,false,2022-23,2021-22,11,28,5,false,1669,1555,29,2,59.607142857142854,55.535714285714285,,,,,,,1494,53.357142857142854,1371,48.964285714285715,27,0,,,2.111111111111111,27,29,11,5,14,0,,,,,,8,8,8,,,,0,0,0,,,,0,0,0,,,,0,,,,42,16,42,14,0,0,0,0,0,0,,,,,,,,,,,1523.4456911914474,54.40877468540884,1664.4980602745743,59.44635929552051,,55,57dcb8c18a3d,-,none
TestDiagWildcardLookaheadTrigger#1,1787766840-1864557,"single-week drift > 3.0 (horizon-5, NOT fixture-aware)",2,false,2023-24,2022-23,11,28,5,false,1728,1428,33,0,61.714285714285715,51,,,,,,,1405,50.17857142857143,1247,44.535714285714285,26,0,,,2.923076923076923,26,23,8,6,2,0,,,,,,8,7,7,18,5.5375138536599735,3.4528105631108703,0,0,0,,,,0,0,0,,,,0,,,,21,21,21,21,0,0,0,0,0,0,,,,,,,,,,,1416.7846694489685,50.5994524803203,1724.0163899594145,61.572013927121944,,55,2a84996b516a,-,none
TestDiagWildcardLookaheadTrigger#1,1787766840-1864557,"single-week drift > 3.0 (horizon-5, NOT fixture-aware)",2,false,2024-25,2023-24,11,28,5,false,1764,1681,38,2,63,60.035714285714285,,,,,,,1681,60.035714285714285,1412,50.42857142857143,26,0,,,1.8461538461538463,26,28,14,9,6,0,,,,,,8,4,4,15,4.638037236325083,3.586467746199033,0,0,0,,,,0,0,0,,,,0,,,,10,10,10,8,0,0,0,0,0,0,,,,,,,,,,,1648.6369668324785,58.87989167258852,1756.1533654485884,62.7197630517353,,55,a6e9f92d83f6,-,none
TestDiagWildcardLookaheadTrigger#1,1787766840-1864557,"single-week drift > 3.0 (horizon-5, NOT fixture-aware)",2,false,2025-26,2024-25,11,28,5,false,1576,1444,35,0,56.285714285714285,51.57142857142857,,,,,,,1416,50.57142857142857,1259,44.964285714285715,26,0,,,2.1923076923076925,26,26,7,9,-5,0,,,,,,8,7,7,18,1.3938900656766222,0.71101136689304,0,0,0,,,,0,0,0,,,,0,,,,10,10,10,10,0,0,0,0,0,0,,,,,,,,,,,1420.3707344105421,50.72752622894793,1552.7408515686345,55.45503041316552,,55,71a4b81a55e0,-,none
TestDiagWildcardLookaheadTrigger#1,1787766840-1864557,"single-week drift > 3.0 (horizon-5, NOT fixture-aware)",2,false,2020-21,2019-20,16,23,5,false,1293,1135,22,1,56.21739130434783,49.34782608695652,,,,,,,1101,47.869565217391305,988,42.95652173913044,22,0,,,1.3181818181818181,22,22,6,9,-7,0,,,,,,3,3,3,,,,0,0,0,,,,0,0,0,,,,0,,,,43,34,32,23,0,0,0,0,0,0,,,,,,,,,,,1145.8522005436278,49.81966089320121,1314.4713011660847,57.15092613765586,,55,d978f64ccb97,-,none
TestDiagWildcardLookaheadTrigger#1,1787766840-1864557,"single-week drift > 3.0 (horizon-5, NOT fixture-aware)",2,false,2021-22,2020-21,16,23,5,false,1335,1219,24,2,58.04347826086956,53,,,,,,,1237,53.78260869565217,1112,48.34782608695652,22,0,,,1.2272727272727273,22,24,13,6,8,0,,,,,,3,3,3,,,,0,0,0,,,,0,0,0,,,,0,,,,61,57,61,27,0,0,0,0,0,0,,,,,,,,,,,1287.3516603457401,55.97181131938,1412.008476541101,61.39167289309135,,55,a0c25dc6cfa4,-,none
TestDiagWildcardLookaheadTrigger#1,1787766840-1864557,"single-week drift > 3.0 (horizon-5, NOT fixture-aware)",2,false,2022-23,2021-22,16,23,5,false,1310,1123,25,3,56.95652173913044,48.82608695652174,,,,,,,1062,46.17391304347826,955,41.52173913043478,22,0,,,1.4545454545454546,22,25,11,7,4,0,,,,,,3,3,3,,,,0,0,0,,,,0,0,0,,,,0,,,,42,14,36,14,0,0,0,0,0,0,,,,,,,,,,,1117.893865843038,48.60408112361034,1369.7578562779324,59.554689403388366,,55,1820c2242a5e,-,none
TestDiagWildcardLookaheadTrigger#1,1787766840-1864557,"single-week drift > 3.0 (horizon-5, NOT fixture-aware)",2,false,2023-24,2022-23,16,23,5,false,1431,1085,23,2,62.21739130434783,47.17391304347826,,,,,,,1085,47.17391304347826,934,40.608695652173914,22,0,,,1.5,22,23,10,4,12,0,,,,,,3,3,3,,,,0,0,0,,,,0,0,0,,,,0,,,,21,21,21,17,0,0,0,0,0,0,,,,,,,,,,,1100.0328547404902,47.82751542349957,1418.4170182454768,61.67030514110769,,55,291eebc880a2,-,none
TestDiagWildcardLookaheadTrigger#1,1787766840-1864557,"single-week drift > 3.0 (horizon-5, NOT fixture-aware)",2,false,2024-25,2023-24,16,23,5,false,1490,1367,20,1,64.78260869565217,59.43478260869565,,,,,,,1367,59.43478260869565,1174,51.04347826086956,22,0,,,2.590909090909091,22,20,7,4,6,0,,,,,,3,3,3,,,,0,0,0,,,,0,0,0,,,,0,,,,10,8,10,8,0,0,0,0,0,0,,,,,,,,,,,1409.2322184264299,61.27096601854043,1489.5237797628822,64.7619034679514,,55,0a92238fc17e,-,none
TestDiagWildcardLookaheadTrigger#1,1787766840-1864557,"single-week drift > 3.0 (horizon-5, NOT fixture-aware)",2,false,2025-26,2024-25,16,23,5,false,1299,1307,25,0,56.47826086956522,56.82608695652174,,,,,,,1308,56.869565217391305,1146,49.82608695652174,21,0,,,3.0952380952380953,21,18,4,6,-5,0,,,,,,3,3,3,19,2.594804286399089,0,0,0,0,,,,0,0,0,,,,0,,,,10,10,10,10,0,0,0,0,0,0,,,,,,,,,,,1247.0166669781659,54.21811595557243,1249.3511194371326,54.319613888570984,,55,439f261a429b,-,none
TestDiagWildcardLookaheadTrigger#1,1787766840-1864557,"single-week drift > 3.0 (horizon-5, NOT fixture-aware)",2,false,2020-21,2019-20,21,18,5,false,952,865,17,1,52.888888888888886,48.05555555555556,,,,,,,886,49.22222222222222,768,42.666666666666664,17,0,,,1.4705882352941178,17,17,5,7,-5,0,,,,,,0,0,0,,,,0,0,0,,,,0,0,0,,,,0,,,,32,23,26,23,0,0,0,0,0,0,,,,,,,,,,,895.3437728580975,49.74132071433875,1002.6949292477597,55.70527384709776,,55,dc98d0376744,-,none
TestDiagWildcardLookaheadTrigger#1,1787766840-1864557,"single-week drift > 3.0 (horizon-5, NOT fixture-aware)",2,false,2021-22,2020-21,21,18,5,false,1035,928,24,6,57.5,51.55555555555556,,,,,,,946,52.55555555555556,839,46.611111111111114,17,0,,,1.1764705882352942,17,24,9,7,3,0,,,,,,0,0,0,,,,0,0,0,,,,0,0,0,,,,0,,,,59,25,51,19,0,0,0,0,0,0,,,,,,,,,,,978.9518706549641,54.38621503638689,1073.8191078844893,59.65661710469385,,55,17afedb0c8fd,-,none
TestDiagWildcardLookaheadTrigger#1,1787766840-1864557,"single-week drift > 3.0 (horizon-5, NOT fixture-aware)",2,false,2022-23,2021-22,21,18,5,false,1162,1147,15,0,64.55555555555556,63.72222222222222,,,,,,,1143,63.5,998,55.44444444444444,17,0,,,2.3529411764705883,17,15,6,4,4,0,,,,,,0,0,0,,,,0,0,0,,,,0,0,0,,,,0,,,,36,14,28,10,0,0,0,0,0,0,,,,,,,,,,,1135.4096454671374,63.07831363706319,1142.2210244114244,63.456723578412465,,55,bf48ca67ee37,-,none
TestDiagWildcardLookaheadTrigger#1,1787766840-1864557,"single-week drift > 3.0 (horizon-5, NOT fixture-aware)",2,false,2023-24,2022-23,21,18,5,false,1150,964,17,0,63.888888888888886,53.55555555555556,,,,,,,954,53,845,46.94444444444444,17,0,,,1.411764705882353,17,17,9,3,5,0,,,,,,0,0,0,,,,0,0,0,,,,0,0,0,,,,0,,,,21,17,17,17,0,0,0,0,0,0,,,,,,,,,,,996.2801720475503,55.34889844708613,1160.2729542003817,64.45960856668788,,55,a39e1a72098e,-,none
TestDiagWildcardLookaheadTrigger#1,1787766840-1864557,"single-week drift > 3.0 (horizon-5, NOT fixture-aware)",2,false,2024-25,2023-24,21,18,5,false,1063,956,17,1,59.05555555555556,53.111111111111114,,,,,,,956,53.111111111111114,821,45.611111111111114,17,0,,,1.588235294117647,17,17,11,3,12,0,,,,,,0,0,0,,,,0,0,0,,,,0,0,0,,,,0,,,,10,8,6,8,0,0,0,0,0,0,,,,,,,,,,,978.7329286819744,54.37405159344302,1082.0968360156246,60.116490889756925,,55,606dfdefbccb,-,none
TestDiagWildcardLookaheadTrigger#1,1787766840-1864557,"single-week drift > 3.0 (horizon-5, NOT fixture-aware)",2,false,2025-26,2024-25,21,18,5,false,1073,942,16,1,59.611111111111114,52.333333333333336,,,,,,,927,51.5,841,46.72222222222222,17,0,,,2.411764705882353,17,16,6,7,-5,0,,,,,,0,0,0,,,,0,0,0,,,,0,0,0,,,,0,,,,10,10,10,10,0,0,0,0,0,0,,,,,,,,,,,912.9456155568754,50.71920086427085,1004.9855610763206,55.8325311709067,,55,73261d35b823,-,none
TestDiagWildcardLookaheadTrigger#1,1787766840-1864557,"single-week drift > 3.0 (horizon-5, NOT fixture-aware)",2,false,2020-21,2019-20,26,13,5,false,695,626,12,0,53.46153846153846,48.15384615384615,,,,,,,634,48.76923076923077,567,43.61538461538461,12,0,,,1.25,12,12,7,3,1,0,,,,,,0,0,0,,,,0,0,0,,,,0,0,0,,,,0,,,,12,23,10,11,0,0,0,0,0,0,,,,,,,,,,,659.8771559423692,50.759781226336095,741.2028518948778,57.01560399191367,,55,5fce185dc3f5,-,none
TestDiagWildcardLookaheadTrigger#1,1787766840-1864557,"single-week drift > 3.0 (horizon-5, NOT fixture-aware)",2,false,2021-22,2020-21,26,13,5,false,756,637,16,5,58.15384615384615,49,,,,,,,642,49.38461538461539,573,44.07692307692308,12,0,,,1.1666666666666667,12,16,9,2,7,0,,,,,,0,0,0,,,,0,0,0,,,,0,0,0,,,,0,,,,43,19,28,4,0,0,0,0,0,0,,,,,,,,,,,643.906825351017,49.53129425777054,785.521467902337,60.42472830017977,,55,84591047a9e2,-,none
TestDiagWildcardLookaheadTrigger#1,1787766840-1864557,"single-week drift > 3.0 (horizon-5, NOT fixture-aware)",2,false,2022-23,2021-22,26,13,5,false,865,802,10,0,66.53846153846153,61.69230769230769,,,,,,,798,61.38461538461539,686,52.76923076923077,12,0,,,2.8333333333333335,12,10,4,2,3,0,,,,,,0,0,0,,,,0,0,0,,,,0,0,0,,,,0,,,,28,10,12,4,0,0,0,0,0,0,,,,,,,,,,,809.8085824213479,62.29296787856522,871.7146868733893,67.05497591333764,,55,519e8636fe01,-,none
TestDiagWildcardLookaheadTrigger#1,1787766840-1864557,"single-week drift > 3.0 (horizon-5, NOT fixture-aware)",2,false,2023-24,2022-23,26,13,5,false,828,617,11,0,63.69230769230769,47.46153846153846,,,,,,,619,47.61538461538461,548,42.15384615384615,12,0,,,1.5,12,11,5,2,6,0,,,,,,0,0,0,,,,0,0,0,,,,0,0,0,,,,0,,,,17,13,15,1,0,0,0,0,0,0,,,,,,,,,,,637.2043322278133,49.01571786367795,786.8575673226669,60.52750517866669,,55,d725094b2efe,-,none
TestDiagWildcardLookaheadTrigger#1,1787766840-1864557,"single-week drift > 3.0 (horizon-5, NOT fixture-aware)",2,false,2024-25,2023-24,26,13,5,false,669,692,13,1,51.46153846153846,53.23076923076923,,,,,,,692,53.23076923076923,619,47.61538461538461,12,0,,,1.4166666666666667,12,13,9,3,7,0,,,,,,0,0,0,,,,0,0,0,,,,0,0,0,,,,0,,,,6,8,6,4,0,0,0,0,0,0,,,,,,,,,,,728.9946771610494,56.076513627773025,726.4666422242051,55.88204940186193,,55,685eecb0cbdb,-,none
TestDiagWildcardLookaheadTrigger#1,1787766840-1864557,"single-week drift > 3.0 (horizon-5, NOT fixture-aware)",2,false,2025-26,2024-25,26,13,5,false,782,756,9,0,60.15384615384615,58.15384615384615,,,,,,,757,58.23076923076923,655,50.38461538461539,12,0,,,1.8333333333333333,12,9,2,5,-7,0,,,,,,0,0,0,,,,0,0,0,,,,0,0,0,,,,0,,,,8,10,8,10,0,0,0,0,0,0,,,,,,,,,,,710.1237686554032,54.62490528118486,725.7808375036395,55.82929519258766,,55,32f63ab9f3ba,-,none
TestDiagWildcardLookaheadTrigger#1,1787766840-1864557,"lookahead value > 40 (horizon-1, fixture-aware)",3,false,2020-21,2019-20,1,38,5,false,2017,1628,55,6,53.078947368421055,42.8421052631579,,,,,,,1628,42.8421052631579,1388,36.526315789473685,36,0,,,1.1388888888888888,33,39,10,14,-7,0,,,,,,18,4,4,5,68.47669193967722,51.87637333844624,0,0,0,,,,0,0,0,,,,0,,,,43,40,43,40,0,0,0,0,0,0,,,,,,,,,,,1613.0156880372417,42.44778126413794,2019.5163873285762,53.14516808759411,,55,98b82c09e797,-,none
TestDiagWildcardLookaheadTrigger#1,1787766840-1864557,"lookahead value > 40 (horizon-1, fixture-aware)",3,false,2021-22,2020-21,1,38,5,false,2273,1942,53,7,59.81578947368421,51.10526315789474,,,,,,,1987,52.28947368421053,1692,44.526315789473685,36,0,,,1.4722222222222223,32,39,16,11,5,0,,,,,,18,12,12,13,41.82450331123842,39.06209929984015,0,0,0,,,,0,0,0,,,,0,,,,61,61,61,61,0,0,0,0,0,0,,,,,,,,,,,1925.730264990003,50.67711223657903,2271.99795179703,59.78941978413237,,55,2ee4dc9e44a7,-,none
TestDiagWildcardLookaheadTrigger#1,1787766840-1864557,"lookahead value > 40 (horizon-1, fixture-aware)",3,false,2022-23,2021-22,1,38,5,false,2101,1857,45,1,55.28947368421053,48.86842105263158,,,,,,,1855,48.81578947368421,1607,42.28947368421053,36,0,,,2.25,33,34,12,9,5,0,,,,,,18,2,2,3,49.26648000888805,48.96388726189265,0,0,0,,,,0,0,0,,,,0,,,,42,22,42,22,0,0,0,0,0,0,,,,,,,,,,,1880.4174544158348,49.48466985304828,2137.0399631531036,56.23789376718694,,55,daf912cff2eb,-,none
TestDiagWildcardLookaheadTrigger#1,1787766840-1864557,"lookahead value > 40 (horizon-1, fixture-aware)",3,false,2023-24,2022-23,1,38,5,false,2243,1806,48,1,59.026315789473685,47.526315789473685,,,,,,,1780,46.8421052631579,1569,41.28947368421053,36,0,,,2.361111111111111,33,36,14,14,1,0,,,,,,18,1,1,2,53.468117463672954,52.733834054784204,0,0,0,,,,0,0,0,,,,0,,,,23,23,23,21,0,0,0,0,0,0,,,,,,,,,,,1847.281228959663,48.61266391999113,2310.34074651175,60.79844069767763,,55,7df5f95f1759,-,none
TestDiagWildcardLookaheadTrigger#1,1787766840-1864557,"lookahead value > 40 (horizon-1, fixture-aware)",3,false,2024-25,2023-24,1,38,5,false,2414,1908,46,1,63.526315789473685,50.21052631578947,,,,,,,1890,49.73684210526316,1708,44.94736842105263,36,0,,,1.8055555555555556,32,32,16,6,18,0,,,,,,18,14,14,15,49.21827097022235,47.819569949320446,0,0,0,,,,0,0,0,,,,0,,,,10,10,10,10,0,0,0,0,0,0,,,,,,,,,,,1984.839567078322,52.23262018627163,2344.5582555629444,61.69890146218275,,55,d0f719155ebc,-,none
TestDiagWildcardLookaheadTrigger#1,1787766840-1864557,"lookahead value > 40 (horizon-1, fixture-aware)",3,false,2025-26,2024-25,1,38,5,false,2215,1523,45,1,58.28947368421053,40.078947368421055,,,,,,,1529,40.23684210526316,1375,36.18421052631579,36,0,,,1.75,32,31,9,9,-3,0,,,,,,18,8,8,9,49.59966970088492,47.400757792869335,0,0,0,,,,0,0,0,,,,0,,,,10,10,10,10,0,0,0,0,0,0,,,,,,,,,,,1583.8646329653097,41.680648235929205,2118.9439687088066,55.76168338707386,,55,cdb305de770a,-,none
TestDiagWildcardLookaheadTrigger#1,1787766840-1864557,"lookahead value > 40 (horizon-1, fixture-aware)",3,false,2020-21,2019-20,6,33,5,false,1748,1564,46,3,52.96969696969697,47.39393939393939,,,,,,,1556,47.15151515151515,1364,41.333333333333336,31,0,,,1.3870967741935485,31,35,11,15,-6,0,,,,,,13,4,4,10,60.88951235187718,49.461298180108706,0,0,0,,,,0,0,0,,,,0,,,,43,40,43,40,0,0,0,0,0,0,,,,,,,,,,,1607.8659884381584,48.72321177085328,1765.7649811203182,53.508029730918736,,55,e4f19b098970,-,none
TestDiagWildcardLookaheadTrigger#1,1787766840-1864557,"lookahead value > 40 (horizon-1, fixture-aware)",3,false,2021-22,2020-21,6,33,5,false,1901,1697,46,3,57.60606060606061,51.42424242424242,,,,,,,1703,51.60606060606061,1488,45.09090909090909,31,0,,,1.4193548387096775,31,35,20,7,23,0,,,,,,13,9,9,15,62.73011585944715,36.98046742747448,0,0,0,,,,0,0,0,,,,0,,,,61,61,61,61,0,0,0,0,0,0,,,,,,,,,,,1717.4237818225079,52.04314490371236,1999.2474423858873,60.58325582987538,,55,ed57ca1f3812,-,none
TestDiagWildcardLookaheadTrigger#1,1787766840-1864557,"lookahead value > 40 (horizon-1, fixture-aware)",3,false,2022-23,2021-22,6,33,5,false,1857,1561,31,1,56.27272727272727,47.303030303030305,,,,,,,1500,45.45454545454545,1372,41.57575757575758,32,0,,,2.78125,32,31,14,10,3,0,,,,,,13,13,13,,,,0,0,0,,,,0,0,0,,,,0,,,,42,22,42,16,0,0,0,0,0,0,,,,,,,,,,,1550.0004339075806,46.969710118411534,1882.200283812387,57.036372236739,,55,9193eb4c0665,-,none
TestDiagWildcardLookaheadTrigger#1,1787766840-1864557,"lookahead value > 40 (horizon-1, fixture-aware)",3,false,2023-24,2022-23,6,33,5,false,2028,1724,32,0,61.45454545454545,52.24242424242424,,,,,,,1702,51.57575757575758,1484,44.96969696969697,32,0,,,1.75,32,32,15,10,15,0,,,,,,13,13,13,,,,0,0,0,,,,0,0,0,,,,0,,,,23,21,21,21,0,0,0,0,0,0,,,,,,,,,,,1721.7944263935356,52.175588678591986,2068.906453401842,62.69413495157097,,55,a4cd558c8a6c,-,none
TestDiagWildcardLookaheadTrigger#1,1787766840-1864557,"lookahead value > 40 (horizon-1, fixture-aware)",3,false,2024-25,2023-24,6,33,5,false,2008,1744,42,1,60.84848484848485,52.84848484848485,,,,,,,1641,49.72727272727273,1485,45,31,0,,,1.7096774193548387,31,32,11,8,6,0,,,,,,13,7,7,13,49.848954241633166,48.17658913646952,0,0,0,,,,0,0,0,,,,0,,,,10,10,10,10,0,0,0,0,0,0,,,,,,,,,,,1754.9002266108062,53.17879474578201,2027.8606520488636,61.450322789359504,,55,7d06f846b27d,-,none
TestDiagWildcardLookaheadTrigger#1,1787766840-1864557,"lookahead value > 40 (horizon-1, fixture-aware)",3,false,2025-26,2024-25,6,33,5,false,1940,1743,39,2,58.78787878787879,52.81818181818182,,,,,,,1663,50.39393939393939,1547,46.878787878787875,31,0,,,1.6451612903225807,31,33,9,9,0,0,,,,,,13,11,11,17,19.460755021361464,17.064272805432964,0,0,0,,,,0,0,0,,,,0,,,,10,10,10,10,0,0,0,0,0,0,,,,,,,,,,,1697.4225268293555,51.43704626755623,1857.482990235542,56.28736334047097,,55,135d9da53c17,-,none
TestDiagWildcardLookaheadTrigger#1,1787766840-1864557,"lookahead value > 40 (horizon-1, fixture-aware)",3,false,2020-21,2019-20,11,28,5,false,1507,1208,29,3,53.82142857142857,43.142857142857146,,,,,,,1203,42.964285714285715,1039,37.107142857142854,27,0,,,1.4074074074074074,27,29,8,10,-5,0,,,,,,8,8,8,,,,0,0,0,,,,0,0,0,,,,0,,,,43,38,43,38,0,0,0,0,0,0,,,,,,,,,,,1319.6548051841444,47.13052875657659,1565.4144829013403,55.9076601036193,,55,5babbe645ffb,-,none
TestDiagWildcardLookaheadTrigger#1,1787766840-1864557,"lookahead value > 40 (horizon-1, fixture-aware)",3,false,2021-22,2020-21,11,28,5,false,1645,1630,30,2,58.75,58.214285714285715,,,,,,,1658,59.214285714285715,1470,52.5,27,0,,,1.3333333333333333,27,30,14,7,17,0,,,,,,8,8,8,,,,0,0,0,,,,0,0,0,,,,0,,,,61,61,61,59,0,0,0,0,0,0,,,,,,,,,,,1616.204129636625,57.7215760584509,1692.4168502789776,60.44345893853491,,55,0e0b223ab713,-,none
TestDiagWildcardLookaheadTrigger#1,1787766840-1864557,"lookahead value > 40 (horizon-1, fixture-aware)",3,false,2022-23,2021-22,11,28,5,false,1669,1555,29,2,59.607142857142854,55.535714285714285,,,,,,,1494,53.357142857142854,1371,48.964285714285715,27,0,,,2.111111111111111,27,29,11,5,14,0,,,,,,8,8,8,,,,0,0,0,,,,0,0,0,,,,0,,,,42,16,42,14,0,0,0,0,0,0,,,,,,,,,,,1523.4456911914474,54.40877468540884,1664.4980602745743,59.44635929552051,,55,57dcb8c18a3d,-,none
TestDiagWildcardLookaheadTrigger#1,1787766840-1864557,"lookahead value > 40 (horizon-1, fixture-aware)",3,false,2023-24,2022-23,11,28,5,false,1728,1428,33,0,61.714285714285715,51,,,,,,,1405,50.17857142857143,1247,44.535714285714285,26,0,,,2.923076923076923,26,23,8,6,2,0,,,,,,8,7,7,18,55.029481147480375,46.0374741748116,0,0,0,,,,0,0,0,,,,0,,,,21,21,21,21,0,0,0,0,0,0,,,,,,,,,,,1416.7846694489685,50.5994524803203,1724.0163899594145,61.572013927121944,,55,2a84996b516a,-,none
TestDiagWildcardLookaheadTrigger#1,1787766840-1864557,"lookahead value > 40 (horizon-1, fixture-aware)",3,false,2024-25,2023-24,11,28,5,false,1764,1681,38,2,63,60.035714285714285,,,,,,,1681,60.035714285714285,1412,50.42857142857143,26,0,,,1.8461538461538463,26,28,14,9,6,0,,,,,,8,4,4,15,59.68788171842403,47.819569949320446,0,0,0,,,,0,0,0,,,,0,,,,10,10,10,8,0,0,0,0,0,0,,,,,,,,,,,1648.6369668324785,58.87989167258852,1756.1533654485884,62.7197630517353,,55,a6e9f92d83f6,-,none
TestDiagWildcardLookaheadTrigger#1,1787766840-1864557,"lookahead value > 40 (horizon-1, fixture-aware)",3,false,2025-26,2024-25,11,28,5,false,1542,1444,31,1,55.07142857142857,51.57142857142857,,,,,,,1416,50.57142857142857,1259,44.964285714285715,26,0,,,1.5769230769230769,26,25,8,8,-3,0,,,,,,8,6,6,17,20.63615515960464,17.064272805432964,0,0,0,,,,0,0,0,,,,0,,,,10,10,10,10,0,0,0,0,0,0,,,,,,,,,,,1420.3707344105421,50.72752622894793,1518.6043804696799,54.23587073106,,55,71a4b81a55e0,-,none
TestDiagWildcardLookaheadTrigger#1,1787766840-1864557,"lookahead value > 40 (horizon-1, fixture-aware)",3,false,2020-21,2019-20,16,23,5,false,1293,1135,22,1,56.21739130434783,49.34782608695652,,,,,,,1101,47.869565217391305,988,42.95652173913044,22,0,,,1.3181818181818181,22,22,6,9,-7,0,,,,,,3,3,3,,,,0,0,0,,,,0,0,0,,,,0,,,,43,34,32,23,0,0,0,0,0,0,,,,,,,,,,,1145.8522005436278,49.81966089320121,1314.4713011660847,57.15092613765586,,55,d978f64ccb97,-,none
TestDiagWildcardLookaheadTrigger#1,1787766840-1864557,"lookahead value > 40 (horizon-1, fixture-aware)",3,false,2021-22,2020-21,16,23,5,false,1335,1219,24,2,58.04347826086956,53,,,,,,,1237,53.78260869565217,1112,48.34782608695652,22,0,,,1.2272727272727273,22,24,13,6,8,0,,,,,,3,3,3,,,,0,0,0,,,,0,0,0,,,,0,,,,61,57,61,27,0,0,0,0,0,0,,,,,,,,,,,1287.3516603457401,55.97181131938,1412.008476541101,61.39167289309135,,55,a0c25dc6cfa4,-,none
TestDiagWildcardLookaheadTrigger#1,1787766840-1864557,"lookahead value > 40 (horizon-1, fixture-aware)",3,false,2022-23,2021-22,16,23,5,false,1310,1123,25,3,56.95652173913044,48.82608695652174,,,,,,,1062,46.17391304347826,955,41.52173913043478,22,0,,,1.4545454545454546,22,25,11,7,4,0,,,,,,3,3,3,,,,0,0,0,,,,0,0,0,,,,0,,,,42,14,36,14,0,0,0,0,0,0,,,,,,,,,,,1117.893865843038,48.60408112361034,1369.7578562779324,59.554689403388366,,55,1820c2242a5e,-,none
TestDiagWildcardLookaheadTrigger#1,1787766840-1864557,"lookahead value > 40 (horizon-1, fixture-aware)",3,false,2023-24,2022-23,16,23,5,false,1431,1085,23,2,62.21739130434783,47.17391304347826,,,,,,,1085,47.17391304347826,934,40.608695652173914,22,0,,,1.5,22,23,10,4,12,0,,,,,,3,3,3,,,,0,0,0,,,,0,0,0,,,,0,,,,21,21,21,17,0,0,0,0,0,0,,,,,,,,,,,1100.0328547404902,47.82751542349957,1418.4170182454768,61.67030514110769,,55,291eebc880a2,-,none
TestDiagWildcardLookaheadTrigger#1,1787766840-1864557,"lookahead value > 40 (horizon-1, fixture-aware)",3,false,2024-25,2023-24,16,23,5,false,1490,1367,20,1,64.78260869565217,59.43478260869565,,,,,,,1367,59.43478260869565,1174,51.04347826086956,22,0,,,2.590909090909091,22,20,7,4,6,0,,,,,,3,3,3,,,,0,0,0,,,,0,0,0,,,,0,,,,10,8,10,8,0,0,0,0,0,0,,,,,,,,,,,1409.2322184264299,61.27096601854043,1489.5237797628822,64.7619034679514,,55,0a92238fc17e,-,none
TestDiagWildcardLookaheadTrigger#1,1787766840-1864557,"lookahead value > 40 (horizon-1, fixture-aware)",3,false,2025-26,2024-25,16,23,5,false,1299,1307,25,0,56.47826086956522,56.82608695652174,,,,,,,1308,56.869565217391305,1146,49.82608695652174,21,0,,,3.0952380952380953,21,18,4,6,-5,0,,,,,,3,3,3,19,24.974021431995453,0,0,0,0,,,,0,0,0,,,,0,,,,10,10,10,10,0,0,0,0,0,0,,,,,,,,,,,1247.0166669781659,54.21811595557243,1249.3511194371326,54.319613888570984,,55,439f261a429b,-,none
TestDiagWildcardLookaheadTrigger#1,1787766840-1864557,"lookahead value > 40 (horizon-1, fixture-aware)",3,false,2020-21,2019-20,21,18,5,false,952,865,17,1,52.888888888888886,48.05555555555556,,,,,,,886,49.22222222222222,768,42.666666666666664,17,0,,,1.4705882352941178,17,17,5,7,-5,0,,,,,,0,0,0,,,,0,0,0,,,,0,0,0,,,,0,,,,32,23,26,23,0,0,0,0,0,0,,,,,,,,,,,895.3437728580975,49.74132071433875,1002.6949292477597,55.70527384709776,,55,dc98d0376744,-,none
TestDiagWildcardLookaheadTrigger#1,1787766840-1864557,"lookahead value > 40 (horizon-1, fixture-aware)",3,false,2021-22,2020-21,21,18,5,false,1035,928,24,6,57.5,51.55555555555556,,,,,,,946,52.55555555555556,839,46.611111111111114,17,0,,,1.1764705882352942,17,24,9,7,3,0,,,,,,0,0,0,,,,0,0,0,,,,0,0,0,,,,0,,,,59,25,51,19,0,0,0,0,0,0,,,,,,,,,,,978.9518706549641,54.38621503638689,1073.8191078844893,59.65661710469385,,55,17afedb0c8fd,-,none
TestDiagWildcardLookaheadTrigger#1,1787766840-1864557,"lookahead value > 40 (horizon-1, fixture-aware)",3,false,2022-23,2021-22,21,18,5,false,1162,1147,15,0,64.55555555555556,63.72222222222222,,,,,,,1143,63.5,998,55.44444444444444,17,0,,,2.3529411764705883,17,15,6,4,4,0,,,,,,0,0,0,,,,0,0,0,,,,0,0,0,,,,0,,,,36,14,28,10,0,0,0,0,0,0,,,,,,,,,,,1135.4096454671374,63.07831363706319,1142.2210244114244,63.456723578412465,,55,bf48ca67ee37,-,none
TestDiagWildcardLookaheadTrigger#1,1787766840-1864557,"lookahead value > 40 (horizon-1, fixture-aware)",3,false,2023-24,2022-23,21,18,5,false,1150,964,17,0,63.888888888888886,53.55555555555556,,,,,,,954,53,845,46.94444444444444,17,0,,,1.411764705882353,17,17,9,3,5,0,,,,,,0,0,0,,,,0,0,0,,,,0,0,0,,,,0,,,,21,17,17,17,0,0,0,0,0,0,,,,,,,,,,,996.2801720475503,55.34889844708613,1160.2729542003817,64.45960856668788,,55,a39e1a72098e,-,none
TestDiagWildcardLookaheadTrigger#1,1787766840-1864557,"lookahead value > 40 (horizon-1, fixture-aware)",3,false,2024-25,2023-24,21,18,5,false,1063,956,17,1,59.05555555555556,53.111111111111114,,,,,,,956,53.111111111111114,821,45.611111111111114,17,0,,,1.588235294117647,17,17,11,3,12,0,,,,,,0,0,0,,,,0,0,0,,,,0,0,0,,,,0,,,,10,8,6,8,0,0,0,0,0,0,,,,,,,,,,,978.7329286819744,54.37405159344302,1082.0968360156246,60.116490889756925,,55,606dfdefbccb,-,none
TestDiagWildcardLookaheadTrigger#1,1787766840-1864557,"lookahead value > 40 (horizon-1, fixture-aware)",3,false,2025-26,2024-25,21,18,5,false,1073,942,16,1,59.611111111111114,52.333333333333336,,,,,,,927,51.5,841,46.72222222222222,17,0,,,2.411764705882353,17,16,6,7,-5,0,,,,,,0,0,0,,,,0,0,0,,,,0,0,0,,,,0,,,,10,10,10,10,0,0,0,0,0,0,,,,,,,,,,,912.9456155568754,50.71920086427085,1004.9855610763206,55.8325311709067,,55,73261d35b823,-,none
TestDiagWildcardLookaheadTrigger#1,1787766840-1864557,"lookahead value > 40 (horizon-1, fixture-aware)",3,false,2020-21,2019-20,26,13,5,false,695,626,12,0,53.46153846153846,48.15384615384615,,,,,,,634,48.76923076923077,567,43.61538461538461,12,0,,,1.25,12,12,7,3,1,0,,,,,,0,0,0,,,,0,0,0,,,,0,0,0,,,,0,,,,12,23,10,11,0,0,0,0,0,0,,,,,,,,,,,659.8771559423692,50.759781226336095,741.2028518948778,57.01560399191367,,55,5fce185dc3f5,-,none
TestDiagWildcardLookaheadTrigger#1,1787766840-1864557,"lookahead value > 40 (horizon-1, fixture-aware)",3,false,2021-22,2020-21,26,13,5,false,756,637,16,5,58.15384615384615,49,,,,,,,642,49.38461538461539,573,44.07692307692308,12,0,,,1.1666666666666667,12,16,9,2,7,0,,,,,,0,0,0,,,,0,0,0,,,,0,0,0,,,,0,,,,43,19,28,4,0,0,0,0,0,0,,,,,,,,,,,643.906825351017,49.53129425777054,785.521467902337,60.42472830017977,,55,84591047a9e2,-,none
TestDiagWildcardLookaheadTrigger#1,1787766840-1864557,"lookahead value > 40 (horizon-1, fixture-aware)",3,false,2022-23,2021-22,26,13,5,false,865,802,10,0,66.53846153846153,61.69230769230769,,,,,,,798,61.38461538461539,686,52.76923076923077,12,0,,,2.8333333333333335,12,10,4,2,3,0,,,,,,0,0,0,,,,0,0,0,,,,0,0,0,,,,0,,,,28,10,12,4,0,0,0,0,0,0,,,,,,,,,,,809.8085824213479,62.29296787856522,871.7146868733893,67.05497591333764,,55,519e8636fe01,-,none
TestDiagWildcardLookaheadTrigger#1,1787766840-1864557,"lookahead value > 40 (horizon-1, fixture-aware)",3,false,2023-24,2022-23,26,13,5,false,828,617,11,0,63.69230769230769,47.46153846153846,,,,,,,619,47.61538461538461,548,42.15384615384615,12,0,,,1.5,12,11,5,2,6,0,,,,,,0,0,0,,,,0,0,0,,,,0,0,0,,,,0,,,,17,13,15,1,0,0,0,0,0,0,,,,,,,,,,,637.2043322278133,49.01571786367795,786.8575673226669,60.52750517866669,,55,d725094b2efe,-,none
TestDiagWildcardLookaheadTrigger#1,1787766840-1864557,"lookahead value > 40 (horizon-1, fixture-aware)",3,false,2024-25,2023-24,26,13,5,false,669,692,13,1,51.46153846153846,53.23076923076923,,,,,,,692,53.23076923076923,619,47.61538461538461,12,0,,,1.4166666666666667,12,13,9,3,7,0,,,,,,0,0,0,,,,0,0,0,,,,0,0,0,,,,0,,,,6,8,6,4,0,0,0,0,0,0,,,,,,,,,,,728.9946771610494,56.076513627773025,726.4666422242051,55.88204940186193,,55,685eecb0cbdb,-,none
TestDiagWildcardLookaheadTrigger#1,1787766840-1864557,"lookahead value > 40 (horizon-1, fixture-aware)",3,false,2025-26,2024-25,26,13,5,false,782,756,9,0,60.15384615384615,58.15384615384615,,,,,,,757,58.23076923076923,655,50.38461538461539,12,0,,,1.8333333333333333,12,9,2,5,-7,0,,,,,,0,0,0,,,,0,0,0,,,,0,0,0,,,,0,,,,8,10,8,10,0,0,0,0,0,0,,,,,,,,,,,710.1237686554032,54.62490528118486,725.7808375036395,55.82929519258766,,55,32f63ab9f3ba,-,none
TestDiagWildcardLookaheadTrigger#1,1787766840-1864557,"lookahead value > 55 (horizon-1, fixture-aware)",4,false,2020-21,2019-20,1,38,5,false,2024,1628,51,2,53.26315789473684,42.8421052631579,,,,,,,1628,42.8421052631579,1388,36.526315789473685,36,0,,,1.3611111111111112,32,34,12,9,2,0,,,,,,18,11,11,12,67.11519443781276,65.96267353678446,0,0,0,,,,0,0,0,,,,0,,,,43,40,43,40,0,0,0,0,0,0,,,,,,,,,,,1613.0156880372417,42.44778126413794,2051.6201851911446,53.99000487345118,,55,98b82c09e797,-,none
TestDiagWildcardLookaheadTrigger#1,1787766840-1864557,"lookahead value > 55 (horizon-1, fixture-aware)",4,false,2021-22,2020-21,1,38,5,false,2216,1942,43,5,58.31578947368421,51.10526315789474,,,,,,,1987,52.28947368421053,1692,44.526315789473685,37,0,,,1.2432432432432432,33,38,17,8,16,0,,,,,,18,18,18,,,,0,0,0,,,,0,0,0,,,,0,,,,61,61,61,61,0,0,0,0,0,0,,,,,,,,,,,1925.730264990003,50.67711223657903,2268.3085647754,59.692330651984214,,55,2ee4dc9e44a7,-,none
TestDiagWildcardLookaheadTrigger#1,1787766840-1864557,"lookahead value > 55 (horizon-1, fixture-aware)",4,false,2022-23,2021-22,1,38,5,false,2054,1857,38,1,54.05263157894737,48.86842105263158,,,,,,,1855,48.81578947368421,1607,42.28947368421053,37,0,,,1.4054054054054055,33,33,13,7,11,0,,,,,,18,18,18,,,,0,0,0,,,,0,0,0,,,,0,,,,42,22,42,22,0,0,0,0,0,0,,,,,,,,,,,1880.4174544158348,49.48466985304828,2103.2326976833106,55.34822888640291,,55,daf912cff2eb,-,none
TestDiagWildcardLookaheadTrigger#1,1787766840-1864557,"lookahead value > 55 (horizon-1, fixture-aware)",4,false,2023-24,2022-23,1,38,5,false,2375,1806,40,3,62.5,47.526315789473685,,,,,,,1780,46.8421052631579,1569,41.28947368421053,37,0,,,1.6486486486486487,33,36,16,9,13,0,,,,,,18,18,18,,,,0,0,0,,,,0,0,0,,,,0,,,,23,23,23,21,0,0,0,0,0,0,,,,,,,,,,,1847.281228959663,48.61266391999113,2307.612822714298,60.72665322932363,,55,7df5f95f1759,-,none
TestDiagWildcardLookaheadTrigger#1,1787766840-1864557,"lookahead value > 55 (horizon-1, fixture-aware)",4,false,2024-25,2023-24,1,38,5,false,2448,1908,34,2,64.42105263157895,50.21052631578947,,,,,,,1890,49.73684210526316,1708,44.94736842105263,37,0,,,2.054054054054054,33,29,13,9,6,0,,,,,,18,18,18,,,,0,0,0,,,,0,0,0,,,,0,,,,10,10,10,10,0,0,0,0,0,0,,,,,,,,,,,1984.839567078322,52.23262018627163,2342.6271800092795,61.648083684454726,,55,d0f719155ebc,-,none
TestDiagWildcardLookaheadTrigger#1,1787766840-1864557,"lookahead value > 55 (horizon-1, fixture-aware)",4,false,2025-26,2024-25,1,38,5,false,2174,1523,45,1,57.21052631578947,40.078947368421055,,,,,,,1529,40.23684210526316,1375,36.18421052631579,36,0,,,1.2222222222222223,32,33,10,7,1,0,,,,,,18,17,17,18,24.739130690055894,13.035208393039067,0,0,0,,,,0,0,0,,,,0,,,,10,10,10,10,0,0,0,0,0,0,,,,,,,,,,,1583.8646329653097,41.680648235929205,2099.2943791228163,55.24458892428464,,55,cdb305de770a,-,none
TestDiagWildcardLookaheadTrigger#1,1787766840-1864557,"lookahead value > 55 (horizon-1, fixture-aware)",4,false,2020-21,2019-20,6,33,5,false,1884,1564,43,2,57.09090909090909,47.39393939393939,,,,,,,1556,47.15151515151515,1364,41.333333333333336,31,0,,,2.161290322580645,31,31,7,10,-4,0,,,,,,13,6,6,12,68.67327782462479,63.25187873390293,0,0,0,,,,0,0,0,,,,0,,,,43,40,43,40,0,0,0,0,0,0,,,,,,,,,,,1607.8659884381584,48.72321177085328,1922.2884081648617,58.25116388378369,,55,e4f19b098970,-,none
TestDiagWildcardLookaheadTrigger#1,1787766840-1864557,"lookahead value > 55 (horizon-1, fixture-aware)",4,false,2021-22,2020-21,6,33,5,false,1901,1697,46,3,57.60606060606061,51.42424242424242,,,,,,,1703,51.60606060606061,1488,45.09090909090909,31,0,,,1.4193548387096775,31,35,20,7,23,0,,,,,,13,9,9,15,62.73011585944715,50.8481427127774,0,0,0,,,,0,0,0,,,,0,,,,61,61,61,61,0,0,0,0,0,0,,,,,,,,,,,1717.4237818225079,52.04314490371236,1999.2474423858873,60.58325582987538,,55,ed57ca1f3812,-,none
TestDiagWildcardLookaheadTrigger#1,1787766840-1864557,"lookahead value > 55 (horizon-1, fixture-aware)",4,false,2022-23,2021-22,6,33,5,false,1857,1561,31,1,56.27272727272727,47.303030303030305,,,,,,,1500,45.45454545454545,1372,41.57575757575758,32,0,,,2.78125,32,31,14,10,3,0,,,,,,13,13,13,,,,0,0,0,,,,0,0,0,,,,0,,,,42,22,42,16,0,0,0,0,0,0,,,,,,,,,,,1550.0004339075806,46.969710118411534,1882.200283812387,57.036372236739,,55,9193eb4c0665,-,none
TestDiagWildcardLookaheadTrigger#1,1787766840-1864557,"lookahead value > 55 (horizon-1, fixture-aware)",4,false,2023-24,2022-23,6,33,5,false,2028,1724,32,0,61.45454545454545,52.24242424242424,,,,,,,1702,51.57575757575758,1484,44.96969696969697,32,0,,,1.75,32,32,15,10,15,0,,,,,,13,13,13,,,,0,0,0,,,,0,0,0,,,,0,,,,23,21,21,21,0,0,0,0,0,0,,,,,,,,,,,1721.7944263935356,52.175588678591986,2068.906453401842,62.69413495157097,,55,a4cd558c8a6c,-,none
TestDiagWildcardLookaheadTrigger#1,1787766840-1864557,"lookahead value > 55 (horizon-1, fixture-aware)",4,false,2024-25,2023-24,6,33,5,false,1949,1744,32,1,59.06060606060606,52.84848484848485,,,,,,,1641,49.72727272727273,1485,45,32,0,,,1.625,32,32,14,6,17,0,,,,,,13,13,13,,,,0,0,0,,,,0,0,0,,,,0,,,,10,10,10,10,0,0,0,0,0,0,,,,,,,,,,,1754.9002266108062,53.17879474578201,2013.2192781406022,61.00664479213946,,55,7d06f846b27d,-,none
TestDiagWildcardLookaheadTrigger#1,1787766840-1864557,"lookahead value > 55 (horizon-1, fixture-aware)",4,false,2025-26,2024-25,6,33,5,false,1957,1743,37,1,59.303030303030305,52.81818181818182,,,,,,,1663,50.39393939393939,1547,46.878787878787875,31,0,,,2.6129032258064515,31,31,7,10,-2,0,,,,,,13,12,12,18,21.583955173706528,13.035208393039067,0,0,0,,,,0,0,0,,,,0,,,,10,10,10,10,0,0,0,0,0,0,,,,,,,,,,,1697.4225268293555,51.43704626755623,1890.2059429879682,57.27896796933237,,55,135d9da53c17,-,none
TestDiagWildcardLookaheadTrigger#1,1787766840-1864557,"lookahead value > 55 (horizon-1, fixture-aware)",4,false,2020-21,2019-20,11,28,5,false,1507,1208,29,3,53.82142857142857,43.142857142857146,,,,,,,1203,42.964285714285715,1039,37.107142857142854,27,0,,,1.4074074074074074,27,29,8,10,-5,0,,,,,,8,8,8,,,,0,0,0,,,,0,0,0,,,,0,,,,43,38,43,38,0,0,0,0,0,0,,,,,,,,,,,1319.6548051841444,47.13052875657659,1565.4144829013403,55.9076601036193,,55,5babbe645ffb,-,none
TestDiagWildcardLookaheadTrigger#1,1787766840-1864557,"lookahead value > 55 (horizon-1, fixture-aware)",4,false,2021-22,2020-21,11,28,5,false,1645,1630,30,2,58.75,58.214285714285715,,,,,,,1658,59.214285714285715,1470,52.5,27,0,,,1.3333333333333333,27,30,14,7,17,0,,,,,,8,8,8,,,,0,0,0,,,,0,0,0,,,,0,,,,61,61,61,59,0,0,0,0,0,0,,,,,,,,,,,1616.204129636625,57.7215760584509,1692.4168502789776,60.44345893853491,,55,0e0b223ab713,-,none
TestDiagWildcardLookaheadTrigger#1,1787766840-1864557,"lookahead value > 55 (horizon-1, fixture-aware)",4,false,2022-23,2021-22,11,28,5,false,1669,1555,29,2,59.607142857142854,55.535714285714285,,,,,,,1494,53.357142857142854,1371,48.964285714285715,27,0,,,2.111111111111111,27,29,11,5,14,0,,,,,,8,8,8,,,,0,0,0,,,,0,0,0,,,,0,,,,42,16,42,14,0,0,0,0,0,0,,,,,,,,,,,1523.4456911914474,54.40877468540884,1664.4980602745743,59.44635929552051,,55,57dcb8c18a3d,-,none
TestDiagWildcardLookaheadTrigger#1,1787766840-1864557,"lookahead value > 55 (horizon-1, fixture-aware)",4,false,2023-24,2022-23,11,28,5,false,1671,1428,27,0,59.67857142857143,51,,,,,,,1405,50.17857142857143,1247,44.535714285714285,27,0,,,1.5925925925925926,27,27,12,3,14,0,,,,,,8,8,8,,,,0,0,0,,,,0,0,0,,,,0,,,,21,21,21,21,0,0,0,0,0,0,,,,,,,,,,,1416.7846694489685,50.5994524803203,1690.5178904222812,60.3756389436529,,55,2a84996b516a,-,none
TestDiagWildcardLookaheadTrigger#1,1787766840-1864557,"lookahead value > 55 (horizon-1, fixture-aware)",4,false,2024-25,2023-24,11,28,5,false,1825,1681,28,2,65.17857142857143,60.035714285714285,,,,,,,1681,60.035714285714285,1412,50.42857142857143,27,0,,,1.4074074074074074,27,28,12,11,4,0,,,,,,8,8,8,,,,0,0,0,,,,0,0,0,,,,0,,,,10,10,10,8,0,0,0,0,0,0,,,,,,,,,,,1648.6369668324785,58.87989167258852,1747.476383906812,62.409870853814716,,55,a6e9f92d83f6,-,none
TestDiagWildcardLookaheadTrigger#1,1787766840-1864557,"lookahead value > 55 (horizon-1, fixture-aware)",4,false,2025-26,2024-25,11,28,5,false,1576,1444,35,0,56.285714285714285,51.57142857142857,,,,,,,1416,50.57142857142857,1259,44.964285714285715,26,0,,,2.1923076923076925,26,26,7,9,-5,0,,,,,,8,7,7,18,30.96945032838309,13.035208393039067,0,0,0,,,,0,0,0,,,,0,,,,10,10,10,10,0,0,0,0,0,0,,,,,,,,,,,1420.3707344105421,50.72752622894793,1552.7408515686345,55.45503041316552,,55,71a4b81a55e0,-,none
TestDiagWildcardLookaheadTrigger#1,1787766840-1864557,"lookahead value > 55 (horizon-1, fixture-aware)",4,false,2020-21,2019-20,16,23,5,false,1293,1135,22,1,56.21739130434783,49.34782608695652,,,,,,,1101,47.869565217391305,988,42.95652173913044,22,0,,,1.3181818181818181,22,22,6,9,-7,0,,,,,,3,3,3,,,,0,0,0,,,,0,0,0,,,,0,,,,43,34,32,23,0,0,0,0,0,0,,,,,,,,,,,1145.8522005436278,49.81966089320121,1314.4713011660847,57.15092613765586,,55,d978f64ccb97,-,none
TestDiagWildcardLookaheadTrigger#1,1787766840-1864557,"lookahead value > 55 (horizon-1, fixture-aware)",4,false,2021-22,2020-21,16,23,5,false,1335,1219,24,2,58.04347826086956,53,,,,,,,1237,53.78260869565217,1112,48.34782608695652,22,0,,,1.2272727272727273,22,24,13,6,8,0,,,,,,3,3,3,,,,0,0,0,,,,0,0,0,,,,0,,,,61,57,61,27,0,0,0,0,0,0,,,,,,,,,,,1287.3516603457401,55.97181131938,1412.008476541101,61.39167289309135,,55,a0c25dc6cfa4,-,none
TestDiagWildcardLookaheadTrigger#1,1787766840-1864557,"lookahead value > 55 (horizon-1, fixture-aware)",4,false,2022-23,2021-22,16,23,5,false,1310,1123,25,3,56.95652173913044,48.82608695652174,,,,,,,1062,46.17391304347826,955,41.52173913043478,22,0,,,1.4545454545454546,22,25,11,7,4,0,,,,,,3,3,3,,,,0,0,0,,,,0,0,0,,,,0,,,,42,14,36,14,0,0,0,0,0,0,,,,,,,,,,,1117.893865843038,48.60408112361034,1369.7578562779324,59.554689403388366,,55,1820c2242a5e,-,none
TestDiagWildcardLookaheadTrigger#1,1787766840-1864557,"lookahead value > 55 (horizon-1, fixture-aware)",4,false,2023-24,2022-23,16,23,5,false,1431,1085,23,2,62.21739130434783,47.17391304347826,,,,,,,1085,47.17391304347826,934,40.608695652173914,22,0,,,1.5,22,23,10,4,12,0,,,,,,3,3,3,,,,0,0,0,,,,0,0,0,,,,0,,,,21,21,21,17,0,0,0,0,0,0,,,,,,,,,,,1100.0328547404902,47.82751542349957,1418.4170182454768,61.67030514110769,,55,291eebc880a2,-,none
TestDiagWildcardLookaheadTrigger#1,1787766840-1864557,"lookahead value > 55 (horizon-1, fixture-aware)",4,false,2024-25,2023-24,16,23,5,false,1490,1367,20,1,64.78260869565217,59.43478260869565,,,,,,,1367,59.43478260869565,1174,51.04347826086956,22,0,,,2.590909090909091,22,20,7,4,6,0,,,,,,3,3,3,,,,0,0,0,,,,0,0,0,,,,0,,,,10,8,10,8,0,0,0,0,0,0,,,,,,,,,,,1409.2322184264299,61.27096601854043,1489.5237797628822,64.7619034679514,,55,0a92238fc17e,-,none
TestDiagWildcardLookaheadTrigger#1,1787766840-1864557,"lookahead value > 55 (horizon-1, fixture-aware)",4,false,2025-26,2024-25,16,23,5,false,1299,1307,25,0,56.47826086956522,56.82608695652174,,,,,,,1308,56.869565217391305,1146,49.82608695652174,21,0,,,3.0952380952380953,21,18,4,6,-5,0,,,,,,3,3,3,19,24.974021431995453,0,0,0,0,,,,0,0,0,,,,0,,,,10,10,10,10,0,0,0,0,0,0,,,,,,,,,,,1247.0166669781659,54.21811595557243,1249.3511194371326,54.319613888570984,,55,439f261a429b,-,none
TestDiagWildcardLookaheadTrigger#1,1787766840-1864557,"lookahead value > 55 (horizon-1, fixture-aware)",4,false,2020-21,2019-20,21,18,5,false,952,865,17,1,52.888888888888886,48.05555555555556,,,,,,,886,49.22222222222222,768,42.666666666666664,17,0,,,1.4705882352941178,17,17,5,7,-5,0,,,,,,0,0,0,,,,0,0,0,,,,0,0,0,,,,0,,,,32,23,26,23,0,0,0,0,0,0,,,,,,,,,,,895.3437728580975,49.74132071433875,1002.6949292477597,55.70527384709776,,55,dc98d0376744,-,none
TestDiagWildcardLookaheadTrigger#1,1787766840-1864557,"lookahead value > 55 (horizon-1, fixture-aware)",4,false,2021-22,2020-21,21,18,5,false,1035,928,24,6,57.5,51.55555555555556,,,,,,,946,52.55555555555556,839,46.611111111111114,17,0,,,1.1764705882352942,17,24,9,7,3,0,,,,,,0,0,0,,,,0,0,0,,,,0,0,0,,,,0,,,,59,25,51,19,0,0,0,0,0,0,,,,,,,,,,,978.9518706549641,54.38621503638689,1073.8191078844893,59.65661710469385,,55,17afedb0c8fd,-,none
TestDiagWildcardLookaheadTrigger#1,1787766840-1864557,"lookahead value > 55 (horizon-1, fixture-aware)",4,false,2022-23,2021-22,21,18,5,false,1162,1147,15,0,64.55555555555556,63.72222222222222,,,,,,,1143,63.5,998,55.44444444444444,17,0,,,2.3529411764705883,17,15,6,4,4,0,,,,,,0,0,0,,,,0,0,0,,,,0,0,0,,,,0,,,,36,14,28,10,0,0,0,0,0,0,,,,,,,,,,,1135.4096454671374,63.07831363706319,1142.2210244114244,63.456723578412465,,55,bf48ca67ee37,-,none
TestDiagWildcardLookaheadTrigger#1,1787766840-1864557,"lookahead value > 55 (horizon-1, fixture-aware)",4,false,2023-24,2022-23,21,18,5,false,1150,964,17,0,63.888888888888886,53.55555555555556,,,,,,,954,53,845,46.94444444444444,17,0,,,1.411764705882353,17,17,9,3,5,0,,,,,,0,0,0,,,,0,0,0,,,,0,0,0,,,,0,,,,21,17,17,17,0,0,0,0,0,0,,,,,,,,,,,996.2801720475503,55.34889844708613,1160.2729542003817,64.45960856668788,,55,a39e1a72098e,-,none
TestDiagWildcardLookaheadTrigger#1,1787766840-1864557,"lookahead value > 55 (horizon-1, fixture-aware)",4,false,2024-25,2023-24,21,18,5,false,1063,956,17,1,59.05555555555556,53.111111111111114,,,,,,,956,53.111111111111114,821,45.611111111111114,17,0,,,1.588235294117647,17,17,11,3,12,0,,,,,,0,0,0,,,,0,0,0,,,,0,0,0,,,,0,,,,10,8,6,8,0,0,0,0,0,0,,,,,,,,,,,978.7329286819744,54.37405159344302,1082.0968360156246,60.116490889756925,,55,606dfdefbccb,-,none
TestDiagWildcardLookaheadTrigger#1,1787766840-1864557,"lookahead value > 55 (horizon-1, fixture-aware)",4,false,2025-26,2024-25,21,18,5,false,1073,942,16,1,59.611111111111114,52.333333333333336,,,,,,,927,51.5,841,46.72222222222222,17,0,,,2.411764705882353,17,16,6,7,-5,0,,,,,,0,0,0,,,,0,0,0,,,,0,0,0,,,,0,,,,10,10,10,10,0,0,0,0,0,0,,,,,,,,,,,912.9456155568754,50.71920086427085,1004.9855610763206,55.8325311709067,,55,73261d35b823,-,none
TestDiagWildcardLookaheadTrigger#1,1787766840-1864557,"lookahead value > 55 (horizon-1, fixture-aware)",4,false,2020-21,2019-20,26,13,5,false,695,626,12,0,53.46153846153846,48.15384615384615,,,,,,,634,48.76923076923077,567,43.61538461538461,12,0,,,1.25,12,12,7,3,1,0,,,,,,0,0,0,,,,0,0,0,,,,0,0,0,,,,0,,,,12,23,10,11,0,0,0,0,0,0,,,,,,,,,,,659.8771559423692,50.759781226336095,741.2028518948778,57.01560399191367,,55,5fce185dc3f5,-,none
TestDiagWildcardLookaheadTrigger#1,1787766840-1864557,"lookahead value > 55 (horizon-1, fixture-aware)",4,false,2021-22,2020-21,26,13,5,false,756,637,16,5,58.15384615384615,49,,,,,,,642,49.38461538461539,573,44.07692307692308,12,0,,,1.1666666666666667,12,16,9,2,7,0,,,,,,0,0,0,,,,0,0,0,,,,0,0,0,,,,0,,,,43,19,28,4,0,0,0,0,0,0,,,,,,,,,,,643.906825351017,49.53129425777054,785.521467902337,60.42472830017977,,55,84591047a9e2,-,none
TestDiagWildcardLookaheadTrigger#1,1787766840-1864557,"lookahead value > 55 (horizon-1, fixture-aware)",4,false,2022-23,2021-22,26,13,5,false,865,802,10,0,66.53846153846153,61.69230769230769,,,,,,,798,61.38461538461539,686,52.76923076923077,12,0,,,2.8333333333333335,12,10,4,2,3,0,,,,,,0,0,0,,,,0,0,0,,,,0,0,0,,,,0,,,,28,10,12,4,0,0,0,0,0,0,,,,,,,,,,,809.8085824213479,62.29296787856522,871.7146868733893,67.05497591333764,,55,519e8636fe01,-,none
TestDiagWildcardLookaheadTrigger#1,1787766840-1864557,"lookahead value > 55 (horizon-1, fixture-aware)",4,false,2023-24,2022-23,26,13,5,false,828,617,11,0,63.69230769230769,47.46153846153846,,,,,,,619,47.61538461538461,548,42.15384615384615,12,0,,,1.5,12,11,5,2,6,0,,,,,,0,0,0,,,,0,0,0,,,,0,0,0,,,,0,,,,17,13,15,1,0,0,0,0,0,0,,,,,,,,,,,637.2043322278133,49.01571786367795,786.8575673226669,60.52750517866669,,55,d725094b2efe,-,none
TestDiagWildcardLookaheadTrigger#1,1787766840-1864557,"lookahead value > 55 (horizon-1, fixture-aware)",4,false,2024-25,2023-24,26,13,5,false,669,692,13,1,51.46153846153846,53.23076923076923,,,,,,,692,53.23076923076923,619,47.61538461538461,12,0,,,1.4166666666666667,12,13,9,3,7,0,,,,,,0,0,0,,,,0,0,0,,,,0,0,0,,,,0,,,,6,8,6,4,0,0,0,0,0,0,,,,,,,,,,,728.9946771610494,56.076513627773025,726.4666422242051,55.88204940186193,,55,685eecb0cbdb,-,none
TestDiagWildcardLookaheadTrigger#1,1787766840-1864557,"lookahead value > 55 (horizon-1, fixture-aware)",4,false,2025-26,2024-25,26,13,5,false,782,756,9,0,60.15384615384615,58.15384615384615,,,,,,,757,58.23076923076923,655,50.38461538461539,12,0,,,1.8333333333333333,12,9,2,5,-7,0,,,,,,0,0,0,,,,0,0,0,,,,0,0,0,,,,0,,,,8,10,8,10,0,0,0,0,0,0,,,,,,,,,,,710.1237686554032,54.62490528118486,725.7808375036395,55.82929519258766,,55,32f63ab9f3ba,-,none
TestDiagWildcardLookaheadTrigger#1,1787766840-1864557,"lookahead value > 70 (horizon-1, fixture-aware)",5,false,2020-21,2019-20,1,38,5,false,1946,1628,45,8,51.21052631578947,42.8421052631579,,,,,,,1628,42.8421052631579,1388,36.526315789473685,37,0,,,1.1081081081081081,33,40,18,12,7,0,,,,,,18,18,18,,,,0,0,0,,,,0,0,0,,,,0,,,,43,40,43,40,0,0,0,0,0,0,,,,,,,,,,,1613.0156880372417,42.44778126413794,1965.5285459142312,51.72443541879556,,55,98b82c09e797,-,none
TestDiagWildcardLookaheadTrigger#1,1787766840-1864557,"lookahead value > 70 (horizon-1, fixture-aware)",5,false,2021-22,2020-21,1,38,5,false,2216,1942,43,5,58.31578947368421,51.10526315789474,,,,,,,1987,52.28947368421053,1692,44.526315789473685,37,0,,,1.2432432432432432,33,38,17,8,16,0,,,,,,18,18,18,,,,0,0,0,,,,0,0,0,,,,0,,,,61,61,61,61,0,0,0,0,0,0,,,,,,,,,,,1925.730264990003,50.67711223657903,2268.3085647754,59.692330651984214,,55,2ee4dc9e44a7,-,none
TestDiagWildcardLookaheadTrigger#1,1787766840-1864557,"lookahead value > 70 (horizon-1, fixture-aware)",5,false,2022-23,2021-22,1,38,5,false,2054,1857,38,1,54.05263157894737,48.86842105263158,,,,,,,1855,48.81578947368421,1607,42.28947368421053,37,0,,,1.4054054054054055,33,33,13,7,11,0,,,,,,18,18,18,,,,0,0,0,,,,0,0,0,,,,0,,,,42,22,42,22,0,0,0,0,0,0,,,,,,,,,,,1880.4174544158348,49.48466985304828,2103.2326976833106,55.34822888640291,,55,daf912cff2eb,-,none
TestDiagWildcardLookaheadTrigger#1,1787766840-1864557,"lookahead value > 70 (horizon-1, fixture-aware)",5,false,2023-24,2022-23,1,38,5,false,2375,1806,40,3,62.5,47.526315789473685,,,,,,,1780,46.8421052631579,1569,41.28947368421053,37,0,,,1.6486486486486487,33,36,16,9,13,0,,,,,,18,18,18,,,,0,0,0,,,,0,0,0,,,,0,,,,23,23,23,21,0,0,0,0,0,0,,,,,,,,,,,1847.281228959663,48.61266391999113,2307.612822714298,60.72665322932363,,55,7df5f95f1759,-,none
TestDiagWildcardLookaheadTrigger#1,1787766840-1864557,"lookahead value > 70 (horizon-1, fixture-aware)",5,false,2024-25,2023-24,1,38,5,false,2448,1908,34,2,64.42105263157895,50.21052631578947,,,,,,,1890,49.73684210526316,1708,44.94736842105263,37,0,,,2.054054054054054,33,29,13,9,6,0,,,,,,18,18,18,,,,0,0,0,,,,0,0,0,,,,0,,,,10,10,10,10,0,0,0,0,0,0,,,,,,,,,,,1984.839567078322,52.23262018627163,2342.6271800092795,61.648083684454726,,55,d0f719155ebc,-,none
TestDiagWildcardLookaheadTrigger#1,1787766840-1864557,"lookahead value > 70 (horizon-1, fixture-aware)",5,false,2025-26,2024-25,1,38,5,false,2174,1523,45,1,57.21052631578947,40.078947368421055,,,,,,,1529,40.23684210526316,1375,36.18421052631579,36,0,,,1.2222222222222223,32,33,10,7,1,0,,,,,,18,17,17,18,24.739130690055894,16.59026522750427,0,0,0,,,,0,0,0,,,,0,,,,10,10,10,10,0,0,0,0,0,0,,,,,,,,,,,1583.8646329653097,41.680648235929205,2099.2943791228163,55.24458892428464,,55,cdb305de770a,-,none
TestDiagWildcardLookaheadTrigger#1,1787766840-1864557,"lookahead value > 70 (horizon-1, fixture-aware)",5,false,2020-21,2019-20,6,33,5,false,1721,1564,37,5,52.15151515151515,47.39393939393939,,,,,,,1556,47.15151515151515,1364,41.333333333333336,32,0,,,1.21875,32,37,9,12,-6,0,,,,,,13,13,13,,,,0,0,0,,,,0,0,0,,,,0,,,,43,40,43,40,0,0,0,0,0,0,,,,,,,,,,,1607.8659884381584,48.72321177085328,1743.5837423434823,52.835870980105526,,55,e4f19b098970,-,none
TestDiagWildcardLookaheadTrigger#1,1787766840-1864557,"lookahead value > 70 (horizon-1, fixture-aware)",5,false,2021-22,2020-21,6,33,5,false,1973,1697,38,6,59.78787878787879,51.42424242424242,,,,,,,1703,51.60606060606061,1488,45.09090909090909,32,0,,,1.3125,32,38,16,9,14,0,,,,,,13,13,13,,,,0,0,0,,,,0,0,0,,,,0,,,,61,61,61,61,0,0,0,0,0,0,,,,,,,,,,,1717.4237818225079,52.04314490371236,2009.925201175407,60.906824278042635,,55,ed57ca1f3812,-,none
TestDiagWildcardLookaheadTrigger#1,1787766840-1864557,"lookahead value > 70 (horizon-1, fixture-aware)",5,false,2022-23,2021-22,6,33,5,false,1857,1561,31,1,56.27272727272727,47.303030303030305,,,,,,,1500,45.45454545454545,1372,41.57575757575758,32,0,,,2.78125,32,31,14,10,3,0,,,,,,13,13,13,,,,0,0,0,,,,0,0,0,,,,0,,,,42,22,42,16,0,0,0,0,0,0,,,,,,,,,,,1550.0004339075806,46.969710118411534,1882.200283812387,57.036372236739,,55,9193eb4c0665,-,none
TestDiagWildcardLookaheadTrigger#1,1787766840-1864557,"lookahead value > 70 (horizon-1, fixture-aware)",5,false,2023-24,2022-23,6,33,5,false,2028,1724,32,0,61.45454545454545,52.24242424242424,,,,,,,1702,51.57575757575758,1484,44.96969696969697,32,0,,,1.75,32,32,15,10,15,0,,,,,,13,13,13,,,,0,0,0,,,,0,0,0,,,,0,,,,23,21,21,21,0,0,0,0,0,0,,,,,,,,,,,1721.7944263935356,52.175588678591986,2068.906453401842,62.69413495157097,,55,a4cd558c8a6c,-,none
TestDiagWildcardLookaheadTrigger#1,1787766840-1864557,"lookahead value > 70 (horizon-1, fixture-aware)",5,false,2024-25,2023-24,6,33,5,false,1949,1744,32,1,59.06060606060606,52.84848484848485,,,,,,,1641,49.72727272727273,1485,45,32,0,,,1.625,32,32,14,6,17,0,,,,,,13,13,13,,,,0,0,0,,,,0,0,0,,,,0,,,,10,10,10,10,0,0,0,0,0,0,,,,,,,,,,,1754.9002266108062,53.17879474578201,2013.2192781406022,61.00664479213946,,55,7d06f846b27d,-,none
TestDiagWildcardLookaheadTrigger#1,1787766840-1864557,"lookahead value > 70 (horizon-1, fixture-aware)",5,false,2025-26,2024-25,6,33,5,false,1957,1743,37,1,59.303030303030305,52.81818181818182,,,,,,,1663,50.39393939393939,1547,46.878787878787875,31,0,,,2.6129032258064515,31,31,7,10,-2,0,,,,,,13,12,12,18,21.583955173706528,16.59026522750427,0,0,0,,,,0,0,0,,,,0,,,,10,10,10,10,0,0,0,0,0,0,,,,,,,,,,,1697.4225268293555,51.43704626755623,1890.2059429879682,57.27896796933237,,55,135d9da53c17,-,none
TestDiagWildcardLookaheadTrigger#1,1787766840-1864557,"lookahead value > 70 (horizon-1, fixture-aware)",5,false,2020-21,2019-20,11,28,5,false,1507,1208,29,3,53.82142857142857,43.142857142857146,,,,,,,1203,42.964285714285715,1039,37.107142857142854,27,0,,,1.4074074074074074,27,29,8,10,-5,0,,,,,,8,8,8,,,,0,0,0,,,,0,0,0,,,,0,,,,43,38,43,38,0,0,0,0,0,0,,,,,,,,,,,1319.6548051841444,47.13052875657659,1565.4144829013403,55.9076601036193,,55,5babbe645ffb,-,none
TestDiagWildcardLookaheadTrigger#1,1787766840-1864557,"lookahead value > 70 (horizon-1, fixture-aware)",5,false,2021-22,2020-21,11,28,5,false,1645,1630,30,2,58.75,58.214285714285715,,,,,,,1658,59.214285714285715,1470,52.5,27,0,,,1.3333333333333333,27,30,14,7,17,0,,,,,,8,8,8,,,,0,0,0,,,,0,0,0,,,,0,,,,61,61,61,59,0,0,0,0,0,0,,,,,,,,,,,1616.204129636625,57.7215760584509,1692.4168502789776,60.44345893853491,,55,0e0b223ab713,-,none
TestDiagWildcardLookaheadTrigger#1,1787766840-1864557,"lookahead value > 70 (horizon-1, fixture-aware)",5,false,2022-23,2021-22,11,28,5,false,1669,1555,29,2,59.607142857142854,55.535714285714285,,,,,,,1494,53.357142857142854,1371,48.964285714285715,27,0,,,2.111111111111111,27,29,11,5,14,0,,,,,,8,8,8,,,,0,0,0,,,,0,0,0,,,,0,,,,42,16,42,14,0,0,0,0,0,0,,,,,,,,,,,1523.4456911914474,54.40877468540884,1664.4980602745743,59.44635929552051,,55,57dcb8c18a3d,-,none
TestDiagWildcardLookaheadTrigger#1,1787766840-1864557,"lookahead value > 70 (horizon-1, fixture-aware)",5,false,2023-24,2022-23,11,28,5,false,1671,1428,27,0,59.67857142857143,51,,,,,,,1405,50.17857142857143,1247,44.535714285714285,27,0,,,1.5925925925925926,27,27,12,3,14,0,,,,,,8,8,8,,,,0,0,0,,,,0,0,0,,,,0,,,,21,21,21,21,0,0,0,0,0,0,,,,,,,,,,,1416.7846694489685,50.5994524803203,1690.5178904222812,60.3756389436529,,55,2a84996b516a,-,none
TestDiagWildcardLookaheadTrigger#1,1787766840-1864557,"lookahead value > 70 (horizon-1, fixture-aware)",5,false,2024-25,2023-24,11,28,5,false,1825,1681,28,2,65.17857142857143,60.035714285714285,,,,,,,1681,60.035714285714285,1412,50.42857142857143,27,0,,,1.4074074074074074,27,28,12,11,4,0,,,,,,8,8,8,,,,0,0,0,,,,0,0,0,,,,0,,,,10,10,10,8,0,0,0,0,0,0,,,,,,,,,,,1648.6369668324785,58.87989167258852,1747.476383906812,62.409870853814716,,55,a6e9f92d83f6,-,none
TestDiagWildcardLookaheadTrigger#1,1787766840-1864557,"lookahead value > 70 (horizon-1, fixture-aware)",5,false,2025-26,2024-25,11,28,5,false,1576,1444,35,0,56.285714285714285,51.57142857142857,,,,,,,1416,50.57142857142857,1259,44.964285714285715,26,0,,,2.1923076923076925,26,26,7,9,-5,0,,,,,,8,7,7,18,30.96945032838309,16.59026522750427,0,0,0,,,,0,0,0,,,,0,,,,10,10,10,10,0,0,0,0,0,0,,,,,,,,,,,1420.3707344105421,50.72752622894793,1552.7408515686345,55.45503041316552,,55,71a4b81a55e0,-,none
TestDiagWildcardLookaheadTrigger#1,1787766840-1864557,"lookahead value > 70 (horizon-1, fixture-aware)",5,false,2020-21,2019-20,16,23,5,false,1293,1135,22,1,56.21739130434783,49.34782608695652,,,,,,,1101,47.869565217391305,988,42.95652173913044,22,0,,,1.3181818181818181,22,22,6,9,-7,0,,,,,,3,3,3,,,,0,0,0,,,,0,0,0,,,,0,,,,43,34,32,23,0,0,0,0,0,0,,,,,,,,,,,1145.8522005436278,49.81966089320121,1314.4713011660847,57.15092613765586,,55,d978f64ccb97,-,none
TestDiagWildcardLookaheadTrigger#1,1787766840-1864557,"lookahead value > 70 (horizon-1, fixture-aware)",5,false,2021-22,2020-21,16,23,5,false,1335,1219,24,2,58.04347826086956,53,,,,,,,1237,53.78260869565217,1112,48.34782608695652,22,0,,,1.2272727272727273,22,24,13,6,8,0,,,,,,3,3,3,,,,0,0,0,,,,0,0,0,,,,0,,,,61,57,61,27,0,0,0,0,0,0,,,,,,,,,,,1287.3516603457401,55.97181131938,1412.008476541101,61.39167289309135,,55,a0c25dc6cfa4,-,none
TestDiagWildcardLookaheadTrigger#1,1787766840-1864557,"lookahead value > 70 (horizon-1, fixture-aware)",5,false,2022-23,2021-22,16,23,5,false,1310,1123,25,3,56.95652173913044,48.82608695652174,,,,,,,1062,46.17391304347826,955,41.52173913043478,22,0,,,1.4545454545454546,22,25,11,7,4,0,,,,,,3,3,3,,,,0,0,0,,,,0,0,0,,,,0,,,,42,14,36,14,0,0,0,0,0,0,,,,,,,,,,,1117.893865843038,48.60408112361034,1369.7578562779324,59.554689403388366,,55,1820c2242a5e,-,none
TestDiagWildcardLookaheadTrigger#1,1787766840-1864557,"lookahead value > 70 (horizon-1, fixture-aware)",5,false,2023-24,2022-23,16,23,5,false,1431,1085,23,2,62.21739130434783,47.17391304347826,,,,,,,1085,47.17391304347826,934,40.608695652173914,22,0,,,1.5,22,23,10,4,12,0,,,,,,3,3,3,,,,0,0,0,,,,0,0,0,,,,0,,,,21,21,21,17,0,0,0,0,0,0,,,,,,,,,,,1100.0328547404902,47.82751542349957,1418.4170182454768,61.67030514110769,,55,291eebc880a2,-,none
TestDiagWildcardLookaheadTrigger#1,1787766840-1864557,"lookahead value > 70 (horizon-1, fixture-aware)",5,false,2024-25,2023-24,16,23,5,false,1490,1367,20,1,64.78260869565217,59.43478260869565,,,,,,,1367,59.43478260869565,1174,51.04347826086956,22,0,,,2.590909090909091,22,20,7,4,6,0,,,,,,3,3,3,,,,0,0,0,,,,0,0,0,,,,0,,,,10,8,10,8,0,0,0,0,0,0,,,,,,,,,,,1409.2322184264299,61.27096601854043,1489.5237797628822,64.7619034679514,,55,0a92238fc17e,-,none
TestDiagWildcardLookaheadTrigger#1,1787766840-1864557,"lookahead value > 70 (horizon-1, fixture-aware)",5,false,2025-26,2024-25,16,23,5,false,1299,1307,25,0,56.47826086956522,56.82608695652174,,,,,,,1308,56.869565217391305,1146,49.82608695652174,21,0,,,3.0952380952380953,21,18,4,6,-5,0,,,,,,3,3,3,19,24.974021431995453,0,0,0,0,,,,0,0,0,,,,0,,,,10,10,10,10,0,0,0,0,0,0,,,,,,,,,,,1247.0166669781659,54.21811595557243,1249.3511194371326,54.319613888570984,,55,439f261a429b,-,none
TestDiagWildcardLookaheadTrigger#1,1787766840-1864557,"lookahead value > 70 (horizon-1, fixture-aware)",5,false,2020-21,2019-20,21,18,5,false,952,865,17,1,52.888888888888886,48.05555555555556,,,,,,,886,49.22222222222222,768,42.666666666666664,17,0,,,1.4705882352941178,17,17,5,7,-5,0,,,,,,0,0,0,,,,0,0,0,,,,0,0,0,,,,0,,,,32,23,26,23,0,0,0,0,0,0,,,,,,,,,,,895.3437728580975,49.74132071433875,1002.6949292477597,55.70527384709776,,55,dc98d0376744,-,none
TestDiagWildcardLookaheadTrigger#1,1787766840-1864557,"lookahead value > 70 (horizon-1, fixture-aware)",5,false,2021-22,2020-21,21,18,5,false,1035,928,24,6,57.5,51.55555555555556,,,,,,,946,52.55555555555556,839,46.611111111111114,17,0,,,1.1764705882352942,17,24,9,7,3,0,,,,,,0,0,0,,,,0,0,0,,,,0,0,0,,,,0,,,,59,25,51,19,0,0,0,0,0,0,,,,,,,,,,,978.9518706549641,54.38621503638689,1073.8191078844893,59.65661710469385,,55,17afedb0c8fd,-,none
TestDiagWildcardLookaheadTrigger#1,1787766840-1864557,"lookahead value > 70 (horizon-1, fixture-aware)",5,false,2022-23,2021-22,21,18,5,false,1162,1147,15,0,64.55555555555556,63.72222222222222,,,,,,,1143,63.5,998,55.44444444444444,17,0,,,2.3529411764705883,17,15,6,4,4,0,,,,,,0,0,0,,,,0,0,0,,,,0,0,0,,,,0,,,,36,14,28,10,0,0,0,0,0,0,,,,,,,,,,,1135.4096454671374,63.07831363706319,1142.2210244114244,63.456723578412465,,55,bf48ca67ee37,-,none
TestDiagWildcardLookaheadTrigger#1,1787766840-1864557,"lookahead value > 70 (horizon-1, fixture-aware)",5,false,2023-24,2022-23,21,18,5,false,1150,964,17,0,63.888888888888886,53.55555555555556,,,,,,,954,53,845,46.94444444444444,17,0,,,1.411764705882353,17,17,9,3,5,0,,,,,,0,0,0,,,,0,0,0,,,,0,0,0,,,,0,,,,21,17,17,17,0,0,0,0,0,0,,,,,,,,,,,996.2801720475503,55.34889844708613,1160.2729542003817,64.45960856668788,,55,a39e1a72098e,-,none
TestDiagWildcardLookaheadTrigger#1,1787766840-1864557,"lookahead value > 70 (horizon-1, fixture-aware)",5,false,2024-25,2023-24,21,18,5,false,1063,956,17,1,59.05555555555556,53.111111111111114,,,,,,,956,53.111111111111114,821,45.611111111111114,17,0,,,1.588235294117647,17,17,11,3,12,0,,,,,,0,0,0,,,,0,0,0,,,,0,0,0,,,,0,,,,10,8,6,8,0,0,0,0,0,0,,,,,,,,,,,978.7329286819744,54.37405159344302,1082.0968360156246,60.116490889756925,,55,606dfdefbccb,-,none
TestDiagWildcardLookaheadTrigger#1,1787766840-1864557,"lookahead value > 70 (horizon-1, fixture-aware)",5,false,2025-26,2024-25,21,18,5,false,1073,942,16,1,59.611111111111114,52.333333333333336,,,,,,,927,51.5,841,46.72222222222222,17,0,,,2.411764705882353,17,16,6,7,-5,0,,,,,,0,0,0,,,,0,0,0,,,,0,0,0,,,,0,,,,10,10,10,10,0,0,0,0,0,0,,,,,,,,,,,912.9456155568754,50.71920086427085,1004.9855610763206,55.8325311709067,,55,73261d35b823,-,none
TestDiagWildcardLookaheadTrigger#1,1787766840-1864557,"lookahead value > 70 (horizon-1, fixture-aware)",5,false,2020-21,2019-20,26,13,5,false,695,626,12,0,53.46153846153846,48.15384615384615,,,,,,,634,48.76923076923077,567,43.61538461538461,12,0,,,1.25,12,12,7,3,1,0,,,,,,0,0,0,,,,0,0,0,,,,0,0,0,,,,0,,,,12,23,10,11,0,0,0,0,0,0,,,,,,,,,,,659.8771559423692,50.759781226336095,741.2028518948778,57.01560399191367,,55,5fce185dc3f5,-,none
TestDiagWildcardLookaheadTrigger#1,1787766840-1864557,"lookahead value > 70 (horizon-1, fixture-aware)",5,false,2021-22,2020-21,26,13,5,false,756,637,16,5,58.15384615384615,49,,,,,,,642,49.38461538461539,573,44.07692307692308,12,0,,,1.1666666666666667,12,16,9,2,7,0,,,,,,0,0,0,,,,0,0,0,,,,0,0,0,,,,0,,,,43,19,28,4,0,0,0,0,0,0,,,,,,,,,,,643.906825351017,49.53129425777054,785.521467902337,60.42472830017977,,55,84591047a9e2,-,none
TestDiagWildcardLookaheadTrigger#1,1787766840-1864557,"lookahead value > 70 (horizon-1, fixture-aware)",5,false,2022-23,2021-22,26,13,5,false,865,802,10,0,66.53846153846153,61.69230769230769,,,,,,,798,61.38461538461539,686,52.76923076923077,12,0,,,2.8333333333333335,12,10,4,2,3,0,,,,,,0,0,0,,,,0,0,0,,,,0,0,0,,,,0,,,,28,10,12,4,0,0,0,0,0,0,,,,,,,,,,,809.8085824213479,62.29296787856522,871.7146868733893,67.05497591333764,,55,519e8636fe01,-,none
TestDiagWildcardLookaheadTrigger#1,1787766840-1864557,"lookahead value > 70 (horizon-1, fixture-aware)",5,false,2023-24,2022-23,26,13,5,false,828,617,11,0,63.69230769230769,47.46153846153846,,,,,,,619,47.61538461538461,548,42.15384615384615,12,0,,,1.5,12,11,5,2,6,0,,,,,,0,0,0,,,,0,0,0,,,,0,0,0,,,,0,,,,17,13,15,1,0,0,0,0,0,0,,,,,,,,,,,637.2043322278133,49.01571786367795,786.8575673226669,60.52750517866669,,55,d725094b2efe,-,none
TestDiagWildcardLookaheadTrigger#1,1787766840-1864557,"lookahead value > 70 (horizon-1, fixture-aware)",5,false,2024-25,2023-24,26,13,5,false,669,692,13,1,51.46153846153846,53.23076923076923,,,,,,,692,53.23076923076923,619,47.61538461538461,12,0,,,1.4166666666666667,12,13,9,3,7,0,,,,,,0,0,0,,,,0,0,0,,,,0,0,0,,,,0,,,,6,8,6,4,0,0,0,0,0,0,,,,,,,,,,,728.9946771610494,56.076513627773025,726.4666422242051,55.88204940186193,,55,685eecb0cbdb,-,none
TestDiagWildcardLookaheadTrigger#1,1787766840-1864557,"lookahead value > 70 (horizon-1, fixture-aware)",5,false,2025-26,2024-25,26,13,5,false,782,756,9,0,60.15384615384615,58.15384615384615,,,,,,,757,58.23076923076923,655,50.38461538461539,12,0,,,1.8333333333333333,12,9,2,5,-7,0,,,,,,0,0,0,,,,0,0,0,,,,0,0,0,,,,0,,,,8,10,8,10,0,0,0,0,0,0,,,,,,,,,,,710.1237686554032,54.62490528118486,725.7808375036395,55.82929519258766,,55,32f63ab9f3ba,-,none
TestDiagWildcardLookaheadTrigger#1,1787766840-1864557,"lookahead value > 85 (horizon-1, fixture-aware)",6,false,2020-21,2019-20,1,38,5,false,1946,1628,45,8,51.21052631578947,42.8421052631579,,,,,,,1628,42.8421052631579,1388,36.526315789473685,37,0,,,1.1081081081081081,33,40,18,12,7,0,,,,,,18,18,18,,,,0,0,0,,,,0,0,0,,,,0,,,,43,40,43,40,0,0,0,0,0,0,,,,,,,,,,,1613.0156880372417,42.44778126413794,1965.5285459142312,51.72443541879556,,55,98b82c09e797,-,none
TestDiagWildcardLookaheadTrigger#1,1787766840-1864557,"lookahead value > 85 (horizon-1, fixture-aware)",6,false,2021-22,2020-21,1,38,5,false,2216,1942,43,5,58.31578947368421,51.10526315789474,,,,,,,1987,52.28947368421053,1692,44.526315789473685,37,0,,,1.2432432432432432,33,38,17,8,16,0,,,,,,18,18,18,,,,0,0,0,,,,0,0,0,,,,0,,,,61,61,61,61,0,0,0,0,0,0,,,,,,,,,,,1925.730264990003,50.67711223657903,2268.3085647754,59.692330651984214,,55,2ee4dc9e44a7,-,none
TestDiagWildcardLookaheadTrigger#1,1787766840-1864557,"lookahead value > 85 (horizon-1, fixture-aware)",6,false,2022-23,2021-22,1,38,5,false,2054,1857,38,1,54.05263157894737,48.86842105263158,,,,,,,1855,48.81578947368421,1607,42.28947368421053,37,0,,,1.4054054054054055,33,33,13,7,11,0,,,,,,18,18,18,,,,0,0,0,,,,0,0,0,,,,0,,,,42,22,42,22,0,0,0,0,0,0,,,,,,,,,,,1880.4174544158348,49.48466985304828,2103.2326976833106,55.34822888640291,,55,daf912cff2eb,-,none
TestDiagWildcardLookaheadTrigger#1,1787766840-1864557,"lookahead value > 85 (horizon-1, fixture-aware)",6,false,2023-24,2022-23,1,38,5,false,2375,1806,40,3,62.5,47.526315789473685,,,,,,,1780,46.8421052631579,1569,41.28947368421053,37,0,,,1.6486486486486487,33,36,16,9,13,0,,,,,,18,18,18,,,,0,0,0,,,,0,0,0,,,,0,,,,23,23,23,21,0,0,0,0,0,0,,,,,,,,,,,1847.281228959663,48.61266391999113,2307.612822714298,60.72665322932363,,55,7df5f95f1759,-,none
TestDiagWildcardLookaheadTrigger#1,1787766840-1864557,"lookahead value > 85 (horizon-1, fixture-aware)",6,false,2024-25,2023-24,1,38,5,false,2448,1908,34,2,64.42105263157895,50.21052631578947,,,,,,,1890,49.73684210526316,1708,44.94736842105263,37,0,,,2.054054054054054,33,29,13,9,6,0,,,,,,18,18,18,,,,0,0,0,,,,0,0,0,,,,0,,,,10,10,10,10,0,0,0,0,0,0,,,,,,,,,,,1984.839567078322,52.23262018627163,2342.6271800092795,61.648083684454726,,55,d0f719155ebc,-,none
TestDiagWildcardLookaheadTrigger#1,1787766840-1864557,"lookahead value > 85 (horizon-1, fixture-aware)",6,false,2025-26,2024-25,1,38,5,false,2174,1523,45,1,57.21052631578947,40.078947368421055,,,,,,,1529,40.23684210526316,1375,36.18421052631579,36,0,,,1.2222222222222223,32,33,10,7,1,0,,,,,,18,17,17,18,24.739130690055894,20.145322061969466,0,0,0,,,,0,0,0,,,,0,,,,10,10,10,10,0,0,0,0,0,0,,,,,,,,,,,1583.8646329653097,41.680648235929205,2099.2943791228163,55.24458892428464,,55,cdb305de770a,-,none
TestDiagWildcardLookaheadTrigger#1,1787766840-1864557,"lookahead value > 85 (horizon-1, fixture-aware)",6,false,2020-21,2019-20,6,33,5,false,1721,1564,37,5,52.15151515151515,47.39393939393939,,,,,,,1556,47.15151515151515,1364,41.333333333333336,32,0,,,1.21875,32,37,9,12,-6,0,,,,,,13,13,13,,,,0,0,0,,,,0,0,0,,,,0,,,,43,40,43,40,0,0,0,0,0,0,,,,,,,,,,,1607.8659884381584,48.72321177085328,1743.5837423434823,52.835870980105526,,55,e4f19b098970,-,none
TestDiagWildcardLookaheadTrigger#1,1787766840-1864557,"lookahead value > 85 (horizon-1, fixture-aware)",6,false,2021-22,2020-21,6,33,5,false,1973,1697,38,6,59.78787878787879,51.42424242424242,,,,,,,1703,51.60606060606061,1488,45.09090909090909,32,0,,,1.3125,32,38,16,9,14,0,,,,,,13,13,13,,,,0,0,0,,,,0,0,0,,,,0,,,,61,61,61,61,0,0,0,0,0,0,,,,,,,,,,,1717.4237818225079,52.04314490371236,2009.925201175407,60.906824278042635,,55,ed57ca1f3812,-,none
TestDiagWildcardLookaheadTrigger#1,1787766840-1864557,"lookahead value > 85 (horizon-1, fixture-aware)",6,false,2022-23,2021-22,6,33,5,false,1857,1561,31,1,56.27272727272727,47.303030303030305,,,,,,,1500,45.45454545454545,1372,41.57575757575758,32,0,,,2.78125,32,31,14,10,3,0,,,,,,13,13,13,,,,0,0,0,,,,0,0,0,,,,0,,,,42,22,42,16,0,0,0,0,0,0,,,,,,,,,,,1550.0004339075806,46.969710118411534,1882.200283812387,57.036372236739,,55,9193eb4c0665,-,none
TestDiagWildcardLookaheadTrigger#1,1787766840-1864557,"lookahead value > 85 (horizon-1, fixture-aware)",6,false,2023-24,2022-23,6,33,5,false,2028,1724,32,0,61.45454545454545,52.24242424242424,,,,,,,1702,51.57575757575758,1484,44.96969696969697,32,0,,,1.75,32,32,15,10,15,0,,,,,,13,13,13,,,,0,0,0,,,,0,0,0,,,,0,,,,23,21,21,21,0,0,0,0,0,0,,,,,,,,,,,1721.7944263935356,52.175588678591986,2068.906453401842,62.69413495157097,,55,a4cd558c8a6c,-,none
TestDiagWildcardLookaheadTrigger#1,1787766840-1864557,"lookahead value > 85 (horizon-1, fixture-aware)",6,false,2024-25,2023-24,6,33,5,false,1949,1744,32,1,59.06060606060606,52.84848484848485,,,,,,,1641,49.72727272727273,1485,45,32,0,,,1.625,32,32,14,6,17,0,,,,,,13,13,13,,,,0,0,0,,,,0,0,0,,,,0,,,,10,10,10,10,0,0,0,0,0,0,,,,,,,,,,,1754.9002266108062,53.17879474578201,2013.2192781406022,61.00664479213946,,55,7d06f846b27d,-,none
TestDiagWildcardLookaheadTrigger#1,1787766840-1864557,"lookahead value > 85 (horizon-1, fixture-aware)",6,false,2025-26,2024-25,6,33,5,false,1957,1743,37,1,59.303030303030305,52.81818181818182,,,,,,,1663,50.39393939393939,1547,46.878787878787875,31,0,,,2.6129032258064515,31,31,7,10,-2,0,,,,,,13,12,12,18,21.583955173706528,20.145322061969466,0,0,0,,,,0,0,0,,,,0,,,,10,10,10,10,0,0,0,0,0,0,,,,,,,,,,,1697.4225268293555,51.43704626755623,1890.2059429879682,57.27896796933237,,55,135d9da53c17,-,none
TestDiagWildcardLookaheadTrigger#1,1787766840-1864557,"lookahead value > 85 (horizon-1, fixture-aware)",6,false,2020-21,2019-20,11,28,5,false,1507,1208,29,3,53.82142857142857,43.142857142857146,,,,,,,1203,42.964285714285715,1039,37.107142857142854,27,0,,,1.4074074074074074,27,29,8,10,-5,0,,,,,,8,8,8,,,,0,0,0,,,,0,0,0,,,,0,,,,43,38,43,38,0,0,0,0,0,0,,,,,,,,,,,1319.6548051841444,47.13052875657659,1565.4144829013403,55.9076601036193,,55,5babbe645ffb,-,none
TestDiagWildcardLookaheadTrigger#1,1787766840-1864557,"lookahead value > 85 (horizon-1, fixture-aware)",6,false,2021-22,2020-21,11,28,5,false,1645,1630,30,2,58.75,58.214285714285715,,,,,,,1658,59.214285714285715,1470,52.5,27,0,,,1.3333333333333333,27,30,14,7,17,0,,,,,,8,8,8,,,,0,0,0,,,,0,0,0,,,,0,,,,61,61,61,59,0,0,0,0,0,0,,,,,,,,,,,1616.204129636625,57.7215760584509,1692.4168502789776,60.44345893853491,,55,0e0b223ab713,-,none
TestDiagWildcardLookaheadTrigger#1,1787766840-1864557,"lookahead value > 85 (horizon-1, fixture-aware)",6,false,2022-23,2021-22,11,28,5,false,1669,1555,29,2,59.607142857142854,55.535714285714285,,,,,,,1494,53.357142857142854,1371,48.964285714285715,27,0,,,2.111111111111111,27,29,11,5,14,0,,,,,,8,8,8,,,,0,0,0,,,,0,0,0,,,,0,,,,42,16,42,14,0,0,0,0,0,0,,,,,,,,,,,1523.4456911914474,54.40877468540884,1664.4980602745743,59.44635929552051,,55,57dcb8c18a3d,-,none
TestDiagWildcardLookaheadTrigger#1,1787766840-1864557,"lookahead value > 85 (horizon-1, fixture-aware)",6,false,2023-24,2022-23,11,28,5,false,1671,1428,27,0,59.67857142857143,51,,,,,,,1405,50.17857142857143,1247,44.535714285714285,27,0,,,1.5925925925925926,27,27,12,3,14,0,,,,,,8,8,8,,,,0,0,0,,,,0,0,0,,,,0,,,,21,21,21,21,0,0,0,0,0,0,,,,,,,,,,,1416.7846694489685,50.5994524803203,1690.5178904222812,60.3756389436529,,55,2a84996b516a,-,none
TestDiagWildcardLookaheadTrigger#1,1787766840-1864557,"lookahead value > 85 (horizon-1, fixture-aware)",6,false,2024-25,2023-24,11,28,5,false,1825,1681,28,2,65.17857142857143,60.035714285714285,,,,,,,1681,60.035714285714285,1412,50.42857142857143,27,0,,,1.4074074074074074,27,28,12,11,4,0,,,,,,8,8,8,,,,0,0,0,,,,0,0,0,,,,0,,,,10,10,10,8,0,0,0,0,0,0,,,,,,,,,,,1648.6369668324785,58.87989167258852,1747.476383906812,62.409870853814716,,55,a6e9f92d83f6,-,none
TestDiagWildcardLookaheadTrigger#1,1787766840-1864557,"lookahead value > 85 (horizon-1, fixture-aware)",6,false,2025-26,2024-25,11,28,5,false,1576,1444,35,0,56.285714285714285,51.57142857142857,,,,,,,1416,50.57142857142857,1259,44.964285714285715,26,0,,,2.1923076923076925,26,26,7,9,-5,0,,,,,,8,7,7,18,30.96945032838309,20.145322061969466,0,0,0,,,,0,0,0,,,,0,,,,10,10,10,10,0,0,0,0,0,0,,,,,,,,,,,1420.3707344105421,50.72752622894793,1552.7408515686345,55.45503041316552,,55,71a4b81a55e0,-,none
TestDiagWildcardLookaheadTrigger#1,1787766840-1864557,"lookahead value > 85 (horizon-1, fixture-aware)",6,false,2020-21,2019-20,16,23,5,false,1293,1135,22,1,56.21739130434783,49.34782608695652,,,,,,,1101,47.869565217391305,988,42.95652173913044,22,0,,,1.3181818181818181,22,22,6,9,-7,0,,,,,,3,3,3,,,,0,0,0,,,,0,0,0,,,,0,,,,43,34,32,23,0,0,0,0,0,0,,,,,,,,,,,1145.8522005436278,49.81966089320121,1314.4713011660847,57.15092613765586,,55,d978f64ccb97,-,none
TestDiagWildcardLookaheadTrigger#1,1787766840-1864557,"lookahead value > 85 (horizon-1, fixture-aware)",6,false,2021-22,2020-21,16,23,5,false,1335,1219,24,2,58.04347826086956,53,,,,,,,1237,53.78260869565217,1112,48.34782608695652,22,0,,,1.2272727272727273,22,24,13,6,8,0,,,,,,3,3,3,,,,0,0,0,,,,0,0,0,,,,0,,,,61,57,61,27,0,0,0,0,0,0,,,,,,,,,,,1287.3516603457401,55.97181131938,1412.008476541101,61.39167289309135,,55,a0c25dc6cfa4,-,none
TestDiagWildcardLookaheadTrigger#1,1787766840-1864557,"lookahead value > 85 (horizon-1, fixture-aware)",6,false,2022-23,2021-22,16,23,5,false,1310,1123,25,3,56.95652173913044,48.82608695652174,,,,,,,1062,46.17391304347826,955,41.52173913043478,22,0,,,1.4545454545454546,22,25,11,7,4,0,,,,,,3,3,3,,,,0,0,0,,,,0,0,0,,,,0,,,,42,14,36,14,0,0,0,0,0,0,,,,,,,,,,,1117.893865843038,48.60408112361034,1369.7578562779324,59.554689403388366,,55,1820c2242a5e,-,none
TestDiagWildcardLookaheadTrigger#1,1787766840-1864557,"lookahead value > 85 (horizon-1, fixture-aware)",6,false,2023-24,2022-23,16,23,5,false,1431,1085,23,2,62.21739130434783,47.17391304347826,,,,,,,1085,47.17391304347826,934,40.608695652173914,22,0,,,1.5,22,23,10,4,12,0,,,,,,3,3,3,,,,0,0,0,,,,0,0,0,,,,0,,,,21,21,21,17,0,0,0,0,0,0,,,,,,,,,,,1100.0328547404902,47.82751542349957,1418.4170182454768,61.67030514110769,,55,291eebc880a2,-,none
TestDiagWildcardLookaheadTrigger#1,1787766840-1864557,"lookahead value > 85 (horizon-1, fixture-aware)",6,false,2024-25,2023-24,16,23,5,false,1490,1367,20,1,64.78260869565217,59.43478260869565,,,,,,,1367,59.43478260869565,1174,51.04347826086956,22,0,,,2.590909090909091,22,20,7,4,6,0,,,,,,3,3,3,,,,0,0,0,,,,0,0,0,,,,0,,,,10,8,10,8,0,0,0,0,0,0,,,,,,,,,,,1409.2322184264299,61.27096601854043,1489.5237797628822,64.7619034679514,,55,0a92238fc17e,-,none
TestDiagWildcardLookaheadTrigger#1,1787766840-1864557,"lookahead value > 85 (horizon-1, fixture-aware)",6,false,2025-26,2024-25,16,23,5,false,1299,1307,25,0,56.47826086956522,56.82608695652174,,,,,,,1308,56.869565217391305,1146,49.82608695652174,21,0,,,3.0952380952380953,21,18,4,6,-5,0,,,,,,3,3,3,19,24.974021431995453,0,0,0,0,,,,0,0,0,,,,0,,,,10,10,10,10,0,0,0,0,0,0,,,,,,,,,,,1247.0166669781659,54.21811595557243,1249.3511194371326,54.319613888570984,,55,439f261a429b,-,none
TestDiagWildcardLookaheadTrigger#1,1787766840-1864557,"lookahead value > 85 (horizon-1, fixture-aware)",6,false,2020-21,2019-20,21,18,5,false,952,865,17,1,52.888888888888886,48.05555555555556,,,,,,,886,49.22222222222222,768,42.666666666666664,17,0,,,1.4705882352941178,17,17,5,7,-5,0,,,,,,0,0,0,,,,0,0,0,,,,0,0,0,,,,0,,,,32,23,26,23,0,0,0,0,0,0,,,,,,,,,,,895.3437728580975,49.74132071433875,1002.6949292477597,55.70527384709776,,55,dc98d0376744,-,none
TestDiagWildcardLookaheadTrigger#1,1787766840-1864557,"lookahead value > 85 (horizon-1, fixture-aware)",6,false,2021-22,2020-21,21,18,5,false,1035,928,24,6,57.5,51.55555555555556,,,,,,,946,52.55555555555556,839,46.611111111111114,17,0,,,1.1764705882352942,17,24,9,7,3,0,,,,,,0,0,0,,,,0,0,0,,,,0,0,0,,,,0,,,,59,25,51,19,0,0,0,0,0,0,,,,,,,,,,,978.9518706549641,54.38621503638689,1073.8191078844893,59.65661710469385,,55,17afedb0c8fd,-,none
TestDiagWildcardLookaheadTrigger#1,1787766840-1864557,"lookahead value > 85 (horizon-1, fixture-aware)",6,false,2022-23,2021-22,21,18,5,false,1162,1147,15,0,64.55555555555556,63.72222222222222,,,,,,,1143,63.5,998,55.44444444444444,17,0,,,2.3529411764705883,17,15,6,4,4,0,,,,,,0,0,0,,,,0,0,0,,,,0,0,0,,,,0,,,,36,14,28,10,0,0,0,0,0,0,,,,,,,,,,,1135.4096454671374,63.07831363706319,1142.2210244114244,63.456723578412465,,55,bf48ca67ee37,-,none
TestDiagWildcardLookaheadTrigger#1,1787766840-1864557,"lookahead value > 85 (horizon-1, fixture-aware)",6,false,2023-24,2022-23,21,18,5,false,1150,964,17,0,63.888888888888886,53.55555555555556,,,,,,,954,53,845,46.94444444444444,17,0,,,1.411764705882353,17,17,9,3,5,0,,,,,,0,0,0,,,,0,0,0,,,,0,0,0,,,,0,,,,21,17,17,17,0,0,0,0,0,0,,,,,,,,,,,996.2801720475503,55.34889844708613,1160.2729542003817,64.45960856668788,,55,a39e1a72098e,-,none
TestDiagWildcardLookaheadTrigger#1,1787766840-1864557,"lookahead value > 85 (horizon-1, fixture-aware)",6,false,2024-25,2023-24,21,18,5,false,1063,956,17,1,59.05555555555556,53.111111111111114,,,,,,,956,53.111111111111114,821,45.611111111111114,17,0,,,1.588235294117647,17,17,11,3,12,0,,,,,,0,0,0,,,,0,0,0,,,,0,0,0,,,,0,,,,10,8,6,8,0,0,0,0,0,0,,,,,,,,,,,978.7329286819744,54.37405159344302,1082.0968360156246,60.116490889756925,,55,606dfdefbccb,-,none
TestDiagWildcardLookaheadTrigger#1,1787766840-1864557,"lookahead value > 85 (horizon-1, fixture-aware)",6,false,2025-26,2024-25,21,18,5,false,1073,942,16,1,59.611111111111114,52.333333333333336,,,,,,,927,51.5,841,46.72222222222222,17,0,,,2.411764705882353,17,16,6,7,-5,0,,,,,,0,0,0,,,,0,0,0,,,,0,0,0,,,,0,,,,10,10,10,10,0,0,0,0,0,0,,,,,,,,,,,912.9456155568754,50.71920086427085,1004.9855610763206,55.8325311709067,,55,73261d35b823,-,none
TestDiagWildcardLookaheadTrigger#1,1787766840-1864557,"lookahead value > 85 (horizon-1, fixture-aware)",6,false,2020-21,2019-20,26,13,5,false,695,626,12,0,53.46153846153846,48.15384615384615,,,,,,,634,48.76923076923077,567,43.61538461538461,12,0,,,1.25,12,12,7,3,1,0,,,,,,0,0,0,,,,0,0,0,,,,0,0,0,,,,0,,,,12,23,10,11,0,0,0,0,0,0,,,,,,,,,,,659.8771559423692,50.759781226336095,741.2028518948778,57.01560399191367,,55,5fce185dc3f5,-,none
TestDiagWildcardLookaheadTrigger#1,1787766840-1864557,"lookahead value > 85 (horizon-1, fixture-aware)",6,false,2021-22,2020-21,26,13,5,false,756,637,16,5,58.15384615384615,49,,,,,,,642,49.38461538461539,573,44.07692307692308,12,0,,,1.1666666666666667,12,16,9,2,7,0,,,,,,0,0,0,,,,0,0,0,,,,0,0,0,,,,0,,,,43,19,28,4,0,0,0,0,0,0,,,,,,,,,,,643.906825351017,49.53129425777054,785.521467902337,60.42472830017977,,55,84591047a9e2,-,none
TestDiagWildcardLookaheadTrigger#1,1787766840-1864557,"lookahead value > 85 (horizon-1, fixture-aware)",6,false,2022-23,2021-22,26,13,5,false,865,802,10,0,66.53846153846153,61.69230769230769,,,,,,,798,61.38461538461539,686,52.76923076923077,12,0,,,2.8333333333333335,12,10,4,2,3,0,,,,,,0,0,0,,,,0,0,0,,,,0,0,0,,,,0,,,,28,10,12,4,0,0,0,0,0,0,,,,,,,,,,,809.8085824213479,62.29296787856522,871.7146868733893,67.05497591333764,,55,519e8636fe01,-,none
TestDiagWildcardLookaheadTrigger#1,1787766840-1864557,"lookahead value > 85 (horizon-1, fixture-aware)",6,false,2023-24,2022-23,26,13,5,false,828,617,11,0,63.69230769230769,47.46153846153846,,,,,,,619,47.61538461538461,548,42.15384615384615,12,0,,,1.5,12,11,5,2,6,0,,,,,,0,0,0,,,,0,0,0,,,,0,0,0,,,,0,,,,17,13,15,1,0,0,0,0,0,0,,,,,,,,,,,637.2043322278133,49.01571786367795,786.8575673226669,60.52750517866669,,55,d725094b2efe,-,none
TestDiagWildcardLookaheadTrigger#1,1787766840-1864557,"lookahead value > 85 (horizon-1, fixture-aware)",6,false,2024-25,2023-24,26,13,5,false,669,692,13,1,51.46153846153846,53.23076923076923,,,,,,,692,53.23076923076923,619,47.61538461538461,12,0,,,1.4166666666666667,12,13,9,3,7,0,,,,,,0,0,0,,,,0,0,0,,,,0,0,0,,,,0,,,,6,8,6,4,0,0,0,0,0,0,,,,,,,,,,,728.9946771610494,56.076513627773025,726.4666422242051,55.88204940186193,,55,685eecb0cbdb,-,none
TestDiagWildcardLookaheadTrigger#1,1787766840-1864557,"lookahead value > 85 (horizon-1, fixture-aware)",6,false,2025-26,2024-25,26,13,5,false,782,756,9,0,60.15384615384615,58.15384615384615,,,,,,,757,58.23076923076923,655,50.38461538461539,12,0,,,1.8333333333333333,12,9,2,5,-7,0,,,,,,0,0,0,,,,0,0,0,,,,0,0,0,,,,0,,,,8,10,8,10,0,0,0,0,0,0,,,,,,,,,,,710.1237686554032,54.62490528118486,725.7808375036395,55.82929519258766,,55,32f63ab9f3ba,-,none
TestDiagWildcardLookaheadTrigger#1,1787766840-1864557,"lookahead value > 100 (horizon-1, fixture-aware)",7,false,2020-21,2019-20,1,38,5,false,1946,1628,45,8,51.21052631578947,42.8421052631579,,,,,,,1628,42.8421052631579,1388,36.526315789473685,37,0,,,1.1081081081081081,33,40,18,12,7,0,,,,,,18,18,18,,,,0,0,0,,,,0,0,0,,,,0,,,,43,40,43,40,0,0,0,0,0,0,,,,,,,,,,,1613.0156880372417,42.44778126413794,1965.5285459142312,51.72443541879556,,55,98b82c09e797,-,none
TestDiagWildcardLookaheadTrigger#1,1787766840-1864557,"lookahead value > 100 (horizon-1, fixture-aware)",7,false,2021-22,2020-21,1,38,5,false,2216,1942,43,5,58.31578947368421,51.10526315789474,,,,,,,1987,52.28947368421053,1692,44.526315789473685,37,0,,,1.2432432432432432,33,38,17,8,16,0,,,,,,18,18,18,,,,0,0,0,,,,0,0,0,,,,0,,,,61,61,61,61,0,0,0,0,0,0,,,,,,,,,,,1925.730264990003,50.67711223657903,2268.3085647754,59.692330651984214,,55,2ee4dc9e44a7,-,none
TestDiagWildcardLookaheadTrigger#1,1787766840-1864557,"lookahead value > 100 (horizon-1, fixture-aware)",7,false,2022-23,2021-22,1,38,5,false,2054,1857,38,1,54.05263157894737,48.86842105263158,,,,,,,1855,48.81578947368421,1607,42.28947368421053,37,0,,,1.4054054054054055,33,33,13,7,11,0,,,,,,18,18,18,,,,0,0,0,,,,0,0,0,,,,0,,,,42,22,42,22,0,0,0,0,0,0,,,,,,,,,,,1880.4174544158348,49.48466985304828,2103.2326976833106,55.34822888640291,,55,daf912cff2eb,-,none
TestDiagWildcardLookaheadTrigger#1,1787766840-1864557,"lookahead value > 100 (horizon-1, fixture-aware)",7,false,2023-24,2022-23,1,38,5,false,2375,1806,40,3,62.5,47.526315789473685,,,,,,,1780,46.8421052631579,1569,41.28947368421053,37,0,,,1.6486486486486487,33,36,16,9,13,0,,,,,,18,18,18,,,,0,0,0,,,,0,0,0,,,,0,,,,23,23,23,21,0,0,0,0,0,0,,,,,,,,,,,1847.281228959663,48.61266391999113,2307.612822714298,60.72665322932363,,55,7df5f95f1759,-,none
TestDiagWildcardLookaheadTrigger#1,1787766840-1864557,"lookahead value > 100 (horizon-1, fixture-aware)",7,false,2024-25,2023-24,1,38,5,false,2448,1908,34,2,64.42105263157895,50.21052631578947,,,,,,,1890,49.73684210526316,1708,44.94736842105263,37,0,,,2.054054054054054,33,29,13,9,6,0,,,,,,18,18,18,,,,0,0,0,,,,0,0,0,,,,0,,,,10,10,10,10,0,0,0,0,0,0,,,,,,,,,,,1984.839567078322,52.23262018627163,2342.6271800092795,61.648083684454726,,55,d0f719155ebc,-,none
TestDiagWildcardLookaheadTrigger#1,1787766840-1864557,"lookahead value > 100 (horizon-1, fixture-aware)",7,false,2025-26,2024-25,1,38,5,false,2174,1523,45,1,57.21052631578947,40.078947368421055,,,,,,,1529,40.23684210526316,1375,36.18421052631579,36,0,,,1.2222222222222223,32,33,10,7,1,0,,,,,,18,17,17,18,24.739130690055894,23.700378896434668,0,0,0,,,,0,0,0,,,,0,,,,10,10,10,10,0,0,0,0,0,0,,,,,,,,,,,1583.8646329653097,41.680648235929205,2099.2943791228163,55.24458892428464,,55,cdb305de770a,-,none
TestDiagWildcardLookaheadTrigger#1,1787766840-1864557,"lookahead value > 100 (horizon-1, fixture-aware)",7,false,2020-21,2019-20,6,33,5,false,1721,1564,37,5,52.15151515151515,47.39393939393939,,,,,,,1556,47.15151515151515,1364,41.333333333333336,32,0,,,1.21875,32,37,9,12,-6,0,,,,,,13,13,13,,,,0,0,0,,,,0,0,0,,,,0,,,,43,40,43,40,0,0,0,0,0,0,,,,,,,,,,,1607.8659884381584,48.72321177085328,1743.5837423434823,52.835870980105526,,55,e4f19b098970,-,none
TestDiagWildcardLookaheadTrigger#1,1787766840-1864557,"lookahead value > 100 (horizon-1, fixture-aware)",7,false,2021-22,2020-21,6,33,5,false,1973,1697,38,6,59.78787878787879,51.42424242424242,,,,,,,1703,51.60606060606061,1488,45.09090909090909,32,0,,,1.3125,32,38,16,9,14,0,,,,,,13,13,13,,,,0,0,0,,,,0,0,0,,,,0,,,,61,61,61,61,0,0,0,0,0,0,,,,,,,,,,,1717.4237818225079,52.04314490371236,2009.925201175407,60.906824278042635,,55,ed57ca1f3812,-,none
TestDiagWildcardLookaheadTrigger#1,1787766840-1864557,"lookahead value > 100 (horizon-1, fixture-aware)",7,false,2022-23,2021-22,6,33,5,false,1857,1561,31,1,56.27272727272727,47.303030303030305,,,,,,,1500,45.45454545454545,1372,41.57575757575758,32,0,,,2.78125,32,31,14,10,3,0,,,,,,13,13,13,,,,0,0,0,,,,0,0,0,,,,0,,,,42,22,42,16,0,0,0,0,0,0,,,,,,,,,,,1550.0004339075806,46.969710118411534,1882.200283812387,57.036372236739,,55,9193eb4c0665,-,none
TestDiagWildcardLookaheadTrigger#1,1787766840-1864557,"lookahead value > 100 (horizon-1, fixture-aware)",7,false,2023-24,2022-23,6,33,5,false,2028,1724,32,0,61.45454545454545,52.24242424242424,,,,,,,1702,51.57575757575758,1484,44.96969696969697,32,0,,,1.75,32,32,15,10,15,0,,,,,,13,13,13,,,,0,0,0,,,,0,0,0,,,,0,,,,23,21,21,21,0,0,0,0,0,0,,,,,,,,,,,1721.7944263935356,52.175588678591986,2068.906453401842,62.69413495157097,,55,a4cd558c8a6c,-,none
TestDiagWildcardLookaheadTrigger#1,1787766840-1864557,"lookahead value > 100 (horizon-1, fixture-aware)",7,false,2024-25,2023-24,6,33,5,false,1949,1744,32,1,59.06060606060606,52.84848484848485,,,,,,,1641,49.72727272727273,1485,45,32,0,,,1.625,32,32,14,6,17,0,,,,,,13,13,13,,,,0,0,0,,,,0,0,0,,,,0,,,,10,10,10,10,0,0,0,0,0,0,,,,,,,,,,,1754.9002266108062,53.17879474578201,2013.2192781406022,61.00664479213946,,55,7d06f846b27d,-,none
TestDiagWildcardLookaheadTrigger#1,1787766840-1864557,"lookahead value > 100 (horizon-1, fixture-aware)",7,false,2025-26,2024-25,6,33,5,false,1954,1743,38,1,59.21212121212121,52.81818181818182,,,,,,,1663,50.39393939393939,1547,46.878787878787875,31,0,,,2.2903225806451615,31,30,7,9,-3,0,,,,,,13,13,13,19,37.33809310712912,0,0,0,0,,,,0,0,0,,,,0,,,,10,10,10,10,0,0,0,0,0,0,,,,,,,,,,,1697.4225268293555,51.43704626755623,1876.9523278518473,56.877343268237794,,55,135d9da53c17,-,none
TestDiagWildcardLookaheadTrigger#1,1787766840-1864557,"lookahead value > 100 (horizon-1, fixture-aware)",7,false,2020-21,2019-20,11,28,5,false,1507,1208,29,3,53.82142857142857,43.142857142857146,,,,,,,1203,42.964285714285715,1039,37.107142857142854,27,0,,,1.4074074074074074,27,29,8,10,-5,0,,,,,,8,8,8,,,,0,0,0,,,,0,0,0,,,,0,,,,43,38,43,38,0,0,0,0,0,0,,,,,,,,,,,1319.6548051841444,47.13052875657659,1565.4144829013403,55.9076601036193,,55,5babbe645ffb,-,none
TestDiagWildcardLookaheadTrigger#1,1787766840-1864557,"lookahead value > 100 (horizon-1, fixture-aware)",7,false,2021-22,2020-21,11,28,5,false,1645,1630,30,2,58.75,58.214285714285715,,,,,,,1658,59.214285714285715,1470,52.5,27,0,,,1.3333333333333333,27,30,14,7,17,0,,,,,,8,8,8,,,,0,0,0,,,,0,0,0,,,,0,,,,61,61,61,59,0,0,0,0,0,0,,,,,,,,,,,1616.204129636625,57.7215760584509,1692.4168502789776,60.44345893853491,,55,0e0b223ab713,-,none
TestDiagWildcardLookaheadTrigger#1,1787766840-1864557,"lookahead value > 100 (horizon-1, fixture-aware)",7,false,2022-23,2021-22,11,28,5,false,1669,1555,29,2,59.607142857142854,55.535714285714285,,,,,,,1494,53.357142857142854,1371,48.964285714285715,27,0,,,2.111111111111111,27,29,11,5,14,0,,,,,,8,8,8,,,,0,0,0,,,,0,0,0,,,,0,,,,42,16,42,14,0,0,0,0,0,0,,,,,,,,,,,1523.4456911914474,54.40877468540884,1664.4980602745743,59.44635929552051,,55,57dcb8c18a3d,-,none
TestDiagWildcardLookaheadTrigger#1,1787766840-1864557,"lookahead value > 100 (horizon-1, fixture-aware)",7,false,2023-24,2022-23,11,28,5,false,1671,1428,27,0,59.67857142857143,51,,,,,,,1405,50.17857142857143,1247,44.535714285714285,27,0,,,1.5925925925925926,27,27,12,3,14,0,,,,,,8,8,8,,,,0,0,0,,,,0,0,0,,,,0,,,,21,21,21,21,0,0,0,0,0,0,,,,,,,,,,,1416.7846694489685,50.5994524803203,1690.5178904222812,60.3756389436529,,55,2a84996b516a,-,none
TestDiagWildcardLookaheadTrigger#1,1787766840-1864557,"lookahead value > 100 (horizon-1, fixture-aware)",7,false,2024-25,2023-24,11,28,5,false,1825,1681,28,2,65.17857142857143,60.035714285714285,,,,,,,1681,60.035714285714285,1412,50.42857142857143,27,0,,,1.4074074074074074,27,28,12,11,4,0,,,,,,8,8,8,,,,0,0,0,,,,0,0,0,,,,0,,,,10,10,10,8,0,0,0,0,0,0,,,,,,,,,,,1648.6369668324785,58.87989167258852,1747.476383906812,62.409870853814716,,55,a6e9f92d83f6,-,none
TestDiagWildcardLookaheadTrigger#1,1787766840-1864557,"lookahead value > 100 (horizon-1, fixture-aware)",7,false,2025-26,2024-25,11,28,5,false,1576,1444,35,0,56.285714285714285,51.57142857142857,,,,,,,1416,50.57142857142857,1259,44.964285714285715,26,0,,,2.1923076923076925,26,26,7,9,-5,0,,,,,,8,7,7,18,30.96945032838309,23.700378896434668,0,0,0,,,,0,0,0,,,,0,,,,10,10,10,10,0,0,0,0,0,0,,,,,,,,,,,1420.3707344105421,50.72752622894793,1552.7408515686345,55.45503041316552,,55,71a4b81a55e0,-,none
TestDiagWildcardLookaheadTrigger#1,1787766840-1864557,"lookahead value > 100 (horizon-1, fixture-aware)",7,false,2020-21,2019-20,16,23,5,false,1293,1135,22,1,56.21739130434783,49.34782608695652,,,,,,,1101,47.869565217391305,988,42.95652173913044,22,0,,,1.3181818181818181,22,22,6,9,-7,0,,,,,,3,3,3,,,,0,0,0,,,,0,0,0,,,,0,,,,43,34,32,23,0,0,0,0,0,0,,,,,,,,,,,1145.8522005436278,49.81966089320121,1314.4713011660847,57.15092613765586,,55,d978f64ccb97,-,none
TestDiagWildcardLookaheadTrigger#1,1787766840-1864557,"lookahead value > 100 (horizon-1, fixture-aware)",7,false,2021-22,2020-21,16,23,5,false,1335,1219,24,2,58.04347826086956,53,,,,,,,1237,53.78260869565217,1112,48.34782608695652,22,0,,,1.2272727272727273,22,24,13,6,8,0,,,,,,3,3,3,,,,0,0,0,,,,0,0,0,,,,0,,,,61,57,61,27,0,0,0,0,0,0,,,,,,,,,,,1287.3516603457401,55.97181131938,1412.008476541101,61.39167289309135,,55,a0c25dc6cfa4,-,none
TestDiagWildcardLookaheadTrigger#1,1787766840-1864557,"lookahead value > 100 (horizon-1, fixture-aware)",7,false,2022-23,2021-22,16,23,5,false,1310,1123,25,3,56.95652173913044,48.82608695652174,,,,,,,1062,46.17391304347826,955,41.52173913043478,22,0,,,1.4545454545454546,22,25,11,7,4,0,,,,,,3,3,3,,,,0,0,0,,,,0,0,0,,,,0,,,,42,14,36,14,0,0,0,0,0,0,,,,,,,,,,,1117.893865843038,48.60408112361034,1369.7578562779324,59.554689403388366,,55,1820c2242a5e,-,none
TestDiagWildcardLookaheadTrigger#1,1787766840-1864557,"lookahead value > 100 (horizon-1, fixture-aware)",7,false,2023-24,2022-23,16,23,5,false,1431,1085,23,2,62.21739130434783,47.17391304347826,,,,,,,1085,47.17391304347826,934,40.608695652173914,22,0,,,1.5,22,23,10,4,12,0,,,,,,3,3,3,,,,0,0,0,,,,0,0,0,,,,0,,,,21,21,21,17,0,0,0,0,0,0,,,,,,,,,,,1100.0328547404902,47.82751542349957,1418.4170182454768,61.67030514110769,,55,291eebc880a2,-,none
TestDiagWildcardLookaheadTrigger#1,1787766840-1864557,"lookahead value > 100 (horizon-1, fixture-aware)",7,false,2024-25,2023-24,16,23,5,false,1490,1367,20,1,64.78260869565217,59.43478260869565,,,,,,,1367,59.43478260869565,1174,51.04347826086956,22,0,,,2.590909090909091,22,20,7,4,6,0,,,,,,3,3,3,,,,0,0,0,,,,0,0,0,,,,0,,,,10,8,10,8,0,0,0,0,0,0,,,,,,,,,,,1409.2322184264299,61.27096601854043,1489.5237797628822,64.7619034679514,,55,0a92238fc17e,-,none
TestDiagWildcardLookaheadTrigger#1,1787766840-1864557,"lookahead value > 100 (horizon-1, fixture-aware)",7,false,2025-26,2024-25,16,23,5,false,1299,1307,25,0,56.47826086956522,56.82608695652174,,,,,,,1308,56.869565217391305,1146,49.82608695652174,21,0,,,3.0952380952380953,21,18,4,6,-5,0,,,,,,3,3,3,19,24.974021431995453,0,0,0,0,,,,0,0,0,,,,0,,,,10,10,10,10,0,0,0,0,0,0,,,,,,,,,,,1247.0166669781659,54.21811595557243,1249.3511194371326,54.319613888570984,,55,439f261a429b,-,none
TestDiagWildcardLookaheadTrigger#1,1787766840-1864557,"lookahead value > 100 (horizon-1, fixture-aware)",7,false,2020-21,2019-20,21,18,5,false,952,865,17,1,52.888888888888886,48.05555555555556,,,,,,,886,49.22222222222222,768,42.666666666666664,17,0,,,1.4705882352941178,17,17,5,7,-5,0,,,,,,0,0,0,,,,0,0,0,,,,0,0,0,,,,0,,,,32,23,26,23,0,0,0,0,0,0,,,,,,,,,,,895.3437728580975,49.74132071433875,1002.6949292477597,55.70527384709776,,55,dc98d0376744,-,none
TestDiagWildcardLookaheadTrigger#1,1787766840-1864557,"lookahead value > 100 (horizon-1, fixture-aware)",7,false,2021-22,2020-21,21,18,5,false,1035,928,24,6,57.5,51.55555555555556,,,,,,,946,52.55555555555556,839,46.611111111111114,17,0,,,1.1764705882352942,17,24,9,7,3,0,,,,,,0,0,0,,,,0,0,0,,,,0,0,0,,,,0,,,,59,25,51,19,0,0,0,0,0,0,,,,,,,,,,,978.9518706549641,54.38621503638689,1073.8191078844893,59.65661710469385,,55,17afedb0c8fd,-,none
TestDiagWildcardLookaheadTrigger#1,1787766840-1864557,"lookahead value > 100 (horizon-1, fixture-aware)",7,false,2022-23,2021-22,21,18,5,false,1162,1147,15,0,64.55555555555556,63.72222222222222,,,,,,,1143,63.5,998,55.44444444444444,17,0,,,2.3529411764705883,17,15,6,4,4,0,,,,,,0,0,0,,,,0,0,0,,,,0,0,0,,,,0,,,,36,14,28,10,0,0,0,0,0,0,,,,,,,,,,,1135.4096454671374,63.07831363706319,1142.2210244114244,63.456723578412465,,55,bf48ca67ee37,-,none
TestDiagWildcardLookaheadTrigger#1,1787766840-1864557,"lookahead value > 100 (horizon-1, fixture-aware)",7,false,2023-24,2022-23,21,18,5,false,1150,964,17,0,63.888888888888886,53.55555555555556,,,,,,,954,53,845,46.94444444444444,17,0,,,1.411764705882353,17,17,9,3,5,0,,,,,,0,0,0,,,,0,0,0,,,,0,0,0,,,,0,,,,21,17,17,17,0,0,0,0,0,0,,,,,,,,,,,996.2801720475503,55.34889844708613,1160.2729542003817,64.45960856668788,,55,a39e1a72098e,-,none
TestDiagWildcardLookaheadTrigger#1,1787766840-1864557,"lookahead value > 100 (horizon-1, fixture-aware)",7,false,2024-25,2023-24,21,18,5,false,1063,956,17,1,59.05555555555556,53.111111111111114,,,,,,,956,53.111111111111114,821,45.611111111111114,17,0,,,1.588235294117647,17,17,11,3,12,0,,,,,,0,0,0,,,,0,0,0,,,,0,0,0,,,,0,,,,10,8,6,8,0,0,0,0,0,0,,,,,,,,,,,978.7329286819744,54.37405159344302,1082.0968360156246,60.116490889756925,,55,606dfdefbccb,-,none
TestDiagWildcardLookaheadTrigger#1,1787766840-1864557,"lookahead value > 100 (horizon-1, fixture-aware)",7,false,2025-26,2024-25,21,18,5,false,1073,942,16,1,59.611111111111114,52.333333333333336,,,,,,,927,51.5,841,46.72222222222222,17,0,,,2.411764705882353,17,16,6,7,-5,0,,,,,,0,0,0,,,,0,0,0,,,,0,0,0,,,,0,,,,10,10,10,10,0,0,0,0,0,0,,,,,,,,,,,912.9456155568754,50.71920086427085,1004.9855610763206,55.8325311709067,,55,73261d35b823,-,none
TestDiagWildcardLookaheadTrigger#1,1787766840-1864557,"lookahead value > 100 (horizon-1, fixture-aware)",7,false,2020-21,2019-20,26,13,5,false,695,626,12,0,53.46153846153846,48.15384615384615,,,,,,,634,48.76923076923077,567,43.61538461538461,12,0,,,1.25,12,12,7,3,1,0,,,,,,0,0,0,,,,0,0,0,,,,0,0,0,,,,0,,,,12,23,10,11,0,0,0,0,0,0,,,,,,,,,,,659.8771559423692,50.759781226336095,741.2028518948778,57.01560399191367,,55,5fce185dc3f5,-,none
TestDiagWildcardLookaheadTrigger#1,1787766840-1864557,"lookahead value > 100 (horizon-1, fixture-aware)",7,false,2021-22,2020-21,26,13,5,false,756,637,16,5,58.15384615384615,49,,,,,,,642,49.38461538461539,573,44.07692307692308,12,0,,,1.1666666666666667,12,16,9,2,7,0,,,,,,0,0,0,,,,0,0,0,,,,0,0,0,,,,0,,,,43,19,28,4,0,0,0,0,0,0,,,,,,,,,,,643.906825351017,49.53129425777054,785.521467902337,60.42472830017977,,55,84591047a9e2,-,none
TestDiagWildcardLookaheadTrigger#1,1787766840-1864557,"lookahead value > 100 (horizon-1, fixture-aware)",7,false,2022-23,2021-22,26,13,5,false,865,802,10,0,66.53846153846153,61.69230769230769,,,,,,,798,61.38461538461539,686,52.76923076923077,12,0,,,2.8333333333333335,12,10,4,2,3,0,,,,,,0,0,0,,,,0,0,0,,,,0,0,0,,,,0,,,,28,10,12,4,0,0,0,0,0,0,,,,,,,,,,,809.8085824213479,62.29296787856522,871.7146868733893,67.05497591333764,,55,519e8636fe01,-,none
TestDiagWildcardLookaheadTrigger#1,1787766840-1864557,"lookahead value > 100 (horizon-1, fixture-aware)",7,false,2023-24,2022-23,26,13,5,false,828,617,11,0,63.69230769230769,47.46153846153846,,,,,,,619,47.61538461538461,548,42.15384615384615,12,0,,,1.5,12,11,5,2,6,0,,,,,,0,0,0,,,,0,0,0,,,,0,0,0,,,,0,,,,17,13,15,1,0,0,0,0,0,0,,,,,,,,,,,637.2043322278133,49.01571786367795,786.8575673226669,60.52750517866669,,55,d725094b2efe,-,none
TestDiagWildcardLookaheadTrigger#1,1787766840-1864557,"lookahead value > 100 (horizon-1, fixture-aware)",7,false,2024-25,2023-24,26,13,5,false,669,692,13,1,51.46153846153846,53.23076923076923,,,,,,,692,53.23076923076923,619,47.61538461538461,12,0,,,1.4166666666666667,12,13,9,3,7,0,,,,,,0,0,0,,,,0,0,0,,,,0,0,0,,,,0,,,,6,8,6,4,0,0,0,0,0,0,,,,,,,,,,,728.9946771610494,56.076513627773025,726.4666422242051,55.88204940186193,,55,685eecb0cbdb,-,none
TestDiagWildcardLookaheadTrigger#1,1787766840-1864557,"lookahead value > 100 (horizon-1, fixture-aware)",7,false,2025-26,2024-25,26,13,5,false,782,756,9,0,60.15384615384615,58.15384615384615,,,,,,,757,58.23076923076923,655,50.38461538461539,12,0,,,1.8333333333333333,12,9,2,5,-7,0,,,,,,0,0,0,,,,0,0,0,,,,0,0,0,,,,0,,,,8,10,8,10,0,0,0,0,0,0,,,,,,,,,,,710.1237686554032,54.62490528118486,725.7808375036395,55.82929519258766,,55,32f63ab9f3ba,-,none
