sweep,run_id,variant,variant_index,is_baseline,season,prior_season,start_gw,weeks,bank_up_to,infeasible,policy_points,hold_points,moves,hits,policy_per_gw,hold_per_gw,frozen_points,frozen_per_gw,frozen_captain_points,frozen_captain_per_gw,weekly_points,weekly_per_gw,hold_fixedcap_points,hold_fixedcap_per_gw,hold_nocap_points,hold_nocap_per_gw,decision_weeks,consulted_weeks,weighed_weeks,banked_weeks,free_at_decision,band_ready_weeks,band_moves,band_run_moves,band_worse_moves,band_exposure,ftv_weeks,ftv_priced_weeks,ftv_gate_calls,ftv_flips,ftv_mean_charge,ftv_mean_load,wc_trig_offered,wc_trig_weeks,wc_trig_weighed,wc_trig_gw,wc_trig_value,wc_trig_bar,bb_trig_offered,bb_trig_weeks,bb_trig_weighed,bb_trig_gw,bb_trig_value,bb_trig_bar,fh_trig_offered,fh_trig_weeks,fh_trig_weighed,fh_trig_gw,fh_trig_value,fh_trig_bar,prep_weeks,prep_credit_weeks,prep_bench_sum,prep_captain_sum,dose_act_doubles,dose_act_blanks,dose_late_doubles,dose_late_blanks,floor_flips_le28,floor_flips_gt28,bench_boost_gw,bench_boost_pts,triple_captain_gw,triple_captain_pts,bench_boost_oracle_gw,bench_boost_oracle_pts,bench_boost_median_pts,bench_boost_threshold_pts,bench_boost_bar_pts,triple_captain_oracle_gw,triple_captain_oracle_pts,triple_captain_median_pts,triple_captain_threshold_pts,triple_captain_bar_pts,hold_xpoints,hold_xpoints_per_gw,policy_xpoints,policy_xpoints_per_gw,setting,min_expected_minutes,squad_hash,oracle,oracle_kind
TestDiagAnchoredChipDecomposition#1,1787696113-1576283,"wildcard, fixed offset (control)",0,true,2020-21,2019-20,1,38,5,false,2226,1628,46,0,58.578947368421055,42.8421052631579,,,,,,,1628,42.8421052631579,1388,36.526315789473685,36,0,,,1.3055555555555556,32,32,10,12,-2,0,,,,,,0,0,0,,,,0,0,0,,,,0,0,0,,,,0,,,,43,40,43,40,0,0,0,0,0,0,,,,,,,,,,,1613.0156880372417,42.44778126413794,2196.144719829298,57.793282100771,,55,98b82c09e797,-,none
TestDiagAnchoredChipDecomposition#1,1787696113-1576283,"wildcard, fixed offset (control)",0,true,2021-22,2020-21,1,38,5,false,2270,1942,47,2,59.73684210526316,51.10526315789474,,,,,,,1987,52.28947368421053,1692,44.526315789473685,36,0,,,1.1666666666666667,32,35,15,10,5,0,,,,,,0,0,0,,,,0,0,0,,,,0,0,0,,,,0,,,,61,61,61,61,0,0,0,0,0,0,,,,,,,,,,,1925.730264990003,50.67711223657903,2284.8257885783964,60.12699443627359,,55,2ee4dc9e44a7,-,none
TestDiagAnchoredChipDecomposition#1,1787696113-1576283,"wildcard, fixed offset (control)",0,true,2022-23,2021-22,1,38,5,false,2045,1857,44,1,53.81578947368421,48.86842105263158,,,,,,,1855,48.81578947368421,1607,42.28947368421053,36,0,,,2.0555555555555554,32,32,15,4,18,0,,,,,,0,0,0,,,,0,0,0,,,,0,0,0,,,,0,,,,42,22,42,22,0,0,0,0,0,0,,,,,,,,,,,1880.4174544158348,49.48466985304828,2085.741347850717,54.887930206597815,,55,daf912cff2eb,-,none
TestDiagAnchoredChipDecomposition#1,1787696113-1576283,"wildcard, fixed offset (control)",0,true,2023-24,2022-23,1,38,5,false,2307,1806,46,1,60.71052631578947,47.526315789473685,,,,,,,1780,46.8421052631579,1569,41.28947368421053,36,0,,,2,32,34,18,5,21,0,,,,,,0,0,0,,,,0,0,0,,,,0,0,0,,,,0,,,,23,23,23,21,0,0,0,0,0,0,,,,,,,,,,,1847.281228959663,48.61266391999113,2343.659987869981,61.67526283868371,,55,7df5f95f1759,-,none
TestDiagAnchoredChipDecomposition#1,1787696113-1576283,"wildcard, fixed offset (control)",0,true,2024-25,2023-24,1,38,5,false,2422,1908,38,0,63.73684210526316,50.21052631578947,,,,,,,1890,49.73684210526316,1708,44.94736842105263,36,0,,,2.4166666666666665,32,26,11,8,6,0,,,,,,0,0,0,,,,0,0,0,,,,0,0,0,,,,0,,,,10,10,10,10,0,0,0,0,0,0,,,,,,,,,,,1984.839567078322,52.23262018627163,2350.8246196048785,61.863805779075754,,55,d0f719155ebc,-,none
TestDiagAnchoredChipDecomposition#1,1787696113-1576283,"wildcard, fixed offset (control)",0,true,2025-26,2024-25,1,38,5,false,2215,1523,45,1,58.28947368421053,40.078947368421055,,,,,,,1529,40.23684210526316,1375,36.18421052631579,36,0,,,1.75,32,31,9,9,-3,0,,,,,,0,0,0,,,,0,0,0,,,,0,0,0,,,,0,,,,10,10,10,10,0,0,0,0,0,0,,,,,,,,,,,1583.8646329653097,41.680648235929205,2118.9439687088066,55.76168338707386,,55,cdb305de770a,-,none
TestDiagAnchoredChipDecomposition#1,1787696113-1576283,"wildcard, fixed offset (control)",0,true,2020-21,2019-20,6,33,5,false,1771,1564,45,3,53.666666666666664,47.39393939393939,,,,,,,1556,47.15151515151515,1364,41.333333333333336,31,0,,,1.5161290322580645,31,35,9,12,-3,0,,,,,,0,0,0,,,,0,0,0,,,,0,0,0,,,,0,,,,43,40,43,40,0,0,0,0,0,0,,,,,,,,,,,1607.8659884381584,48.72321177085328,1803.0837839565093,54.63890254413664,,55,e4f19b098970,-,none
TestDiagAnchoredChipDecomposition#1,1787696113-1576283,"wildcard, fixed offset (control)",0,true,2021-22,2020-21,6,33,5,false,1864,1697,47,5,56.484848484848484,51.42424242424242,,,,,,,1703,51.60606060606061,1488,45.09090909090909,31,0,,,1.3225806451612903,31,38,20,12,7,0,,,,,,0,0,0,,,,0,0,0,,,,0,0,0,,,,0,,,,61,61,61,61,0,0,0,0,0,0,,,,,,,,,,,1717.4237818225079,52.04314490371236,1934.052238845167,58.6076436013687,,55,ed57ca1f3812,-,none
TestDiagAnchoredChipDecomposition#1,1787696113-1576283,"wildcard, fixed offset (control)",0,true,2022-23,2021-22,6,33,5,false,1836,1561,37,1,55.63636363636363,47.303030303030305,,,,,,,1500,45.45454545454545,1372,41.57575757575758,31,0,,,2.6129032258064515,31,32,18,8,15,0,,,,,,0,0,0,,,,0,0,0,,,,0,0,0,,,,0,,,,42,22,42,16,0,0,0,0,0,0,,,,,,,,,,,1550.0004339075806,46.969710118411534,1871.9512296008058,56.725794836388054,,55,9193eb4c0665,-,none
TestDiagAnchoredChipDecomposition#1,1787696113-1576283,"wildcard, fixed offset (control)",0,true,2023-24,2022-23,6,33,5,false,2056,1724,39,0,62.303030303030305,52.24242424242424,,,,,,,1702,51.57575757575758,1484,44.96969696969697,31,0,,,2.064516129032258,31,32,13,7,14,0,,,,,,0,0,0,,,,0,0,0,,,,0,0,0,,,,0,,,,23,21,21,21,0,0,0,0,0,0,,,,,,,,,,,1721.7944263935356,52.175588678591986,2090.2313295087474,63.34034331844689,,55,a4cd558c8a6c,-,none
TestDiagAnchoredChipDecomposition#1,1787696113-1576283,"wildcard, fixed offset (control)",0,true,2024-25,2023-24,6,33,5,false,1937,1744,37,0,58.696969696969695,52.84848484848485,,,,,,,1641,49.72727272727273,1485,45,31,0,,,2.193548387096774,31,26,11,10,9,0,,,,,,0,0,0,,,,0,0,0,,,,0,0,0,,,,0,,,,10,10,10,10,0,0,0,0,0,0,,,,,,,,,,,1754.9002266108062,53.17879474578201,1964.0853529676656,59.51773796871714,,55,7d06f846b27d,-,none
TestDiagAnchoredChipDecomposition#1,1787696113-1576283,"wildcard, fixed offset (control)",0,true,2025-26,2024-25,6,33,5,false,1916,1743,37,1,58.06060606060606,52.81818181818182,,,,,,,1663,50.39393939393939,1547,46.878787878787875,31,0,,,2.3225806451612905,31,29,10,5,10,0,,,,,,0,0,0,,,,0,0,0,,,,0,0,0,,,,0,,,,10,10,10,10,0,0,0,0,0,0,,,,,,,,,,,1697.4225268293555,51.43704626755623,1845.4297962572264,55.92211503809777,,55,135d9da53c17,-,none
TestDiagAnchoredChipDecomposition#1,1787696113-1576283,"wildcard, fixed offset (control)",0,true,2020-21,2019-20,11,28,5,false,1576,1208,36,3,56.285714285714285,43.142857142857146,,,,,,,1203,42.964285714285715,1039,37.107142857142854,26,0,,,1.4615384615384615,26,30,13,13,-1,0,,,,,,0,0,0,,,,0,0,0,,,,0,0,0,,,,0,,,,43,38,43,38,0,0,0,0,0,0,,,,,,,,,,,1319.6548051841444,47.13052875657659,1633.8545852689297,58.35194947389034,,55,5babbe645ffb,-,none
TestDiagAnchoredChipDecomposition#1,1787696113-1576283,"wildcard, fixed offset (control)",0,true,2021-22,2020-21,11,28,5,false,1631,1630,37,3,58.25,58.214285714285715,,,,,,,1658,59.214285714285715,1470,52.5,26,0,,,1.9615384615384615,26,30,12,8,5,0,,,,,,0,0,0,,,,0,0,0,,,,0,0,0,,,,0,,,,61,61,61,59,0,0,0,0,0,0,,,,,,,,,,,1616.204129636625,57.7215760584509,1702.5062783602875,60.80379565572456,,55,0e0b223ab713,-,none
TestDiagAnchoredChipDecomposition#1,1787696113-1576283,"wildcard, fixed offset (control)",0,true,2022-23,2021-22,11,28,5,false,1666,1555,36,1,59.5,55.535714285714285,,,,,,,1494,53.357142857142854,1371,48.964285714285715,26,0,,,2.4615384615384617,26,28,10,6,7,0,,,,,,0,0,0,,,,0,0,0,,,,0,0,0,,,,0,,,,42,16,42,14,0,0,0,0,0,0,,,,,,,,,,,1523.4456911914474,54.40877468540884,1659.7613773336604,59.27719204763073,,55,57dcb8c18a3d,-,none
TestDiagAnchoredChipDecomposition#1,1787696113-1576283,"wildcard, fixed offset (control)",0,true,2023-24,2022-23,11,28,5,false,1627,1428,36,1,58.107142857142854,51,,,,,,,1405,50.17857142857143,1247,44.535714285714285,26,0,,,1.7692307692307692,26,28,14,4,17,0,,,,,,0,0,0,,,,0,0,0,,,,0,0,0,,,,0,,,,21,21,21,21,0,0,0,0,0,0,,,,,,,,,,,1416.7846694489685,50.5994524803203,1706.3952167521143,60.94268631257551,,55,2a84996b516a,-,none
TestDiagAnchoredChipDecomposition#1,1787696113-1576283,"wildcard, fixed offset (control)",0,true,2024-25,2023-24,11,28,5,false,1726,1681,37,2,61.642857142857146,60.035714285714285,,,,,,,1681,60.035714285714285,1412,50.42857142857143,26,0,,,1.9615384615384615,26,29,13,10,6,0,,,,,,0,0,0,,,,0,0,0,,,,0,0,0,,,,0,,,,10,10,10,8,0,0,0,0,0,0,,,,,,,,,,,1648.6369668324785,58.87989167258852,1714.7027565605745,61.23938416287766,,55,a6e9f92d83f6,-,none
TestDiagAnchoredChipDecomposition#1,1787696113-1576283,"wildcard, fixed offset (control)",0,true,2025-26,2024-25,11,28,5,false,1594,1444,34,0,56.92857142857143,51.57142857142857,,,,,,,1416,50.57142857142857,1259,44.964285714285715,26,0,,,2.3846153846153846,26,25,8,9,-5,0,,,,,,0,0,0,,,,0,0,0,,,,0,0,0,,,,0,,,,10,10,10,10,0,0,0,0,0,0,,,,,,,,,,,1420.3707344105421,50.72752622894793,1552.0934593341262,55.43190926193308,,55,71a4b81a55e0,-,none
TestDiagAnchoredChipDecomposition#1,1787696113-1576283,"wildcard, fixed offset (control)",0,true,2020-21,2019-20,16,23,5,false,1298,1135,30,1,56.43478260869565,49.34782608695652,,,,,,,1101,47.869565217391305,988,42.95652173913044,21,0,,,2,21,22,8,9,-8,0,,,,,,0,0,0,,,,0,0,0,,,,0,0,0,,,,0,,,,43,34,32,23,0,0,0,0,0,0,,,,,,,,,,,1145.8522005436278,49.81966089320121,1326.2134061455452,57.66145244111066,,55,d978f64ccb97,-,none
TestDiagAnchoredChipDecomposition#1,1787696113-1576283,"wildcard, fixed offset (control)",0,true,2021-22,2020-21,16,23,5,false,1369,1219,34,3,59.52173913043478,53,,,,,,,1237,53.78260869565217,1112,48.34782608695652,21,0,,,1.380952380952381,21,25,11,4,12,0,,,,,,0,0,0,,,,0,0,0,,,,0,0,0,,,,0,,,,61,57,61,27,0,0,0,0,0,0,,,,,,,,,,,1287.3516603457401,55.97181131938,1419.8845405210297,61.734110457436074,,55,a0c25dc6cfa4,-,none
TestDiagAnchoredChipDecomposition#1,1787696113-1576283,"wildcard, fixed offset (control)",0,true,2022-23,2021-22,16,23,5,false,1368,1123,27,2,59.47826086956522,48.82608695652174,,,,,,,1062,46.17391304347826,955,41.52173913043478,21,0,,,2.9523809523809526,21,20,8,3,8,0,,,,,,0,0,0,,,,0,0,0,,,,0,0,0,,,,0,,,,42,14,36,14,0,0,0,0,0,0,,,,,,,,,,,1117.893865843038,48.60408112361034,1398.6525069301895,60.81097856218215,,55,1820c2242a5e,-,none
TestDiagAnchoredChipDecomposition#1,1787696113-1576283,"wildcard, fixed offset (control)",0,true,2023-24,2022-23,16,23,5,false,1381,1085,32,2,60.04347826086956,47.17391304347826,,,,,,,1085,47.17391304347826,934,40.608695652173914,21,0,,,1.9047619047619047,21,24,11,3,17,0,,,,,,0,0,0,,,,0,0,0,,,,0,0,0,,,,0,,,,21,21,21,17,0,0,0,0,0,0,,,,,,,,,,,1100.0328547404902,47.82751542349957,1394.7628076517024,60.64186120224793,,55,291eebc880a2,-,none
TestDiagAnchoredChipDecomposition#1,1787696113-1576283,"wildcard, fixed offset (control)",0,true,2024-25,2023-24,16,23,5,false,1462,1367,25,0,63.56521739130435,59.43478260869565,,,,,,,1367,59.43478260869565,1174,51.04347826086956,21,0,,,3.9523809523809526,21,17,5,3,0,0,,,,,,0,0,0,,,,0,0,0,,,,0,0,0,,,,0,,,,10,8,10,8,0,0,0,0,0,0,,,,,,,,,,,1409.2322184264299,61.27096601854043,1476.2231313824232,64.18361440793144,,55,0a92238fc17e,-,none
TestDiagAnchoredChipDecomposition#1,1787696113-1576283,"wildcard, fixed offset (control)",0,true,2025-26,2024-25,16,23,5,false,1334,1307,28,1,58,56.82608695652174,,,,,,,1308,56.869565217391305,1146,49.82608695652174,21,0,,,1.9047619047619047,21,20,5,7,-4,0,,,,,,0,0,0,,,,0,0,0,,,,0,0,0,,,,0,,,,10,10,10,10,0,0,0,0,0,0,,,,,,,,,,,1247.0166669781659,54.21811595557243,1258.0855980233594,54.69937382710258,,55,439f261a429b,-,none
TestDiagAnchoredChipDecomposition#1,1787696113-1576283,"wildcard, fixed offset (control)",0,true,2020-21,2019-20,21,18,5,false,990,865,24,1,55,48.05555555555556,,,,,,,886,49.22222222222222,768,42.666666666666664,16,0,,,1.9375,16,16,3,7,-6,0,,,,,,0,0,0,,,,0,0,0,,,,0,0,0,,,,0,,,,32,23,26,23,0,0,0,0,0,0,,,,,,,,,,,895.3437728580975,49.74132071433875,1037.8233674717453,57.656853748430294,,55,dc98d0376744,-,none
TestDiagAnchoredChipDecomposition#1,1787696113-1576283,"wildcard, fixed offset (control)",0,true,2021-22,2020-21,21,18,5,false,1055,928,32,5,58.611111111111114,51.55555555555556,,,,,,,946,52.55555555555556,839,46.611111111111114,16,0,,,1.25,16,23,9,4,7,0,,,,,,0,0,0,,,,0,0,0,,,,0,0,0,,,,0,,,,59,25,51,19,0,0,0,0,0,0,,,,,,,,,,,978.9518706549641,54.38621503638689,1092.7292732279134,60.70718184599519,,55,17afedb0c8fd,-,none
TestDiagAnchoredChipDecomposition#1,1787696113-1576283,"wildcard, fixed offset (control)",0,true,2022-23,2021-22,21,18,5,false,1224,1147,21,0,68,63.72222222222222,,,,,,,1143,63.5,998,55.44444444444444,16,0,,,2.375,16,16,10,2,9,0,,,,,,0,0,0,,,,0,0,0,,,,0,0,0,,,,0,,,,36,14,28,10,0,0,0,0,0,0,,,,,,,,,,,1135.4096454671374,63.07831363706319,1188.5930226987884,66.03294570548825,,55,bf48ca67ee37,-,none
TestDiagAnchoredChipDecomposition#1,1787696113-1576283,"wildcard, fixed offset (control)",0,true,2023-24,2022-23,21,18,5,false,1165,964,24,0,64.72222222222223,53.55555555555556,,,,,,,954,53,845,46.94444444444444,16,0,,,2.125,16,16,7,5,4,0,,,,,,0,0,0,,,,0,0,0,,,,0,0,0,,,,0,,,,21,17,17,17,0,0,0,0,0,0,,,,,,,,,,,996.2801720475503,55.34889844708613,1130.1993362386145,62.78885201325636,,55,a39e1a72098e,-,none
TestDiagAnchoredChipDecomposition#1,1787696113-1576283,"wildcard, fixed offset (control)",0,true,2024-25,2023-24,21,18,5,false,1049,956,22,0,58.27777777777778,53.111111111111114,,,,,,,956,53.111111111111114,821,45.611111111111114,16,0,,,1.9375,16,15,10,2,13,0,,,,,,0,0,0,,,,0,0,0,,,,0,0,0,,,,0,,,,10,8,6,8,0,0,0,0,0,0,,,,,,,,,,,978.7329286819744,54.37405159344302,1088.1125854466916,60.45069919148287,,55,606dfdefbccb,-,none
TestDiagAnchoredChipDecomposition#1,1787696113-1576283,"wildcard, fixed offset (control)",0,true,2025-26,2024-25,21,18,5,false,1061,942,19,0,58.94444444444444,52.333333333333336,,,,,,,927,51.5,841,46.72222222222222,16,0,,,3.4375,16,13,7,3,4,0,,,,,,0,0,0,,,,0,0,0,,,,0,0,0,,,,0,,,,10,10,10,10,0,0,0,0,0,0,,,,,,,,,,,912.9456155568754,50.71920086427085,997.8649140397234,55.43693966887352,,55,73261d35b823,-,none
TestDiagAnchoredChipDecomposition#1,1787696113-1576283,"wildcard, fixed offset (control)",0,true,2020-21,2019-20,26,13,5,false,680,626,20,0,52.30769230769231,48.15384615384615,,,,,,,634,48.76923076923077,567,43.61538461538461,11,0,,,1.2727272727272727,11,12,5,4,2,0,,,,,,0,0,0,,,,0,0,0,,,,0,0,0,,,,0,,,,12,23,10,11,0,0,0,0,0,0,,,,,,,,,,,659.8771559423692,50.759781226336095,734.6556318928319,56.511971684063994,,55,5fce185dc3f5,-,none
TestDiagAnchoredChipDecomposition#1,1787696113-1576283,"wildcard, fixed offset (control)",0,true,2021-22,2020-21,26,13,5,false,709,637,26,3,54.53846153846154,49,,,,,,,642,49.38461538461539,573,44.07692307692308,11,0,,,1.3636363636363635,11,15,7,2,4,0,,,,,,0,0,0,,,,0,0,0,,,,0,0,0,,,,0,,,,43,19,28,4,0,0,0,0,0,0,,,,,,,,,,,643.906825351017,49.53129425777054,758.1933275585404,58.32256365834927,,55,84591047a9e2,-,none
TestDiagAnchoredChipDecomposition#1,1787696113-1576283,"wildcard, fixed offset (control)",0,true,2022-23,2021-22,26,13,5,false,839,802,17,0,64.53846153846153,61.69230769230769,,,,,,,798,61.38461538461539,686,52.76923076923077,11,0,,,3.1818181818181817,11,11,3,3,-3,0,,,,,,0,0,0,,,,0,0,0,,,,0,0,0,,,,0,,,,28,10,12,4,0,0,0,0,0,0,,,,,,,,,,,809.8085824213479,62.29296787856522,828.8582352767557,63.75832579051967,,55,519e8636fe01,-,none
TestDiagAnchoredChipDecomposition#1,1787696113-1576283,"wildcard, fixed offset (control)",0,true,2023-24,2022-23,26,13,5,false,758,617,20,1,58.30769230769231,47.46153846153846,,,,,,,619,47.61538461538461,548,42.15384615384615,11,0,,,1.4545454545454546,11,13,4,3,1,0,,,,,,0,0,0,,,,0,0,0,,,,0,0,0,,,,0,,,,17,13,15,1,0,0,0,0,0,0,,,,,,,,,,,637.2043322278133,49.01571786367795,734.980538576473,56.53696450588254,,55,d725094b2efe,-,none
TestDiagAnchoredChipDecomposition#1,1787696113-1576283,"wildcard, fixed offset (control)",0,true,2024-25,2023-24,26,13,5,false,731,692,16,1,56.23076923076923,53.23076923076923,,,,,,,692,53.23076923076923,619,47.61538461538461,11,0,,,2.3636363636363638,11,9,5,3,4,0,,,,,,0,0,0,,,,0,0,0,,,,0,0,0,,,,0,,,,6,8,6,4,0,0,0,0,0,0,,,,,,,,,,,728.9946771610494,56.076513627773025,756.7114908637842,58.20857622029109,,55,685eecb0cbdb,-,none
TestDiagAnchoredChipDecomposition#1,1787696113-1576283,"wildcard, fixed offset (control)",0,true,2025-26,2024-25,26,13,5,false,790,756,17,0,60.76923076923077,58.15384615384615,,,,,,,757,58.23076923076923,655,50.38461538461539,11,0,,,1.7272727272727273,11,10,2,6,-10,0,,,,,,0,0,0,,,,0,0,0,,,,0,0,0,,,,0,,,,8,10,8,10,0,0,0,0,0,0,,,,,,,,,,,710.1237686554032,54.62490528118486,734.716340861677,56.516641604744386,,55,32f63ab9f3ba,-,none
TestDiagAnchoredChipDecomposition#1,1787696113-1576283,"wildcard, anchored (4gw sight)",1,false,2020-21,2019-20,1,38,5,false,2031,1628,47,4,53.44736842105263,42.8421052631579,,,,,,,1628,42.8421052631579,1388,36.526315789473685,36,0,,,1.3888888888888888,32,34,14,10,-2,0,,,,,,0,0,0,,,,0,0,0,,,,0,0,0,,,,0,,,,43,40,43,40,0,0,0,0,0,0,,,,,,,,,,,1613.0156880372417,42.44778126413794,2041.5878579600203,53.725996262105795,,55,98b82c09e797,-,none
TestDiagAnchoredChipDecomposition#1,1787696113-1576283,"wildcard, anchored (4gw sight)",1,false,2021-22,2020-21,1,38,5,false,2193,1942,48,3,57.71052631578947,51.10526315789474,,,,,,,1987,52.28947368421053,1692,44.526315789473685,36,0,,,1.25,32,35,15,7,12,0,,,,,,0,0,0,,,,0,0,0,,,,0,0,0,,,,0,,,,61,61,61,61,0,0,0,0,0,0,,,,,,,,,,,1925.730264990003,50.67711223657903,2221.1977239224407,58.45257168216949,,55,2ee4dc9e44a7,-,none
TestDiagAnchoredChipDecomposition#1,1787696113-1576283,"wildcard, anchored (4gw sight)",1,false,2022-23,2021-22,1,38,5,false,2087,1857,46,1,54.921052631578945,48.86842105263158,,,,,,,1855,48.81578947368421,1607,42.28947368421053,36,0,,,1.7222222222222223,32,31,13,8,9,0,,,,,,0,0,0,,,,0,0,0,,,,0,0,0,,,,0,,,,42,22,42,22,0,0,0,0,0,0,,,,,,,,,,,1880.4174544158348,49.48466985304828,2137.172303622725,56.24137641112434,,55,daf912cff2eb,-,none
TestDiagAnchoredChipDecomposition#1,1787696113-1576283,"wildcard, anchored (4gw sight)",1,false,2023-24,2022-23,1,38,5,false,2334,1806,48,1,61.421052631578945,47.526315789473685,,,,,,,1780,46.8421052631579,1569,41.28947368421053,36,0,,,1.8611111111111112,32,34,15,6,19,0,,,,,,0,0,0,,,,0,0,0,,,,0,0,0,,,,0,,,,23,23,23,21,0,0,0,0,0,0,,,,,,,,,,,1847.281228959663,48.61266391999113,2290.2506637229444,60.269754308498534,,55,7df5f95f1759,-,none
TestDiagAnchoredChipDecomposition#1,1787696113-1576283,"wildcard, anchored (4gw sight)",1,false,2024-25,2023-24,1,38,5,false,2432,1908,38,2,64,50.21052631578947,,,,,,,1890,49.73684210526316,1708,44.94736842105263,36,0,,,2.0277777777777777,32,29,14,8,8,0,,,,,,0,0,0,,,,0,0,0,,,,0,0,0,,,,0,,,,10,10,10,10,0,0,0,0,0,0,,,,,,,,,,,1984.839567078322,52.23262018627163,2338.6489427720826,61.54339323084428,,55,d0f719155ebc,-,none
TestDiagAnchoredChipDecomposition#1,1787696113-1576283,"wildcard, anchored (4gw sight)",1,false,2025-26,2024-25,1,38,5,false,2189,1523,44,1,57.60526315789474,40.078947368421055,,,,,,,1529,40.23684210526316,1375,36.18421052631579,36,0,,,1.2777777777777777,32,32,10,9,-7,0,,,,,,0,0,0,,,,0,0,0,,,,0,0,0,,,,0,,,,10,10,10,10,0,0,0,0,0,0,,,,,,,,,,,1583.8646329653097,41.680648235929205,2106.0040657487148,55.42115962496618,,55,cdb305de770a,-,none
TestDiagAnchoredChipDecomposition#1,1787696113-1576283,"wildcard, anchored (4gw sight)",1,false,2020-21,2019-20,6,33,5,false,1732,1564,42,6,52.484848484848484,47.39393939393939,,,,,,,1556,47.15151515151515,1364,41.333333333333336,31,0,,,1.3548387096774193,31,36,10,14,-9,0,,,,,,0,0,0,,,,0,0,0,,,,0,0,0,,,,0,,,,43,40,43,40,0,0,0,0,0,0,,,,,,,,,,,1607.8659884381584,48.72321177085328,1769.962297748578,53.6352211438963,,55,e4f19b098970,-,none
TestDiagAnchoredChipDecomposition#1,1787696113-1576283,"wildcard, anchored (4gw sight)",1,false,2021-22,2020-21,6,33,5,false,1846,1697,48,6,55.93939393939394,51.42424242424242,,,,,,,1703,51.60606060606061,1488,45.09090909090909,31,0,,,1.3870967741935485,31,38,15,9,9,0,,,,,,0,0,0,,,,0,0,0,,,,0,0,0,,,,0,,,,61,61,61,61,0,0,0,0,0,0,,,,,,,,,,,1717.4237818225079,52.04314490371236,1903.4925793107848,57.68159331244802,,55,ed57ca1f3812,-,none
TestDiagAnchoredChipDecomposition#1,1787696113-1576283,"wildcard, anchored (4gw sight)",1,false,2022-23,2021-22,6,33,5,false,1842,1561,38,0,55.81818181818182,47.303030303030305,,,,,,,1500,45.45454545454545,1372,41.57575757575758,31,0,,,3.032258064516129,31,31,12,9,-1,0,,,,,,0,0,0,,,,0,0,0,,,,0,0,0,,,,0,,,,42,22,42,16,0,0,0,0,0,0,,,,,,,,,,,1550.0004339075806,46.969710118411534,1865.8342420188328,56.54043157632827,,55,9193eb4c0665,-,none
TestDiagAnchoredChipDecomposition#1,1787696113-1576283,"wildcard, anchored (4gw sight)",1,false,2023-24,2022-23,6,33,5,false,2099,1724,38,2,63.60606060606061,52.24242424242424,,,,,,,1702,51.57575757575758,1484,44.96969696969697,31,0,,,1.8387096774193548,31,34,14,9,17,0,,,,,,0,0,0,,,,0,0,0,,,,0,0,0,,,,0,,,,23,21,21,21,0,0,0,0,0,0,,,,,,,,,,,1721.7944263935356,52.175588678591986,2094.01914432244,63.45512558552848,,55,a4cd558c8a6c,-,none
TestDiagAnchoredChipDecomposition#1,1787696113-1576283,"wildcard, anchored (4gw sight)",1,false,2024-25,2023-24,6,33,5,false,1961,1744,37,1,59.42424242424242,52.84848484848485,,,,,,,1641,49.72727272727273,1485,45,31,0,,,1.7096774193548387,31,31,13,6,17,0,,,,,,0,0,0,,,,0,0,0,,,,0,0,0,,,,0,,,,10,10,10,10,0,0,0,0,0,0,,,,,,,,,,,1754.9002266108062,53.17879474578201,2004.9933763003723,60.757375039405225,,55,7d06f846b27d,-,none
TestDiagAnchoredChipDecomposition#1,1787696113-1576283,"wildcard, anchored (4gw sight)",1,false,2025-26,2024-25,6,33,5,false,1971,1743,40,1,59.72727272727273,52.81818181818182,,,,,,,1663,50.39393939393939,1547,46.878787878787875,31,0,,,1.8709677419354838,31,30,7,10,-4,0,,,,,,0,0,0,,,,0,0,0,,,,0,0,0,,,,0,,,,10,10,10,10,0,0,0,0,0,0,,,,,,,,,,,1697.4225268293555,51.43704626755623,1886.4113801594772,57.16398121695386,,55,135d9da53c17,-,none
TestDiagAnchoredChipDecomposition#1,1787696113-1576283,"wildcard, anchored (4gw sight)",1,false,2020-21,2019-20,11,28,5,false,1576,1208,36,3,56.285714285714285,43.142857142857146,,,,,,,1203,42.964285714285715,1039,37.107142857142854,26,0,,,1.4615384615384615,26,30,13,13,-1,0,,,,,,0,0,0,,,,0,0,0,,,,0,0,0,,,,0,,,,43,38,43,38,0,0,0,0,0,0,,,,,,,,,,,1319.6548051841444,47.13052875657659,1633.8545852689297,58.35194947389034,,55,5babbe645ffb,-,none
TestDiagAnchoredChipDecomposition#1,1787696113-1576283,"wildcard, anchored (4gw sight)",1,false,2021-22,2020-21,11,28,5,false,1589,1630,41,5,56.75,58.214285714285715,,,,,,,1658,59.214285714285715,1470,52.5,26,0,,,1.3461538461538463,26,32,16,5,18,0,,,,,,0,0,0,,,,0,0,0,,,,0,0,0,,,,0,,,,61,61,61,59,0,0,0,0,0,0,,,,,,,,,,,1616.204129636625,57.7215760584509,1653.6204060433877,59.0578716444067,,55,0e0b223ab713,-,none
TestDiagAnchoredChipDecomposition#1,1787696113-1576283,"wildcard, anchored (4gw sight)",1,false,2022-23,2021-22,11,28,5,false,1621,1555,32,0,57.892857142857146,55.535714285714285,,,,,,,1494,53.357142857142854,1371,48.964285714285715,26,0,,,3.3076923076923075,26,24,11,4,14,0,,,,,,0,0,0,,,,0,0,0,,,,0,0,0,,,,0,,,,42,16,42,14,0,0,0,0,0,0,,,,,,,,,,,1523.4456911914474,54.40877468540884,1649.2624731769213,58.90223118489005,,55,57dcb8c18a3d,-,none
TestDiagAnchoredChipDecomposition#1,1787696113-1576283,"wildcard, anchored (4gw sight)",1,false,2023-24,2022-23,11,28,5,false,1662,1428,34,0,59.357142857142854,51,,,,,,,1405,50.17857142857143,1247,44.535714285714285,26,0,,,1.6923076923076923,26,27,10,4,15,0,,,,,,0,0,0,,,,0,0,0,,,,0,0,0,,,,0,,,,21,21,21,21,0,0,0,0,0,0,,,,,,,,,,,1416.7846694489685,50.5994524803203,1687.4283044119852,60.26529658614233,,55,2a84996b516a,-,none
TestDiagAnchoredChipDecomposition#1,1787696113-1576283,"wildcard, anchored (4gw sight)",1,false,2024-25,2023-24,11,28,5,false,1796,1681,34,2,64.14285714285714,60.035714285714285,,,,,,,1681,60.035714285714285,1412,50.42857142857143,26,0,,,1.7307692307692308,26,26,10,10,3,0,,,,,,0,0,0,,,,0,0,0,,,,0,0,0,,,,0,,,,10,10,10,8,0,0,0,0,0,0,,,,,,,,,,,1648.6369668324785,58.87989167258852,1743.7987994178964,62.27852855063916,,55,a6e9f92d83f6,-,none
TestDiagAnchoredChipDecomposition#1,1787696113-1576283,"wildcard, anchored (4gw sight)",1,false,2025-26,2024-25,11,28,5,false,1567,1444,33,1,55.964285714285715,51.57142857142857,,,,,,,1416,50.57142857142857,1259,44.964285714285715,26,0,,,1.4615384615384615,26,26,8,9,-6,0,,,,,,0,0,0,,,,0,0,0,,,,0,0,0,,,,0,,,,10,10,10,10,0,0,0,0,0,0,,,,,,,,,,,1420.3707344105421,50.72752622894793,1526.9267344272832,54.533097658117256,,55,71a4b81a55e0,-,none
TestDiagAnchoredChipDecomposition#1,1787696113-1576283,"wildcard, anchored (4gw sight)",1,false,2020-21,2019-20,16,23,5,false,1217,1135,28,2,52.91304347826087,49.34782608695652,,,,,,,1101,47.869565217391305,988,42.95652173913044,21,0,,,1.4285714285714286,21,23,7,7,-1,0,,,,,,0,0,0,,,,0,0,0,,,,0,0,0,,,,0,,,,43,34,32,23,0,0,0,0,0,0,,,,,,,,,,,1145.8522005436278,49.81966089320121,1250.7030018460216,54.378391384609635,,55,d978f64ccb97,-,none
TestDiagAnchoredChipDecomposition#1,1787696113-1576283,"wildcard, anchored (4gw sight)",1,false,2021-22,2020-21,16,23,5,false,1270,1219,31,0,55.21739130434783,53,,,,,,,1237,53.78260869565217,1112,48.34782608695652,21,0,,,1.380952380952381,21,22,9,4,2,0,,,,,,0,0,0,,,,0,0,0,,,,0,0,0,,,,0,,,,61,57,61,27,0,0,0,0,0,0,,,,,,,,,,,1287.3516603457401,55.97181131938,1361.3454748448903,59.18893368890827,,55,a0c25dc6cfa4,-,none
TestDiagAnchoredChipDecomposition#1,1787696113-1576283,"wildcard, anchored (4gw sight)",1,false,2022-23,2021-22,16,23,5,false,1373,1123,30,0,59.69565217391305,48.82608695652174,,,,,,,1062,46.17391304347826,955,41.52173913043478,21,0,,,2.3333333333333335,21,22,10,5,6,0,,,,,,0,0,0,,,,0,0,0,,,,0,0,0,,,,0,,,,42,14,36,14,0,0,0,0,0,0,,,,,,,,,,,1117.893865843038,48.60408112361034,1408.0465196087716,61.21941389603355,,55,1820c2242a5e,-,none
TestDiagAnchoredChipDecomposition#1,1787696113-1576283,"wildcard, anchored (4gw sight)",1,false,2023-24,2022-23,16,23,5,false,1409,1085,31,2,61.26086956521739,47.17391304347826,,,,,,,1085,47.17391304347826,934,40.608695652173914,21,0,,,1.3333333333333333,21,24,11,3,18,0,,,,,,0,0,0,,,,0,0,0,,,,0,0,0,,,,0,,,,21,21,21,17,0,0,0,0,0,0,,,,,,,,,,,1100.0328547404902,47.82751542349957,1429.3029969492925,62.14360856301272,,55,291eebc880a2,-,none
TestDiagAnchoredChipDecomposition#1,1787696113-1576283,"wildcard, anchored (4gw sight)",1,false,2024-25,2023-24,16,23,5,false,1491,1367,24,1,64.82608695652173,59.43478260869565,,,,,,,1367,59.43478260869565,1174,51.04347826086956,21,0,,,3.0476190476190474,21,19,6,3,7,0,,,,,,0,0,0,,,,0,0,0,,,,0,0,0,,,,0,,,,10,8,10,8,0,0,0,0,0,0,,,,,,,,,,,1409.2322184264299,61.27096601854043,1470.6264190933482,63.94027909101514,,55,0a92238fc17e,-,none
TestDiagAnchoredChipDecomposition#1,1787696113-1576283,"wildcard, anchored (4gw sight)",1,false,2025-26,2024-25,16,23,5,false,1308,1307,31,1,56.869565217391305,56.82608695652174,,,,,,,1308,56.869565217391305,1146,49.82608695652174,21,0,,,1.5714285714285714,21,21,5,7,-7,0,,,,,,0,0,0,,,,0,0,0,,,,0,0,0,,,,0,,,,10,10,10,10,0,0,0,0,0,0,,,,,,,,,,,1247.0166669781659,54.21811595557243,1245.2075046725233,54.13945672489232,,55,439f261a429b,-,none
TestDiagAnchoredChipDecomposition#1,1787696113-1576283,"wildcard, anchored (4gw sight)",1,false,2020-21,2019-20,21,18,5,false,999,865,23,1,55.5,48.05555555555556,,,,,,,886,49.22222222222222,768,42.666666666666664,16,0,,,1.125,16,18,5,6,-5,0,,,,,,0,0,0,,,,0,0,0,,,,0,0,0,,,,0,,,,32,23,26,23,0,0,0,0,0,0,,,,,,,,,,,895.3437728580975,49.74132071433875,1025.7180307221013,56.98433504011674,,55,dc98d0376744,-,none
TestDiagAnchoredChipDecomposition#1,1787696113-1576283,"wildcard, anchored (4gw sight)",1,false,2021-22,2020-21,21,18,5,false,1019,928,33,6,56.611111111111114,51.55555555555556,,,,,,,946,52.55555555555556,839,46.611111111111114,16,0,,,1.1875,16,24,10,7,2,0,,,,,,0,0,0,,,,0,0,0,,,,0,0,0,,,,0,,,,59,25,51,19,0,0,0,0,0,0,,,,,,,,,,,978.9518706549641,54.38621503638689,1038.962531573773,57.72014064298739,,55,17afedb0c8fd,-,none
TestDiagAnchoredChipDecomposition#1,1787696113-1576283,"wildcard, anchored (4gw sight)",1,false,2022-23,2021-22,21,18,5,false,1224,1147,21,0,68,63.72222222222222,,,,,,,1143,63.5,998,55.44444444444444,16,0,,,2.375,16,16,10,2,9,0,,,,,,0,0,0,,,,0,0,0,,,,0,0,0,,,,0,,,,36,14,28,10,0,0,0,0,0,0,,,,,,,,,,,1135.4096454671374,63.07831363706319,1188.5930226987884,66.03294570548825,,55,bf48ca67ee37,-,none
TestDiagAnchoredChipDecomposition#1,1787696113-1576283,"wildcard, anchored (4gw sight)",1,false,2023-24,2022-23,21,18,5,false,1213,964,22,0,67.38888888888889,53.55555555555556,,,,,,,954,53,845,46.94444444444444,16,0,,,1.4375,16,15,9,4,6,0,,,,,,0,0,0,,,,0,0,0,,,,0,0,0,,,,0,,,,21,17,17,17,0,0,0,0,0,0,,,,,,,,,,,996.2801720475503,55.34889844708613,1149.0408867692213,63.835604820512295,,55,a39e1a72098e,-,none
TestDiagAnchoredChipDecomposition#1,1787696113-1576283,"wildcard, anchored (4gw sight)",1,false,2024-25,2023-24,21,18,5,false,1064,956,23,1,59.111111111111114,53.111111111111114,,,,,,,956,53.111111111111114,821,45.611111111111114,16,0,,,2.25,16,15,8,3,9,0,,,,,,0,0,0,,,,0,0,0,,,,0,0,0,,,,0,,,,10,8,6,8,0,0,0,0,0,0,,,,,,,,,,,978.7329286819744,54.37405159344302,1085.3268060682108,60.29593367045615,,55,606dfdefbccb,-,none
TestDiagAnchoredChipDecomposition#1,1787696113-1576283,"wildcard, anchored (4gw sight)",1,false,2025-26,2024-25,21,18,5,false,1092,942,22,0,60.666666666666664,52.333333333333336,,,,,,,927,51.5,841,46.72222222222222,16,0,,,2.5625,16,15,5,8,-7,0,,,,,,0,0,0,,,,0,0,0,,,,0,0,0,,,,0,,,,10,10,10,10,0,0,0,0,0,0,,,,,,,,,,,912.9456155568754,50.71920086427085,1027.9245361474264,57.10691867485702,,55,73261d35b823,-,none
TestDiagAnchoredChipDecomposition#1,1787696113-1576283,"wildcard, anchored (4gw sight)",1,false,2020-21,2019-20,26,13,5,false,681,626,20,0,52.38461538461539,48.15384615384615,,,,,,,634,48.76923076923077,567,43.61538461538461,11,0,,,1.2727272727272727,11,12,6,3,5,0,,,,,,0,0,0,,,,0,0,0,,,,0,0,0,,,,0,,,,12,23,10,11,0,0,0,0,0,0,,,,,,,,,,,659.8771559423692,50.759781226336095,731.9746619832415,56.305743229480115,,55,5fce185dc3f5,-,none
TestDiagAnchoredChipDecomposition#1,1787696113-1576283,"wildcard, anchored (4gw sight)",1,false,2021-22,2020-21,26,13,5,false,734,637,22,2,56.46153846153846,49,,,,,,,642,49.38461538461539,573,44.07692307692308,11,0,,,1.1818181818181819,11,15,8,3,7,0,,,,,,0,0,0,,,,0,0,0,,,,0,0,0,,,,0,,,,43,19,28,4,0,0,0,0,0,0,,,,,,,,,,,643.906825351017,49.53129425777054,784.0305373449742,60.310041334228785,,55,84591047a9e2,-,none
TestDiagAnchoredChipDecomposition#1,1787696113-1576283,"wildcard, anchored (4gw sight)",1,false,2022-23,2021-22,26,13,5,false,878,802,15,0,67.53846153846153,61.69230769230769,,,,,,,798,61.38461538461539,686,52.76923076923077,11,0,,,2.909090909090909,11,12,7,2,6,0,,,,,,0,0,0,,,,0,0,0,,,,0,0,0,,,,0,,,,28,10,12,4,0,0,0,0,0,0,,,,,,,,,,,809.8085824213479,62.29296787856522,863.9580979013655,66.45831522318196,,55,519e8636fe01,-,none
TestDiagAnchoredChipDecomposition#1,1787696113-1576283,"wildcard, anchored (4gw sight)",1,false,2023-24,2022-23,26,13,5,false,758,617,20,1,58.30769230769231,47.46153846153846,,,,,,,619,47.61538461538461,548,42.15384615384615,11,0,,,1.4545454545454546,11,13,4,3,1,0,,,,,,0,0,0,,,,0,0,0,,,,0,0,0,,,,0,,,,17,13,15,1,0,0,0,0,0,0,,,,,,,,,,,637.2043322278133,49.01571786367795,734.980538576473,56.53696450588254,,55,d725094b2efe,-,none
TestDiagAnchoredChipDecomposition#1,1787696113-1576283,"wildcard, anchored (4gw sight)",1,false,2024-25,2023-24,26,13,5,false,683,692,15,1,52.53846153846154,53.23076923076923,,,,,,,692,53.23076923076923,619,47.61538461538461,11,0,,,2.090909090909091,11,10,5,4,1,0,,,,,,0,0,0,,,,0,0,0,,,,0,0,0,,,,0,,,,6,8,6,4,0,0,0,0,0,0,,,,,,,,,,,728.9946771610494,56.076513627773025,734.3201892504285,56.48616840387911,,55,685eecb0cbdb,-,none
TestDiagAnchoredChipDecomposition#1,1787696113-1576283,"wildcard, anchored (4gw sight)",1,false,2025-26,2024-25,26,13,5,false,813,756,17,0,62.53846153846154,58.15384615384615,,,,,,,757,58.23076923076923,655,50.38461538461539,11,0,,,2,11,9,1,6,-9,0,,,,,,0,0,0,,,,0,0,0,,,,0,0,0,,,,0,,,,8,10,8,10,0,0,0,0,0,0,,,,,,,,,,,710.1237686554032,54.62490528118486,741.0597177807688,57.00459367544375,,55,32f63ab9f3ba,-,none
TestDiagAnchoredChipDecomposition#2,1787696113-1576283,"bench boost, fixed offset (control)",0,true,2020-21,2019-20,1,38,5,false,1946,1628,45,8,51.21052631578947,42.8421052631579,,,,,,,1628,42.8421052631579,1388,36.526315789473685,37,0,,,1.1081081081081081,33,40,18,12,7,0,,,,,,0,0,0,,,,0,0,0,,,,0,0,0,,,,0,,,,43,40,43,40,0,0,7,0,0,0,,,,,,,,,,,1613.0156880372417,42.44778126413794,1965.5285459142312,51.72443541879556,,55,98b82c09e797,-,none
TestDiagAnchoredChipDecomposition#2,1787696113-1576283,"bench boost, fixed offset (control)",0,true,2021-22,2020-21,1,38,5,false,2216,1942,43,5,58.31578947368421,51.10526315789474,,,,,,,1987,52.28947368421053,1692,44.526315789473685,37,0,,,1.2432432432432432,33,38,17,8,16,0,,,,,,0,0,0,,,,0,0,0,,,,0,0,0,,,,0,,,,61,61,61,61,0,0,7,0,0,0,,,,,,,,,,,1925.730264990003,50.67711223657903,2268.3085647754,59.692330651984214,,55,2ee4dc9e44a7,-,none
TestDiagAnchoredChipDecomposition#2,1787696113-1576283,"bench boost, fixed offset (control)",0,true,2022-23,2021-22,1,38,5,false,2054,1857,38,1,54.05263157894737,48.86842105263158,,,,,,,1855,48.81578947368421,1607,42.28947368421053,37,0,,,1.4054054054054055,33,33,13,7,11,0,,,,,,0,0,0,,,,0,0,0,,,,0,0,0,,,,0,,,,42,22,42,22,0,0,7,0,0,0,,,,,,,,,,,1880.4174544158348,49.48466985304828,2103.2326976833106,55.34822888640291,,55,daf912cff2eb,-,none
TestDiagAnchoredChipDecomposition#2,1787696113-1576283,"bench boost, fixed offset (control)",0,true,2023-24,2022-23,1,38,5,false,2376,1806,40,3,62.526315789473685,47.526315789473685,,,,,,,1780,46.8421052631579,1569,41.28947368421053,37,0,,,1.6486486486486487,33,36,16,9,13,0,,,,,,0,0,0,,,,0,0,0,,,,0,0,0,,,,0,,,,23,23,23,21,0,0,7,1,0,0,,,,,,,,,,,1847.281228959663,48.61266391999113,2309.5420321937186,60.7774218998347,,55,7df5f95f1759,-,none
TestDiagAnchoredChipDecomposition#2,1787696113-1576283,"bench boost, fixed offset (control)",0,true,2024-25,2023-24,1,38,5,false,2450,1908,34,2,64.47368421052632,50.21052631578947,,,,,,,1890,49.73684210526316,1708,44.94736842105263,37,0,,,2.054054054054054,33,29,13,9,6,0,,,,,,0,0,0,,,,0,0,0,,,,0,0,0,,,,0,,,,10,10,10,10,0,0,7,2,0,0,,,,,,,,,,,1984.839567078322,52.23262018627163,2345.8418635585554,61.73268061996198,,55,d0f719155ebc,-,none
TestDiagAnchoredChipDecomposition#2,1787696113-1576283,"bench boost, fixed offset (control)",0,true,2025-26,2024-25,1,38,5,false,2182,1523,35,1,57.421052631578945,40.078947368421055,,,,,,,1529,40.23684210526316,1375,36.18421052631579,37,0,,,1.3783783783783783,33,30,9,8,-5,0,,,,,,0,0,0,,,,0,0,0,,,,0,0,0,,,,0,,,,10,10,10,10,0,0,7,2,0,0,,,,,,,,,,,1583.8646329653097,41.680648235929205,2111.0674622444194,55.55440690116893,,55,cdb305de770a,-,none
TestDiagAnchoredChipDecomposition#2,1787696113-1576283,"bench boost, fixed offset (control)",0,true,2020-21,2019-20,6,33,5,false,1721,1564,37,5,52.15151515151515,47.39393939393939,,,,,,,1556,47.15151515151515,1364,41.333333333333336,32,0,,,1.21875,32,37,9,12,-6,0,,,,,,0,0,0,,,,0,0,0,,,,0,0,0,,,,0,,,,43,40,43,40,0,0,12,0,0,0,,,,,,,,,,,1607.8659884381584,48.72321177085328,1743.5837423434823,52.835870980105526,,55,e4f19b098970,-,none
TestDiagAnchoredChipDecomposition#2,1787696113-1576283,"bench boost, fixed offset (control)",0,true,2021-22,2020-21,6,33,5,false,1980,1697,38,6,60,51.42424242424242,,,,,,,1703,51.60606060606061,1488,45.09090909090909,32,0,,,1.3125,32,38,16,9,14,0,,,,,,0,0,0,,,,0,0,0,,,,0,0,0,,,,0,,,,61,61,61,61,0,0,12,7,0,0,,,,,,,,,,,1717.4237818225079,52.04314490371236,2016.3404732938243,61.10122646344922,,55,ed57ca1f3812,-,none
TestDiagAnchoredChipDecomposition#2,1787696113-1576283,"bench boost, fixed offset (control)",0,true,2022-23,2021-22,6,33,5,false,1857,1561,31,1,56.27272727272727,47.303030303030305,,,,,,,1500,45.45454545454545,1372,41.57575757575758,32,0,,,2.78125,32,31,14,10,3,0,,,,,,0,0,0,,,,0,0,0,,,,0,0,0,,,,0,,,,42,22,42,16,0,0,12,0,0,0,,,,,,,,,,,1550.0004339075806,46.969710118411534,1882.200283812387,57.036372236739,,55,9193eb4c0665,-,none
TestDiagAnchoredChipDecomposition#2,1787696113-1576283,"bench boost, fixed offset (control)",0,true,2023-24,2022-23,6,33,5,false,2028,1724,32,0,61.45454545454545,52.24242424242424,,,,,,,1702,51.57575757575758,1484,44.96969696969697,32,0,,,1.75,32,32,15,10,15,0,,,,,,0,0,0,,,,0,0,0,,,,0,0,0,,,,0,,,,23,21,21,21,0,0,12,0,0,0,,,,,,,,,,,1721.7944263935356,52.175588678591986,2068.906453401842,62.69413495157097,,55,a4cd558c8a6c,-,none
TestDiagAnchoredChipDecomposition#2,1787696113-1576283,"bench boost, fixed offset (control)",0,true,2024-25,2023-24,6,33,5,false,1950,1744,32,1,59.09090909090909,52.84848484848485,,,,,,,1641,49.72727272727273,1485,45,32,0,,,1.625,32,32,14,6,17,0,,,,,,0,0,0,,,,0,0,0,,,,0,0,0,,,,0,,,,10,10,10,10,0,0,12,1,0,0,,,,,,,,,,,1754.9002266108062,53.17879474578201,2014.2192781406022,61.03694782244249,,55,7d06f846b27d,-,none
TestDiagAnchoredChipDecomposition#2,1787696113-1576283,"bench boost, fixed offset (control)",0,true,2025-26,2024-25,6,33,5,false,1934,1743,30,1,58.60606060606061,52.81818181818182,,,,,,,1663,50.39393939393939,1547,46.878787878787875,32,0,,,1.75,32,30,8,8,-1,0,,,,,,0,0,0,,,,0,0,0,,,,0,0,0,,,,0,,,,10,10,10,10,0,0,12,0,0,0,,,,,,,,,,,1697.4225268293555,51.43704626755623,1868.5569400708864,56.622937577905645,,55,135d9da53c17,-,none
TestDiagAnchoredChipDecomposition#2,1787696113-1576283,"bench boost, fixed offset (control)",0,true,2020-21,2019-20,11,28,5,false,1507,1208,29,3,53.82142857142857,43.142857142857146,,,,,,,1203,42.964285714285715,1039,37.107142857142854,27,0,,,1.4074074074074074,27,29,8,10,-5,0,,,,,,0,0,0,,,,0,0,0,,,,0,0,0,,,,0,,,,43,38,43,38,0,0,17,0,0,0,,,,,,,,,,,1319.6548051841444,47.13052875657659,1565.4144829013403,55.9076601036193,,55,5babbe645ffb,-,none
TestDiagAnchoredChipDecomposition#2,1787696113-1576283,"bench boost, fixed offset (control)",0,true,2021-22,2020-21,11,28,5,false,1645,1630,30,2,58.75,58.214285714285715,,,,,,,1658,59.214285714285715,1470,52.5,27,0,,,1.3333333333333333,27,30,14,7,17,0,,,,,,0,0,0,,,,0,0,0,,,,0,0,0,,,,0,,,,61,61,61,59,0,0,17,0,0,0,,,,,,,,,,,1616.204129636625,57.7215760584509,1692.4168502789776,60.44345893853491,,55,0e0b223ab713,-,none
TestDiagAnchoredChipDecomposition#2,1787696113-1576283,"bench boost, fixed offset (control)",0,true,2022-23,2021-22,11,28,5,false,1669,1555,29,2,59.607142857142854,55.535714285714285,,,,,,,1494,53.357142857142854,1371,48.964285714285715,27,0,,,2.111111111111111,27,29,11,5,14,0,,,,,,0,0,0,,,,0,0,0,,,,0,0,0,,,,0,,,,42,16,42,14,0,0,17,0,0,0,,,,,,,,,,,1523.4456911914474,54.40877468540884,1664.4980602745743,59.44635929552051,,55,57dcb8c18a3d,-,none
TestDiagAnchoredChipDecomposition#2,1787696113-1576283,"bench boost, fixed offset (control)",0,true,2023-24,2022-23,11,28,5,false,1671,1428,27,0,59.67857142857143,51,,,,,,,1405,50.17857142857143,1247,44.535714285714285,27,0,,,1.5925925925925926,27,27,12,3,14,0,,,,,,0,0,0,,,,0,0,0,,,,0,0,0,,,,0,,,,21,21,21,21,0,0,17,0,0,0,,,,,,,,,,,1416.7846694489685,50.5994524803203,1690.5178904222812,60.3756389436529,,55,2a84996b516a,-,none
TestDiagAnchoredChipDecomposition#2,1787696113-1576283,"bench boost, fixed offset (control)",0,true,2024-25,2023-24,11,28,5,false,1826,1681,28,2,65.21428571428571,60.035714285714285,,,,,,,1681,60.035714285714285,1412,50.42857142857143,27,0,,,1.4074074074074074,27,28,12,11,4,0,,,,,,0,0,0,,,,0,0,0,,,,0,0,0,,,,0,,,,10,10,10,8,0,0,17,1,0,0,,,,,,,,,,,1648.6369668324785,58.87989167258852,1750.9610050259225,62.53432160806866,,55,a6e9f92d83f6,-,none
TestDiagAnchoredChipDecomposition#2,1787696113-1576283,"bench boost, fixed offset (control)",0,true,2025-26,2024-25,11,28,5,false,1565,1444,27,2,55.892857142857146,51.57142857142857,,,,,,,1416,50.57142857142857,1259,44.964285714285715,27,0,,,1.4074074074074074,27,27,9,7,-1,0,,,,,,0,0,0,,,,0,0,0,,,,0,0,0,,,,0,,,,10,10,10,10,0,0,17,0,0,0,,,,,,,,,,,1420.3707344105421,50.72752622894793,1532.6985163104728,54.73923272537403,,55,71a4b81a55e0,-,none
TestDiagAnchoredChipDecomposition#2,1787696113-1576283,"bench boost, fixed offset (control)",0,true,2020-21,2019-20,16,23,5,false,1300,1135,22,1,56.52173913043478,49.34782608695652,,,,,,,1101,47.869565217391305,988,42.95652173913044,22,0,,,1.3181818181818181,22,22,6,9,-7,0,,,,,,0,0,0,,,,0,0,0,,,,0,0,0,,,,0,,,,43,34,32,23,0,0,22,7,0,0,,,,,,,,,,,1145.8522005436278,49.81966089320121,1321.8855905518428,57.4732865457323,,55,d978f64ccb97,-,none
TestDiagAnchoredChipDecomposition#2,1787696113-1576283,"bench boost, fixed offset (control)",0,true,2021-22,2020-21,16,23,5,false,1335,1219,24,2,58.04347826086956,53,,,,,,,1237,53.78260869565217,1112,48.34782608695652,22,0,,,1.2272727272727273,22,24,13,6,8,0,,,,,,0,0,0,,,,0,0,0,,,,0,0,0,,,,0,,,,61,57,61,27,0,0,22,0,0,0,,,,,,,,,,,1287.3516603457401,55.97181131938,1412.008476541101,61.39167289309135,,55,a0c25dc6cfa4,-,none
TestDiagAnchoredChipDecomposition#2,1787696113-1576283,"bench boost, fixed offset (control)",0,true,2022-23,2021-22,16,23,5,false,1310,1123,25,3,56.95652173913044,48.82608695652174,,,,,,,1062,46.17391304347826,955,41.52173913043478,22,0,,,1.4545454545454546,22,25,11,7,4,0,,,,,,0,0,0,,,,0,0,0,,,,0,0,0,,,,0,,,,42,14,36,14,0,0,22,0,0,0,,,,,,,,,,,1117.893865843038,48.60408112361034,1369.7578562779324,59.554689403388366,,55,1820c2242a5e,-,none
TestDiagAnchoredChipDecomposition#2,1787696113-1576283,"bench boost, fixed offset (control)",0,true,2023-24,2022-23,16,23,5,false,1431,1085,23,2,62.21739130434783,47.17391304347826,,,,,,,1085,47.17391304347826,934,40.608695652173914,22,0,,,1.5,22,23,10,4,12,0,,,,,,0,0,0,,,,0,0,0,,,,0,0,0,,,,0,,,,21,21,21,17,0,0,22,0,0,0,,,,,,,,,,,1100.0328547404902,47.82751542349957,1418.4170182454768,61.67030514110769,,55,291eebc880a2,-,none
TestDiagAnchoredChipDecomposition#2,1787696113-1576283,"bench boost, fixed offset (control)",0,true,2024-25,2023-24,16,23,5,false,1490,1367,20,1,64.78260869565217,59.43478260869565,,,,,,,1367,59.43478260869565,1174,51.04347826086956,22,0,,,2.590909090909091,22,20,7,4,6,0,,,,,,0,0,0,,,,0,0,0,,,,0,0,0,,,,0,,,,10,8,10,8,0,0,22,0,0,0,,,,,,,,,,,1409.2322184264299,61.27096601854043,1489.5237797628822,64.7619034679514,,55,0a92238fc17e,-,none
TestDiagAnchoredChipDecomposition#2,1787696113-1576283,"bench boost, fixed offset (control)",0,true,2025-26,2024-25,16,23,5,false,1277,1307,23,1,55.52173913043478,56.82608695652174,,,,,,,1308,56.869565217391305,1146,49.82608695652174,22,0,,,1.4090909090909092,22,23,7,8,-7,0,,,,,,0,0,0,,,,0,0,0,,,,0,0,0,,,,0,,,,10,10,10,10,0,0,22,1,0,0,,,,,,,,,,,1247.0166669781659,54.21811595557243,1232.352314187563,53.580535399459265,,55,439f261a429b,-,none
TestDiagAnchoredChipDecomposition#2,1787696113-1576283,"bench boost, fixed offset (control)",0,true,2020-21,2019-20,21,18,5,false,952,865,17,1,52.888888888888886,48.05555555555556,,,,,,,886,49.22222222222222,768,42.666666666666664,17,0,,,1.4705882352941178,17,17,5,7,-5,0,,,,,,0,0,0,,,,0,0,0,,,,0,0,0,,,,0,,,,32,23,26,23,0,0,27,0,0,0,,,,,,,,,,,895.3437728580975,49.74132071433875,1002.6949292477597,55.70527384709776,,55,dc98d0376744,-,none
TestDiagAnchoredChipDecomposition#2,1787696113-1576283,"bench boost, fixed offset (control)",0,true,2021-22,2020-21,21,18,5,false,1038,928,24,6,57.666666666666664,51.55555555555556,,,,,,,946,52.55555555555556,839,46.611111111111114,17,0,,,1.1764705882352942,17,24,9,7,3,0,,,,,,0,0,0,,,,0,0,0,,,,0,0,0,,,,0,,,,59,25,51,19,0,0,27,3,0,0,,,,,,,,,,,978.9518706549641,54.38621503638689,1076.971397954721,59.83174433081783,,55,17afedb0c8fd,-,none
TestDiagAnchoredChipDecomposition#2,1787696113-1576283,"bench boost, fixed offset (control)",0,true,2022-23,2021-22,21,18,5,false,1173,1147,15,0,65.16666666666667,63.72222222222222,,,,,,,1143,63.5,998,55.44444444444444,17,0,,,2.3529411764705883,17,15,6,4,4,0,,,,,,0,0,0,,,,0,0,0,,,,0,0,0,,,,0,,,,36,14,28,10,0,0,27,11,0,0,,,,,,,,,,,1135.4096454671374,63.07831363706319,1152.3792888223932,64.02107160124406,,55,bf48ca67ee37,-,none
TestDiagAnchoredChipDecomposition#2,1787696113-1576283,"bench boost, fixed offset (control)",0,true,2023-24,2022-23,21,18,5,false,1155,964,17,0,64.16666666666667,53.55555555555556,,,,,,,954,53,845,46.94444444444444,17,0,,,1.411764705882353,17,17,9,3,5,0,,,,,,0,0,0,,,,0,0,0,,,,0,0,0,,,,0,,,,21,17,17,17,0,0,27,5,0,0,,,,,,,,,,,996.2801720475503,55.34889844708613,1166.9430382657565,64.83016879254203,,55,a39e1a72098e,-,none
TestDiagAnchoredChipDecomposition#2,1787696113-1576283,"bench boost, fixed offset (control)",0,true,2024-25,2023-24,21,18,5,false,1069,956,17,1,59.388888888888886,53.111111111111114,,,,,,,956,53.111111111111114,821,45.611111111111114,17,0,,,1.588235294117647,17,17,11,3,12,0,,,,,,0,0,0,,,,0,0,0,,,,0,0,0,,,,0,,,,10,8,6,8,0,0,27,6,0,0,,,,,,,,,,,978.7329286819744,54.37405159344302,1086.3017696574934,60.35009831430519,,55,606dfdefbccb,-,none
TestDiagAnchoredChipDecomposition#2,1787696113-1576283,"bench boost, fixed offset (control)",0,true,2025-26,2024-25,21,18,5,false,1075,942,16,1,59.72222222222222,52.333333333333336,,,,,,,927,51.5,841,46.72222222222222,17,0,,,2.411764705882353,17,16,6,7,-5,0,,,,,,0,0,0,,,,0,0,0,,,,0,0,0,,,,0,,,,10,10,10,10,0,0,27,2,0,0,,,,,,,,,,,912.9456155568754,50.71920086427085,1007.0924833369094,55.94958240760607,,55,73261d35b823,-,none
TestDiagAnchoredChipDecomposition#2,1787696113-1576283,"bench boost, fixed offset (control)",0,true,2020-21,2019-20,26,13,5,false,695,626,12,0,53.46153846153846,48.15384615384615,,,,,,,634,48.76923076923077,567,43.61538461538461,12,0,,,1.25,12,12,7,3,1,0,,,,,,0,0,0,,,,0,0,0,,,,0,0,0,,,,0,,,,12,23,10,11,0,0,32,0,0,0,,,,,,,,,,,659.8771559423692,50.759781226336095,741.2028518948778,57.01560399191367,,55,5fce185dc3f5,-,none
TestDiagAnchoredChipDecomposition#2,1787696113-1576283,"bench boost, fixed offset (control)",0,true,2021-22,2020-21,26,13,5,false,758,637,16,5,58.30769230769231,49,,,,,,,642,49.38461538461539,573,44.07692307692308,12,0,,,1.1666666666666667,12,16,9,2,7,0,,,,,,0,0,0,,,,0,0,0,,,,0,0,0,,,,0,,,,43,19,28,4,0,0,32,2,0,0,,,,,,,,,,,643.906825351017,49.53129425777054,789.3882759552627,60.72217507348174,,55,84591047a9e2,-,none
TestDiagAnchoredChipDecomposition#2,1787696113-1576283,"bench boost, fixed offset (control)",0,true,2022-23,2021-22,26,13,5,false,878,802,10,0,67.53846153846153,61.69230769230769,,,,,,,798,61.38461538461539,686,52.76923076923077,12,0,,,2.8333333333333335,12,10,4,2,3,0,,,,,,0,0,0,,,,0,0,0,,,,0,0,0,,,,0,,,,28,10,12,4,0,0,32,13,0,0,,,,,,,,,,,809.8085824213479,62.29296787856522,880.7390986126157,67.74916143173968,,55,519e8636fe01,-,none
TestDiagAnchoredChipDecomposition#2,1787696113-1576283,"bench boost, fixed offset (control)",0,true,2023-24,2022-23,26,13,5,false,831,617,11,0,63.92307692307692,47.46153846153846,,,,,,,619,47.61538461538461,548,42.15384615384615,12,0,,,1.5,12,11,5,2,6,0,,,,,,0,0,0,,,,0,0,0,,,,0,0,0,,,,0,,,,17,13,15,1,0,0,32,3,0,0,,,,,,,,,,,637.2043322278133,49.01571786367795,793.6910157061851,61.053155054321934,,55,d725094b2efe,-,none
TestDiagAnchoredChipDecomposition#2,1787696113-1576283,"bench boost, fixed offset (control)",0,true,2024-25,2023-24,26,13,5,false,672,692,13,1,51.69230769230769,53.23076923076923,,,,,,,692,53.23076923076923,619,47.61538461538461,12,0,,,1.4166666666666667,12,13,9,3,7,0,,,,,,0,0,0,,,,0,0,0,,,,0,0,0,,,,0,,,,6,8,6,4,0,0,32,3,0,0,,,,,,,,,,,728.9946771610494,56.076513627773025,730.9369370333912,56.22591823333779,,55,685eecb0cbdb,-,none
TestDiagAnchoredChipDecomposition#2,1787696113-1576283,"bench boost, fixed offset (control)",0,true,2025-26,2024-25,26,13,5,false,788,756,9,0,60.61538461538461,58.15384615384615,,,,,,,757,58.23076923076923,655,50.38461538461539,12,0,,,1.8333333333333333,12,9,2,5,-7,0,,,,,,0,0,0,,,,0,0,0,,,,0,0,0,,,,0,,,,8,10,8,10,0,0,32,6,0,0,,,,,,,,,,,710.1237686554032,54.62490528118486,734.5506136771019,56.50389335977707,,55,32f63ab9f3ba,-,none
TestDiagAnchoredChipDecomposition#2,1787696113-1576283,"bench boost, anchored (4gw sight)",1,false,2020-21,2019-20,1,38,5,false,1952,1628,45,8,51.36842105263158,42.8421052631579,,,,,,,1628,42.8421052631579,1388,36.526315789473685,37,0,,,1.1081081081081081,33,40,18,12,7,0,,,,,,0,0,0,,,,0,0,0,,,,0,0,0,,,,0,,,,43,40,43,40,0,0,19,6,0,0,,,,,,,,,,,1613.0156880372417,42.44778126413794,1971.7876667235078,51.88914912430283,,55,98b82c09e797,-,none
TestDiagAnchoredChipDecomposition#2,1787696113-1576283,"bench boost, anchored (4gw sight)",1,false,2021-22,2020-21,1,38,5,false,2223,1942,43,5,58.5,51.10526315789474,,,,,,,1987,52.28947368421053,1692,44.526315789473685,37,0,,,1.2432432432432432,33,38,17,8,16,0,,,,,,0,0,0,,,,0,0,0,,,,0,0,0,,,,0,,,,61,61,61,61,0,0,26,7,0,0,,,,,,,,,,,1925.730264990003,50.67711223657903,2280.2327117893947,60.00612399445775,,55,2ee4dc9e44a7,-,none
TestDiagAnchoredChipDecomposition#2,1787696113-1576283,"bench boost, anchored (4gw sight)",1,false,2022-23,2021-22,1,38,5,false,2061,1857,38,1,54.23684210526316,48.86842105263158,,,,,,,1855,48.81578947368421,1607,42.28947368421053,37,0,,,1.4054054054054055,33,33,13,7,11,0,,,,,,0,0,0,,,,0,0,0,,,,0,0,0,,,,0,,,,42,22,42,22,0,0,20,7,0,0,,,,,,,,,,,1880.4174544158348,49.48466985304828,2116.9763466716417,55.70990385978005,,55,daf912cff2eb,-,none
TestDiagAnchoredChipDecomposition#2,1787696113-1576283,"bench boost, anchored (4gw sight)",1,false,2023-24,2022-23,1,38,5,false,2387,1806,40,3,62.81578947368421,47.526315789473685,,,,,,,1780,46.8421052631579,1569,41.28947368421053,37,0,,,1.6486486486486487,33,36,16,9,13,0,,,,,,0,0,0,,,,0,0,0,,,,0,0,0,,,,0,,,,23,23,23,21,0,0,25,12,0,0,,,,,,,,,,,1847.281228959663,48.61266391999113,2321.267864496534,61.085996434119316,,55,7df5f95f1759,-,none
TestDiagAnchoredChipDecomposition#2,1787696113-1576283,"bench boost, anchored (4gw sight)",1,false,2024-25,2023-24,1,38,5,false,2450,1908,34,2,64.47368421052632,50.21052631578947,,,,,,,1890,49.73684210526316,1708,44.94736842105263,37,0,,,2.054054054054054,33,29,13,9,6,0,,,,,,0,0,0,,,,0,0,0,,,,0,0,0,,,,0,,,,10,10,10,10,0,0,33,2,0,0,,,,,,,,,,,1984.839567078322,52.23262018627163,2346.456436263146,61.74885358587226,,55,d0f719155ebc,-,none
TestDiagAnchoredChipDecomposition#2,1787696113-1576283,"bench boost, anchored (4gw sight)",1,false,2025-26,2024-25,1,38,5,false,2184,1523,35,1,57.473684210526315,40.078947368421055,,,,,,,1529,40.23684210526316,1375,36.18421052631579,37,0,,,1.3783783783783783,33,30,9,8,-5,0,,,,,,0,0,0,,,,0,0,0,,,,0,0,0,,,,0,,,,10,10,10,10,0,0,33,4,0,0,,,,,,,,,,,1583.8646329653097,41.680648235929205,2112.2537713958795,55.58562556304946,,55,cdb305de770a,-,none
TestDiagAnchoredChipDecomposition#2,1787696113-1576283,"bench boost, anchored (4gw sight)",1,false,2020-21,2019-20,6,33,5,false,1724,1564,37,5,52.24242424242424,47.39393939393939,,,,,,,1556,47.15151515151515,1364,41.333333333333336,32,0,,,1.21875,32,37,9,12,-6,0,,,,,,0,0,0,,,,0,0,0,,,,0,0,0,,,,0,,,,43,40,43,40,0,0,19,3,0,0,,,,,,,,,,,1607.8659884381584,48.72321177085328,1746.3253166751922,52.91894899015734,,55,e4f19b098970,-,none
TestDiagAnchoredChipDecomposition#2,1787696113-1576283,"bench boost, anchored (4gw sight)",1,false,2021-22,2020-21,6,33,5,false,1975,1697,38,6,59.84848484848485,51.42424242424242,,,,,,,1703,51.60606060606061,1488,45.09090909090909,32,0,,,1.3125,32,38,16,9,14,0,,,,,,0,0,0,,,,0,0,0,,,,0,0,0,,,,0,,,,61,61,61,61,0,0,26,2,0,0,,,,,,,,,,,1717.4237818225079,52.04314490371236,2011.925201175407,60.9674303386487,,55,ed57ca1f3812,-,none
TestDiagAnchoredChipDecomposition#2,1787696113-1576283,"bench boost, anchored (4gw sight)",1,false,2022-23,2021-22,6,33,5,false,1865,1561,31,1,56.515151515151516,47.303030303030305,,,,,,,1500,45.45454545454545,1372,41.57575757575758,32,0,,,2.78125,32,31,14,10,3,0,,,,,,0,0,0,,,,0,0,0,,,,0,0,0,,,,0,,,,42,22,42,16,0,0,20,8,0,0,,,,,,,,,,,1550.0004339075806,46.969710118411534,1889.9261746057657,57.27049013956866,,55,9193eb4c0665,-,none
TestDiagAnchoredChipDecomposition#2,1787696113-1576283,"bench boost, anchored (4gw sight)",1,false,2023-24,2022-23,6,33,5,false,2042,1724,32,0,61.878787878787875,52.24242424242424,,,,,,,1702,51.57575757575758,1484,44.96969696969697,32,0,,,1.75,32,32,15,10,15,0,,,,,,0,0,0,,,,0,0,0,,,,0,0,0,,,,0,,,,23,21,21,21,0,0,25,14,0,0,,,,,,,,,,,1721.7944263935356,52.175588678591986,2086.620786328748,63.230932919052975,,55,a4cd558c8a6c,-,none
TestDiagAnchoredChipDecomposition#2,1787696113-1576283,"bench boost, anchored (4gw sight)",1,false,2024-25,2023-24,6,33,5,false,1954,1744,32,1,59.21212121212121,52.84848484848485,,,,,,,1641,49.72727272727273,1485,45,32,0,,,1.625,32,32,14,6,17,0,,,,,,0,0,0,,,,0,0,0,,,,0,0,0,,,,0,,,,10,10,10,10,0,0,33,5,0,0,,,,,,,,,,,1754.9002266108062,53.17879474578201,2019.373972589881,61.19315068454185,,55,7d06f846b27d,-,none
TestDiagAnchoredChipDecomposition#2,1787696113-1576283,"bench boost, anchored (4gw sight)",1,false,2025-26,2024-25,6,33,5,false,1947,1743,30,1,59,52.81818181818182,,,,,,,1663,50.39393939393939,1547,46.878787878787875,32,0,,,1.75,32,30,8,8,-1,0,,,,,,0,0,0,,,,0,0,0,,,,0,0,0,,,,0,,,,10,10,10,10,0,0,33,13,0,0,,,,,,,,,,,1697.4225268293555,51.43704626755623,1884.548943681691,57.10754374793003,,55,135d9da53c17,-,none
TestDiagAnchoredChipDecomposition#2,1787696113-1576283,"bench boost, anchored (4gw sight)",1,false,2020-21,2019-20,11,28,5,false,1508,1208,29,3,53.857142857142854,43.142857142857146,,,,,,,1203,42.964285714285715,1039,37.107142857142854,27,0,,,1.4074074074074074,27,29,8,10,-5,0,,,,,,0,0,0,,,,0,0,0,,,,0,0,0,,,,0,,,,43,38,43,38,0,0,19,1,0,0,,,,,,,,,,,1319.6548051841444,47.13052875657659,1566.4144829013403,55.943374389333584,,55,5babbe645ffb,-,none
TestDiagAnchoredChipDecomposition#2,1787696113-1576283,"bench boost, anchored (4gw sight)",1,false,2021-22,2020-21,11,28,5,false,1653,1630,30,2,59.035714285714285,58.214285714285715,,,,,,,1658,59.214285714285715,1470,52.5,27,0,,,1.3333333333333333,27,30,14,7,17,0,,,,,,0,0,0,,,,0,0,0,,,,0,0,0,,,,0,,,,61,61,61,59,0,0,26,8,0,0,,,,,,,,,,,1616.204129636625,57.7215760584509,1702.614073621588,60.807645486485285,,55,0e0b223ab713,-,none
TestDiagAnchoredChipDecomposition#2,1787696113-1576283,"bench boost, anchored (4gw sight)",1,false,2022-23,2021-22,11,28,5,false,1674,1555,29,2,59.785714285714285,55.535714285714285,,,,,,,1494,53.357142857142854,1371,48.964285714285715,27,0,,,2.111111111111111,27,29,11,5,14,0,,,,,,0,0,0,,,,0,0,0,,,,0,0,0,,,,0,,,,42,16,42,14,0,0,20,5,0,0,,,,,,,,,,,1523.4456911914474,54.40877468540884,1673.4507154898768,59.76609698178131,,55,57dcb8c18a3d,-,none
TestDiagAnchoredChipDecomposition#2,1787696113-1576283,"bench boost, anchored (4gw sight)",1,false,2023-24,2022-23,11,28,5,false,1675,1428,27,0,59.82142857142857,51,,,,,,,1405,50.17857142857143,1247,44.535714285714285,27,0,,,1.5925925925925926,27,27,12,3,14,0,,,,,,0,0,0,,,,0,0,0,,,,0,0,0,,,,0,,,,21,21,21,21,0,0,25,4,0,0,,,,,,,,,,,1416.7846694489685,50.5994524803203,1697.743102931844,60.63368224756586,,55,2a84996b516a,-,none
TestDiagAnchoredChipDecomposition#2,1787696113-1576283,"bench boost, anchored (4gw sight)",1,false,2024-25,2023-24,11,28,5,false,1829,1681,28,2,65.32142857142857,60.035714285714285,,,,,,,1681,60.035714285714285,1412,50.42857142857143,27,0,,,1.4074074074074074,27,28,12,11,4,0,,,,,,0,0,0,,,,0,0,0,,,,0,0,0,,,,0,,,,10,10,10,8,0,0,33,4,0,0,,,,,,,,,,,1648.6369668324785,58.87989167258852,1755.854843709599,62.7091015610571,,55,a6e9f92d83f6,-,none
TestDiagAnchoredChipDecomposition#2,1787696113-1576283,"bench boost, anchored (4gw sight)",1,false,2025-26,2024-25,11,28,5,false,1566,1444,27,2,55.92857142857143,51.57142857142857,,,,,,,1416,50.57142857142857,1259,44.964285714285715,27,0,,,1.4074074074074074,27,27,9,7,-1,0,,,,,,0,0,0,,,,0,0,0,,,,0,0,0,,,,0,,,,10,10,10,10,0,0,33,1,0,0,,,,,,,,,,,1420.3707344105421,50.72752622894793,1533.7349658522362,54.77624878043701,,55,71a4b81a55e0,-,none
TestDiagAnchoredChipDecomposition#2,1787696113-1576283,"bench boost, anchored (4gw sight)",1,false,2020-21,2019-20,16,23,5,false,1309,1135,22,1,56.91304347826087,49.34782608695652,,,,,,,1101,47.869565217391305,988,42.95652173913044,22,0,,,1.3181818181818181,22,22,6,9,-7,0,,,,,,0,0,0,,,,0,0,0,,,,0,0,0,,,,0,,,,43,34,32,23,0,0,19,16,0,0,,,,,,,,,,,1145.8522005436278,49.81966089320121,1328.2781114310778,57.75122223613382,,55,d978f64ccb97,-,none
TestDiagAnchoredChipDecomposition#2,1787696113-1576283,"bench boost, anchored (4gw sight)",1,false,2021-22,2020-21,16,23,5,false,1341,1219,24,2,58.30434782608695,53,,,,,,,1237,53.78260869565217,1112,48.34782608695652,22,0,,,1.2272727272727273,22,24,13,6,8,0,,,,,,0,0,0,,,,0,0,0,,,,0,0,0,,,,0,,,,61,57,61,27,0,0,26,6,0,0,,,,,,,,,,,1287.3516603457401,55.97181131938,1423.4435130674444,61.88884839423672,,55,a0c25dc6cfa4,-,none
TestDiagAnchoredChipDecomposition#2,1787696113-1576283,"bench boost, anchored (4gw sight)",1,false,2022-23,2021-22,16,23,5,false,1314,1123,25,3,57.130434782608695,48.82608695652174,,,,,,,1062,46.17391304347826,955,41.52173913043478,22,0,,,1.4545454545454546,22,25,11,7,4,0,,,,,,0,0,0,,,,0,0,0,,,,0,0,0,,,,0,,,,42,14,36,14,0,0,20,4,0,0,,,,,,,,,,,1117.893865843038,48.60408112361034,1375.9495060852541,59.82389156892409,,55,1820c2242a5e,-,none
TestDiagAnchoredChipDecomposition#2,1787696113-1576283,"bench boost, anchored (4gw sight)",1,false,2023-24,2022-23,16,23,5,false,1443,1085,23,2,62.73913043478261,47.17391304347826,,,,,,,1085,47.17391304347826,934,40.608695652173914,22,0,,,1.5,22,23,10,4,12,0,,,,,,0,0,0,,,,0,0,0,,,,0,0,0,,,,0,,,,21,21,21,17,0,0,25,12,0,0,,,,,,,,,,,1100.0328547404902,47.82751542349957,1432.7311287471955,62.29265777161719,,55,291eebc880a2,-,none
TestDiagAnchoredChipDecomposition#2,1787696113-1576283,"bench boost, anchored (4gw sight)",1,false,2024-25,2023-24,16,23,5,false,1496,1367,20,1,65.04347826086956,59.43478260869565,,,,,,,1367,59.43478260869565,1174,51.04347826086956,22,0,,,2.590909090909091,22,20,7,4,6,0,,,,,,0,0,0,,,,0,0,0,,,,0,0,0,,,,0,,,,10,8,10,8,0,0,33,6,0,0,,,,,,,,,,,1409.2322184264299,61.27096601854043,1497.1661608306745,65.0941809056815,,55,0a92238fc17e,-,none
TestDiagAnchoredChipDecomposition#2,1787696113-1576283,"bench boost, anchored (4gw sight)",1,false,2025-26,2024-25,16,23,5,false,1277,1307,23,1,55.52173913043478,56.82608695652174,,,,,,,1308,56.869565217391305,1146,49.82608695652174,22,0,,,1.4090909090909092,22,23,7,8,-7,0,,,,,,0,0,0,,,,0,0,0,,,,0,0,0,,,,0,,,,10,10,10,10,0,0,33,1,0,0,,,,,,,,,,,1247.0166669781659,54.21811595557243,1232.624233026246,53.59235795766287,,55,439f261a429b,-,none
TestDiagAnchoredChipDecomposition#2,1787696113-1576283,"bench boost, anchored (4gw sight)",1,false,2020-21,2019-20,21,18,5,false,953,865,17,1,52.94444444444444,48.05555555555556,,,,,,,886,49.22222222222222,768,42.666666666666664,17,0,,,1.4705882352941178,17,17,5,7,-5,0,,,,,,0,0,0,,,,0,0,0,,,,0,0,0,,,,0,,,,32,23,26,23,0,0,26,1,0,0,,,,,,,,,,,895.3437728580975,49.74132071433875,1003.6313688686204,55.75729827047891,,55,dc98d0376744,-,none
TestDiagAnchoredChipDecomposition#2,1787696113-1576283,"bench boost, anchored (4gw sight)",1,false,2021-22,2020-21,21,18,5,false,1042,928,24,6,57.888888888888886,51.55555555555556,,,,,,,946,52.55555555555556,839,46.611111111111114,17,0,,,1.1764705882352942,17,24,9,7,3,0,,,,,,0,0,0,,,,0,0,0,,,,0,0,0,,,,0,,,,59,25,51,19,0,0,26,7,0,0,,,,,,,,,,,978.9518706549641,54.38621503638689,1078.3369969108626,59.907610939492365,,55,17afedb0c8fd,-,none
TestDiagAnchoredChipDecomposition#2,1787696113-1576283,"bench boost, anchored (4gw sight)",1,false,2022-23,2021-22,21,18,5,false,1179,1147,15,0,65.5,63.72222222222222,,,,,,,1143,63.5,998,55.44444444444444,17,0,,,2.3529411764705883,17,15,6,4,4,0,,,,,,0,0,0,,,,0,0,0,,,,0,0,0,,,,0,,,,36,14,28,10,0,0,29,17,0,0,,,,,,,,,,,1135.4096454671374,63.07831363706319,1160.920200010534,64.4955666672519,,55,bf48ca67ee37,-,none
TestDiagAnchoredChipDecomposition#2,1787696113-1576283,"bench boost, anchored (4gw sight)",1,false,2023-24,2022-23,21,18,5,false,1164,964,17,0,64.66666666666667,53.55555555555556,,,,,,,954,53,845,46.94444444444444,17,0,,,1.411764705882353,17,17,9,3,5,0,,,,,,0,0,0,,,,0,0,0,,,,0,0,0,,,,0,,,,21,17,17,17,0,0,25,14,0,0,,,,,,,,,,,996.2801720475503,55.34889844708613,1180.9641536460856,65.60911964700476,,55,a39e1a72098e,-,none
TestDiagAnchoredChipDecomposition#2,1787696113-1576283,"bench boost, anchored (4gw sight)",1,false,2024-25,2023-24,21,18,5,false,1067,956,17,1,59.27777777777778,53.111111111111114,,,,,,,956,53.111111111111114,821,45.611111111111114,17,0,,,1.588235294117647,17,17,11,3,12,0,,,,,,0,0,0,,,,0,0,0,,,,0,0,0,,,,0,,,,10,8,6,8,0,0,33,4,0,0,,,,,,,,,,,978.7329286819744,54.37405159344302,1087.9515227906654,60.44175126614808,,55,606dfdefbccb,-,none
TestDiagAnchoredChipDecomposition#2,1787696113-1576283,"bench boost, anchored (4gw sight)",1,false,2025-26,2024-25,21,18,5,false,1077,942,16,1,59.833333333333336,52.333333333333336,,,,,,,927,51.5,841,46.72222222222222,17,0,,,2.411764705882353,17,16,6,7,-5,0,,,,,,0,0,0,,,,0,0,0,,,,0,0,0,,,,0,,,,10,10,10,10,0,0,33,4,0,0,,,,,,,,,,,912.9456155568754,50.71920086427085,1013.0638128505531,56.281322936141834,,55,73261d35b823,-,none
TestDiagAnchoredChipDecomposition#2,1787696113-1576283,"bench boost, anchored (4gw sight)",1,false,2020-21,2019-20,26,13,5,false,706,626,12,0,54.30769230769231,48.15384615384615,,,,,,,634,48.76923076923077,567,43.61538461538461,12,0,,,1.25,12,12,7,3,1,0,,,,,,0,0,0,,,,0,0,0,,,,0,0,0,,,,0,,,,12,23,10,11,0,0,35,11,0,0,,,,,,,,,,,659.8771559423692,50.759781226336095,753.644104260909,57.97262340468531,,55,5fce185dc3f5,-,none
TestDiagAnchoredChipDecomposition#2,1787696113-1576283,"bench boost, anchored (4gw sight)",1,false,2021-22,2020-21,26,13,5,false,756,637,16,5,58.15384615384615,49,,,,,,,642,49.38461538461539,573,44.07692307692308,12,0,,,1.1666666666666667,12,16,9,2,7,0,,,,,,0,0,0,,,,0,0,0,,,,0,0,0,,,,0,,,,43,19,28,4,0,0,28,0,0,0,,,,,,,,,,,643.906825351017,49.53129425777054,785.521467902337,60.42472830017977,,55,84591047a9e2,-,none
TestDiagAnchoredChipDecomposition#2,1787696113-1576283,"bench boost, anchored (4gw sight)",1,false,2022-23,2021-22,26,13,5,false,870,802,10,0,66.92307692307692,61.69230769230769,,,,,,,798,61.38461538461539,686,52.76923076923077,12,0,,,2.8333333333333335,12,10,4,2,3,0,,,,,,0,0,0,,,,0,0,0,,,,0,0,0,,,,0,,,,28,10,12,4,0,0,29,5,0,0,,,,,,,,,,,809.8085824213479,62.29296787856522,881.0225120725845,67.77096246712189,,55,519e8636fe01,-,none
TestDiagAnchoredChipDecomposition#2,1787696113-1576283,"bench boost, anchored (4gw sight)",1,false,2023-24,2022-23,26,13,5,false,831,617,11,0,63.92307692307692,47.46153846153846,,,,,,,619,47.61538461538461,548,42.15384615384615,12,0,,,1.5,12,11,5,2,6,0,,,,,,0,0,0,,,,0,0,0,,,,0,0,0,,,,0,,,,17,13,15,1,0,0,34,3,0,0,,,,,,,,,,,637.2043322278133,49.01571786367795,789.9921335549552,60.768625658073475,,55,d725094b2efe,-,none
TestDiagAnchoredChipDecomposition#2,1787696113-1576283,"bench boost, anchored (4gw sight)",1,false,2024-25,2023-24,26,13,5,false,679,692,13,1,52.23076923076923,53.23076923076923,,,,,,,692,53.23076923076923,619,47.61538461538461,12,0,,,1.4166666666666667,12,13,9,3,7,0,,,,,,0,0,0,,,,0,0,0,,,,0,0,0,,,,0,,,,6,8,6,4,0,0,33,10,0,0,,,,,,,,,,,728.9946771610494,56.076513627773025,738.7583064854981,56.827562037346006,,55,685eecb0cbdb,-,none
TestDiagAnchoredChipDecomposition#2,1787696113-1576283,"bench boost, anchored (4gw sight)",1,false,2025-26,2024-25,26,13,5,false,793,756,9,0,61,58.15384615384615,,,,,,,757,58.23076923076923,655,50.38461538461539,12,0,,,1.8333333333333333,12,9,2,5,-7,0,,,,,,0,0,0,,,,0,0,0,,,,0,0,0,,,,0,,,,8,10,8,10,0,0,33,11,0,0,,,,,,,,,,,710.1237686554032,54.62490528118486,741.9431234648204,57.07254795883234,,55,32f63ab9f3ba,-,none
TestDiagAnchoredChipDecomposition#3,1787696113-1576283,"free hit, fixed offset (control)",0,true,2020-21,2019-20,1,38,5,false,2075,1628,42,5,54.60526315789474,42.8421052631579,,,,,,,1628,42.8421052631579,1388,36.526315789473685,36,0,,,1.1111111111111112,32,37,10,12,0,0,,,,,,0,0,0,,,,0,0,0,,,,0,0,0,,,,0,,,,43,40,43,40,0,0,0,0,0,0,,,,,,,,,,,1613.0156880372417,42.44778126413794,2051.7308415263187,53.992916882271544,,55,98b82c09e797,-,none
TestDiagAnchoredChipDecomposition#3,1787696113-1576283,"free hit, fixed offset (control)",0,true,2021-22,2020-21,1,38,5,false,2220,1942,43,5,58.421052631578945,51.10526315789474,,,,,,,1987,52.28947368421053,1692,44.526315789473685,36,0,,,1.25,32,38,17,8,16,0,,,,,,0,0,0,,,,0,0,0,,,,0,0,0,,,,0,,,,61,61,61,61,0,0,0,0,0,0,,,,,,,,,,,1925.730264990003,50.67711223657903,2270.5985043279184,59.752592219155744,,55,2ee4dc9e44a7,-,none
TestDiagAnchoredChipDecomposition#3,1787696113-1576283,"free hit, fixed offset (control)",0,true,2022-23,2021-22,1,38,5,false,2089,1857,40,3,54.973684210526315,48.86842105263158,,,,,,,1855,48.81578947368421,1607,42.28947368421053,36,0,,,1.6388888888888888,32,35,14,6,15,0,,,,,,0,0,0,,,,0,0,0,,,,0,0,0,,,,0,,,,42,22,42,22,0,0,0,0,0,0,,,,,,,,,,,1880.4174544158348,49.48466985304828,2094.1823228523185,55.110061127692596,,55,daf912cff2eb,-,none
TestDiagAnchoredChipDecomposition#3,1787696113-1576283,"free hit, fixed offset (control)",0,true,2023-24,2022-23,1,38,5,false,2373,1806,40,3,62.44736842105263,47.526315789473685,,,,,,,1780,46.8421052631579,1569,41.28947368421053,36,0,,,1.6111111111111112,32,36,16,9,13,0,,,,,,0,0,0,,,,0,0,0,,,,0,0,0,,,,0,,,,23,23,23,21,0,0,0,0,0,0,,,,,,,,,,,1847.281228959663,48.61266391999113,2314.6676700330345,60.91230710613249,,55,7df5f95f1759,-,none
TestDiagAnchoredChipDecomposition#3,1787696113-1576283,"free hit, fixed offset (control)",0,true,2024-25,2023-24,1,38,5,false,2442,1908,38,1,64.26315789473684,50.21052631578947,,,,,,,1890,49.73684210526316,1708,44.94736842105263,36,0,,,1.8333333333333333,32,33,14,9,11,0,,,,,,0,0,0,,,,0,0,0,,,,0,0,0,,,,0,,,,10,10,10,10,0,0,0,0,0,0,,,,,,,,,,,1984.839567078322,52.23262018627163,2327.4983711104774,61.249957134486245,,55,d0f719155ebc,-,none
TestDiagAnchoredChipDecomposition#3,1787696113-1576283,"free hit, fixed offset (control)",0,true,2025-26,2024-25,1,38,5,false,2181,1523,35,1,57.39473684210526,40.078947368421055,,,,,,,1529,40.23684210526316,1375,36.18421052631579,36,0,,,1.3888888888888888,32,30,9,8,-5,0,,,,,,0,0,0,,,,0,0,0,,,,0,0,0,,,,0,,,,10,10,10,10,0,0,0,0,0,0,,,,,,,,,,,1583.8646329653097,41.680648235929205,2105.4794793354527,55.40735471935402,,55,cdb305de770a,-,none
TestDiagAnchoredChipDecomposition#3,1787696113-1576283,"free hit, fixed offset (control)",0,true,2020-21,2019-20,6,33,5,false,1734,1564,36,4,52.54545454545455,47.39393939393939,,,,,,,1556,47.15151515151515,1364,41.333333333333336,31,0,,,1.2903225806451613,31,36,8,12,-7,0,,,,,,0,0,0,,,,0,0,0,,,,0,0,0,,,,0,,,,43,40,43,40,0,0,0,0,0,0,,,,,,,,,,,1607.8659884381584,48.72321177085328,1767.651647562678,53.56520144129327,,55,e4f19b098970,-,none
TestDiagAnchoredChipDecomposition#3,1787696113-1576283,"free hit, fixed offset (control)",0,true,2021-22,2020-21,6,33,5,false,1955,1697,38,6,59.24242424242424,51.42424242424242,,,,,,,1703,51.60606060606061,1488,45.09090909090909,31,0,,,1.3225806451612903,31,38,14,10,10,0,,,,,,0,0,0,,,,0,0,0,,,,0,0,0,,,,0,,,,61,61,61,61,0,0,0,0,0,0,,,,,,,,,,,1717.4237818225079,52.04314490371236,2004.4796729773193,60.741808272039975,,55,ed57ca1f3812,-,none
TestDiagAnchoredChipDecomposition#3,1787696113-1576283,"free hit, fixed offset (control)",0,true,2022-23,2021-22,6,33,5,false,1831,1561,28,0,55.484848484848484,47.303030303030305,,,,,,,1500,45.45454545454545,1372,41.57575757575758,31,0,,,3,31,28,12,8,2,0,,,,,,0,0,0,,,,0,0,0,,,,0,0,0,,,,0,,,,42,22,42,16,0,0,0,0,0,0,,,,,,,,,,,1550.0004339075806,46.969710118411534,1854.6616187990628,56.20186723633524,,55,9193eb4c0665,-,none
TestDiagAnchoredChipDecomposition#3,1787696113-1576283,"free hit, fixed offset (control)",0,true,2023-24,2022-23,6,33,5,false,2104,1724,33,2,63.75757575757576,52.24242424242424,,,,,,,1702,51.57575757575758,1484,44.96969696969697,31,0,,,1.967741935483871,31,33,12,13,4,0,,,,,,0,0,0,,,,0,0,0,,,,0,0,0,,,,0,,,,23,21,21,21,0,0,0,0,0,0,,,,,,,,,,,1721.7944263935356,52.175588678591986,2075.3934217331384,62.89070974948904,,55,a4cd558c8a6c,-,none
TestDiagAnchoredChipDecomposition#3,1787696113-1576283,"free hit, fixed offset (control)",0,true,2024-25,2023-24,6,33,5,false,1939,1744,29,1,58.75757575757576,52.84848484848485,,,,,,,1641,49.72727272727273,1485,45,31,0,,,2.096774193548387,31,29,15,5,21,0,,,,,,0,0,0,,,,0,0,0,,,,0,0,0,,,,0,,,,10,10,10,10,0,0,0,0,0,0,,,,,,,,,,,1754.9002266108062,53.17879474578201,1974.6457021276449,59.83774854932257,,55,7d06f846b27d,-,none
TestDiagAnchoredChipDecomposition#3,1787696113-1576283,"free hit, fixed offset (control)",0,true,2025-26,2024-25,6,33,5,false,1923,1743,30,1,58.27272727272727,52.81818181818182,,,,,,,1663,50.39393939393939,1547,46.878787878787875,31,0,,,1.935483870967742,31,30,6,9,-5,0,,,,,,0,0,0,,,,0,0,0,,,,0,0,0,,,,0,,,,10,10,10,10,0,0,0,0,0,0,,,,,,,,,,,1697.4225268293555,51.43704626755623,1871.611251557443,56.71549247143766,,55,135d9da53c17,-,none
TestDiagAnchoredChipDecomposition#3,1787696113-1576283,"free hit, fixed offset (control)",0,true,2020-21,2019-20,11,28,5,false,1537,1208,27,0,54.892857142857146,43.142857142857146,,,,,,,1203,42.964285714285715,1039,37.107142857142854,26,0,,,1.4615384615384615,26,27,9,8,2,0,,,,,,0,0,0,,,,0,0,0,,,,0,0,0,,,,0,,,,43,38,43,38,0,0,0,0,0,0,,,,,,,,,,,1319.6548051841444,47.13052875657659,1587.6146922580247,56.700524723500884,,55,5babbe645ffb,-,none
TestDiagAnchoredChipDecomposition#3,1787696113-1576283,"free hit, fixed offset (control)",0,true,2021-22,2020-21,11,28,5,false,1663,1630,30,2,59.392857142857146,58.214285714285715,,,,,,,1658,59.214285714285715,1470,52.5,26,0,,,1.3076923076923077,26,30,14,6,15,0,,,,,,0,0,0,,,,0,0,0,,,,0,0,0,,,,0,,,,61,61,61,59,0,0,0,0,0,0,,,,,,,,,,,1616.204129636625,57.7215760584509,1717.4358411068845,61.336994325245875,,55,0e0b223ab713,-,none
TestDiagAnchoredChipDecomposition#3,1787696113-1576283,"free hit, fixed offset (control)",0,true,2022-23,2021-22,11,28,5,false,1639,1555,29,2,58.535714285714285,55.535714285714285,,,,,,,1494,53.357142857142854,1371,48.964285714285715,26,0,,,2.0384615384615383,26,29,14,6,10,0,,,,,,0,0,0,,,,0,0,0,,,,0,0,0,,,,0,,,,42,16,42,14,0,0,0,0,0,0,,,,,,,,,,,1523.4456911914474,54.40877468540884,1650.1525659881192,58.9340202138614,,55,57dcb8c18a3d,-,none
TestDiagAnchoredChipDecomposition#3,1787696113-1576283,"free hit, fixed offset (control)",0,true,2023-24,2022-23,11,28,5,false,1687,1428,29,1,60.25,51,,,,,,,1405,50.17857142857143,1247,44.535714285714285,26,0,,,1.8076923076923077,26,29,10,7,1,0,,,,,,0,0,0,,,,0,0,0,,,,0,0,0,,,,0,,,,21,21,21,21,0,0,0,0,0,0,,,,,,,,,,,1416.7846694489685,50.5994524803203,1721.7342252650612,61.49050804518076,,55,2a84996b516a,-,none
TestDiagAnchoredChipDecomposition#3,1787696113-1576283,"free hit, fixed offset (control)",0,true,2024-25,2023-24,11,28,5,false,1828,1681,28,2,65.28571428571429,60.035714285714285,,,,,,,1681,60.035714285714285,1412,50.42857142857143,26,0,,,1.4615384615384615,26,28,12,11,6,0,,,,,,0,0,0,,,,0,0,0,,,,0,0,0,,,,0,,,,10,10,10,8,0,0,0,0,0,0,,,,,,,,,,,1648.6369668324785,58.87989167258852,1747.4367763082575,62.408456296723486,,55,a6e9f92d83f6,-,none
TestDiagAnchoredChipDecomposition#3,1787696113-1576283,"free hit, fixed offset (control)",0,true,2025-26,2024-25,11,28,5,false,1518,1444,26,1,54.214285714285715,51.57142857142857,,,,,,,1416,50.57142857142857,1259,44.964285714285715,26,0,,,1.4230769230769231,26,26,9,8,-3,0,,,,,,0,0,0,,,,0,0,0,,,,0,0,0,,,,0,,,,10,10,10,10,0,0,0,0,0,0,,,,,,,,,,,1420.3707344105421,50.72752622894793,1505.4830063958484,53.76725022842316,,55,71a4b81a55e0,-,none
TestDiagAnchoredChipDecomposition#3,1787696113-1576283,"free hit, fixed offset (control)",0,true,2020-21,2019-20,16,23,5,false,1300,1135,24,2,56.52173913043478,49.34782608695652,,,,,,,1101,47.869565217391305,988,42.95652173913044,21,0,,,1.3333333333333333,21,24,5,9,-8,0,,,,,,0,0,0,,,,0,0,0,,,,0,0,0,,,,0,,,,43,34,32,23,0,0,0,0,0,0,,,,,,,,,,,1145.8522005436278,49.81966089320121,1324.7508340813856,57.59786235136459,,55,d978f64ccb97,-,none
TestDiagAnchoredChipDecomposition#3,1787696113-1576283,"free hit, fixed offset (control)",0,true,2021-22,2020-21,16,23,5,false,1329,1219,23,1,57.78260869565217,53,,,,,,,1237,53.78260869565217,1112,48.34782608695652,21,0,,,1.2857142857142858,21,23,12,6,6,0,,,,,,0,0,0,,,,0,0,0,,,,0,0,0,,,,0,,,,61,57,61,27,0,0,0,0,0,0,,,,,,,,,,,1287.3516603457401,55.97181131938,1431.4655157118025,62.237631117904456,,55,a0c25dc6cfa4,-,none
TestDiagAnchoredChipDecomposition#3,1787696113-1576283,"free hit, fixed offset (control)",0,true,2022-23,2021-22,16,23,5,false,1313,1123,25,3,57.08695652173913,48.82608695652174,,,,,,,1062,46.17391304347826,955,41.52173913043478,21,0,,,1.5238095238095237,21,25,11,7,4,0,,,,,,0,0,0,,,,0,0,0,,,,0,0,0,,,,0,,,,42,14,36,14,0,0,0,0,0,0,,,,,,,,,,,1117.893865843038,48.60408112361034,1374.9199184185677,59.779126887763816,,55,1820c2242a5e,-,none
TestDiagAnchoredChipDecomposition#3,1787696113-1576283,"free hit, fixed offset (control)",0,true,2023-24,2022-23,16,23,5,false,1418,1085,23,2,61.65217391304348,47.17391304347826,,,,,,,1085,47.17391304347826,934,40.608695652173914,21,0,,,1.5714285714285714,21,23,11,4,13,0,,,,,,0,0,0,,,,0,0,0,,,,0,0,0,,,,0,,,,21,21,21,17,0,0,0,0,0,0,,,,,,,,,,,1100.0328547404902,47.82751542349957,1415.13562619099,61.52763592134739,,55,291eebc880a2,-,none
TestDiagAnchoredChipDecomposition#3,1787696113-1576283,"free hit, fixed offset (control)",0,true,2024-25,2023-24,16,23,5,false,1470,1367,19,1,63.91304347826087,59.43478260869565,,,,,,,1367,59.43478260869565,1174,51.04347826086956,21,0,,,3.0476190476190474,21,19,6,5,6,0,,,,,,0,0,0,,,,0,0,0,,,,0,0,0,,,,0,,,,10,8,10,8,0,0,0,0,0,0,,,,,,,,,,,1409.2322184264299,61.27096601854043,1479.8628926098845,64.34186489608193,,55,0a92238fc17e,-,none
TestDiagAnchoredChipDecomposition#3,1787696113-1576283,"free hit, fixed offset (control)",0,true,2025-26,2024-25,16,23,5,false,1239,1307,20,1,53.869565217391305,56.82608695652174,,,,,,,1308,56.869565217391305,1146,49.82608695652174,21,0,,,1.7142857142857142,21,20,6,3,4,0,,,,,,0,0,0,,,,0,0,0,,,,0,0,0,,,,0,,,,10,10,10,10,0,0,0,0,0,0,,,,,,,,,,,1247.0166669781659,54.21811595557243,1220.306625294213,53.05680979540057,,55,439f261a429b,-,none
TestDiagAnchoredChipDecomposition#3,1787696113-1576283,"free hit, fixed offset (control)",0,true,2020-21,2019-20,21,18,5,false,971,865,16,1,53.94444444444444,48.05555555555556,,,,,,,886,49.22222222222222,768,42.666666666666664,16,0,,,1.5625,16,16,5,6,-1,0,,,,,,0,0,0,,,,0,0,0,,,,0,0,0,,,,0,,,,32,23,26,23,0,0,0,0,0,0,,,,,,,,,,,895.3437728580975,49.74132071433875,1025.818133629338,56.989896312741,,55,dc98d0376744,-,none
TestDiagAnchoredChipDecomposition#3,1787696113-1576283,"free hit, fixed offset (control)",0,true,2021-22,2020-21,21,18,5,false,1047,928,23,5,58.166666666666664,51.55555555555556,,,,,,,946,52.55555555555556,839,46.611111111111114,16,0,,,1.25,16,23,7,7,1,0,,,,,,0,0,0,,,,0,0,0,,,,0,0,0,,,,0,,,,59,25,51,19,0,0,0,0,0,0,,,,,,,,,,,978.9518706549641,54.38621503638689,1093.8586830493769,60.76992683607649,,55,17afedb0c8fd,-,none
TestDiagAnchoredChipDecomposition#3,1787696113-1576283,"free hit, fixed offset (control)",0,true,2022-23,2021-22,21,18,5,false,1160,1147,15,0,64.44444444444444,63.72222222222222,,,,,,,1143,63.5,998,55.44444444444444,16,0,,,2.3125,16,15,6,4,4,0,,,,,,0,0,0,,,,0,0,0,,,,0,0,0,,,,0,,,,36,14,28,10,0,0,0,0,0,0,,,,,,,,,,,1135.4096454671374,63.07831363706319,1147.2640729083328,63.73689293935182,,55,bf48ca67ee37,-,none
TestDiagAnchoredChipDecomposition#3,1787696113-1576283,"free hit, fixed offset (control)",0,true,2023-24,2022-23,21,18,5,false,1145,964,17,0,63.611111111111114,53.55555555555556,,,,,,,954,53,845,46.94444444444444,16,0,,,1.5,16,17,9,4,4,0,,,,,,0,0,0,,,,0,0,0,,,,0,0,0,,,,0,,,,21,17,17,17,0,0,0,0,0,0,,,,,,,,,,,996.2801720475503,55.34889844708613,1154.9823888436779,64.16568826909321,,55,a39e1a72098e,-,none
TestDiagAnchoredChipDecomposition#3,1787696113-1576283,"free hit, fixed offset (control)",0,true,2024-25,2023-24,21,18,5,false,1074,956,17,1,59.666666666666664,53.111111111111114,,,,,,,956,53.111111111111114,821,45.611111111111114,16,0,,,1.6875,16,17,11,2,14,0,,,,,,0,0,0,,,,0,0,0,,,,0,0,0,,,,0,,,,10,8,6,8,0,0,0,0,0,0,,,,,,,,,,,978.7329286819744,54.37405159344302,1105.2649290688746,61.40360717049303,,55,606dfdefbccb,-,none
TestDiagAnchoredChipDecomposition#3,1787696113-1576283,"free hit, fixed offset (control)",0,true,2025-26,2024-25,21,18,5,false,1086,942,15,1,60.333333333333336,52.333333333333336,,,,,,,927,51.5,841,46.72222222222222,16,0,,,2.75,16,15,7,5,0,0,,,,,,0,0,0,,,,0,0,0,,,,0,0,0,,,,0,,,,10,10,10,10,0,0,0,0,0,0,,,,,,,,,,,912.9456155568754,50.71920086427085,1010.4111029923299,56.13395016624055,,55,73261d35b823,-,none
TestDiagAnchoredChipDecomposition#3,1787696113-1576283,"free hit, fixed offset (control)",0,true,2020-21,2019-20,26,13,5,false,701,626,12,0,53.92307692307692,48.15384615384615,,,,,,,634,48.76923076923077,567,43.61538461538461,11,0,,,1.2727272727272727,11,12,7,3,1,0,,,,,,0,0,0,,,,0,0,0,,,,0,0,0,,,,0,,,,12,23,10,11,0,0,0,0,0,0,,,,,,,,,,,659.8771559423692,50.759781226336095,745.4124064566215,57.339415881278576,,55,5fce185dc3f5,-,none
TestDiagAnchoredChipDecomposition#3,1787696113-1576283,"free hit, fixed offset (control)",0,true,2021-22,2020-21,26,13,5,false,754,637,16,5,58,49,,,,,,,642,49.38461538461539,573,44.07692307692308,11,0,,,1.2727272727272727,11,16,8,2,6,0,,,,,,0,0,0,,,,0,0,0,,,,0,0,0,,,,0,,,,43,19,28,4,0,0,0,0,0,0,,,,,,,,,,,643.906825351017,49.53129425777054,794.0258841807946,61.07891416775343,,55,84591047a9e2,-,none
TestDiagAnchoredChipDecomposition#3,1787696113-1576283,"free hit, fixed offset (control)",0,true,2022-23,2021-22,26,13,5,false,869,802,11,0,66.84615384615384,61.69230769230769,,,,,,,798,61.38461538461539,686,52.76923076923077,11,0,,,3.090909090909091,11,11,6,1,6,0,,,,,,0,0,0,,,,0,0,0,,,,0,0,0,,,,0,,,,28,10,12,4,0,0,0,0,0,0,,,,,,,,,,,809.8085824213479,62.29296787856522,869.534927740186,66.88730213386046,,55,519e8636fe01,-,none
TestDiagAnchoredChipDecomposition#3,1787696113-1576283,"free hit, fixed offset (control)",0,true,2023-24,2022-23,26,13,5,false,839,617,11,0,64.53846153846153,47.46153846153846,,,,,,,619,47.61538461538461,548,42.15384615384615,11,0,,,1.5454545454545454,11,11,5,2,6,0,,,,,,0,0,0,,,,0,0,0,,,,0,0,0,,,,0,,,,17,13,15,1,0,0,0,0,0,0,,,,,,,,,,,637.2043322278133,49.01571786367795,797.5793182731968,61.35225525178437,,55,d725094b2efe,-,none
TestDiagAnchoredChipDecomposition#3,1787696113-1576283,"free hit, fixed offset (control)",0,true,2024-25,2023-24,26,13,5,false,683,692,12,1,52.53846153846154,53.23076923076923,,,,,,,692,53.23076923076923,619,47.61538461538461,11,0,,,1.6363636363636365,11,12,8,3,6,0,,,,,,0,0,0,,,,0,0,0,,,,0,0,0,,,,0,,,,6,8,6,4,0,0,0,0,0,0,,,,,,,,,,,728.9946771610494,56.076513627773025,739.0288146348473,56.848370356526715,,55,685eecb0cbdb,-,none
TestDiagAnchoredChipDecomposition#3,1787696113-1576283,"free hit, fixed offset (control)",0,true,2025-26,2024-25,26,13,5,false,776,756,9,0,59.69230769230769,58.15384615384615,,,,,,,757,58.23076923076923,655,50.38461538461539,11,0,,,1.8181818181818181,11,9,2,5,-7,0,,,,,,0,0,0,,,,0,0,0,,,,0,0,0,,,,0,,,,8,10,8,10,0,0,0,0,0,0,,,,,,,,,,,710.1237686554032,54.62490528118486,726.296532594701,55.86896404574623,,55,32f63ab9f3ba,-,none
TestDiagAnchoredChipDecomposition#3,1787696113-1576283,"free hit, anchored (4gw sight)",1,false,2020-21,2019-20,1,38,5,false,1972,1628,45,8,51.89473684210526,42.8421052631579,,,,,,,1628,42.8421052631579,1388,36.526315789473685,36,0,,,1.1388888888888888,32,40,18,12,7,0,,,,,,0,0,0,,,,0,0,0,,,,0,0,0,,,,0,,,,43,40,43,40,0,0,0,0,0,0,,,,,,,,,,,1613.0156880372417,42.44778126413794,2001.1510035169983,52.66186851360522,,55,98b82c09e797,-,none
TestDiagAnchoredChipDecomposition#3,1787696113-1576283,"free hit, anchored (4gw sight)",1,false,2021-22,2020-21,1,38,5,false,2379,1942,40,3,62.60526315789474,51.10526315789474,,,,,,,1987,52.28947368421053,1692,44.526315789473685,36,0,,,1.2777777777777777,32,35,10,9,1,0,,,,,,0,0,0,,,,0,0,0,,,,0,0,0,,,,0,,,,61,61,61,61,0,0,0,0,0,0,,,,,,,,,,,1925.730264990003,50.67711223657903,2358.5909931554484,62.068184030406535,,55,2ee4dc9e44a7,-,none
TestDiagAnchoredChipDecomposition#3,1787696113-1576283,"free hit, anchored (4gw sight)",1,false,2022-23,2021-22,1,38,5,false,2070,1857,38,1,54.473684210526315,48.86842105263158,,,,,,,1855,48.81578947368421,1607,42.28947368421053,36,0,,,1.4166666666666667,32,33,13,7,11,0,,,,,,0,0,0,,,,0,0,0,,,,0,0,0,,,,0,,,,42,22,42,22,0,0,0,0,0,0,,,,,,,,,,,1880.4174544158348,49.48466985304828,2109.4075658973557,55.51072541835146,,55,daf912cff2eb,-,none
TestDiagAnchoredChipDecomposition#3,1787696113-1576283,"free hit, anchored (4gw sight)",1,false,2023-24,2022-23,1,38,5,false,2305,1806,39,2,60.6578947368421,47.526315789473685,,,,,,,1780,46.8421052631579,1569,41.28947368421053,36,0,,,1.6944444444444444,32,35,12,8,7,0,,,,,,0,0,0,,,,0,0,0,,,,0,0,0,,,,0,,,,23,23,23,21,0,0,0,0,0,0,,,,,,,,,,,1847.281228959663,48.61266391999113,2288.9601495005936,60.23579340791036,,55,7df5f95f1759,-,none
TestDiagAnchoredChipDecomposition#3,1787696113-1576283,"free hit, anchored (4gw sight)",1,false,2024-25,2023-24,1,38,5,false,2455,1908,34,2,64.60526315789474,50.21052631578947,,,,,,,1890,49.73684210526316,1708,44.94736842105263,36,0,,,2.0833333333333335,32,29,13,9,6,0,,,,,,0,0,0,,,,0,0,0,,,,0,0,0,,,,0,,,,10,10,10,10,0,0,0,0,0,0,,,,,,,,,,,1984.839567078322,52.23262018627163,2348.7505028342293,61.80922375879551,,55,d0f719155ebc,-,none
TestDiagAnchoredChipDecomposition#3,1787696113-1576283,"free hit, anchored (4gw sight)",1,false,2025-26,2024-25,1,38,5,false,2195,1523,35,1,57.76315789473684,40.078947368421055,,,,,,,1529,40.23684210526316,1375,36.18421052631579,36,0,,,1.4166666666666667,32,30,9,8,-5,0,,,,,,0,0,0,,,,0,0,0,,,,0,0,0,,,,0,,,,10,10,10,10,0,0,0,0,0,0,,,,,,,,,,,1583.8646329653097,41.680648235929205,2117.2330334486655,55.716658774964884,,55,cdb305de770a,-,none
TestDiagAnchoredChipDecomposition#3,1787696113-1576283,"free hit, anchored (4gw sight)",1,false,2020-21,2019-20,6,33,5,false,1739,1564,35,4,52.696969696969695,47.39393939393939,,,,,,,1556,47.15151515151515,1364,41.333333333333336,31,0,,,1.2580645161290323,31,35,8,10,-4,0,,,,,,0,0,0,,,,0,0,0,,,,0,0,0,,,,0,,,,43,40,43,40,0,0,0,0,0,0,,,,,,,,,,,1607.8659884381584,48.72321177085328,1783.1859224464943,54.03593704383316,,55,e4f19b098970,-,none
TestDiagAnchoredChipDecomposition#3,1787696113-1576283,"free hit, anchored (4gw sight)",1,false,2021-22,2020-21,6,33,5,false,1992,1697,34,2,60.36363636363637,51.42424242424242,,,,,,,1703,51.60606060606061,1488,45.09090909090909,31,0,,,1.4516129032258065,31,34,16,8,12,0,,,,,,0,0,0,,,,0,0,0,,,,0,0,0,,,,0,,,,61,61,61,61,0,0,0,0,0,0,,,,,,,,,,,1717.4237818225079,52.04314490371236,2014.829994499945,61.055454378786216,,55,ed57ca1f3812,-,none
TestDiagAnchoredChipDecomposition#3,1787696113-1576283,"free hit, anchored (4gw sight)",1,false,2022-23,2021-22,6,33,5,false,1854,1561,31,1,56.18181818181818,47.303030303030305,,,,,,,1500,45.45454545454545,1372,41.57575757575758,31,0,,,2.838709677419355,31,31,14,10,3,0,,,,,,0,0,0,,,,0,0,0,,,,0,0,0,,,,0,,,,42,22,42,16,0,0,0,0,0,0,,,,,,,,,,,1550.0004339075806,46.969710118411534,1884.0033917470023,57.09101187112128,,55,9193eb4c0665,-,none
TestDiagAnchoredChipDecomposition#3,1787696113-1576283,"free hit, anchored (4gw sight)",1,false,2023-24,2022-23,6,33,5,false,2073,1724,32,0,62.81818181818182,52.24242424242424,,,,,,,1702,51.57575757575758,1484,44.96969696969697,31,0,,,1.8064516129032258,31,32,13,9,13,0,,,,,,0,0,0,,,,0,0,0,,,,0,0,0,,,,0,,,,23,21,21,21,0,0,0,0,0,0,,,,,,,,,,,1721.7944263935356,52.175588678591986,2092.22550537524,63.40077289015879,,55,a4cd558c8a6c,-,none
TestDiagAnchoredChipDecomposition#3,1787696113-1576283,"free hit, anchored (4gw sight)",1,false,2024-25,2023-24,6,33,5,false,2021,1744,31,1,61.24242424242424,52.84848484848485,,,,,,,1641,49.72727272727273,1485,45,31,0,,,1.7741935483870968,31,31,11,4,14,0,,,,,,0,0,0,,,,0,0,0,,,,0,0,0,,,,0,,,,10,10,10,10,0,0,0,0,0,0,,,,,,,,,,,1754.9002266108062,53.17879474578201,2034.4347104894903,61.649536681499704,,55,7d06f846b27d,-,none
TestDiagAnchoredChipDecomposition#3,1787696113-1576283,"free hit, anchored (4gw sight)",1,false,2025-26,2024-25,6,33,5,false,1952,1743,29,1,59.15151515151515,52.81818181818182,,,,,,,1663,50.39393939393939,1547,46.878787878787875,31,0,,,1.903225806451613,31,29,7,8,-2,0,,,,,,0,0,0,,,,0,0,0,,,,0,0,0,,,,0,,,,10,10,10,10,0,0,0,0,0,0,,,,,,,,,,,1697.4225268293555,51.43704626755623,1876.1756253605995,56.853806829109075,,55,135d9da53c17,-,none
TestDiagAnchoredChipDecomposition#3,1787696113-1576283,"free hit, anchored (4gw sight)",1,false,2020-21,2019-20,11,28,5,false,1490,1208,30,4,53.214285714285715,43.142857142857146,,,,,,,1203,42.964285714285715,1039,37.107142857142854,26,0,,,1.3846153846153846,26,30,13,11,2,0,,,,,,0,0,0,,,,0,0,0,,,,0,0,0,,,,0,,,,43,38,43,38,0,0,0,0,0,0,,,,,,,,,,,1319.6548051841444,47.13052875657659,1582.5050199336335,56.5180364262012,,55,5babbe645ffb,-,none
TestDiagAnchoredChipDecomposition#3,1787696113-1576283,"free hit, anchored (4gw sight)",1,false,2021-22,2020-21,11,28,5,false,1654,1630,30,2,59.07142857142857,58.214285714285715,,,,,,,1658,59.214285714285715,1470,52.5,26,0,,,1.3076923076923077,26,30,14,7,17,0,,,,,,0,0,0,,,,0,0,0,,,,0,0,0,,,,0,,,,61,61,61,59,0,0,0,0,0,0,,,,,,,,,,,1616.204129636625,57.7215760584509,1700.7682957831157,60.74172484939699,,55,0e0b223ab713,-,none
TestDiagAnchoredChipDecomposition#3,1787696113-1576283,"free hit, anchored (4gw sight)",1,false,2022-23,2021-22,11,28,5,false,1663,1555,29,2,59.392857142857146,55.535714285714285,,,,,,,1494,53.357142857142854,1371,48.964285714285715,26,0,,,2.1538461538461537,26,29,11,5,14,0,,,,,,0,0,0,,,,0,0,0,,,,0,0,0,,,,0,,,,42,16,42,14,0,0,0,0,0,0,,,,,,,,,,,1523.4456911914474,54.40877468540884,1652.7925819067202,59.02830649666858,,55,57dcb8c18a3d,-,none
TestDiagAnchoredChipDecomposition#3,1787696113-1576283,"free hit, anchored (4gw sight)",1,false,2023-24,2022-23,11,28,5,false,1713,1428,26,0,61.17857142857143,51,,,,,,,1405,50.17857142857143,1247,44.535714285714285,26,0,,,1.6923076923076923,26,26,13,3,14,0,,,,,,0,0,0,,,,0,0,0,,,,0,0,0,,,,0,,,,21,21,21,21,0,0,0,0,0,0,,,,,,,,,,,1416.7846694489685,50.5994524803203,1733.2947209937886,61.90338289263531,,55,2a84996b516a,-,none
TestDiagAnchoredChipDecomposition#3,1787696113-1576283,"free hit, anchored (4gw sight)",1,false,2024-25,2023-24,11,28,5,false,1834,1681,27,1,65.5,60.035714285714285,,,,,,,1681,60.035714285714285,1412,50.42857142857143,26,0,,,1.4615384615384615,26,27,12,9,7,0,,,,,,0,0,0,,,,0,0,0,,,,0,0,0,,,,0,,,,10,10,10,8,0,0,0,0,0,0,,,,,,,,,,,1648.6369668324785,58.87989167258852,1767.6446835826152,63.13016727080769,,55,a6e9f92d83f6,-,none
TestDiagAnchoredChipDecomposition#3,1787696113-1576283,"free hit, anchored (4gw sight)",1,false,2025-26,2024-25,11,28,5,false,1572,1444,27,2,56.142857142857146,51.57142857142857,,,,,,,1416,50.57142857142857,1259,44.964285714285715,26,0,,,1.4615384615384615,26,27,9,7,-1,0,,,,,,0,0,0,,,,0,0,0,,,,0,0,0,,,,0,,,,10,10,10,10,0,0,0,0,0,0,,,,,,,,,,,1420.3707344105421,50.72752622894793,1533.641500757711,54.77291074134682,,55,71a4b81a55e0,-,none
TestDiagAnchoredChipDecomposition#3,1787696113-1576283,"free hit, anchored (4gw sight)",1,false,2020-21,2019-20,16,23,5,false,1307,1135,22,1,56.82608695652174,49.34782608695652,,,,,,,1101,47.869565217391305,988,42.95652173913044,21,0,,,1.3333333333333333,21,22,6,9,-7,0,,,,,,0,0,0,,,,0,0,0,,,,0,0,0,,,,0,,,,43,34,32,23,0,0,0,0,0,0,,,,,,,,,,,1145.8522005436278,49.81966089320121,1339.0541987414529,58.219747771367516,,55,d978f64ccb97,-,none
TestDiagAnchoredChipDecomposition#3,1787696113-1576283,"free hit, anchored (4gw sight)",1,false,2021-22,2020-21,16,23,5,false,1349,1219,24,2,58.65217391304348,53,,,,,,,1237,53.78260869565217,1112,48.34782608695652,21,0,,,1.2380952380952381,21,24,13,6,8,0,,,,,,0,0,0,,,,0,0,0,,,,0,0,0,,,,0,,,,61,57,61,27,0,0,0,0,0,0,,,,,,,,,,,1287.3516603457401,55.97181131938,1422.086699753825,61.82985651103587,,55,a0c25dc6cfa4,-,none
TestDiagAnchoredChipDecomposition#3,1787696113-1576283,"free hit, anchored (4gw sight)",1,false,2022-23,2021-22,16,23,5,false,1362,1123,25,3,59.21739130434783,48.82608695652174,,,,,,,1062,46.17391304347826,955,41.52173913043478,21,0,,,1.7619047619047619,21,25,13,4,10,0,,,,,,0,0,0,,,,0,0,0,,,,0,0,0,,,,0,,,,42,14,36,14,0,0,0,0,0,0,,,,,,,,,,,1117.893865843038,48.60408112361034,1361.6221297089426,59.200962161258374,,55,1820c2242a5e,-,none
TestDiagAnchoredChipDecomposition#3,1787696113-1576283,"free hit, anchored (4gw sight)",1,false,2023-24,2022-23,16,23,5,false,1455,1085,23,1,63.26086956521739,47.17391304347826,,,,,,,1085,47.17391304347826,934,40.608695652173914,21,0,,,1.4761904761904763,21,23,7,5,7,0,,,,,,0,0,0,,,,0,0,0,,,,0,0,0,,,,0,,,,21,21,21,17,0,0,0,0,0,0,,,,,,,,,,,1100.0328547404902,47.82751542349957,1444.7726867246856,62.8162037706385,,55,291eebc880a2,-,none
TestDiagAnchoredChipDecomposition#3,1787696113-1576283,"free hit, anchored (4gw sight)",1,false,2024-25,2023-24,16,23,5,false,1492,1367,20,0,64.8695652173913,59.43478260869565,,,,,,,1367,59.43478260869565,1174,51.04347826086956,21,0,,,2.5238095238095237,21,20,5,6,2,0,,,,,,0,0,0,,,,0,0,0,,,,0,0,0,,,,0,,,,10,8,10,8,0,0,0,0,0,0,,,,,,,,,,,1409.2322184264299,61.27096601854043,1491.077343319541,64.82944970954526,,55,0a92238fc17e,-,none
TestDiagAnchoredChipDecomposition#3,1787696113-1576283,"free hit, anchored (4gw sight)",1,false,2025-26,2024-25,16,23,5,false,1314,1307,21,1,57.130434782608695,56.82608695652174,,,,,,,1308,56.869565217391305,1146,49.82608695652174,21,0,,,1.5714285714285714,21,21,6,6,-4,0,,,,,,0,0,0,,,,0,0,0,,,,0,0,0,,,,0,,,,10,10,10,10,0,0,0,0,0,0,,,,,,,,,,,1247.0166669781659,54.21811595557243,1248.7289914549633,54.29256484586797,,55,439f261a429b,-,none
TestDiagAnchoredChipDecomposition#3,1787696113-1576283,"free hit, anchored (4gw sight)",1,false,2020-21,2019-20,21,18,5,false,970,865,18,2,53.888888888888886,48.05555555555556,,,,,,,886,49.22222222222222,768,42.666666666666664,16,0,,,1.5,16,18,5,9,-8,0,,,,,,0,0,0,,,,0,0,0,,,,0,0,0,,,,0,,,,32,23,26,23,0,0,0,0,0,0,,,,,,,,,,,895.3437728580975,49.74132071433875,1033.5253878744893,57.41807710413829,,55,dc98d0376744,-,none
TestDiagAnchoredChipDecomposition#3,1787696113-1576283,"free hit, anchored (4gw sight)",1,false,2021-22,2020-21,21,18,5,false,1192,928,20,3,66.22222222222223,51.55555555555556,,,,,,,946,52.55555555555556,839,46.611111111111114,16,0,,,1.3125,16,20,6,5,0,0,,,,,,0,0,0,,,,0,0,0,,,,0,0,0,,,,0,,,,59,25,51,19,0,0,0,0,0,0,,,,,,,,,,,978.9518706549641,54.38621503638689,1182.675837087673,65.70421317153739,,55,17afedb0c8fd,-,none
TestDiagAnchoredChipDecomposition#3,1787696113-1576283,"free hit, anchored (4gw sight)",1,false,2022-23,2021-22,21,18,5,false,1198,1147,14,0,66.55555555555556,63.72222222222222,,,,,,,1143,63.5,998,55.44444444444444,16,0,,,2.8125,16,14,5,2,3,0,,,,,,0,0,0,,,,0,0,0,,,,0,0,0,,,,0,,,,36,14,28,10,0,0,0,0,0,0,,,,,,,,,,,1135.4096454671374,63.07831363706319,1191.4388439907125,66.19104688837291,,55,bf48ca67ee37,-,none
TestDiagAnchoredChipDecomposition#3,1787696113-1576283,"free hit, anchored (4gw sight)",1,false,2023-24,2022-23,21,18,5,false,1218,964,17,0,67.66666666666667,53.55555555555556,,,,,,,954,53,845,46.94444444444444,16,0,,,1.5,16,17,10,3,9,0,,,,,,0,0,0,,,,0,0,0,,,,0,0,0,,,,0,,,,21,17,17,17,0,0,0,0,0,0,,,,,,,,,,,996.2801720475503,55.34889844708613,1204.5257231834973,66.91809573241652,,55,a39e1a72098e,-,none
TestDiagAnchoredChipDecomposition#3,1787696113-1576283,"free hit, anchored (4gw sight)",1,false,2024-25,2023-24,21,18,5,false,1076,956,16,0,59.77777777777778,53.111111111111114,,,,,,,956,53.111111111111114,821,45.611111111111114,16,0,,,1.6875,16,16,8,4,9,0,,,,,,0,0,0,,,,0,0,0,,,,0,0,0,,,,0,,,,10,8,6,8,0,0,0,0,0,0,,,,,,,,,,,978.7329286819744,54.37405159344302,1102.9571685596136,61.27539825331186,,55,606dfdefbccb,-,none
TestDiagAnchoredChipDecomposition#3,1787696113-1576283,"free hit, anchored (4gw sight)",1,false,2025-26,2024-25,21,18,5,false,1098,942,15,0,61,52.333333333333336,,,,,,,927,51.5,841,46.72222222222222,16,0,,,2.5625,16,15,7,6,0,0,,,,,,0,0,0,,,,0,0,0,,,,0,0,0,,,,0,,,,10,10,10,10,0,0,0,0,0,0,,,,,,,,,,,912.9456155568754,50.71920086427085,1025.0248605001523,56.945825583341794,,55,73261d35b823,-,none
TestDiagAnchoredChipDecomposition#3,1787696113-1576283,"free hit, anchored (4gw sight)",1,false,2020-21,2019-20,26,13,5,false,679,626,14,2,52.23076923076923,48.15384615384615,,,,,,,634,48.76923076923077,567,43.61538461538461,11,0,,,1.3636363636363635,11,14,3,5,-4,0,,,,,,0,0,0,,,,0,0,0,,,,0,0,0,,,,0,,,,12,23,10,11,0,0,0,0,0,0,,,,,,,,,,,659.8771559423692,50.759781226336095,752.4977164688418,57.88443972837244,,55,5fce185dc3f5,-,none
TestDiagAnchoredChipDecomposition#3,1787696113-1576283,"free hit, anchored (4gw sight)",1,false,2021-22,2020-21,26,13,5,false,751,637,15,3,57.76923076923077,49,,,,,,,642,49.38461538461539,573,44.07692307692308,11,0,,,1.1818181818181819,11,15,7,1,7,0,,,,,,0,0,0,,,,0,0,0,,,,0,0,0,,,,0,,,,43,19,28,4,0,0,0,0,0,0,,,,,,,,,,,643.906825351017,49.53129425777054,795.3392004863413,61.179938498949326,,55,84591047a9e2,-,none
TestDiagAnchoredChipDecomposition#3,1787696113-1576283,"free hit, anchored (4gw sight)",1,false,2022-23,2021-22,26,13,5,false,879,802,10,0,67.61538461538461,61.69230769230769,,,,,,,798,61.38461538461539,686,52.76923076923077,11,0,,,2.909090909090909,11,10,4,2,3,0,,,,,,0,0,0,,,,0,0,0,,,,0,0,0,,,,0,,,,28,10,12,4,0,0,0,0,0,0,,,,,,,,,,,809.8085824213479,62.29296787856522,880.4871881921468,67.72978370708822,,55,519e8636fe01,-,none
TestDiagAnchoredChipDecomposition#3,1787696113-1576283,"free hit, anchored (4gw sight)",1,false,2023-24,2022-23,26,13,5,false,839,617,11,0,64.53846153846153,47.46153846153846,,,,,,,619,47.61538461538461,548,42.15384615384615,11,0,,,1.4545454545454546,11,11,5,2,6,0,,,,,,0,0,0,,,,0,0,0,,,,0,0,0,,,,0,,,,17,13,15,1,0,0,0,0,0,0,,,,,,,,,,,637.2043322278133,49.01571786367795,800.7656860882543,61.59736046832725,,55,d725094b2efe,-,none
TestDiagAnchoredChipDecomposition#3,1787696113-1576283,"free hit, anchored (4gw sight)",1,false,2024-25,2023-24,26,13,5,false,740,692,11,0,56.92307692307692,53.23076923076923,,,,,,,692,53.23076923076923,619,47.61538461538461,11,0,,,1.6363636363636365,11,11,7,1,8,0,,,,,,0,0,0,,,,0,0,0,,,,0,0,0,,,,0,,,,6,8,6,4,0,0,0,0,0,0,,,,,,,,,,,728.9946771610494,56.076513627773025,759.6658186247439,58.43583220190338,,55,685eecb0cbdb,-,none
TestDiagAnchoredChipDecomposition#3,1787696113-1576283,"free hit, anchored (4gw sight)",1,false,2025-26,2024-25,26,13,5,false,804,756,8,0,61.84615384615385,58.15384615384615,,,,,,,757,58.23076923076923,655,50.38461538461539,11,0,,,2.272727272727273,11,8,2,4,-6,0,,,,,,0,0,0,,,,0,0,0,,,,0,0,0,,,,0,,,,8,10,8,10,0,0,0,0,0,0,,,,,,,,,,,710.1237686554032,54.62490528118486,744.344242435571,57.25724941812085,,55,32f63ab9f3ba,-,none
TestDiagAnchoredChipDecomposition#4,1787696113-1576283,"triple captain, fixed offset (control)",0,true,2020-21,2019-20,1,38,5,false,1962,1628,45,8,51.63157894736842,42.8421052631579,,,,,,,1628,42.8421052631579,1388,36.526315789473685,37,0,,,1.1081081081081081,33,40,18,12,7,0,,,,,,0,0,0,,,,0,0,0,,,,0,0,0,,,,0,,,,43,40,43,40,0,0,0,0,14,16,,,,,,,,,,,1613.0156880372417,42.44778126413794,1971.336704635403,51.87728170093166,,55,98b82c09e797,-,none
TestDiagAnchoredChipDecomposition#4,1787696113-1576283,"triple captain, fixed offset (control)",0,true,2021-22,2020-21,1,38,5,false,2231,1942,43,5,58.71052631578947,51.10526315789474,,,,,,,1987,52.28947368421053,1692,44.526315789473685,37,0,,,1.2432432432432432,33,38,17,8,16,0,,,,,,0,0,0,,,,0,0,0,,,,0,0,0,,,,0,,,,61,61,61,61,0,0,0,0,14,15,,,,,,,,,,,1925.730264990003,50.67711223657903,2281.60927832544,60.04234942961684,,55,2ee4dc9e44a7,-,none
TestDiagAnchoredChipDecomposition#4,1787696113-1576283,"triple captain, fixed offset (control)",0,true,2022-23,2021-22,1,38,5,false,2055,1857,38,1,54.078947368421055,48.86842105263158,,,,,,,1855,48.81578947368421,1607,42.28947368421053,37,0,,,1.4054054054054055,33,33,13,7,11,0,,,,,,0,0,0,,,,0,0,0,,,,0,0,0,,,,0,,,,42,22,42,22,0,0,0,0,14,1,,,,,,,,,,,1880.4174544158348,49.48466985304828,2104.164015843695,55.372737259044605,,55,daf912cff2eb,-,none
TestDiagAnchoredChipDecomposition#4,1787696113-1576283,"triple captain, fixed offset (control)",0,true,2023-24,2022-23,1,38,5,false,2380,1806,40,3,62.63157894736842,47.526315789473685,,,,,,,1780,46.8421052631579,1569,41.28947368421053,37,0,,,1.6486486486486487,33,36,16,9,13,0,,,,,,0,0,0,,,,0,0,0,,,,0,0,0,,,,0,,,,23,23,23,21,0,0,0,0,14,5,,,,,,,,,,,1847.281228959663,48.61266391999113,2314.944820975577,60.919600551988864,,55,7df5f95f1759,-,none
TestDiagAnchoredChipDecomposition#4,1787696113-1576283,"triple captain, fixed offset (control)",0,true,2024-25,2023-24,1,38,5,false,2448,1908,34,2,64.42105263157895,50.21052631578947,,,,,,,1890,49.73684210526316,1708,44.94736842105263,37,0,,,2.054054054054054,33,29,13,9,6,0,,,,,,0,0,0,,,,0,0,0,,,,0,0,0,,,,0,,,,10,10,10,10,0,0,0,0,0,0,,,,,,,,,,,1984.839567078322,52.23262018627163,2342.6271800092795,61.648083684454726,,55,d0f719155ebc,-,none
TestDiagAnchoredChipDecomposition#4,1787696113-1576283,"triple captain, fixed offset (control)",0,true,2025-26,2024-25,1,38,5,false,2180,1523,35,1,57.36842105263158,40.078947368421055,,,,,,,1529,40.23684210526316,1375,36.18421052631579,37,0,,,1.3783783783783783,33,30,9,8,-5,0,,,,,,0,0,0,,,,0,0,0,,,,0,0,0,,,,0,,,,10,10,10,10,0,0,0,0,0,0,,,,,,,,,,,1583.8646329653097,41.680648235929205,2107.5021769929317,55.46058360507715,,55,cdb305de770a,-,none
TestDiagAnchoredChipDecomposition#4,1787696113-1576283,"triple captain, fixed offset (control)",0,true,2020-21,2019-20,6,33,5,false,1729,1564,37,5,52.39393939393939,47.39393939393939,,,,,,,1556,47.15151515151515,1364,41.333333333333336,32,0,,,1.21875,32,37,9,12,-6,0,,,,,,0,0,0,,,,0,0,0,,,,0,0,0,,,,0,,,,43,40,43,40,0,0,0,0,19,8,,,,,,,,,,,1607.8659884381584,48.72321177085328,1752.9967836644842,53.12111465649952,,55,e4f19b098970,-,none
TestDiagAnchoredChipDecomposition#4,1787696113-1576283,"triple captain, fixed offset (control)",0,true,2021-22,2020-21,6,33,5,false,1973,1697,38,6,59.78787878787879,51.42424242424242,,,,,,,1703,51.60606060606061,1488,45.09090909090909,32,0,,,1.3125,32,38,16,9,14,0,,,,,,0,0,0,,,,0,0,0,,,,0,0,0,,,,0,,,,61,61,61,61,0,0,0,0,19,0,,,,,,,,,,,1717.4237818225079,52.04314490371236,2009.925201175407,60.906824278042635,,55,ed57ca1f3812,-,none
TestDiagAnchoredChipDecomposition#4,1787696113-1576283,"triple captain, fixed offset (control)",0,true,2022-23,2021-22,6,33,5,false,1859,1561,31,1,56.333333333333336,47.303030303030305,,,,,,,1500,45.45454545454545,1372,41.57575757575758,32,0,,,2.78125,32,31,14,10,3,0,,,,,,0,0,0,,,,0,0,0,,,,0,0,0,,,,0,,,,42,22,42,16,0,0,0,0,19,2,,,,,,,,,,,1550.0004339075806,46.969710118411534,1886.428562123742,57.164501882537635,,55,9193eb4c0665,-,none
TestDiagAnchoredChipDecomposition#4,1787696113-1576283,"triple captain, fixed offset (control)",0,true,2023-24,2022-23,6,33,5,false,2031,1724,32,0,61.54545454545455,52.24242424242424,,,,,,,1702,51.57575757575758,1484,44.96969696969697,32,0,,,1.75,32,32,15,10,15,0,,,,,,0,0,0,,,,0,0,0,,,,0,0,0,,,,0,,,,23,21,21,21,0,0,0,0,19,3,,,,,,,,,,,1721.7944263935356,52.175588678591986,2073.377625047201,62.82962500143034,,55,a4cd558c8a6c,-,none
TestDiagAnchoredChipDecomposition#4,1787696113-1576283,"triple captain, fixed offset (control)",0,true,2024-25,2023-24,6,33,5,false,1949,1744,32,1,59.06060606060606,52.84848484848485,,,,,,,1641,49.72727272727273,1485,45,32,0,,,1.625,32,32,14,6,17,0,,,,,,0,0,0,,,,0,0,0,,,,0,0,0,,,,0,,,,10,10,10,10,0,0,0,0,0,0,,,,,,,,,,,1754.9002266108062,53.17879474578201,2013.2192781406022,61.00664479213946,,55,7d06f846b27d,-,none
TestDiagAnchoredChipDecomposition#4,1787696113-1576283,"triple captain, fixed offset (control)",0,true,2025-26,2024-25,6,33,5,false,1934,1743,30,1,58.60606060606061,52.81818181818182,,,,,,,1663,50.39393939393939,1547,46.878787878787875,32,0,,,1.75,32,30,8,8,-1,0,,,,,,0,0,0,,,,0,0,0,,,,0,0,0,,,,0,,,,10,10,10,10,0,0,0,0,0,0,,,,,,,,,,,1697.4225268293555,51.43704626755623,1868.5569400708864,56.622937577905645,,55,135d9da53c17,-,none
TestDiagAnchoredChipDecomposition#4,1787696113-1576283,"triple captain, fixed offset (control)",0,true,2020-21,2019-20,11,28,5,false,1516,1208,29,3,54.142857142857146,43.142857142857146,,,,,,,1203,42.964285714285715,1039,37.107142857142854,27,0,,,1.4074074074074074,27,29,8,10,-5,0,,,,,,0,0,0,,,,0,0,0,,,,0,0,0,,,,0,,,,43,38,43,38,0,0,0,0,24,9,,,,,,,,,,,1319.6548051841444,47.13052875657659,1570.4572477464967,56.087758848089166,,55,5babbe645ffb,-,none
TestDiagAnchoredChipDecomposition#4,1787696113-1576283,"triple captain, fixed offset (control)",0,true,2021-22,2020-21,11,28,5,false,1651,1630,30,2,58.964285714285715,58.214285714285715,,,,,,,1658,59.214285714285715,1470,52.5,27,0,,,1.3333333333333333,27,30,14,7,17,0,,,,,,0,0,0,,,,0,0,0,,,,0,0,0,,,,0,,,,61,61,61,59,0,0,0,0,24,6,,,,,,,,,,,1616.204129636625,57.7215760584509,1697.4899628254698,60.62464152948106,,55,0e0b223ab713,-,none
TestDiagAnchoredChipDecomposition#4,1787696113-1576283,"triple captain, fixed offset (control)",0,true,2022-23,2021-22,11,28,5,false,1675,1555,29,2,59.82142857142857,55.535714285714285,,,,,,,1494,53.357142857142854,1371,48.964285714285715,27,0,,,2.111111111111111,27,29,11,5,14,0,,,,,,0,0,0,,,,0,0,0,,,,0,0,0,,,,0,,,,42,16,42,14,0,0,0,0,24,6,,,,,,,,,,,1523.4456911914474,54.40877468540884,1669.1187722952793,59.6113847248314,,55,57dcb8c18a3d,-,none
TestDiagAnchoredChipDecomposition#4,1787696113-1576283,"triple captain, fixed offset (control)",0,true,2023-24,2022-23,11,28,5,false,1673,1428,27,0,59.75,51,,,,,,,1405,50.17857142857143,1247,44.535714285714285,27,0,,,1.5925925925925926,27,27,12,3,14,0,,,,,,0,0,0,,,,0,0,0,,,,0,0,0,,,,0,,,,21,21,21,21,0,0,0,0,24,2,,,,,,,,,,,1416.7846694489685,50.5994524803203,1695.7396818744244,60.56213149551515,,55,2a84996b516a,-,none
TestDiagAnchoredChipDecomposition#4,1787696113-1576283,"triple captain, fixed offset (control)",0,true,2024-25,2023-24,11,28,5,false,1825,1681,28,2,65.17857142857143,60.035714285714285,,,,,,,1681,60.035714285714285,1412,50.42857142857143,27,0,,,1.4074074074074074,27,28,12,11,4,0,,,,,,0,0,0,,,,0,0,0,,,,0,0,0,,,,0,,,,10,10,10,8,0,0,0,0,0,0,,,,,,,,,,,1648.6369668324785,58.87989167258852,1747.476383906812,62.409870853814716,,55,a6e9f92d83f6,-,none
TestDiagAnchoredChipDecomposition#4,1787696113-1576283,"triple captain, fixed offset (control)",0,true,2025-26,2024-25,11,28,5,false,1565,1444,27,2,55.892857142857146,51.57142857142857,,,,,,,1416,50.57142857142857,1259,44.964285714285715,27,0,,,1.4074074074074074,27,27,9,7,-1,0,,,,,,0,0,0,,,,0,0,0,,,,0,0,0,,,,0,,,,10,10,10,10,0,0,0,0,0,0,,,,,,,,,,,1420.3707344105421,50.72752622894793,1532.6985163104728,54.73923272537403,,55,71a4b81a55e0,-,none
TestDiagAnchoredChipDecomposition#4,1787696113-1576283,"triple captain, fixed offset (control)",0,true,2020-21,2019-20,16,23,5,false,1293,1135,22,1,56.21739130434783,49.34782608695652,,,,,,,1101,47.869565217391305,988,42.95652173913044,22,0,,,1.3181818181818181,22,22,6,9,-7,0,,,,,,0,0,0,,,,0,0,0,,,,0,0,0,,,,0,,,,43,34,32,23,0,0,0,0,29,0,,,,,,,,,,,1145.8522005436278,49.81966089320121,1314.4713011660847,57.15092613765586,,55,d978f64ccb97,-,none
TestDiagAnchoredChipDecomposition#4,1787696113-1576283,"triple captain, fixed offset (control)",0,true,2021-22,2020-21,16,23,5,false,1349,1219,24,2,58.65217391304348,53,,,,,,,1237,53.78260869565217,1112,48.34782608695652,22,0,,,1.2272727272727273,22,24,13,6,8,0,,,,,,0,0,0,,,,0,0,0,,,,0,0,0,,,,0,,,,61,57,61,27,0,0,0,0,29,14,,,,,,,,,,,1287.3516603457401,55.97181131938,1425.3779833529777,61.97295579795555,,55,a0c25dc6cfa4,-,none
TestDiagAnchoredChipDecomposition#4,1787696113-1576283,"triple captain, fixed offset (control)",0,true,2022-23,2021-22,16,23,5,false,1317,1123,25,3,57.26086956521739,48.82608695652174,,,,,,,1062,46.17391304347826,955,41.52173913043478,22,0,,,1.4545454545454546,22,25,11,7,4,0,,,,,,0,0,0,,,,0,0,0,,,,0,0,0,,,,0,,,,42,14,36,14,0,0,0,0,29,7,,,,,,,,,,,1117.893865843038,48.60408112361034,1373.300646929221,59.708723779531354,,55,1820c2242a5e,-,none
TestDiagAnchoredChipDecomposition#4,1787696113-1576283,"triple captain, fixed offset (control)",0,true,2023-24,2022-23,16,23,5,false,1433,1085,23,2,62.30434782608695,47.17391304347826,,,,,,,1085,47.17391304347826,934,40.608695652173914,22,0,,,1.5,22,23,10,4,12,0,,,,,,0,0,0,,,,0,0,0,,,,0,0,0,,,,0,,,,21,21,21,17,0,0,0,0,29,2,,,,,,,,,,,1100.0328547404902,47.82751542349957,1420.8011356788156,61.77396242081807,,55,291eebc880a2,-,none
TestDiagAnchoredChipDecomposition#4,1787696113-1576283,"triple captain, fixed offset (control)",0,true,2024-25,2023-24,16,23,5,false,1490,1367,20,1,64.78260869565217,59.43478260869565,,,,,,,1367,59.43478260869565,1174,51.04347826086956,22,0,,,2.590909090909091,22,20,7,4,6,0,,,,,,0,0,0,,,,0,0,0,,,,0,0,0,,,,0,,,,10,8,10,8,0,0,0,0,0,0,,,,,,,,,,,1409.2322184264299,61.27096601854043,1489.5237797628822,64.7619034679514,,55,0a92238fc17e,-,none
TestDiagAnchoredChipDecomposition#4,1787696113-1576283,"triple captain, fixed offset (control)",0,true,2025-26,2024-25,16,23,5,false,1276,1307,23,1,55.47826086956522,56.82608695652174,,,,,,,1308,56.869565217391305,1146,49.82608695652174,22,0,,,1.4090909090909092,22,23,7,8,-7,0,,,,,,0,0,0,,,,0,0,0,,,,0,0,0,,,,0,,,,10,10,10,10,0,0,0,0,0,0,,,,,,,,,,,1247.0166669781659,54.21811595557243,1231.312568879252,53.53532908170661,,55,439f261a429b,-,none
TestDiagAnchoredChipDecomposition#4,1787696113-1576283,"triple captain, fixed offset (control)",0,true,2020-21,2019-20,21,18,5,false,952,865,17,1,52.888888888888886,48.05555555555556,,,,,,,886,49.22222222222222,768,42.666666666666664,17,0,,,1.4705882352941178,17,17,5,7,-5,0,,,,,,0,0,0,,,,0,0,0,,,,0,0,0,,,,0,,,,32,23,26,23,0,0,0,0,34,0,,,,,,,,,,,895.3437728580975,49.74132071433875,1002.6949292477597,55.70527384709776,,55,dc98d0376744,-,none
TestDiagAnchoredChipDecomposition#4,1787696113-1576283,"triple captain, fixed offset (control)",0,true,2021-22,2020-21,21,18,5,false,1037,928,24,6,57.611111111111114,51.55555555555556,,,,,,,946,52.55555555555556,839,46.611111111111114,17,0,,,1.1764705882352942,17,24,9,7,3,0,,,,,,0,0,0,,,,0,0,0,,,,0,0,0,,,,0,,,,59,25,51,19,0,0,0,0,34,2,,,,,,,,,,,978.9518706549641,54.38621503638689,1076.7319754841474,59.81844308245263,,55,17afedb0c8fd,-,none
TestDiagAnchoredChipDecomposition#4,1787696113-1576283,"triple captain, fixed offset (control)",0,true,2022-23,2021-22,21,18,5,false,1180,1147,15,0,65.55555555555556,63.72222222222222,,,,,,,1143,63.5,998,55.44444444444444,17,0,,,2.3529411764705883,17,15,6,4,4,0,,,,,,0,0,0,,,,0,0,0,,,,0,0,0,,,,0,,,,36,14,28,10,0,0,0,0,34,18,,,,,,,,,,,1135.4096454671374,63.07831363706319,1161.2355972397904,64.51308873554392,,55,bf48ca67ee37,-,none
TestDiagAnchoredChipDecomposition#4,1787696113-1576283,"triple captain, fixed offset (control)",0,true,2023-24,2022-23,21,18,5,false,1159,964,17,0,64.38888888888889,53.55555555555556,,,,,,,954,53,845,46.94444444444444,17,0,,,1.411764705882353,17,17,9,3,5,0,,,,,,0,0,0,,,,0,0,0,,,,0,0,0,,,,0,,,,21,17,17,17,0,0,0,0,34,9,,,,,,,,,,,996.2801720475503,55.34889844708613,1168.9998686863505,64.9444371492417,,55,a39e1a72098e,-,none
TestDiagAnchoredChipDecomposition#4,1787696113-1576283,"triple captain, fixed offset (control)",0,true,2024-25,2023-24,21,18,5,false,1063,956,17,1,59.05555555555556,53.111111111111114,,,,,,,956,53.111111111111114,821,45.611111111111114,17,0,,,1.588235294117647,17,17,11,3,12,0,,,,,,0,0,0,,,,0,0,0,,,,0,0,0,,,,0,,,,10,8,6,8,0,0,0,0,0,0,,,,,,,,,,,978.7329286819744,54.37405159344302,1082.0968360156246,60.116490889756925,,55,606dfdefbccb,-,none
TestDiagAnchoredChipDecomposition#4,1787696113-1576283,"triple captain, fixed offset (control)",0,true,2025-26,2024-25,21,18,5,false,1073,942,16,1,59.611111111111114,52.333333333333336,,,,,,,927,51.5,841,46.72222222222222,17,0,,,2.411764705882353,17,16,6,7,-5,0,,,,,,0,0,0,,,,0,0,0,,,,0,0,0,,,,0,,,,10,10,10,10,0,0,0,0,0,0,,,,,,,,,,,912.9456155568754,50.71920086427085,1004.9855610763206,55.8325311709067,,55,73261d35b823,-,none
TestDiagAnchoredChipDecomposition#4,1787696113-1576283,"triple captain, fixed offset (control)",0,true,2020-21,2019-20,26,13,5,false,695,626,12,0,53.46153846153846,48.15384615384615,,,,,,,634,48.76923076923077,567,43.61538461538461,12,0,,,1.25,12,12,7,3,1,0,,,,,,0,0,0,,,,0,0,0,,,,0,0,0,,,,0,,,,12,23,10,11,0,0,0,0,0,0,,,,,,,,,,,659.8771559423692,50.759781226336095,741.2028518948778,57.01560399191367,,55,5fce185dc3f5,-,none
TestDiagAnchoredChipDecomposition#4,1787696113-1576283,"triple captain, fixed offset (control)",0,true,2021-22,2020-21,26,13,5,false,768,637,16,5,59.07692307692308,49,,,,,,,642,49.38461538461539,573,44.07692307692308,12,0,,,1.1666666666666667,12,16,9,2,7,0,,,,,,0,0,0,,,,0,0,0,,,,0,0,0,,,,0,,,,43,19,28,4,0,0,0,0,38,12,,,,,,,,,,,643.906825351017,49.53129425777054,799.3570981954521,61.489007553496315,,55,84591047a9e2,-,none
TestDiagAnchoredChipDecomposition#4,1787696113-1576283,"triple captain, fixed offset (control)",0,true,2022-23,2021-22,26,13,5,false,870,802,10,0,66.92307692307692,61.69230769230769,,,,,,,798,61.38461538461539,686,52.76923076923077,12,0,,,2.8333333333333335,12,10,4,2,3,0,,,,,,0,0,0,,,,0,0,0,,,,0,0,0,,,,0,,,,28,10,12,4,0,0,0,0,38,5,,,,,,,,,,,809.8085824213479,62.29296787856522,880.5101786584893,67.73155220449918,,55,519e8636fe01,-,none
TestDiagAnchoredChipDecomposition#4,1787696113-1576283,"triple captain, fixed offset (control)",0,true,2023-24,2022-23,26,13,5,false,830,617,11,0,63.84615384615385,47.46153846153846,,,,,,,619,47.61538461538461,548,42.15384615384615,12,0,,,1.5,12,11,5,2,6,0,,,,,,0,0,0,,,,0,0,0,,,,0,0,0,,,,0,,,,17,13,15,1,0,0,0,0,38,2,,,,,,,,,,,637.2043322278133,49.01571786367795,791.8493437987806,60.911487984521585,,55,d725094b2efe,-,none
TestDiagAnchoredChipDecomposition#4,1787696113-1576283,"triple captain, fixed offset (control)",0,true,2024-25,2023-24,26,13,5,false,669,692,13,1,51.46153846153846,53.23076923076923,,,,,,,692,53.23076923076923,619,47.61538461538461,12,0,,,1.4166666666666667,12,13,9,3,7,0,,,,,,0,0,0,,,,0,0,0,,,,0,0,0,,,,0,,,,6,8,6,4,0,0,0,0,0,0,,,,,,,,,,,728.9946771610494,56.076513627773025,726.4666422242051,55.88204940186193,,55,685eecb0cbdb,-,none
TestDiagAnchoredChipDecomposition#4,1787696113-1576283,"triple captain, fixed offset (control)",0,true,2025-26,2024-25,26,13,5,false,782,756,9,0,60.15384615384615,58.15384615384615,,,,,,,757,58.23076923076923,655,50.38461538461539,12,0,,,1.8333333333333333,12,9,2,5,-7,0,,,,,,0,0,0,,,,0,0,0,,,,0,0,0,,,,0,,,,8,10,8,10,0,0,0,0,0,0,,,,,,,,,,,710.1237686554032,54.62490528118486,725.7808375036395,55.82929519258766,,55,32f63ab9f3ba,-,none
TestDiagAnchoredChipDecomposition#4,1787696113-1576283,"triple captain, anchored (4gw sight)",1,false,2020-21,2019-20,1,38,5,false,1951,1628,45,8,51.3421052631579,42.8421052631579,,,,,,,1628,42.8421052631579,1388,36.526315789473685,37,0,,,1.1081081081081081,33,40,18,12,7,0,,,,,,0,0,0,,,,0,0,0,,,,0,0,0,,,,0,,,,43,40,43,40,0,0,0,0,26,5,,,,,,,,,,,1613.0156880372417,42.44778126413794,1974.7897549473398,51.96815144598263,,55,98b82c09e797,-,none
TestDiagAnchoredChipDecomposition#4,1787696113-1576283,"triple captain, anchored (4gw sight)",1,false,2021-22,2020-21,1,38,5,false,2226,1942,43,5,58.578947368421055,51.10526315789474,,,,,,,1987,52.28947368421053,1692,44.526315789473685,37,0,,,1.2432432432432432,33,38,17,8,16,0,,,,,,0,0,0,,,,0,0,0,,,,0,0,0,,,,0,,,,61,61,61,61,0,0,0,0,22,10,,,,,,,,,,,1925.730264990003,50.67711223657903,2276.4398266239946,59.906311226947224,,55,2ee4dc9e44a7,-,none
TestDiagAnchoredChipDecomposition#4,1787696113-1576283,"triple captain, anchored (4gw sight)",1,false,2022-23,2021-22,1,38,5,false,2061,1857,38,1,54.23684210526316,48.86842105263158,,,,,,,1855,48.81578947368421,1607,42.28947368421053,37,0,,,1.4054054054054055,33,33,13,7,11,0,,,,,,0,0,0,,,,0,0,0,,,,0,0,0,,,,0,,,,42,22,42,22,0,0,0,0,29,7,,,,,,,,,,,1880.4174544158348,49.48466985304828,2106.7754883345992,55.44146021933156,,55,daf912cff2eb,-,none
TestDiagAnchoredChipDecomposition#4,1787696113-1576283,"triple captain, anchored (4gw sight)",1,false,2023-24,2022-23,1,38,5,false,2395,1806,40,3,63.026315789473685,47.526315789473685,,,,,,,1780,46.8421052631579,1569,41.28947368421053,37,0,,,1.6486486486486487,33,36,16,9,13,0,,,,,,0,0,0,,,,0,0,0,,,,0,0,0,,,,0,,,,23,23,23,21,0,0,0,0,34,20,,,,,,,,,,,1847.281228959663,48.61266391999113,2322.193527793167,61.110355994557025,,55,7df5f95f1759,-,none
TestDiagAnchoredChipDecomposition#4,1787696113-1576283,"triple captain, anchored (4gw sight)",1,false,2024-25,2023-24,1,38,5,false,2448,1908,34,2,64.42105263157895,50.21052631578947,,,,,,,1890,49.73684210526316,1708,44.94736842105263,37,0,,,2.054054054054054,33,29,13,9,6,0,,,,,,0,0,0,,,,0,0,0,,,,0,0,0,,,,0,,,,10,10,10,10,0,0,0,0,0,0,,,,,,,,,,,1984.839567078322,52.23262018627163,2342.6271800092795,61.648083684454726,,55,d0f719155ebc,-,none
TestDiagAnchoredChipDecomposition#4,1787696113-1576283,"triple captain, anchored (4gw sight)",1,false,2025-26,2024-25,1,38,5,false,2180,1523,35,1,57.36842105263158,40.078947368421055,,,,,,,1529,40.23684210526316,1375,36.18421052631579,37,0,,,1.3783783783783783,33,30,9,8,-5,0,,,,,,0,0,0,,,,0,0,0,,,,0,0,0,,,,0,,,,10,10,10,10,0,0,0,0,0,0,,,,,,,,,,,1583.8646329653097,41.680648235929205,2107.5021769929317,55.46058360507715,,55,cdb305de770a,-,none
TestDiagAnchoredChipDecomposition#4,1787696113-1576283,"triple captain, anchored (4gw sight)",1,false,2020-21,2019-20,6,33,5,false,1727,1564,37,5,52.333333333333336,47.39393939393939,,,,,,,1556,47.15151515151515,1364,41.333333333333336,32,0,,,1.21875,32,37,9,12,-6,0,,,,,,0,0,0,,,,0,0,0,,,,0,0,0,,,,0,,,,43,40,43,40,0,0,0,0,26,6,,,,,,,,,,,1607.8659884381584,48.72321177085328,1749.0933673391917,53.00282931330884,,55,e4f19b098970,-,none
TestDiagAnchoredChipDecomposition#4,1787696113-1576283,"triple captain, anchored (4gw sight)",1,false,2021-22,2020-21,6,33,5,false,1983,1697,38,6,60.09090909090909,51.42424242424242,,,,,,,1703,51.60606060606061,1488,45.09090909090909,32,0,,,1.3125,32,38,16,9,14,0,,,,,,0,0,0,,,,0,0,0,,,,0,0,0,,,,0,,,,61,61,61,61,0,0,0,0,22,10,,,,,,,,,,,1717.4237818225079,52.04314490371236,2018.0564630240015,61.15322615224247,,55,ed57ca1f3812,-,none
TestDiagAnchoredChipDecomposition#4,1787696113-1576283,"triple captain, anchored (4gw sight)",1,false,2022-23,2021-22,6,33,5,false,1864,1561,31,1,56.484848484848484,47.303030303030305,,,,,,,1500,45.45454545454545,1372,41.57575757575758,32,0,,,2.78125,32,31,14,10,3,0,,,,,,0,0,0,,,,0,0,0,,,,0,0,0,,,,0,,,,42,22,42,16,0,0,0,0,29,7,,,,,,,,,,,1550.0004339075806,46.969710118411534,1885.7430744636756,57.14372952920229,,55,9193eb4c0665,-,none
TestDiagAnchoredChipDecomposition#4,1787696113-1576283,"triple captain, anchored (4gw sight)",1,false,2023-24,2022-23,6,33,5,false,2037,1724,32,0,61.72727272727273,52.24242424242424,,,,,,,1702,51.57575757575758,1484,44.96969696969697,32,0,,,1.75,32,32,15,10,15,0,,,,,,0,0,0,,,,0,0,0,,,,0,0,0,,,,0,,,,23,21,21,21,0,0,0,0,34,9,,,,,,,,,,,1721.7944263935356,52.175588678591986,2077.633367887811,62.95858690569124,,55,a4cd558c8a6c,-,none
TestDiagAnchoredChipDecomposition#4,1787696113-1576283,"triple captain, anchored (4gw sight)",1,false,2024-25,2023-24,6,33,5,false,1949,1744,32,1,59.06060606060606,52.84848484848485,,,,,,,1641,49.72727272727273,1485,45,32,0,,,1.625,32,32,14,6,17,0,,,,,,0,0,0,,,,0,0,0,,,,0,0,0,,,,0,,,,10,10,10,10,0,0,0,0,0,0,,,,,,,,,,,1754.9002266108062,53.17879474578201,2013.2192781406022,61.00664479213946,,55,7d06f846b27d,-,none
TestDiagAnchoredChipDecomposition#4,1787696113-1576283,"triple captain, anchored (4gw sight)",1,false,2025-26,2024-25,6,33,5,false,1934,1743,30,1,58.60606060606061,52.81818181818182,,,,,,,1663,50.39393939393939,1547,46.878787878787875,32,0,,,1.75,32,30,8,8,-1,0,,,,,,0,0,0,,,,0,0,0,,,,0,0,0,,,,0,,,,10,10,10,10,0,0,0,0,0,0,,,,,,,,,,,1697.4225268293555,51.43704626755623,1868.5569400708864,56.622937577905645,,55,135d9da53c17,-,none
TestDiagAnchoredChipDecomposition#4,1787696113-1576283,"triple captain, anchored (4gw sight)",1,false,2020-21,2019-20,11,28,5,false,1512,1208,29,3,54,43.142857142857146,,,,,,,1203,42.964285714285715,1039,37.107142857142854,27,0,,,1.4074074074074074,27,29,8,10,-5,0,,,,,,0,0,0,,,,0,0,0,,,,0,0,0,,,,0,,,,43,38,43,38,0,0,0,0,26,5,,,,,,,,,,,1319.6548051841444,47.13052875657659,1574.6756919344489,56.23841756908746,,55,5babbe645ffb,-,none
TestDiagAnchoredChipDecomposition#4,1787696113-1576283,"triple captain, anchored (4gw sight)",1,false,2021-22,2020-21,11,28,5,false,1655,1630,30,2,59.107142857142854,58.214285714285715,,,,,,,1658,59.214285714285715,1470,52.5,27,0,,,1.3333333333333333,27,30,14,7,17,0,,,,,,0,0,0,,,,0,0,0,,,,0,0,0,,,,0,,,,61,61,61,59,0,0,0,0,22,10,,,,,,,,,,,1616.204129636625,57.7215760584509,1700.548112127572,60.733861147413286,,55,0e0b223ab713,-,none
TestDiagAnchoredChipDecomposition#4,1787696113-1576283,"triple captain, anchored (4gw sight)",1,false,2022-23,2021-22,11,28,5,false,1676,1555,29,2,59.857142857142854,55.535714285714285,,,,,,,1494,53.357142857142854,1371,48.964285714285715,27,0,,,2.111111111111111,27,29,11,5,14,0,,,,,,0,0,0,,,,0,0,0,,,,0,0,0,,,,0,,,,42,16,42,14,0,0,0,0,29,7,,,,,,,,,,,1523.4456911914474,54.40877468540884,1668.040850925863,59.572887533066535,,55,57dcb8c18a3d,-,none
TestDiagAnchoredChipDecomposition#4,1787696113-1576283,"triple captain, anchored (4gw sight)",1,false,2023-24,2022-23,11,28,5,false,1691,1428,27,0,60.392857142857146,51,,,,,,,1405,50.17857142857143,1247,44.535714285714285,27,0,,,1.5925925925925926,27,27,12,3,14,0,,,,,,0,0,0,,,,0,0,0,,,,0,0,0,,,,0,,,,21,21,21,21,0,0,0,0,34,20,,,,,,,,,,,1416.7846694489685,50.5994524803203,1705.0985955011502,60.89637841075536,,55,2a84996b516a,-,none
TestDiagAnchoredChipDecomposition#4,1787696113-1576283,"triple captain, anchored (4gw sight)",1,false,2024-25,2023-24,11,28,5,false,1825,1681,28,2,65.17857142857143,60.035714285714285,,,,,,,1681,60.035714285714285,1412,50.42857142857143,27,0,,,1.4074074074074074,27,28,12,11,4,0,,,,,,0,0,0,,,,0,0,0,,,,0,0,0,,,,0,,,,10,10,10,8,0,0,0,0,0,0,,,,,,,,,,,1648.6369668324785,58.87989167258852,1747.476383906812,62.409870853814716,,55,a6e9f92d83f6,-,none
TestDiagAnchoredChipDecomposition#4,1787696113-1576283,"triple captain, anchored (4gw sight)",1,false,2025-26,2024-25,11,28,5,false,1565,1444,27,2,55.892857142857146,51.57142857142857,,,,,,,1416,50.57142857142857,1259,44.964285714285715,27,0,,,1.4074074074074074,27,27,9,7,-1,0,,,,,,0,0,0,,,,0,0,0,,,,0,0,0,,,,0,,,,10,10,10,10,0,0,0,0,0,0,,,,,,,,,,,1420.3707344105421,50.72752622894793,1532.6985163104728,54.73923272537403,,55,71a4b81a55e0,-,none
TestDiagAnchoredChipDecomposition#4,1787696113-1576283,"triple captain, anchored (4gw sight)",1,false,2020-21,2019-20,16,23,5,false,1299,1135,22,1,56.47826086956522,49.34782608695652,,,,,,,1101,47.869565217391305,988,42.95652173913044,22,0,,,1.3181818181818181,22,22,6,9,-7,0,,,,,,0,0,0,,,,0,0,0,,,,0,0,0,,,,0,,,,43,34,32,23,0,0,0,0,26,6,,,,,,,,,,,1145.8522005436278,49.81966089320121,1319.980926161794,57.390475050512784,,55,d978f64ccb97,-,none
TestDiagAnchoredChipDecomposition#4,1787696113-1576283,"triple captain, anchored (4gw sight)",1,false,2021-22,2020-21,16,23,5,false,1345,1219,24,2,58.47826086956522,53,,,,,,,1237,53.78260869565217,1112,48.34782608695652,22,0,,,1.2272727272727273,22,24,13,6,8,0,,,,,,0,0,0,,,,0,0,0,,,,0,0,0,,,,0,,,,61,57,61,27,0,0,0,0,22,10,,,,,,,,,,,1287.3516603457401,55.97181131938,1420.1397383896951,61.745206016943264,,55,a0c25dc6cfa4,-,none
TestDiagAnchoredChipDecomposition#4,1787696113-1576283,"triple captain, anchored (4gw sight)",1,false,2022-23,2021-22,16,23,5,false,1317,1123,25,3,57.26086956521739,48.82608695652174,,,,,,,1062,46.17391304347826,955,41.52173913043478,22,0,,,1.4545454545454546,22,25,11,7,4,0,,,,,,0,0,0,,,,0,0,0,,,,0,0,0,,,,0,,,,42,14,36,14,0,0,0,0,29,7,,,,,,,,,,,1117.893865843038,48.60408112361034,1373.300646929221,59.708723779531354,,55,1820c2242a5e,-,none
TestDiagAnchoredChipDecomposition#4,1787696113-1576283,"triple captain, anchored (4gw sight)",1,false,2023-24,2022-23,16,23,5,false,1451,1085,23,2,63.08695652173913,47.17391304347826,,,,,,,1085,47.17391304347826,934,40.608695652173914,22,0,,,1.5,22,23,10,4,12,0,,,,,,0,0,0,,,,0,0,0,,,,0,0,0,,,,0,,,,21,21,21,17,0,0,0,0,34,20,,,,,,,,,,,1100.0328547404902,47.82751542349957,1432.9977233243458,62.30424884018895,,55,291eebc880a2,-,none
TestDiagAnchoredChipDecomposition#4,1787696113-1576283,"triple captain, anchored (4gw sight)",1,false,2024-25,2023-24,16,23,5,false,1490,1367,20,1,64.78260869565217,59.43478260869565,,,,,,,1367,59.43478260869565,1174,51.04347826086956,22,0,,,2.590909090909091,22,20,7,4,6,0,,,,,,0,0,0,,,,0,0,0,,,,0,0,0,,,,0,,,,10,8,10,8,0,0,0,0,0,0,,,,,,,,,,,1409.2322184264299,61.27096601854043,1489.5237797628822,64.7619034679514,,55,0a92238fc17e,-,none
TestDiagAnchoredChipDecomposition#4,1787696113-1576283,"triple captain, anchored (4gw sight)",1,false,2025-26,2024-25,16,23,5,false,1276,1307,23,1,55.47826086956522,56.82608695652174,,,,,,,1308,56.869565217391305,1146,49.82608695652174,22,0,,,1.4090909090909092,22,23,7,8,-7,0,,,,,,0,0,0,,,,0,0,0,,,,0,0,0,,,,0,,,,10,10,10,10,0,0,0,0,0,0,,,,,,,,,,,1247.0166669781659,54.21811595557243,1231.312568879252,53.53532908170661,,55,439f261a429b,-,none
TestDiagAnchoredChipDecomposition#4,1787696113-1576283,"triple captain, anchored (4gw sight)",1,false,2020-21,2019-20,21,18,5,false,961,865,17,1,53.388888888888886,48.05555555555556,,,,,,,886,49.22222222222222,768,42.666666666666664,17,0,,,1.4705882352941178,17,17,5,7,-5,0,,,,,,0,0,0,,,,0,0,0,,,,0,0,0,,,,0,,,,32,23,26,23,0,0,0,0,24,9,,,,,,,,,,,895.3437728580975,49.74132071433875,1007.7376940929161,55.98542744960645,,55,dc98d0376744,-,none
TestDiagAnchoredChipDecomposition#4,1787696113-1576283,"triple captain, anchored (4gw sight)",1,false,2021-22,2020-21,21,18,5,false,1045,928,24,6,58.05555555555556,51.55555555555556,,,,,,,946,52.55555555555556,839,46.611111111111114,17,0,,,1.1764705882352942,17,24,9,7,3,0,,,,,,0,0,0,,,,0,0,0,,,,0,0,0,,,,0,,,,59,25,51,19,0,0,0,0,22,10,,,,,,,,,,,978.9518706549641,54.38621503638689,1081.9503697330838,60.108353874060214,,55,17afedb0c8fd,-,none
TestDiagAnchoredChipDecomposition#4,1787696113-1576283,"triple captain, anchored (4gw sight)",1,false,2022-23,2021-22,21,18,5,false,1173,1147,15,0,65.16666666666667,63.72222222222222,,,,,,,1143,63.5,998,55.44444444444444,17,0,,,2.3529411764705883,17,15,6,4,4,0,,,,,,0,0,0,,,,0,0,0,,,,0,0,0,,,,0,,,,36,14,28,10,0,0,0,0,25,11,,,,,,,,,,,1135.4096454671374,63.07831363706319,1153.562178462477,64.08678769235983,,55,bf48ca67ee37,-,none
TestDiagAnchoredChipDecomposition#4,1787696113-1576283,"triple captain, anchored (4gw sight)",1,false,2023-24,2022-23,21,18,5,false,1159,964,17,0,64.38888888888889,53.55555555555556,,,,,,,954,53,845,46.94444444444444,17,0,,,1.411764705882353,17,17,9,3,5,0,,,,,,0,0,0,,,,0,0,0,,,,0,0,0,,,,0,,,,21,17,17,17,0,0,0,0,34,9,,,,,,,,,,,996.2801720475503,55.34889844708613,1168.9998686863505,64.9444371492417,,55,a39e1a72098e,-,none
TestDiagAnchoredChipDecomposition#4,1787696113-1576283,"triple captain, anchored (4gw sight)",1,false,2024-25,2023-24,21,18,5,false,1063,956,17,1,59.05555555555556,53.111111111111114,,,,,,,956,53.111111111111114,821,45.611111111111114,17,0,,,1.588235294117647,17,17,11,3,12,0,,,,,,0,0,0,,,,0,0,0,,,,0,0,0,,,,0,,,,10,8,6,8,0,0,0,0,0,0,,,,,,,,,,,978.7329286819744,54.37405159344302,1082.0968360156246,60.116490889756925,,55,606dfdefbccb,-,none
TestDiagAnchoredChipDecomposition#4,1787696113-1576283,"triple captain, anchored (4gw sight)",1,false,2025-26,2024-25,21,18,5,false,1073,942,16,1,59.611111111111114,52.333333333333336,,,,,,,927,51.5,841,46.72222222222222,17,0,,,2.411764705882353,17,16,6,7,-5,0,,,,,,0,0,0,,,,0,0,0,,,,0,0,0,,,,0,,,,10,10,10,10,0,0,0,0,0,0,,,,,,,,,,,912.9456155568754,50.71920086427085,1004.9855610763206,55.8325311709067,,55,73261d35b823,-,none
TestDiagAnchoredChipDecomposition#4,1787696113-1576283,"triple captain, anchored (4gw sight)",1,false,2020-21,2019-20,26,13,5,false,695,626,12,0,53.46153846153846,48.15384615384615,,,,,,,634,48.76923076923077,567,43.61538461538461,12,0,,,1.25,12,12,7,3,1,0,,,,,,0,0,0,,,,0,0,0,,,,0,0,0,,,,0,,,,12,23,10,11,0,0,0,0,0,0,,,,,,,,,,,659.8771559423692,50.759781226336095,741.2028518948778,57.01560399191367,,55,5fce185dc3f5,-,none
TestDiagAnchoredChipDecomposition#4,1787696113-1576283,"triple captain, anchored (4gw sight)",1,false,2021-22,2020-21,26,13,5,false,759,637,16,5,58.38461538461539,49,,,,,,,642,49.38461538461539,573,44.07692307692308,12,0,,,1.1666666666666667,12,16,9,2,7,0,,,,,,0,0,0,,,,0,0,0,,,,0,0,0,,,,0,,,,43,19,28,4,0,0,0,0,36,3,,,,,,,,,,,643.906825351017,49.53129425777054,791.151591956677,60.857814765898226,,55,84591047a9e2,-,none
TestDiagAnchoredChipDecomposition#4,1787696113-1576283,"triple captain, anchored (4gw sight)",1,false,2022-23,2021-22,26,13,5,false,865,802,10,0,66.53846153846153,61.69230769230769,,,,,,,798,61.38461538461539,686,52.76923076923077,12,0,,,2.8333333333333335,12,10,4,2,3,0,,,,,,0,0,0,,,,0,0,0,,,,0,0,0,,,,0,,,,28,10,12,4,0,0,0,0,27,0,,,,,,,,,,,809.8085824213479,62.29296787856522,878.1813150605443,67.5524088508111,,55,519e8636fe01,-,none
TestDiagAnchoredChipDecomposition#4,1787696113-1576283,"triple captain, anchored (4gw sight)",1,false,2023-24,2022-23,26,13,5,false,832,617,11,0,64,47.46153846153846,,,,,,,619,47.61538461538461,548,42.15384615384615,12,0,,,1.5,12,11,5,2,6,0,,,,,,0,0,0,,,,0,0,0,,,,0,0,0,,,,0,,,,17,13,15,1,0,0,0,0,37,4,,,,,,,,,,,637.2043322278133,49.01571786367795,793.9592270920892,61.073786699391476,,55,d725094b2efe,-,none
TestDiagAnchoredChipDecomposition#4,1787696113-1576283,"triple captain, anchored (4gw sight)",1,false,2024-25,2023-24,26,13,5,false,669,692,13,1,51.46153846153846,53.23076923076923,,,,,,,692,53.23076923076923,619,47.61538461538461,12,0,,,1.4166666666666667,12,13,9,3,7,0,,,,,,0,0,0,,,,0,0,0,,,,0,0,0,,,,0,,,,6,8,6,4,0,0,0,0,0,0,,,,,,,,,,,728.9946771610494,56.076513627773025,726.4666422242051,55.88204940186193,,55,685eecb0cbdb,-,none
TestDiagAnchoredChipDecomposition#4,1787696113-1576283,"triple captain, anchored (4gw sight)",1,false,2025-26,2024-25,26,13,5,false,782,756,9,0,60.15384615384615,58.15384615384615,,,,,,,757,58.23076923076923,655,50.38461538461539,12,0,,,1.8333333333333333,12,9,2,5,-7,0,,,,,,0,0,0,,,,0,0,0,,,,0,0,0,,,,0,,,,8,10,8,10,0,0,0,0,0,0,,,,,,,,,,,710.1237686554032,54.62490528118486,725.7808375036395,55.82929519258766,,55,32f63ab9f3ba,-,none
