sweep,run_id,variant,variant_index,is_baseline,season,prior_season,start_gw,weeks,bank_up_to,infeasible,policy_points,hold_points,moves,hits,policy_per_gw,hold_per_gw,frozen_points,frozen_per_gw,frozen_captain_points,frozen_captain_per_gw,weekly_points,weekly_per_gw,hold_fixedcap_points,hold_fixedcap_per_gw,hold_nocap_points,hold_nocap_per_gw,decision_weeks,consulted_weeks,weighed_weeks,banked_weeks,free_at_decision,band_ready_weeks,band_moves,band_run_moves,band_worse_moves,band_exposure,ftv_weeks,ftv_priced_weeks,ftv_gate_calls,ftv_flips,ftv_mean_charge,ftv_mean_load,wc_trig_offered,wc_trig_weeks,wc_trig_weighed,wc_trig_gw,wc_trig_value,wc_trig_bar,bb_trig_offered,bb_trig_weeks,bb_trig_weighed,bb_trig_gw,bb_trig_value,bb_trig_bar,fh_trig_offered,fh_trig_weeks,fh_trig_weighed,fh_trig_gw,fh_trig_value,fh_trig_bar,prep_weeks,prep_credit_weeks,prep_bench_sum,prep_captain_sum,dose_act_doubles,dose_act_blanks,dose_late_doubles,dose_late_blanks,floor_flips_le28,floor_flips_gt28,bench_boost_gw,bench_boost_pts,triple_captain_gw,triple_captain_pts,bench_boost_oracle_gw,bench_boost_oracle_pts,bench_boost_median_pts,bench_boost_threshold_pts,bench_boost_bar_pts,triple_captain_oracle_gw,triple_captain_oracle_pts,triple_captain_median_pts,triple_captain_threshold_pts,triple_captain_bar_pts,hold_xpoints,hold_xpoints_per_gw,policy_xpoints,policy_xpoints_per_gw,setting,min_expected_minutes,squad_hash,oracle,oracle_kind
TestDiagAnchoredChipDecomposition#1,1787696998-1581034,"wildcard, fixed offset (control)",0,true,2020-21,2019-20,1,38,5,false,2136,1628,48,3,56.21052631578947,42.8421052631579,,,,,,,1628,42.8421052631579,1388,36.526315789473685,36,0,,,1.25,32,34,7,14,-6,0,,,,,,0,0,0,,,,0,0,0,,,,0,0,0,,,,0,,,,43,40,43,40,0,0,0,0,0,0,,,,,,,,,,,1629.8410135822319,42.8905529890061,2113.4026667082903,55.61585965021817,,55,98b82c09e797,-,none
TestDiagAnchoredChipDecomposition#1,1787696998-1581034,"wildcard, fixed offset (control)",0,true,2021-22,2020-21,1,38,5,false,2266,1896,52,6,59.63157894736842,49.89473684210526,,,,,,,1941,51.078947368421055,1646,43.31578947368421,36,0,,,1.4166666666666667,32,40,14,13,-5,0,,,,,,0,0,0,,,,0,0,0,,,,0,0,0,,,,0,,,,61,61,61,61,0,0,0,0,0,0,,,,,,,,,,,1900.8006137807054,50.02106878370277,2263.2314193515144,59.55872156188196,,55,afeb5fe71ddc,-,none
TestDiagAnchoredChipDecomposition#1,1787696998-1581034,"wildcard, fixed offset (control)",0,true,2022-23,2021-22,1,38,5,false,2118,1842,43,0,55.73684210526316,48.473684210526315,,,,,,,1845,48.55263157894737,1582,41.63157894736842,36,0,,,2.4722222222222223,32,30,12,5,10,0,,,,,,0,0,0,,,,0,0,0,,,,0,0,0,,,,0,,,,42,22,42,22,0,0,0,0,0,0,,,,,,,,,,,1851.9591496843016,48.73576709695531,2140.5865922756893,56.33122611251814,,55,fe5b3efc1102,-,none
TestDiagAnchoredChipDecomposition#1,1787696998-1581034,"wildcard, fixed offset (control)",0,true,2023-24,2022-23,1,38,5,false,2307,1806,46,1,60.71052631578947,47.526315789473685,,,,,,,1780,46.8421052631579,1569,41.28947368421053,36,0,,,2,32,34,18,5,21,0,,,,,,0,0,0,,,,0,0,0,,,,0,0,0,,,,0,,,,23,23,23,21,0,0,0,0,0,0,,,,,,,,,,,1847.281228959663,48.61266391999113,2343.659987869981,61.67526283868371,,55,7df5f95f1759,-,none
TestDiagAnchoredChipDecomposition#1,1787696998-1581034,"wildcard, fixed offset (control)",0,true,2024-25,2023-24,1,38,5,false,2422,1908,38,0,63.73684210526316,50.21052631578947,,,,,,,1890,49.73684210526316,1708,44.94736842105263,36,0,,,2.4166666666666665,32,26,11,8,6,0,,,,,,0,0,0,,,,0,0,0,,,,0,0,0,,,,0,,,,10,10,10,10,0,0,0,0,0,0,,,,,,,,,,,1984.839567078322,52.23262018627163,2350.8246196048785,61.863805779075754,,55,d0f719155ebc,-,none
TestDiagAnchoredChipDecomposition#1,1787696998-1581034,"wildcard, fixed offset (control)",0,true,2025-26,2024-25,1,38,5,false,2215,1523,45,1,58.28947368421053,40.078947368421055,,,,,,,1529,40.23684210526316,1375,36.18421052631579,36,0,,,1.75,32,31,9,9,-3,0,,,,,,0,0,0,,,,0,0,0,,,,0,0,0,,,,0,,,,10,10,10,10,0,0,0,0,0,0,,,,,,,,,,,1583.8646329653097,41.680648235929205,2118.9439687088066,55.76168338707386,,55,cdb305de770a,-,none
TestDiagAnchoredChipDecomposition#1,1787696998-1581034,"wildcard, fixed offset (control)",0,true,2020-21,2019-20,6,33,5,false,1802,1472,46,6,54.60606060606061,44.60606060606061,,,,,,,1475,44.696969696969695,1289,39.06060606060606,31,0,,,1.3548387096774193,31,37,11,13,0,0,,,,,,0,0,0,,,,0,0,0,,,,0,0,0,,,,0,,,,43,40,43,40,0,0,0,0,0,0,,,,,,,,,,,1534.394651048999,46.49680760754543,1838.535353165867,55.71319252017779,,55,97ea61125f1b,-,none
TestDiagAnchoredChipDecomposition#1,1787696998-1581034,"wildcard, fixed offset (control)",0,true,2021-22,2020-21,6,33,5,false,1856,1574,42,0,56.24242424242424,47.696969696969695,,,,,,,1610,48.78787878787879,1365,41.36363636363637,31,0,,,1.2580645161290323,31,33,6,11,-7,0,,,,,,0,0,0,,,,0,0,0,,,,0,0,0,,,,0,,,,61,61,61,61,0,0,0,0,0,0,,,,,,,,,,,1609.57570800674,48.77502145474969,1933.7801031013246,58.599397063676506,,55,0e990ffa7a1d,-,none
TestDiagAnchoredChipDecomposition#1,1787696998-1581034,"wildcard, fixed offset (control)",0,true,2022-23,2021-22,6,33,5,false,1800,1593,38,2,54.54545454545455,48.27272727272727,,,,,,,1532,46.42424242424242,1404,42.54545454545455,31,0,,,1.935483870967742,31,33,13,3,14,0,,,,,,0,0,0,,,,0,0,0,,,,0,0,0,,,,0,,,,42,22,42,16,0,0,0,0,0,0,,,,,,,,,,,1557.4285121108142,47.1948033972974,1834.6344827120993,55.59498432460907,,55,4d36c0997487,-,none
TestDiagAnchoredChipDecomposition#1,1787696998-1581034,"wildcard, fixed offset (control)",0,true,2023-24,2022-23,6,33,5,false,2056,1724,39,0,62.303030303030305,52.24242424242424,,,,,,,1702,51.57575757575758,1484,44.96969696969697,31,0,,,2.064516129032258,31,32,13,7,14,0,,,,,,0,0,0,,,,0,0,0,,,,0,0,0,,,,0,,,,23,21,21,21,0,0,0,0,0,0,,,,,,,,,,,1721.7944263935356,52.175588678591986,2090.2313295087474,63.34034331844689,,55,a4cd558c8a6c,-,none
TestDiagAnchoredChipDecomposition#1,1787696998-1581034,"wildcard, fixed offset (control)",0,true,2024-25,2023-24,6,33,5,false,1937,1744,37,0,58.696969696969695,52.84848484848485,,,,,,,1641,49.72727272727273,1485,45,31,0,,,2.193548387096774,31,26,11,10,9,0,,,,,,0,0,0,,,,0,0,0,,,,0,0,0,,,,0,,,,10,10,10,10,0,0,0,0,0,0,,,,,,,,,,,1754.9002266108062,53.17879474578201,1964.0853529676656,59.51773796871714,,55,7d06f846b27d,-,none
TestDiagAnchoredChipDecomposition#1,1787696998-1581034,"wildcard, fixed offset (control)",0,true,2025-26,2024-25,6,33,5,false,1916,1743,37,1,58.06060606060606,52.81818181818182,,,,,,,1663,50.39393939393939,1547,46.878787878787875,31,0,,,2.3225806451612905,31,29,10,5,10,0,,,,,,0,0,0,,,,0,0,0,,,,0,0,0,,,,0,,,,10,10,10,10,0,0,0,0,0,0,,,,,,,,,,,1697.4225268293555,51.43704626755623,1845.4297962572264,55.92211503809777,,55,135d9da53c17,-,none
TestDiagAnchoredChipDecomposition#1,1787696998-1581034,"wildcard, fixed offset (control)",0,true,2020-21,2019-20,11,28,5,false,1572,1207,36,3,56.142857142857146,43.107142857142854,,,,,,,1202,42.92857142857143,1038,37.07142857142857,26,0,,,1.5384615384615385,26,30,10,8,10,0,,,,,,0,0,0,,,,0,0,0,,,,0,0,0,,,,0,,,,43,38,43,38,0,0,0,0,0,0,,,,,,,,,,,1314.8475773872626,46.95884204954509,1608.4311967960446,57.44397131414445,,55,5babbe645ffb,-,none
TestDiagAnchoredChipDecomposition#1,1787696998-1581034,"wildcard, fixed offset (control)",0,true,2021-22,2020-21,11,28,5,false,1713,1617,38,6,61.17857142857143,57.75,,,,,,,1645,58.75,1457,52.035714285714285,26,0,,,1.2307692307692308,26,32,20,4,22,0,,,,,,0,0,0,,,,0,0,0,,,,0,0,0,,,,0,,,,61,61,61,59,0,0,0,0,0,0,,,,,,,,,,,1633.6274253300003,58.343836618928584,1725.0711172844171,61.60968276015775,,55,6ae53959ac30,-,none
TestDiagAnchoredChipDecomposition#1,1787696998-1581034,"wildcard, fixed offset (control)",0,true,2022-23,2021-22,11,28,5,false,1668,1501,34,0,59.57142857142857,53.607142857142854,,,,,,,1440,51.42857142857143,1317,47.035714285714285,26,0,,,2.8076923076923075,26,26,9,3,10,0,,,,,,0,0,0,,,,0,0,0,,,,0,0,0,,,,0,,,,42,16,42,14,0,0,0,0,0,0,,,,,,,,,,,1466.7078012475051,52.382421473125184,1652.3399310831203,59.012140395825725,,55,7db449dfa863,-,none
TestDiagAnchoredChipDecomposition#1,1787696998-1581034,"wildcard, fixed offset (control)",0,true,2023-24,2022-23,11,28,5,false,1627,1428,36,1,58.107142857142854,51,,,,,,,1405,50.17857142857143,1247,44.535714285714285,26,0,,,1.7692307692307692,26,28,14,4,17,0,,,,,,0,0,0,,,,0,0,0,,,,0,0,0,,,,0,,,,21,21,21,21,0,0,0,0,0,0,,,,,,,,,,,1416.7846694489685,50.5994524803203,1706.3952167521143,60.94268631257551,,55,2a84996b516a,-,none
TestDiagAnchoredChipDecomposition#1,1787696998-1581034,"wildcard, fixed offset (control)",0,true,2024-25,2023-24,11,28,5,false,1726,1681,37,2,61.642857142857146,60.035714285714285,,,,,,,1681,60.035714285714285,1412,50.42857142857143,26,0,,,1.9615384615384615,26,29,13,10,6,0,,,,,,0,0,0,,,,0,0,0,,,,0,0,0,,,,0,,,,10,10,10,8,0,0,0,0,0,0,,,,,,,,,,,1648.6369668324785,58.87989167258852,1714.7027565605745,61.23938416287766,,55,a6e9f92d83f6,-,none
TestDiagAnchoredChipDecomposition#1,1787696998-1581034,"wildcard, fixed offset (control)",0,true,2025-26,2024-25,11,28,5,false,1594,1444,34,0,56.92857142857143,51.57142857142857,,,,,,,1416,50.57142857142857,1259,44.964285714285715,26,0,,,2.3846153846153846,26,25,8,9,-5,0,,,,,,0,0,0,,,,0,0,0,,,,0,0,0,,,,0,,,,10,10,10,10,0,0,0,0,0,0,,,,,,,,,,,1420.3707344105421,50.72752622894793,1552.0934593341262,55.43190926193308,,55,71a4b81a55e0,-,none
TestDiagAnchoredChipDecomposition#1,1787696998-1581034,"wildcard, fixed offset (control)",0,true,2020-21,2019-20,16,23,5,false,1283,1114,31,0,55.78260869565217,48.43478260869565,,,,,,,1080,46.95652173913044,967,42.04347826086956,21,0,,,1.7619047619047619,21,22,4,10,-10,0,,,,,,0,0,0,,,,0,0,0,,,,0,0,0,,,,0,,,,43,34,32,23,0,0,0,0,0,0,,,,,,,,,,,1173.5640425756817,51.02452359024703,1325.4219052843255,57.627039360188064,,55,de8a604a1657,-,none
TestDiagAnchoredChipDecomposition#1,1787696998-1581034,"wildcard, fixed offset (control)",0,true,2021-22,2020-21,16,23,5,false,1319,1177,34,4,57.34782608695652,51.17391304347826,,,,,,,1195,51.95652173913044,1070,46.52173913043478,21,0,,,1.4285714285714286,21,26,11,5,10,0,,,,,,0,0,0,,,,0,0,0,,,,0,0,0,,,,0,,,,61,57,61,27,0,0,0,0,0,0,,,,,,,,,,,1236.9240292167237,53.77930561811842,1378.3414179159818,59.92788773547747,,55,35526a2ffafc,-,none
TestDiagAnchoredChipDecomposition#1,1787696998-1581034,"wildcard, fixed offset (control)",0,true,2022-23,2021-22,16,23,5,false,1405,1122,24,0,61.08695652173913,48.78260869565217,,,,,,,1061,46.130434782608695,954,41.47826086956522,21,0,,,3,21,19,9,3,7,0,,,,,,0,0,0,,,,0,0,0,,,,0,0,0,,,,0,,,,42,14,36,14,0,0,0,0,0,0,,,,,,,,,,,1112.8111678776331,48.38309425554927,1406.5511290090749,61.15439691343804,,55,65d58aa0e3ae,-,none
TestDiagAnchoredChipDecomposition#1,1787696998-1581034,"wildcard, fixed offset (control)",0,true,2023-24,2022-23,16,23,5,false,1381,1085,32,2,60.04347826086956,47.17391304347826,,,,,,,1085,47.17391304347826,934,40.608695652173914,21,0,,,1.9047619047619047,21,24,11,3,17,0,,,,,,0,0,0,,,,0,0,0,,,,0,0,0,,,,0,,,,21,21,21,17,0,0,0,0,0,0,,,,,,,,,,,1100.0328547404902,47.82751542349957,1394.7628076517024,60.64186120224793,,55,291eebc880a2,-,none
TestDiagAnchoredChipDecomposition#1,1787696998-1581034,"wildcard, fixed offset (control)",0,true,2024-25,2023-24,16,23,5,false,1462,1367,25,0,63.56521739130435,59.43478260869565,,,,,,,1367,59.43478260869565,1174,51.04347826086956,21,0,,,3.9523809523809526,21,17,5,3,0,0,,,,,,0,0,0,,,,0,0,0,,,,0,0,0,,,,0,,,,10,8,10,8,0,0,0,0,0,0,,,,,,,,,,,1409.2322184264299,61.27096601854043,1476.2231313824232,64.18361440793144,,55,0a92238fc17e,-,none
TestDiagAnchoredChipDecomposition#1,1787696998-1581034,"wildcard, fixed offset (control)",0,true,2025-26,2024-25,16,23,5,false,1334,1307,28,1,58,56.82608695652174,,,,,,,1308,56.869565217391305,1146,49.82608695652174,21,0,,,1.9047619047619047,21,20,5,7,-4,0,,,,,,0,0,0,,,,0,0,0,,,,0,0,0,,,,0,,,,10,10,10,10,0,0,0,0,0,0,,,,,,,,,,,1247.0166669781659,54.21811595557243,1258.0855980233594,54.69937382710258,,55,439f261a429b,-,none
TestDiagAnchoredChipDecomposition#1,1787696998-1581034,"wildcard, fixed offset (control)",0,true,2020-21,2019-20,21,18,5,false,963,865,24,0,53.5,48.05555555555556,,,,,,,886,49.22222222222222,768,42.666666666666664,16,0,,,1.4375,16,16,2,9,-15,0,,,,,,0,0,0,,,,0,0,0,,,,0,0,0,,,,0,,,,32,23,26,23,0,0,0,0,0,0,,,,,,,,,,,896.1727611432091,49.78737561906717,1016.1948698767943,56.45527054871079,,55,dc98d0376744,-,none
TestDiagAnchoredChipDecomposition#1,1787696998-1581034,"wildcard, fixed offset (control)",0,true,2021-22,2020-21,21,18,5,false,1074,928,29,4,59.666666666666664,51.55555555555556,,,,,,,946,52.55555555555556,839,46.611111111111114,16,0,,,1.25,16,22,8,5,3,0,,,,,,0,0,0,,,,0,0,0,,,,0,0,0,,,,0,,,,59,25,51,19,0,0,0,0,0,0,,,,,,,,,,,971.4085084485752,53.96713935825417,1098.5006257811772,61.02781254339873,,55,17afedb0c8fd,-,none
TestDiagAnchoredChipDecomposition#1,1787696998-1581034,"wildcard, fixed offset (control)",0,true,2022-23,2021-22,21,18,5,false,1162,1149,22,0,64.55555555555556,63.833333333333336,,,,,,,1145,63.611111111111114,1000,55.55555555555556,16,0,,,2.125,16,17,8,3,7,0,,,,,,0,0,0,,,,0,0,0,,,,0,0,0,,,,0,,,,36,14,28,10,0,0,0,0,0,0,,,,,,,,,,,1139.265768648044,63.29254270266912,1168.2131290148664,64.9007293897148,,55,99c281b32f56,-,none
TestDiagAnchoredChipDecomposition#1,1787696998-1581034,"wildcard, fixed offset (control)",0,true,2023-24,2022-23,21,18,5,false,1165,964,24,0,64.72222222222223,53.55555555555556,,,,,,,954,53,845,46.94444444444444,16,0,,,2.125,16,16,7,5,4,0,,,,,,0,0,0,,,,0,0,0,,,,0,0,0,,,,0,,,,21,17,17,17,0,0,0,0,0,0,,,,,,,,,,,996.2801720475503,55.34889844708613,1130.1993362386145,62.78885201325636,,55,a39e1a72098e,-,none
TestDiagAnchoredChipDecomposition#1,1787696998-1581034,"wildcard, fixed offset (control)",0,true,2024-25,2023-24,21,18,5,false,1049,956,22,0,58.27777777777778,53.111111111111114,,,,,,,956,53.111111111111114,821,45.611111111111114,16,0,,,1.9375,16,15,10,2,13,0,,,,,,0,0,0,,,,0,0,0,,,,0,0,0,,,,0,,,,10,8,6,8,0,0,0,0,0,0,,,,,,,,,,,978.7329286819744,54.37405159344302,1088.1125854466916,60.45069919148287,,55,606dfdefbccb,-,none
TestDiagAnchoredChipDecomposition#1,1787696998-1581034,"wildcard, fixed offset (control)",0,true,2025-26,2024-25,21,18,5,false,1061,942,19,0,58.94444444444444,52.333333333333336,,,,,,,927,51.5,841,46.72222222222222,16,0,,,3.4375,16,13,7,3,4,0,,,,,,0,0,0,,,,0,0,0,,,,0,0,0,,,,0,,,,10,10,10,10,0,0,0,0,0,0,,,,,,,,,,,912.9456155568754,50.71920086427085,997.8649140397234,55.43693966887352,,55,73261d35b823,-,none
TestDiagAnchoredChipDecomposition#1,1787696998-1581034,"wildcard, fixed offset (control)",0,true,2020-21,2019-20,26,13,5,false,684,626,19,0,52.61538461538461,48.15384615384615,,,,,,,634,48.76923076923077,567,43.61538461538461,11,0,,,1.2727272727272727,11,12,5,5,5,0,,,,,,0,0,0,,,,0,0,0,,,,0,0,0,,,,0,,,,12,23,10,11,0,0,0,0,0,0,,,,,,,,,,,661.0222769997476,50.84786746151905,731.3343071473219,56.2564851651786,,55,5fce185dc3f5,-,none
TestDiagAnchoredChipDecomposition#1,1787696998-1581034,"wildcard, fixed offset (control)",0,true,2021-22,2020-21,26,13,5,false,757,616,23,2,58.23076923076923,47.38461538461539,,,,,,,614,47.23076923076923,558,42.92307692307692,11,0,,,1.2727272727272727,11,14,6,2,3,0,,,,,,0,0,0,,,,0,0,0,,,,0,0,0,,,,0,,,,43,19,28,4,0,0,0,0,0,0,,,,,,,,,,,652.4643864194713,50.18956818611318,794.4735463026166,61.11334971558589,,55,48df38b83639,-,none
TestDiagAnchoredChipDecomposition#1,1787696998-1581034,"wildcard, fixed offset (control)",0,true,2022-23,2021-22,26,13,5,false,907,848,20,0,69.76923076923077,65.23076923076923,,,,,,,844,64.92307692307692,732,56.30769230769231,11,0,,,3.090909090909091,11,12,7,2,6,0,,,,,,0,0,0,,,,0,0,0,,,,0,0,0,,,,0,,,,28,10,12,4,0,0,0,0,0,0,,,,,,,,,,,822.1060260700225,63.23892508230942,860.0069574388192,66.15438134144763,,55,b4ce40b451a5,-,none
TestDiagAnchoredChipDecomposition#1,1787696998-1581034,"wildcard, fixed offset (control)",0,true,2023-24,2022-23,26,13,5,false,758,617,20,1,58.30769230769231,47.46153846153846,,,,,,,619,47.61538461538461,548,42.15384615384615,11,0,,,1.4545454545454546,11,13,4,3,1,0,,,,,,0,0,0,,,,0,0,0,,,,0,0,0,,,,0,,,,17,13,15,1,0,0,0,0,0,0,,,,,,,,,,,637.2043322278133,49.01571786367795,734.980538576473,56.53696450588254,,55,d725094b2efe,-,none
TestDiagAnchoredChipDecomposition#1,1787696998-1581034,"wildcard, fixed offset (control)",0,true,2024-25,2023-24,26,13,5,false,731,692,16,1,56.23076923076923,53.23076923076923,,,,,,,692,53.23076923076923,619,47.61538461538461,11,0,,,2.3636363636363638,11,9,5,3,4,0,,,,,,0,0,0,,,,0,0,0,,,,0,0,0,,,,0,,,,6,8,6,4,0,0,0,0,0,0,,,,,,,,,,,728.9946771610494,56.076513627773025,756.7114908637842,58.20857622029109,,55,685eecb0cbdb,-,none
TestDiagAnchoredChipDecomposition#1,1787696998-1581034,"wildcard, fixed offset (control)",0,true,2025-26,2024-25,26,13,5,false,790,756,17,0,60.76923076923077,58.15384615384615,,,,,,,757,58.23076923076923,655,50.38461538461539,11,0,,,1.7272727272727273,11,10,2,6,-10,0,,,,,,0,0,0,,,,0,0,0,,,,0,0,0,,,,0,,,,8,10,8,10,0,0,0,0,0,0,,,,,,,,,,,710.1237686554032,54.62490528118486,734.716340861677,56.516641604744386,,55,32f63ab9f3ba,-,none
TestDiagAnchoredChipDecomposition#1,1787696998-1581034,"wildcard, anchored (4gw sight)",1,false,2020-21,2019-20,1,38,5,false,2052,1628,50,5,54,42.8421052631579,,,,,,,1628,42.8421052631579,1388,36.526315789473685,36,0,,,1.5277777777777777,32,36,12,13,1,0,,,,,,0,0,0,,,,0,0,0,,,,0,0,0,,,,0,,,,43,40,43,40,0,0,0,0,0,0,,,,,,,,,,,1629.8410135822319,42.8905529890061,2046.3747379278911,53.85196678757608,,55,98b82c09e797,-,none
TestDiagAnchoredChipDecomposition#1,1787696998-1581034,"wildcard, anchored (4gw sight)",1,false,2021-22,2020-21,1,38,5,false,2179,1896,54,8,57.3421052631579,49.89473684210526,,,,,,,1941,51.078947368421055,1646,43.31578947368421,36,0,,,1.3888888888888888,32,42,13,14,-4,0,,,,,,0,0,0,,,,0,0,0,,,,0,0,0,,,,0,,,,61,61,61,61,0,0,0,0,0,0,,,,,,,,,,,1900.8006137807054,50.02106878370277,2199.58856778352,57.88390967851368,,55,afeb5fe71ddc,-,none
TestDiagAnchoredChipDecomposition#1,1787696998-1581034,"wildcard, anchored (4gw sight)",1,false,2022-23,2021-22,1,38,5,false,2108,1842,39,0,55.473684210526315,48.473684210526315,,,,,,,1845,48.55263157894737,1582,41.63157894736842,36,0,,,2.6666666666666665,32,28,11,8,5,0,,,,,,0,0,0,,,,0,0,0,,,,0,0,0,,,,0,,,,42,22,42,22,0,0,0,0,0,0,,,,,,,,,,,1851.9591496843016,48.73576709695531,2088.3928696730386,54.95770709665891,,55,fe5b3efc1102,-,none
TestDiagAnchoredChipDecomposition#1,1787696998-1581034,"wildcard, anchored (4gw sight)",1,false,2023-24,2022-23,1,38,5,false,2334,1806,48,1,61.421052631578945,47.526315789473685,,,,,,,1780,46.8421052631579,1569,41.28947368421053,36,0,,,1.8611111111111112,32,34,15,6,19,0,,,,,,0,0,0,,,,0,0,0,,,,0,0,0,,,,0,,,,23,23,23,21,0,0,0,0,0,0,,,,,,,,,,,1847.281228959663,48.61266391999113,2290.2506637229444,60.269754308498534,,55,7df5f95f1759,-,none
TestDiagAnchoredChipDecomposition#1,1787696998-1581034,"wildcard, anchored (4gw sight)",1,false,2024-25,2023-24,1,38,5,false,2432,1908,38,2,64,50.21052631578947,,,,,,,1890,49.73684210526316,1708,44.94736842105263,36,0,,,2.0277777777777777,32,29,14,8,8,0,,,,,,0,0,0,,,,0,0,0,,,,0,0,0,,,,0,,,,10,10,10,10,0,0,0,0,0,0,,,,,,,,,,,1984.839567078322,52.23262018627163,2338.6489427720826,61.54339323084428,,55,d0f719155ebc,-,none
TestDiagAnchoredChipDecomposition#1,1787696998-1581034,"wildcard, anchored (4gw sight)",1,false,2025-26,2024-25,1,38,5,false,2189,1523,44,1,57.60526315789474,40.078947368421055,,,,,,,1529,40.23684210526316,1375,36.18421052631579,36,0,,,1.2777777777777777,32,32,10,9,-7,0,,,,,,0,0,0,,,,0,0,0,,,,0,0,0,,,,0,,,,10,10,10,10,0,0,0,0,0,0,,,,,,,,,,,1583.8646329653097,41.680648235929205,2106.0040657487148,55.42115962496618,,55,cdb305de770a,-,none
TestDiagAnchoredChipDecomposition#1,1787696998-1581034,"wildcard, anchored (4gw sight)",1,false,2020-21,2019-20,6,33,5,false,1732,1472,45,6,52.484848484848484,44.60606060606061,,,,,,,1475,44.696969696969695,1289,39.06060606060606,31,0,,,1.3225806451612903,31,38,14,11,7,0,,,,,,0,0,0,,,,0,0,0,,,,0,0,0,,,,0,,,,43,40,43,40,0,0,0,0,0,0,,,,,,,,,,,1534.394651048999,46.49680760754543,1786.8993460185743,54.148465030865886,,55,97ea61125f1b,-,none
TestDiagAnchoredChipDecomposition#1,1787696998-1581034,"wildcard, anchored (4gw sight)",1,false,2021-22,2020-21,6,33,5,false,1812,1574,48,7,54.90909090909091,47.696969696969695,,,,,,,1610,48.78787878787879,1365,41.36363636363637,31,0,,,1.1935483870967742,31,39,14,9,2,0,,,,,,0,0,0,,,,0,0,0,,,,0,0,0,,,,0,,,,61,61,61,61,0,0,0,0,0,0,,,,,,,,,,,1609.57570800674,48.77502145474969,1884.8594574885544,57.11695325722892,,55,0e990ffa7a1d,-,none
TestDiagAnchoredChipDecomposition#1,1787696998-1581034,"wildcard, anchored (4gw sight)",1,false,2022-23,2021-22,6,33,5,false,1841,1593,39,0,55.78787878787879,48.27272727272727,,,,,,,1532,46.42424242424242,1404,42.54545454545455,31,0,,,1.7741935483870968,31,31,18,4,25,0,,,,,,0,0,0,,,,0,0,0,,,,0,0,0,,,,0,,,,42,22,42,16,0,0,0,0,0,0,,,,,,,,,,,1557.4285121108142,47.1948033972974,1828.7788512622997,55.41754094734242,,55,4d36c0997487,-,none
TestDiagAnchoredChipDecomposition#1,1787696998-1581034,"wildcard, anchored (4gw sight)",1,false,2023-24,2022-23,6,33,5,false,2099,1724,38,2,63.60606060606061,52.24242424242424,,,,,,,1702,51.57575757575758,1484,44.96969696969697,31,0,,,1.8387096774193548,31,34,14,9,17,0,,,,,,0,0,0,,,,0,0,0,,,,0,0,0,,,,0,,,,23,21,21,21,0,0,0,0,0,0,,,,,,,,,,,1721.7944263935356,52.175588678591986,2094.01914432244,63.45512558552848,,55,a4cd558c8a6c,-,none
TestDiagAnchoredChipDecomposition#1,1787696998-1581034,"wildcard, anchored (4gw sight)",1,false,2024-25,2023-24,6,33,5,false,1961,1744,37,1,59.42424242424242,52.84848484848485,,,,,,,1641,49.72727272727273,1485,45,31,0,,,1.7096774193548387,31,31,13,6,17,0,,,,,,0,0,0,,,,0,0,0,,,,0,0,0,,,,0,,,,10,10,10,10,0,0,0,0,0,0,,,,,,,,,,,1754.9002266108062,53.17879474578201,2004.9933763003723,60.757375039405225,,55,7d06f846b27d,-,none
TestDiagAnchoredChipDecomposition#1,1787696998-1581034,"wildcard, anchored (4gw sight)",1,false,2025-26,2024-25,6,33,5,false,1971,1743,40,1,59.72727272727273,52.81818181818182,,,,,,,1663,50.39393939393939,1547,46.878787878787875,31,0,,,1.8709677419354838,31,30,7,10,-4,0,,,,,,0,0,0,,,,0,0,0,,,,0,0,0,,,,0,,,,10,10,10,10,0,0,0,0,0,0,,,,,,,,,,,1697.4225268293555,51.43704626755623,1886.4113801594772,57.16398121695386,,55,135d9da53c17,-,none
TestDiagAnchoredChipDecomposition#1,1787696998-1581034,"wildcard, anchored (4gw sight)",1,false,2020-21,2019-20,11,28,5,false,1572,1207,36,3,56.142857142857146,43.107142857142854,,,,,,,1202,42.92857142857143,1038,37.07142857142857,26,0,,,1.5384615384615385,26,30,10,8,10,0,,,,,,0,0,0,,,,0,0,0,,,,0,0,0,,,,0,,,,43,38,43,38,0,0,0,0,0,0,,,,,,,,,,,1314.8475773872626,46.95884204954509,1608.4311967960446,57.44397131414445,,55,5babbe645ffb,-,none
TestDiagAnchoredChipDecomposition#1,1787696998-1581034,"wildcard, anchored (4gw sight)",1,false,2021-22,2020-21,11,28,5,false,1624,1617,42,8,58,57.75,,,,,,,1645,58.75,1457,52.035714285714285,26,0,,,1.1538461538461537,26,34,20,5,21,0,,,,,,0,0,0,,,,0,0,0,,,,0,0,0,,,,0,,,,61,61,61,59,0,0,0,0,0,0,,,,,,,,,,,1633.6274253300003,58.343836618928584,1687.6351774625355,60.27268490937627,,55,6ae53959ac30,-,none
TestDiagAnchoredChipDecomposition#1,1787696998-1581034,"wildcard, anchored (4gw sight)",1,false,2022-23,2021-22,11,28,5,false,1679,1501,31,0,59.964285714285715,53.607142857142854,,,,,,,1440,51.42857142857143,1317,47.035714285714285,26,0,,,3.6153846153846154,26,22,11,4,14,0,,,,,,0,0,0,,,,0,0,0,,,,0,0,0,,,,0,,,,42,16,42,14,0,0,0,0,0,0,,,,,,,,,,,1466.7078012475051,52.382421473125184,1639.3415768480177,58.54791345885777,,55,7db449dfa863,-,none
TestDiagAnchoredChipDecomposition#1,1787696998-1581034,"wildcard, anchored (4gw sight)",1,false,2023-24,2022-23,11,28,5,false,1662,1428,34,0,59.357142857142854,51,,,,,,,1405,50.17857142857143,1247,44.535714285714285,26,0,,,1.6923076923076923,26,27,10,4,15,0,,,,,,0,0,0,,,,0,0,0,,,,0,0,0,,,,0,,,,21,21,21,21,0,0,0,0,0,0,,,,,,,,,,,1416.7846694489685,50.5994524803203,1687.4283044119852,60.26529658614233,,55,2a84996b516a,-,none
TestDiagAnchoredChipDecomposition#1,1787696998-1581034,"wildcard, anchored (4gw sight)",1,false,2024-25,2023-24,11,28,5,false,1796,1681,34,2,64.14285714285714,60.035714285714285,,,,,,,1681,60.035714285714285,1412,50.42857142857143,26,0,,,1.7307692307692308,26,26,10,10,3,0,,,,,,0,0,0,,,,0,0,0,,,,0,0,0,,,,0,,,,10,10,10,8,0,0,0,0,0,0,,,,,,,,,,,1648.6369668324785,58.87989167258852,1743.7987994178964,62.27852855063916,,55,a6e9f92d83f6,-,none
TestDiagAnchoredChipDecomposition#1,1787696998-1581034,"wildcard, anchored (4gw sight)",1,false,2025-26,2024-25,11,28,5,false,1567,1444,33,1,55.964285714285715,51.57142857142857,,,,,,,1416,50.57142857142857,1259,44.964285714285715,26,0,,,1.4615384615384615,26,26,8,9,-6,0,,,,,,0,0,0,,,,0,0,0,,,,0,0,0,,,,0,,,,10,10,10,10,0,0,0,0,0,0,,,,,,,,,,,1420.3707344105421,50.72752622894793,1526.9267344272832,54.533097658117256,,55,71a4b81a55e0,-,none
TestDiagAnchoredChipDecomposition#1,1787696998-1581034,"wildcard, anchored (4gw sight)",1,false,2020-21,2019-20,16,23,5,false,1315,1114,30,2,57.17391304347826,48.43478260869565,,,,,,,1080,46.95652173913044,967,42.04347826086956,21,0,,,1.5238095238095237,21,23,8,9,2,0,,,,,,0,0,0,,,,0,0,0,,,,0,0,0,,,,0,,,,43,34,32,23,0,0,0,0,0,0,,,,,,,,,,,1173.5640425756817,51.02452359024703,1317.517925490148,57.283388064789044,,55,de8a604a1657,-,none
TestDiagAnchoredChipDecomposition#1,1787696998-1581034,"wildcard, anchored (4gw sight)",1,false,2021-22,2020-21,16,23,5,false,1285,1177,35,6,55.869565217391305,51.17391304347826,,,,,,,1195,51.95652173913044,1070,46.52173913043478,21,0,,,1.380952380952381,21,27,13,5,14,0,,,,,,0,0,0,,,,0,0,0,,,,0,0,0,,,,0,,,,61,57,61,27,0,0,0,0,0,0,,,,,,,,,,,1236.9240292167237,53.77930561811842,1356.7009611796395,58.98699831215824,,55,35526a2ffafc,-,none
TestDiagAnchoredChipDecomposition#1,1787696998-1581034,"wildcard, anchored (4gw sight)",1,false,2022-23,2021-22,16,23,5,false,1389,1122,28,0,60.391304347826086,48.78260869565217,,,,,,,1061,46.130434782608695,954,41.47826086956522,21,0,,,1.9047619047619047,21,22,9,6,6,0,,,,,,0,0,0,,,,0,0,0,,,,0,0,0,,,,0,,,,42,14,36,14,0,0,0,0,0,0,,,,,,,,,,,1112.8111678776331,48.38309425554927,1368.7060151740727,59.50895718148142,,55,65d58aa0e3ae,-,none
TestDiagAnchoredChipDecomposition#1,1787696998-1581034,"wildcard, anchored (4gw sight)",1,false,2023-24,2022-23,16,23,5,false,1409,1085,31,2,61.26086956521739,47.17391304347826,,,,,,,1085,47.17391304347826,934,40.608695652173914,21,0,,,1.3333333333333333,21,24,11,3,18,0,,,,,,0,0,0,,,,0,0,0,,,,0,0,0,,,,0,,,,21,21,21,17,0,0,0,0,0,0,,,,,,,,,,,1100.0328547404902,47.82751542349957,1429.3029969492925,62.14360856301272,,55,291eebc880a2,-,none
TestDiagAnchoredChipDecomposition#1,1787696998-1581034,"wildcard, anchored (4gw sight)",1,false,2024-25,2023-24,16,23,5,false,1491,1367,24,1,64.82608695652173,59.43478260869565,,,,,,,1367,59.43478260869565,1174,51.04347826086956,21,0,,,3.0476190476190474,21,19,6,3,7,0,,,,,,0,0,0,,,,0,0,0,,,,0,0,0,,,,0,,,,10,8,10,8,0,0,0,0,0,0,,,,,,,,,,,1409.2322184264299,61.27096601854043,1470.6264190933482,63.94027909101514,,55,0a92238fc17e,-,none
TestDiagAnchoredChipDecomposition#1,1787696998-1581034,"wildcard, anchored (4gw sight)",1,false,2025-26,2024-25,16,23,5,false,1308,1307,31,1,56.869565217391305,56.82608695652174,,,,,,,1308,56.869565217391305,1146,49.82608695652174,21,0,,,1.5714285714285714,21,21,5,7,-7,0,,,,,,0,0,0,,,,0,0,0,,,,0,0,0,,,,0,,,,10,10,10,10,0,0,0,0,0,0,,,,,,,,,,,1247.0166669781659,54.21811595557243,1245.2075046725233,54.13945672489232,,55,439f261a429b,-,none
TestDiagAnchoredChipDecomposition#1,1787696998-1581034,"wildcard, anchored (4gw sight)",1,false,2020-21,2019-20,21,18,5,false,987,865,21,0,54.833333333333336,48.05555555555556,,,,,,,886,49.22222222222222,768,42.666666666666664,16,0,,,1.4375,16,15,3,6,-5,0,,,,,,0,0,0,,,,0,0,0,,,,0,0,0,,,,0,,,,32,23,26,23,0,0,0,0,0,0,,,,,,,,,,,896.1727611432091,49.78737561906717,1028.491046547131,57.13839147484061,,55,dc98d0376744,-,none
TestDiagAnchoredChipDecomposition#1,1787696998-1581034,"wildcard, anchored (4gw sight)",1,false,2021-22,2020-21,21,18,5,false,1079,928,30,5,59.94444444444444,51.55555555555556,,,,,,,946,52.55555555555556,839,46.611111111111114,16,0,,,1.1875,16,22,10,3,10,0,,,,,,0,0,0,,,,0,0,0,,,,0,0,0,,,,0,,,,59,25,51,19,0,0,0,0,0,0,,,,,,,,,,,971.4085084485752,53.96713935825417,1094.166565899454,60.78703143885856,,55,17afedb0c8fd,-,none
TestDiagAnchoredChipDecomposition#1,1787696998-1581034,"wildcard, anchored (4gw sight)",1,false,2022-23,2021-22,21,18,5,false,1162,1149,22,0,64.55555555555556,63.833333333333336,,,,,,,1145,63.611111111111114,1000,55.55555555555556,16,0,,,2.125,16,17,8,3,7,0,,,,,,0,0,0,,,,0,0,0,,,,0,0,0,,,,0,,,,36,14,28,10,0,0,0,0,0,0,,,,,,,,,,,1139.265768648044,63.29254270266912,1168.2131290148664,64.9007293897148,,55,99c281b32f56,-,none
TestDiagAnchoredChipDecomposition#1,1787696998-1581034,"wildcard, anchored (4gw sight)",1,false,2023-24,2022-23,21,18,5,false,1213,964,22,0,67.38888888888889,53.55555555555556,,,,,,,954,53,845,46.94444444444444,16,0,,,1.4375,16,15,9,4,6,0,,,,,,0,0,0,,,,0,0,0,,,,0,0,0,,,,0,,,,21,17,17,17,0,0,0,0,0,0,,,,,,,,,,,996.2801720475503,55.34889844708613,1149.0408867692213,63.835604820512295,,55,a39e1a72098e,-,none
TestDiagAnchoredChipDecomposition#1,1787696998-1581034,"wildcard, anchored (4gw sight)",1,false,2024-25,2023-24,21,18,5,false,1064,956,23,1,59.111111111111114,53.111111111111114,,,,,,,956,53.111111111111114,821,45.611111111111114,16,0,,,2.25,16,15,8,3,9,0,,,,,,0,0,0,,,,0,0,0,,,,0,0,0,,,,0,,,,10,8,6,8,0,0,0,0,0,0,,,,,,,,,,,978.7329286819744,54.37405159344302,1085.3268060682108,60.29593367045615,,55,606dfdefbccb,-,none
TestDiagAnchoredChipDecomposition#1,1787696998-1581034,"wildcard, anchored (4gw sight)",1,false,2025-26,2024-25,21,18,5,false,1092,942,22,0,60.666666666666664,52.333333333333336,,,,,,,927,51.5,841,46.72222222222222,16,0,,,2.5625,16,15,5,8,-7,0,,,,,,0,0,0,,,,0,0,0,,,,0,0,0,,,,0,,,,10,10,10,10,0,0,0,0,0,0,,,,,,,,,,,912.9456155568754,50.71920086427085,1027.9245361474264,57.10691867485702,,55,73261d35b823,-,none
TestDiagAnchoredChipDecomposition#1,1787696998-1581034,"wildcard, anchored (4gw sight)",1,false,2020-21,2019-20,26,13,5,false,683,626,18,0,52.53846153846154,48.15384615384615,,,,,,,634,48.76923076923077,567,43.61538461538461,11,0,,,1.3636363636363635,11,11,5,4,4,0,,,,,,0,0,0,,,,0,0,0,,,,0,0,0,,,,0,,,,12,23,10,11,0,0,0,0,0,0,,,,,,,,,,,661.0222769997476,50.84786746151905,728.9932879965589,56.07640676896607,,55,5fce185dc3f5,-,none
TestDiagAnchoredChipDecomposition#1,1787696998-1581034,"wildcard, anchored (4gw sight)",1,false,2021-22,2020-21,26,13,5,false,726,616,19,1,55.84615384615385,47.38461538461539,,,,,,,614,47.23076923076923,558,42.92307692307692,11,0,,,1.1818181818181819,11,14,7,2,7,0,,,,,,0,0,0,,,,0,0,0,,,,0,0,0,,,,0,,,,43,19,28,4,0,0,0,0,0,0,,,,,,,,,,,652.4643864194713,50.18956818611318,791.2964185802788,60.86895527540606,,55,48df38b83639,-,none
TestDiagAnchoredChipDecomposition#1,1787696998-1581034,"wildcard, anchored (4gw sight)",1,false,2022-23,2021-22,26,13,5,false,897,848,17,0,69,65.23076923076923,,,,,,,844,64.92307692307692,732,56.30769230769231,11,0,,,2.727272727272727,11,11,9,0,13,0,,,,,,0,0,0,,,,0,0,0,,,,0,0,0,,,,0,,,,28,10,12,4,0,0,0,0,0,0,,,,,,,,,,,822.1060260700225,63.23892508230942,875.5003850733004,67.34618346717696,,55,b4ce40b451a5,-,none
TestDiagAnchoredChipDecomposition#1,1787696998-1581034,"wildcard, anchored (4gw sight)",1,false,2023-24,2022-23,26,13,5,false,758,617,20,1,58.30769230769231,47.46153846153846,,,,,,,619,47.61538461538461,548,42.15384615384615,11,0,,,1.4545454545454546,11,13,4,3,1,0,,,,,,0,0,0,,,,0,0,0,,,,0,0,0,,,,0,,,,17,13,15,1,0,0,0,0,0,0,,,,,,,,,,,637.2043322278133,49.01571786367795,734.980538576473,56.53696450588254,,55,d725094b2efe,-,none
TestDiagAnchoredChipDecomposition#1,1787696998-1581034,"wildcard, anchored (4gw sight)",1,false,2024-25,2023-24,26,13,5,false,683,692,15,1,52.53846153846154,53.23076923076923,,,,,,,692,53.23076923076923,619,47.61538461538461,11,0,,,2.090909090909091,11,10,5,4,1,0,,,,,,0,0,0,,,,0,0,0,,,,0,0,0,,,,0,,,,6,8,6,4,0,0,0,0,0,0,,,,,,,,,,,728.9946771610494,56.076513627773025,734.3201892504285,56.48616840387911,,55,685eecb0cbdb,-,none
TestDiagAnchoredChipDecomposition#1,1787696998-1581034,"wildcard, anchored (4gw sight)",1,false,2025-26,2024-25,26,13,5,false,813,756,17,0,62.53846153846154,58.15384615384615,,,,,,,757,58.23076923076923,655,50.38461538461539,11,0,,,2,11,9,1,6,-9,0,,,,,,0,0,0,,,,0,0,0,,,,0,0,0,,,,0,,,,8,10,8,10,0,0,0,0,0,0,,,,,,,,,,,710.1237686554032,54.62490528118486,741.0597177807688,57.00459367544375,,55,32f63ab9f3ba,-,none
TestDiagAnchoredChipDecomposition#2,1787696998-1581034,"bench boost, fixed offset (control)",0,true,2020-21,2019-20,1,38,5,false,2054,1628,43,6,54.05263157894737,42.8421052631579,,,,,,,1628,42.8421052631579,1388,36.526315789473685,37,0,,,1.0810810810810811,33,38,9,18,-17,0,,,,,,0,0,0,,,,0,0,0,,,,0,0,0,,,,0,,,,43,40,43,40,0,0,7,1,0,0,,,,,,,,,,,1629.8410135822319,42.8905529890061,2043.0848966258714,53.7653920164703,,55,98b82c09e797,-,none
TestDiagAnchoredChipDecomposition#2,1787696998-1581034,"bench boost, fixed offset (control)",0,true,2021-22,2020-21,1,38,5,false,2137,1896,45,7,56.23684210526316,49.89473684210526,,,,,,,1941,51.078947368421055,1646,43.31578947368421,37,0,,,1.3513513513513513,33,42,10,15,-7,0,,,,,,0,0,0,,,,0,0,0,,,,0,0,0,,,,0,,,,61,61,61,61,0,0,7,7,0,0,,,,,,,,,,,1900.8006137807054,50.02106878370277,2197.903392664249,57.83956296484866,,55,afeb5fe71ddc,-,none
TestDiagAnchoredChipDecomposition#2,1787696998-1581034,"bench boost, fixed offset (control)",0,true,2022-23,2021-22,1,38,5,false,2095,1842,33,0,55.13157894736842,48.473684210526315,,,,,,,1845,48.55263157894737,1582,41.63157894736842,37,0,,,3.027027027027027,33,29,16,5,18,0,,,,,,0,0,0,,,,0,0,0,,,,0,0,0,,,,0,,,,42,22,42,22,0,0,7,0,0,0,,,,,,,,,,,1851.9591496843016,48.73576709695531,2121.92574254247,55.84015111953868,,55,fe5b3efc1102,-,none
TestDiagAnchoredChipDecomposition#2,1787696998-1581034,"bench boost, fixed offset (control)",0,true,2023-24,2022-23,1,38,5,false,2376,1806,40,3,62.526315789473685,47.526315789473685,,,,,,,1780,46.8421052631579,1569,41.28947368421053,37,0,,,1.6486486486486487,33,36,16,9,13,0,,,,,,0,0,0,,,,0,0,0,,,,0,0,0,,,,0,,,,23,23,23,21,0,0,7,1,0,0,,,,,,,,,,,1847.281228959663,48.61266391999113,2309.5420321937186,60.7774218998347,,55,7df5f95f1759,-,none
TestDiagAnchoredChipDecomposition#2,1787696998-1581034,"bench boost, fixed offset (control)",0,true,2024-25,2023-24,1,38,5,false,2450,1908,34,2,64.47368421052632,50.21052631578947,,,,,,,1890,49.73684210526316,1708,44.94736842105263,37,0,,,2.054054054054054,33,29,13,9,6,0,,,,,,0,0,0,,,,0,0,0,,,,0,0,0,,,,0,,,,10,10,10,10,0,0,7,2,0,0,,,,,,,,,,,1984.839567078322,52.23262018627163,2345.8418635585554,61.73268061996198,,55,d0f719155ebc,-,none
TestDiagAnchoredChipDecomposition#2,1787696998-1581034,"bench boost, fixed offset (control)",0,true,2025-26,2024-25,1,38,5,false,2182,1523,35,1,57.421052631578945,40.078947368421055,,,,,,,1529,40.23684210526316,1375,36.18421052631579,37,0,,,1.3783783783783783,33,30,9,8,-5,0,,,,,,0,0,0,,,,0,0,0,,,,0,0,0,,,,0,,,,10,10,10,10,0,0,7,2,0,0,,,,,,,,,,,1583.8646329653097,41.680648235929205,2111.0674622444194,55.55440690116893,,55,cdb305de770a,-,none
TestDiagAnchoredChipDecomposition#2,1787696998-1581034,"bench boost, fixed offset (control)",0,true,2020-21,2019-20,6,33,5,false,1785,1472,37,5,54.09090909090909,44.60606060606061,,,,,,,1475,44.696969696969695,1289,39.06060606060606,32,0,,,1.1875,32,37,10,13,-2,0,,,,,,0,0,0,,,,0,0,0,,,,0,0,0,,,,0,,,,43,40,43,40,0,0,12,0,0,0,,,,,,,,,,,1534.394651048999,46.49680760754543,1807.5902511936379,54.77546215738297,,55,97ea61125f1b,-,none
TestDiagAnchoredChipDecomposition#2,1787696998-1581034,"bench boost, fixed offset (control)",0,true,2021-22,2020-21,6,33,5,false,1855,1574,38,6,56.21212121212121,47.696969696969695,,,,,,,1610,48.78787878787879,1365,41.36363636363637,32,0,,,1.1875,32,38,9,11,-5,0,,,,,,0,0,0,,,,0,0,0,,,,0,0,0,,,,0,,,,61,61,61,61,0,0,12,6,0,0,,,,,,,,,,,1609.57570800674,48.77502145474969,1941.4557275805641,58.83199174486558,,55,0e990ffa7a1d,-,none
TestDiagAnchoredChipDecomposition#2,1787696998-1581034,"bench boost, fixed offset (control)",0,true,2022-23,2021-22,6,33,5,false,1792,1593,31,0,54.303030303030305,48.27272727272727,,,,,,,1532,46.42424242424242,1404,42.54545454545455,32,0,,,1.5,32,31,19,7,19,0,,,,,,0,0,0,,,,0,0,0,,,,0,0,0,,,,0,,,,42,22,42,16,0,0,12,0,0,0,,,,,,,,,,,1557.4285121108142,47.1948033972974,1811.085889555521,54.88139059259154,,55,4d36c0997487,-,none
TestDiagAnchoredChipDecomposition#2,1787696998-1581034,"bench boost, fixed offset (control)",0,true,2023-24,2022-23,6,33,5,false,2028,1724,32,0,61.45454545454545,52.24242424242424,,,,,,,1702,51.57575757575758,1484,44.96969696969697,32,0,,,1.75,32,32,15,10,15,0,,,,,,0,0,0,,,,0,0,0,,,,0,0,0,,,,0,,,,23,21,21,21,0,0,12,0,0,0,,,,,,,,,,,1721.7944263935356,52.175588678591986,2068.906453401842,62.69413495157097,,55,a4cd558c8a6c,-,none
TestDiagAnchoredChipDecomposition#2,1787696998-1581034,"bench boost, fixed offset (control)",0,true,2024-25,2023-24,6,33,5,false,1950,1744,32,1,59.09090909090909,52.84848484848485,,,,,,,1641,49.72727272727273,1485,45,32,0,,,1.625,32,32,14,6,17,0,,,,,,0,0,0,,,,0,0,0,,,,0,0,0,,,,0,,,,10,10,10,10,0,0,12,1,0,0,,,,,,,,,,,1754.9002266108062,53.17879474578201,2014.2192781406022,61.03694782244249,,55,7d06f846b27d,-,none
TestDiagAnchoredChipDecomposition#2,1787696998-1581034,"bench boost, fixed offset (control)",0,true,2025-26,2024-25,6,33,5,false,1934,1743,30,1,58.60606060606061,52.81818181818182,,,,,,,1663,50.39393939393939,1547,46.878787878787875,32,0,,,1.75,32,30,8,8,-1,0,,,,,,0,0,0,,,,0,0,0,,,,0,0,0,,,,0,,,,10,10,10,10,0,0,12,0,0,0,,,,,,,,,,,1697.4225268293555,51.43704626755623,1868.5569400708864,56.622937577905645,,55,135d9da53c17,-,none
TestDiagAnchoredChipDecomposition#2,1787696998-1581034,"bench boost, fixed offset (control)",0,true,2020-21,2019-20,11,28,5,false,1518,1207,28,3,54.214285714285715,43.107142857142854,,,,,,,1202,42.92857142857143,1038,37.07142857142857,27,0,,,1.6666666666666667,27,28,11,8,6,0,,,,,,0,0,0,,,,0,0,0,,,,0,0,0,,,,0,,,,43,38,43,38,0,0,17,0,0,0,,,,,,,,,,,1314.8475773872626,46.95884204954509,1591.3750446639121,56.834823023711145,,55,5babbe645ffb,-,none
TestDiagAnchoredChipDecomposition#2,1787696998-1581034,"bench boost, fixed offset (control)",0,true,2021-22,2020-21,11,28,5,false,1658,1617,34,7,59.214285714285715,57.75,,,,,,,1645,58.75,1457,52.035714285714285,27,0,,,1.2962962962962963,27,34,19,6,18,0,,,,,,0,0,0,,,,0,0,0,,,,0,0,0,,,,0,,,,61,61,61,59,0,0,17,0,0,0,,,,,,,,,,,1633.6274253300003,58.343836618928584,1697.911877408871,60.63970990745968,,55,6ae53959ac30,-,none
TestDiagAnchoredChipDecomposition#2,1787696998-1581034,"bench boost, fixed offset (control)",0,true,2022-23,2021-22,11,28,5,false,1641,1501,28,2,58.607142857142854,53.607142857142854,,,,,,,1440,51.42857142857143,1317,47.035714285714285,27,0,,,2.3333333333333335,27,28,8,8,3,0,,,,,,0,0,0,,,,0,0,0,,,,0,0,0,,,,0,,,,42,16,42,14,0,0,17,0,0,0,,,,,,,,,,,1466.7078012475051,52.382421473125184,1619.6883769737842,57.846013463349436,,55,7db449dfa863,-,none
TestDiagAnchoredChipDecomposition#2,1787696998-1581034,"bench boost, fixed offset (control)",0,true,2023-24,2022-23,11,28,5,false,1671,1428,27,0,59.67857142857143,51,,,,,,,1405,50.17857142857143,1247,44.535714285714285,27,0,,,1.5925925925925926,27,27,12,3,14,0,,,,,,0,0,0,,,,0,0,0,,,,0,0,0,,,,0,,,,21,21,21,21,0,0,17,0,0,0,,,,,,,,,,,1416.7846694489685,50.5994524803203,1690.5178904222812,60.3756389436529,,55,2a84996b516a,-,none
TestDiagAnchoredChipDecomposition#2,1787696998-1581034,"bench boost, fixed offset (control)",0,true,2024-25,2023-24,11,28,5,false,1826,1681,28,2,65.21428571428571,60.035714285714285,,,,,,,1681,60.035714285714285,1412,50.42857142857143,27,0,,,1.4074074074074074,27,28,12,11,4,0,,,,,,0,0,0,,,,0,0,0,,,,0,0,0,,,,0,,,,10,10,10,8,0,0,17,1,0,0,,,,,,,,,,,1648.6369668324785,58.87989167258852,1750.9610050259225,62.53432160806866,,55,a6e9f92d83f6,-,none
TestDiagAnchoredChipDecomposition#2,1787696998-1581034,"bench boost, fixed offset (control)",0,true,2025-26,2024-25,11,28,5,false,1565,1444,27,2,55.892857142857146,51.57142857142857,,,,,,,1416,50.57142857142857,1259,44.964285714285715,27,0,,,1.4074074074074074,27,27,9,7,-1,0,,,,,,0,0,0,,,,0,0,0,,,,0,0,0,,,,0,,,,10,10,10,10,0,0,17,0,0,0,,,,,,,,,,,1420.3707344105421,50.72752622894793,1532.6985163104728,54.73923272537403,,55,71a4b81a55e0,-,none
TestDiagAnchoredChipDecomposition#2,1787696998-1581034,"bench boost, fixed offset (control)",0,true,2020-21,2019-20,16,23,5,false,1248,1114,23,2,54.26086956521739,48.43478260869565,,,,,,,1080,46.95652173913044,967,42.04347826086956,22,0,,,1.3636363636363635,22,23,6,8,-6,0,,,,,,0,0,0,,,,0,0,0,,,,0,0,0,,,,0,,,,43,34,32,23,0,0,22,6,0,0,,,,,,,,,,,1173.5640425756817,51.02452359024703,1292.1721118287394,56.18139616646693,,55,de8a604a1657,-,none
TestDiagAnchoredChipDecomposition#2,1787696998-1581034,"bench boost, fixed offset (control)",0,true,2021-22,2020-21,16,23,5,false,1285,1177,28,5,55.869565217391305,51.17391304347826,,,,,,,1195,51.95652173913044,1070,46.52173913043478,22,0,,,1.2727272727272727,22,28,9,7,4,0,,,,,,0,0,0,,,,0,0,0,,,,0,0,0,,,,0,,,,61,57,61,27,0,0,22,0,0,0,,,,,,,,,,,1236.9240292167237,53.77930561811842,1353.0393901903246,58.82779957349238,,55,35526a2ffafc,-,none
TestDiagAnchoredChipDecomposition#2,1787696998-1581034,"bench boost, fixed offset (control)",0,true,2022-23,2021-22,16,23,5,false,1374,1122,21,0,59.73913043478261,48.78260869565217,,,,,,,1061,46.130434782608695,954,41.47826086956522,22,0,,,2.0454545454545454,22,21,10,3,8,0,,,,,,0,0,0,,,,0,0,0,,,,0,0,0,,,,0,,,,42,14,36,14,0,0,22,0,0,0,,,,,,,,,,,1112.8111678776331,48.38309425554927,1401.268439596745,60.924714765075876,,55,65d58aa0e3ae,-,none
TestDiagAnchoredChipDecomposition#2,1787696998-1581034,"bench boost, fixed offset (control)",0,true,2023-24,2022-23,16,23,5,false,1431,1085,23,2,62.21739130434783,47.17391304347826,,,,,,,1085,47.17391304347826,934,40.608695652173914,22,0,,,1.5,22,23,10,4,12,0,,,,,,0,0,0,,,,0,0,0,,,,0,0,0,,,,0,,,,21,21,21,17,0,0,22,0,0,0,,,,,,,,,,,1100.0328547404902,47.82751542349957,1418.4170182454768,61.67030514110769,,55,291eebc880a2,-,none
TestDiagAnchoredChipDecomposition#2,1787696998-1581034,"bench boost, fixed offset (control)",0,true,2024-25,2023-24,16,23,5,false,1490,1367,20,1,64.78260869565217,59.43478260869565,,,,,,,1367,59.43478260869565,1174,51.04347826086956,22,0,,,2.590909090909091,22,20,7,4,6,0,,,,,,0,0,0,,,,0,0,0,,,,0,0,0,,,,0,,,,10,8,10,8,0,0,22,0,0,0,,,,,,,,,,,1409.2322184264299,61.27096601854043,1489.5237797628822,64.7619034679514,,55,0a92238fc17e,-,none
TestDiagAnchoredChipDecomposition#2,1787696998-1581034,"bench boost, fixed offset (control)",0,true,2025-26,2024-25,16,23,5,false,1277,1307,23,1,55.52173913043478,56.82608695652174,,,,,,,1308,56.869565217391305,1146,49.82608695652174,22,0,,,1.4090909090909092,22,23,7,8,-7,0,,,,,,0,0,0,,,,0,0,0,,,,0,0,0,,,,0,,,,10,10,10,10,0,0,22,1,0,0,,,,,,,,,,,1247.0166669781659,54.21811595557243,1232.352314187563,53.580535399459265,,55,439f261a429b,-,none
TestDiagAnchoredChipDecomposition#2,1787696998-1581034,"bench boost, fixed offset (control)",0,true,2020-21,2019-20,21,18,5,false,976,865,19,2,54.22222222222222,48.05555555555556,,,,,,,886,49.22222222222222,768,42.666666666666664,17,0,,,1.2352941176470589,17,19,6,8,-2,0,,,,,,0,0,0,,,,0,0,0,,,,0,0,0,,,,0,,,,32,23,26,23,0,0,27,0,0,0,,,,,,,,,,,896.1727611432091,49.78737561906717,1014.6767254331661,56.37092919073145,,55,dc98d0376744,-,none
TestDiagAnchoredChipDecomposition#2,1787696998-1581034,"bench boost, fixed offset (control)",0,true,2021-22,2020-21,21,18,5,false,1207,928,21,4,67.05555555555556,51.55555555555556,,,,,,,946,52.55555555555556,839,46.611111111111114,17,0,,,1.2352941176470589,17,21,10,4,6,0,,,,,,0,0,0,,,,0,0,0,,,,0,0,0,,,,0,,,,59,25,51,19,0,0,27,0,0,0,,,,,,,,,,,971.4085084485752,53.96713935825417,1181.7592416084526,65.6532912004696,,55,17afedb0c8fd,-,none
TestDiagAnchoredChipDecomposition#2,1787696998-1581034,"bench boost, fixed offset (control)",0,true,2022-23,2021-22,21,18,5,false,1163,1149,15,0,64.61111111111111,63.833333333333336,,,,,,,1145,63.611111111111114,1000,55.55555555555556,17,0,,,2.6470588235294117,17,15,6,2,5,0,,,,,,0,0,0,,,,0,0,0,,,,0,0,0,,,,0,,,,36,14,28,10,0,0,27,9,0,0,,,,,,,,,,,1139.265768648044,63.29254270266912,1159.364068088363,64.40911489379795,,55,99c281b32f56,-,none
TestDiagAnchoredChipDecomposition#2,1787696998-1581034,"bench boost, fixed offset (control)",0,true,2023-24,2022-23,21,18,5,false,1155,964,17,0,64.16666666666667,53.55555555555556,,,,,,,954,53,845,46.94444444444444,17,0,,,1.411764705882353,17,17,9,3,5,0,,,,,,0,0,0,,,,0,0,0,,,,0,0,0,,,,0,,,,21,17,17,17,0,0,27,5,0,0,,,,,,,,,,,996.2801720475503,55.34889844708613,1166.9430382657565,64.83016879254203,,55,a39e1a72098e,-,none
TestDiagAnchoredChipDecomposition#2,1787696998-1581034,"bench boost, fixed offset (control)",0,true,2024-25,2023-24,21,18,5,false,1069,956,17,1,59.388888888888886,53.111111111111114,,,,,,,956,53.111111111111114,821,45.611111111111114,17,0,,,1.588235294117647,17,17,11,3,12,0,,,,,,0,0,0,,,,0,0,0,,,,0,0,0,,,,0,,,,10,8,6,8,0,0,27,6,0,0,,,,,,,,,,,978.7329286819744,54.37405159344302,1086.3017696574934,60.35009831430519,,55,606dfdefbccb,-,none
TestDiagAnchoredChipDecomposition#2,1787696998-1581034,"bench boost, fixed offset (control)",0,true,2025-26,2024-25,21,18,5,false,1075,942,16,1,59.72222222222222,52.333333333333336,,,,,,,927,51.5,841,46.72222222222222,17,0,,,2.411764705882353,17,16,6,7,-5,0,,,,,,0,0,0,,,,0,0,0,,,,0,0,0,,,,0,,,,10,10,10,10,0,0,27,2,0,0,,,,,,,,,,,912.9456155568754,50.71920086427085,1007.0924833369094,55.94958240760607,,55,73261d35b823,-,none
TestDiagAnchoredChipDecomposition#2,1787696998-1581034,"bench boost, fixed offset (control)",0,true,2020-21,2019-20,26,13,5,false,680,626,12,0,52.30769230769231,48.15384615384615,,,,,,,634,48.76923076923077,567,43.61538461538461,12,0,,,1.1666666666666667,12,12,5,4,3,0,,,,,,0,0,0,,,,0,0,0,,,,0,0,0,,,,0,,,,12,23,10,11,0,0,32,2,0,0,,,,,,,,,,,661.0222769997476,50.84786746151905,740.7961611711074,56.984320090085184,,55,5fce185dc3f5,-,none
TestDiagAnchoredChipDecomposition#2,1787696998-1581034,"bench boost, fixed offset (control)",0,true,2021-22,2020-21,26,13,5,false,744,616,16,4,57.23076923076923,47.38461538461539,,,,,,,614,47.23076923076923,558,42.92307692307692,12,0,,,1.0833333333333333,12,16,6,3,2,0,,,,,,0,0,0,,,,0,0,0,,,,0,0,0,,,,0,,,,43,19,28,4,0,0,32,2,0,0,,,,,,,,,,,652.4643864194713,50.18956818611318,760.4215363960252,58.493964338155784,,55,48df38b83639,-,none
TestDiagAnchoredChipDecomposition#2,1787696998-1581034,"bench boost, fixed offset (control)",0,true,2022-23,2021-22,26,13,5,false,890,848,12,0,68.46153846153847,65.23076923076923,,,,,,,844,64.92307692307692,732,56.30769230769231,12,0,,,2.9166666666666665,12,12,8,0,11,0,,,,,,0,0,0,,,,0,0,0,,,,0,0,0,,,,0,,,,28,10,12,4,0,0,32,7,0,0,,,,,,,,,,,822.1060260700225,63.23892508230942,859.3090271903386,66.10069439925681,,55,b4ce40b451a5,-,none
TestDiagAnchoredChipDecomposition#2,1787696998-1581034,"bench boost, fixed offset (control)",0,true,2023-24,2022-23,26,13,5,false,831,617,11,0,63.92307692307692,47.46153846153846,,,,,,,619,47.61538461538461,548,42.15384615384615,12,0,,,1.5,12,11,5,2,6,0,,,,,,0,0,0,,,,0,0,0,,,,0,0,0,,,,0,,,,17,13,15,1,0,0,32,3,0,0,,,,,,,,,,,637.2043322278133,49.01571786367795,793.6910157061851,61.053155054321934,,55,d725094b2efe,-,none
TestDiagAnchoredChipDecomposition#2,1787696998-1581034,"bench boost, fixed offset (control)",0,true,2024-25,2023-24,26,13,5,false,672,692,13,1,51.69230769230769,53.23076923076923,,,,,,,692,53.23076923076923,619,47.61538461538461,12,0,,,1.4166666666666667,12,13,9,3,7,0,,,,,,0,0,0,,,,0,0,0,,,,0,0,0,,,,0,,,,6,8,6,4,0,0,32,3,0,0,,,,,,,,,,,728.9946771610494,56.076513627773025,730.9369370333912,56.22591823333779,,55,685eecb0cbdb,-,none
TestDiagAnchoredChipDecomposition#2,1787696998-1581034,"bench boost, fixed offset (control)",0,true,2025-26,2024-25,26,13,5,false,788,756,9,0,60.61538461538461,58.15384615384615,,,,,,,757,58.23076923076923,655,50.38461538461539,12,0,,,1.8333333333333333,12,9,2,5,-7,0,,,,,,0,0,0,,,,0,0,0,,,,0,0,0,,,,0,,,,8,10,8,10,0,0,32,6,0,0,,,,,,,,,,,710.1237686554032,54.62490528118486,734.5506136771019,56.50389335977707,,55,32f63ab9f3ba,-,none
TestDiagAnchoredChipDecomposition#2,1787696998-1581034,"bench boost, anchored (4gw sight)",1,false,2020-21,2019-20,1,38,5,false,2059,1628,43,6,54.18421052631579,42.8421052631579,,,,,,,1628,42.8421052631579,1388,36.526315789473685,37,0,,,1.0810810810810811,33,38,9,18,-17,0,,,,,,0,0,0,,,,0,0,0,,,,0,0,0,,,,0,,,,43,40,43,40,0,0,19,6,0,0,,,,,,,,,,,1629.8410135822319,42.8905529890061,2046.596455777195,53.85780146782092,,55,98b82c09e797,-,none
TestDiagAnchoredChipDecomposition#2,1787696998-1581034,"bench boost, anchored (4gw sight)",1,false,2021-22,2020-21,1,38,5,false,2134,1896,45,7,56.1578947368421,49.89473684210526,,,,,,,1941,51.078947368421055,1646,43.31578947368421,37,0,,,1.3513513513513513,33,42,10,15,-7,0,,,,,,0,0,0,,,,0,0,0,,,,0,0,0,,,,0,,,,61,61,61,61,0,0,26,4,0,0,,,,,,,,,,,1900.8006137807054,50.02106878370277,2198.9346492410223,57.86670129581638,,55,afeb5fe71ddc,-,none
TestDiagAnchoredChipDecomposition#2,1787696998-1581034,"bench boost, anchored (4gw sight)",1,false,2022-23,2021-22,1,38,5,false,2102,1842,33,0,55.31578947368421,48.473684210526315,,,,,,,1845,48.55263157894737,1582,41.63157894736842,37,0,,,3.027027027027027,33,29,16,5,18,0,,,,,,0,0,0,,,,0,0,0,,,,0,0,0,,,,0,,,,42,22,42,22,0,0,20,7,0,0,,,,,,,,,,,1851.9591496843016,48.73576709695531,2129.6807858448938,56.04423120644457,,55,fe5b3efc1102,-,none
TestDiagAnchoredChipDecomposition#2,1787696998-1581034,"bench boost, anchored (4gw sight)",1,false,2023-24,2022-23,1,38,5,false,2387,1806,40,3,62.81578947368421,47.526315789473685,,,,,,,1780,46.8421052631579,1569,41.28947368421053,37,0,,,1.6486486486486487,33,36,16,9,13,0,,,,,,0,0,0,,,,0,0,0,,,,0,0,0,,,,0,,,,23,23,23,21,0,0,25,12,0,0,,,,,,,,,,,1847.281228959663,48.61266391999113,2321.267864496534,61.085996434119316,,55,7df5f95f1759,-,none
TestDiagAnchoredChipDecomposition#2,1787696998-1581034,"bench boost, anchored (4gw sight)",1,false,2024-25,2023-24,1,38,5,false,2450,1908,34,2,64.47368421052632,50.21052631578947,,,,,,,1890,49.73684210526316,1708,44.94736842105263,37,0,,,2.054054054054054,33,29,13,9,6,0,,,,,,0,0,0,,,,0,0,0,,,,0,0,0,,,,0,,,,10,10,10,10,0,0,33,2,0,0,,,,,,,,,,,1984.839567078322,52.23262018627163,2346.456436263146,61.74885358587226,,55,d0f719155ebc,-,none
TestDiagAnchoredChipDecomposition#2,1787696998-1581034,"bench boost, anchored (4gw sight)",1,false,2025-26,2024-25,1,38,5,false,2184,1523,35,1,57.473684210526315,40.078947368421055,,,,,,,1529,40.23684210526316,1375,36.18421052631579,37,0,,,1.3783783783783783,33,30,9,8,-5,0,,,,,,0,0,0,,,,0,0,0,,,,0,0,0,,,,0,,,,10,10,10,10,0,0,33,4,0,0,,,,,,,,,,,1583.8646329653097,41.680648235929205,2112.2537713958795,55.58562556304946,,55,cdb305de770a,-,none
TestDiagAnchoredChipDecomposition#2,1787696998-1581034,"bench boost, anchored (4gw sight)",1,false,2020-21,2019-20,6,33,5,false,1785,1472,37,5,54.09090909090909,44.60606060606061,,,,,,,1475,44.696969696969695,1289,39.06060606060606,32,0,,,1.1875,32,37,10,13,-2,0,,,,,,0,0,0,,,,0,0,0,,,,0,0,0,,,,0,,,,43,40,43,40,0,0,19,0,0,0,,,,,,,,,,,1534.394651048999,46.49680760754543,1807.5902511936379,54.77546215738297,,55,97ea61125f1b,-,none
TestDiagAnchoredChipDecomposition#2,1787696998-1581034,"bench boost, anchored (4gw sight)",1,false,2021-22,2020-21,6,33,5,false,1850,1574,38,6,56.06060606060606,47.696969696969695,,,,,,,1610,48.78787878787879,1365,41.36363636363637,32,0,,,1.1875,32,38,9,11,-5,0,,,,,,0,0,0,,,,0,0,0,,,,0,0,0,,,,0,,,,61,61,61,61,0,0,26,1,0,0,,,,,,,,,,,1609.57570800674,48.77502145474969,1939.6858259525156,58.778358362197444,,55,0e990ffa7a1d,-,none
TestDiagAnchoredChipDecomposition#2,1787696998-1581034,"bench boost, anchored (4gw sight)",1,false,2022-23,2021-22,6,33,5,false,1796,1593,31,0,54.42424242424242,48.27272727272727,,,,,,,1532,46.42424242424242,1404,42.54545454545455,32,0,,,1.5,32,31,19,7,19,0,,,,,,0,0,0,,,,0,0,0,,,,0,0,0,,,,0,,,,42,22,42,16,0,0,20,4,0,0,,,,,,,,,,,1557.4285121108142,47.1948033972974,1820.02906604646,55.15239594080182,,55,4d36c0997487,-,none
TestDiagAnchoredChipDecomposition#2,1787696998-1581034,"bench boost, anchored (4gw sight)",1,false,2023-24,2022-23,6,33,5,false,2042,1724,32,0,61.878787878787875,52.24242424242424,,,,,,,1702,51.57575757575758,1484,44.96969696969697,32,0,,,1.75,32,32,15,10,15,0,,,,,,0,0,0,,,,0,0,0,,,,0,0,0,,,,0,,,,23,21,21,21,0,0,25,14,0,0,,,,,,,,,,,1721.7944263935356,52.175588678591986,2086.620786328748,63.230932919052975,,55,a4cd558c8a6c,-,none
TestDiagAnchoredChipDecomposition#2,1787696998-1581034,"bench boost, anchored (4gw sight)",1,false,2024-25,2023-24,6,33,5,false,1954,1744,32,1,59.21212121212121,52.84848484848485,,,,,,,1641,49.72727272727273,1485,45,32,0,,,1.625,32,32,14,6,17,0,,,,,,0,0,0,,,,0,0,0,,,,0,0,0,,,,0,,,,10,10,10,10,0,0,33,5,0,0,,,,,,,,,,,1754.9002266108062,53.17879474578201,2019.373972589881,61.19315068454185,,55,7d06f846b27d,-,none
TestDiagAnchoredChipDecomposition#2,1787696998-1581034,"bench boost, anchored (4gw sight)",1,false,2025-26,2024-25,6,33,5,false,1947,1743,30,1,59,52.81818181818182,,,,,,,1663,50.39393939393939,1547,46.878787878787875,32,0,,,1.75,32,30,8,8,-1,0,,,,,,0,0,0,,,,0,0,0,,,,0,0,0,,,,0,,,,10,10,10,10,0,0,33,13,0,0,,,,,,,,,,,1697.4225268293555,51.43704626755623,1884.548943681691,57.10754374793003,,55,135d9da53c17,-,none
TestDiagAnchoredChipDecomposition#2,1787696998-1581034,"bench boost, anchored (4gw sight)",1,false,2020-21,2019-20,11,28,5,false,1526,1207,28,3,54.5,43.107142857142854,,,,,,,1202,42.92857142857143,1038,37.07142857142857,27,0,,,1.6666666666666667,27,28,11,8,6,0,,,,,,0,0,0,,,,0,0,0,,,,0,0,0,,,,0,,,,43,38,43,38,0,0,19,8,0,0,,,,,,,,,,,1314.8475773872626,46.95884204954509,1598.1149037503212,57.07553227679718,,55,5babbe645ffb,-,none
TestDiagAnchoredChipDecomposition#2,1787696998-1581034,"bench boost, anchored (4gw sight)",1,false,2021-22,2020-21,11,28,5,false,1664,1617,34,7,59.42857142857143,57.75,,,,,,,1645,58.75,1457,52.035714285714285,27,0,,,1.2962962962962963,27,34,19,6,18,0,,,,,,0,0,0,,,,0,0,0,,,,0,0,0,,,,0,,,,61,61,61,59,0,0,26,6,0,0,,,,,,,,,,,1633.6274253300003,58.343836618928584,1707.9418411017887,60.997922896492454,,55,6ae53959ac30,-,none
TestDiagAnchoredChipDecomposition#2,1787696998-1581034,"bench boost, anchored (4gw sight)",1,false,2022-23,2021-22,11,28,5,false,1641,1501,28,2,58.607142857142854,53.607142857142854,,,,,,,1440,51.42857142857143,1317,47.035714285714285,27,0,,,2.3333333333333335,27,28,8,8,3,0,,,,,,0,0,0,,,,0,0,0,,,,0,0,0,,,,0,,,,42,16,42,14,0,0,20,0,0,0,,,,,,,,,,,1466.7078012475051,52.382421473125184,1619.6883769737842,57.846013463349436,,55,7db449dfa863,-,none
TestDiagAnchoredChipDecomposition#2,1787696998-1581034,"bench boost, anchored (4gw sight)",1,false,2023-24,2022-23,11,28,5,false,1675,1428,27,0,59.82142857142857,51,,,,,,,1405,50.17857142857143,1247,44.535714285714285,27,0,,,1.5925925925925926,27,27,12,3,14,0,,,,,,0,0,0,,,,0,0,0,,,,0,0,0,,,,0,,,,21,21,21,21,0,0,25,4,0,0,,,,,,,,,,,1416.7846694489685,50.5994524803203,1697.743102931844,60.63368224756586,,55,2a84996b516a,-,none
TestDiagAnchoredChipDecomposition#2,1787696998-1581034,"bench boost, anchored (4gw sight)",1,false,2024-25,2023-24,11,28,5,false,1829,1681,28,2,65.32142857142857,60.035714285714285,,,,,,,1681,60.035714285714285,1412,50.42857142857143,27,0,,,1.4074074074074074,27,28,12,11,4,0,,,,,,0,0,0,,,,0,0,0,,,,0,0,0,,,,0,,,,10,10,10,8,0,0,33,4,0,0,,,,,,,,,,,1648.6369668324785,58.87989167258852,1755.854843709599,62.7091015610571,,55,a6e9f92d83f6,-,none
TestDiagAnchoredChipDecomposition#2,1787696998-1581034,"bench boost, anchored (4gw sight)",1,false,2025-26,2024-25,11,28,5,false,1566,1444,27,2,55.92857142857143,51.57142857142857,,,,,,,1416,50.57142857142857,1259,44.964285714285715,27,0,,,1.4074074074074074,27,27,9,7,-1,0,,,,,,0,0,0,,,,0,0,0,,,,0,0,0,,,,0,,,,10,10,10,10,0,0,33,1,0,0,,,,,,,,,,,1420.3707344105421,50.72752622894793,1533.7349658522362,54.77624878043701,,55,71a4b81a55e0,-,none
TestDiagAnchoredChipDecomposition#2,1787696998-1581034,"bench boost, anchored (4gw sight)",1,false,2020-21,2019-20,16,23,5,false,1250,1114,23,2,54.34782608695652,48.43478260869565,,,,,,,1080,46.95652173913044,967,42.04347826086956,22,0,,,1.3636363636363635,22,23,6,8,-6,0,,,,,,0,0,0,,,,0,0,0,,,,0,0,0,,,,0,,,,43,34,32,23,0,0,19,8,0,0,,,,,,,,,,,1173.5640425756817,51.02452359024703,1293.0887278902353,56.221249038705885,,55,de8a604a1657,-,none
TestDiagAnchoredChipDecomposition#2,1787696998-1581034,"bench boost, anchored (4gw sight)",1,false,2021-22,2020-21,16,23,5,false,1292,1177,28,5,56.17391304347826,51.17391304347826,,,,,,,1195,51.95652173913044,1070,46.52173913043478,22,0,,,1.2727272727272727,22,28,9,7,4,0,,,,,,0,0,0,,,,0,0,0,,,,0,0,0,,,,0,,,,61,57,61,27,0,0,26,7,0,0,,,,,,,,,,,1236.9240292167237,53.77930561811842,1365.4408159485386,59.36699199776255,,55,35526a2ffafc,-,none
TestDiagAnchoredChipDecomposition#2,1787696998-1581034,"bench boost, anchored (4gw sight)",1,false,2022-23,2021-22,16,23,5,false,1378,1122,21,0,59.91304347826087,48.78260869565217,,,,,,,1061,46.130434782608695,954,41.47826086956522,22,0,,,2.0454545454545454,22,21,10,3,8,0,,,,,,0,0,0,,,,0,0,0,,,,0,0,0,,,,0,,,,42,14,36,14,0,0,20,4,0,0,,,,,,,,,,,1112.8111678776331,48.38309425554927,1410.211616087684,61.313548525551475,,55,65d58aa0e3ae,-,none
TestDiagAnchoredChipDecomposition#2,1787696998-1581034,"bench boost, anchored (4gw sight)",1,false,2023-24,2022-23,16,23,5,false,1443,1085,23,2,62.73913043478261,47.17391304347826,,,,,,,1085,47.17391304347826,934,40.608695652173914,22,0,,,1.5,22,23,10,4,12,0,,,,,,0,0,0,,,,0,0,0,,,,0,0,0,,,,0,,,,21,21,21,17,0,0,25,12,0,0,,,,,,,,,,,1100.0328547404902,47.82751542349957,1432.7311287471955,62.29265777161719,,55,291eebc880a2,-,none
TestDiagAnchoredChipDecomposition#2,1787696998-1581034,"bench boost, anchored (4gw sight)",1,false,2024-25,2023-24,16,23,5,false,1496,1367,20,1,65.04347826086956,59.43478260869565,,,,,,,1367,59.43478260869565,1174,51.04347826086956,22,0,,,2.590909090909091,22,20,7,4,6,0,,,,,,0,0,0,,,,0,0,0,,,,0,0,0,,,,0,,,,10,8,10,8,0,0,33,6,0,0,,,,,,,,,,,1409.2322184264299,61.27096601854043,1497.1661608306745,65.0941809056815,,55,0a92238fc17e,-,none
TestDiagAnchoredChipDecomposition#2,1787696998-1581034,"bench boost, anchored (4gw sight)",1,false,2025-26,2024-25,16,23,5,false,1277,1307,23,1,55.52173913043478,56.82608695652174,,,,,,,1308,56.869565217391305,1146,49.82608695652174,22,0,,,1.4090909090909092,22,23,7,8,-7,0,,,,,,0,0,0,,,,0,0,0,,,,0,0,0,,,,0,,,,10,10,10,10,0,0,33,1,0,0,,,,,,,,,,,1247.0166669781659,54.21811595557243,1232.624233026246,53.59235795766287,,55,439f261a429b,-,none
TestDiagAnchoredChipDecomposition#2,1787696998-1581034,"bench boost, anchored (4gw sight)",1,false,2020-21,2019-20,21,18,5,false,976,865,19,2,54.22222222222222,48.05555555555556,,,,,,,886,49.22222222222222,768,42.666666666666664,17,0,,,1.2352941176470589,17,19,6,8,-2,0,,,,,,0,0,0,,,,0,0,0,,,,0,0,0,,,,0,,,,32,23,26,23,0,0,26,0,0,0,,,,,,,,,,,896.1727611432091,49.78737561906717,1014.6767254331661,56.37092919073145,,55,dc98d0376744,-,none
TestDiagAnchoredChipDecomposition#2,1787696998-1581034,"bench boost, anchored (4gw sight)",1,false,2021-22,2020-21,21,18,5,false,1213,928,21,4,67.38888888888889,51.55555555555556,,,,,,,946,52.55555555555556,839,46.611111111111114,17,0,,,1.2352941176470589,17,21,10,4,6,0,,,,,,0,0,0,,,,0,0,0,,,,0,0,0,,,,0,,,,59,25,51,19,0,0,26,6,0,0,,,,,,,,,,,971.4085084485752,53.96713935825417,1193.1606673666665,66.28670374259258,,55,17afedb0c8fd,-,none
TestDiagAnchoredChipDecomposition#2,1787696998-1581034,"bench boost, anchored (4gw sight)",1,false,2022-23,2021-22,21,18,5,false,1167,1149,15,0,64.83333333333333,63.833333333333336,,,,,,,1145,63.611111111111114,1000,55.55555555555556,17,0,,,2.6470588235294117,17,15,6,2,5,0,,,,,,0,0,0,,,,0,0,0,,,,0,0,0,,,,0,,,,36,14,28,10,0,0,29,13,0,0,,,,,,,,,,,1139.265768648044,63.29254270266912,1167.3195762646994,64.85108757026109,,55,99c281b32f56,-,none
TestDiagAnchoredChipDecomposition#2,1787696998-1581034,"bench boost, anchored (4gw sight)",1,false,2023-24,2022-23,21,18,5,false,1164,964,17,0,64.66666666666667,53.55555555555556,,,,,,,954,53,845,46.94444444444444,17,0,,,1.411764705882353,17,17,9,3,5,0,,,,,,0,0,0,,,,0,0,0,,,,0,0,0,,,,0,,,,21,17,17,17,0,0,25,14,0,0,,,,,,,,,,,996.2801720475503,55.34889844708613,1180.9641536460856,65.60911964700476,,55,a39e1a72098e,-,none
TestDiagAnchoredChipDecomposition#2,1787696998-1581034,"bench boost, anchored (4gw sight)",1,false,2024-25,2023-24,21,18,5,false,1067,956,17,1,59.27777777777778,53.111111111111114,,,,,,,956,53.111111111111114,821,45.611111111111114,17,0,,,1.588235294117647,17,17,11,3,12,0,,,,,,0,0,0,,,,0,0,0,,,,0,0,0,,,,0,,,,10,8,6,8,0,0,33,4,0,0,,,,,,,,,,,978.7329286819744,54.37405159344302,1087.9515227906654,60.44175126614808,,55,606dfdefbccb,-,none
TestDiagAnchoredChipDecomposition#2,1787696998-1581034,"bench boost, anchored (4gw sight)",1,false,2025-26,2024-25,21,18,5,false,1077,942,16,1,59.833333333333336,52.333333333333336,,,,,,,927,51.5,841,46.72222222222222,17,0,,,2.411764705882353,17,16,6,7,-5,0,,,,,,0,0,0,,,,0,0,0,,,,0,0,0,,,,0,,,,10,10,10,10,0,0,33,4,0,0,,,,,,,,,,,912.9456155568754,50.71920086427085,1013.0638128505531,56.281322936141834,,55,73261d35b823,-,none
TestDiagAnchoredChipDecomposition#2,1787696998-1581034,"bench boost, anchored (4gw sight)",1,false,2020-21,2019-20,26,13,5,false,693,626,12,0,53.30769230769231,48.15384615384615,,,,,,,634,48.76923076923077,567,43.61538461538461,12,0,,,1.1666666666666667,12,12,5,4,3,0,,,,,,0,0,0,,,,0,0,0,,,,0,0,0,,,,0,,,,12,23,10,11,0,0,35,15,0,0,,,,,,,,,,,661.0222769997476,50.84786746151905,754.2805377501826,58.02157982693712,,55,5fce185dc3f5,-,none
TestDiagAnchoredChipDecomposition#2,1787696998-1581034,"bench boost, anchored (4gw sight)",1,false,2021-22,2020-21,26,13,5,false,742,616,16,4,57.07692307692308,47.38461538461539,,,,,,,614,47.23076923076923,558,42.92307692307692,12,0,,,1.0833333333333333,12,16,6,3,2,0,,,,,,0,0,0,,,,0,0,0,,,,0,0,0,,,,0,,,,43,19,28,4,0,0,28,0,0,0,,,,,,,,,,,652.4643864194713,50.18956818611318,757.7852368322074,58.29117206401595,,55,48df38b83639,-,none
TestDiagAnchoredChipDecomposition#2,1787696998-1581034,"bench boost, anchored (4gw sight)",1,false,2022-23,2021-22,26,13,5,false,900,848,12,0,69.23076923076923,65.23076923076923,,,,,,,844,64.92307692307692,732,56.30769230769231,12,0,,,2.9166666666666665,12,12,8,0,11,0,,,,,,0,0,0,,,,0,0,0,,,,0,0,0,,,,0,,,,28,10,12,4,0,0,29,17,0,0,,,,,,,,,,,822.1060260700225,63.23892508230942,874.7754732791242,67.29042102147109,,55,b4ce40b451a5,-,none
TestDiagAnchoredChipDecomposition#2,1787696998-1581034,"bench boost, anchored (4gw sight)",1,false,2023-24,2022-23,26,13,5,false,831,617,11,0,63.92307692307692,47.46153846153846,,,,,,,619,47.61538461538461,548,42.15384615384615,12,0,,,1.5,12,11,5,2,6,0,,,,,,0,0,0,,,,0,0,0,,,,0,0,0,,,,0,,,,17,13,15,1,0,0,34,3,0,0,,,,,,,,,,,637.2043322278133,49.01571786367795,789.9921335549552,60.768625658073475,,55,d725094b2efe,-,none
TestDiagAnchoredChipDecomposition#2,1787696998-1581034,"bench boost, anchored (4gw sight)",1,false,2024-25,2023-24,26,13,5,false,679,692,13,1,52.23076923076923,53.23076923076923,,,,,,,692,53.23076923076923,619,47.61538461538461,12,0,,,1.4166666666666667,12,13,9,3,7,0,,,,,,0,0,0,,,,0,0,0,,,,0,0,0,,,,0,,,,6,8,6,4,0,0,33,10,0,0,,,,,,,,,,,728.9946771610494,56.076513627773025,738.7583064854981,56.827562037346006,,55,685eecb0cbdb,-,none
TestDiagAnchoredChipDecomposition#2,1787696998-1581034,"bench boost, anchored (4gw sight)",1,false,2025-26,2024-25,26,13,5,false,793,756,9,0,61,58.15384615384615,,,,,,,757,58.23076923076923,655,50.38461538461539,12,0,,,1.8333333333333333,12,9,2,5,-7,0,,,,,,0,0,0,,,,0,0,0,,,,0,0,0,,,,0,,,,8,10,8,10,0,0,33,11,0,0,,,,,,,,,,,710.1237686554032,54.62490528118486,741.9431234648204,57.07254795883234,,55,32f63ab9f3ba,-,none
TestDiagAnchoredChipDecomposition#3,1787696998-1581034,"free hit, fixed offset (control)",0,true,2020-21,2019-20,1,38,5,false,2044,1628,42,5,53.78947368421053,42.8421052631579,,,,,,,1628,42.8421052631579,1388,36.526315789473685,36,0,,,1.3611111111111112,32,37,18,6,24,0,,,,,,0,0,0,,,,0,0,0,,,,0,0,0,,,,0,,,,43,40,43,40,0,0,0,0,0,0,,,,,,,,,,,1629.8410135822319,42.8905529890061,2100.484956212643,55.2759199003327,,55,98b82c09e797,-,none
TestDiagAnchoredChipDecomposition#3,1787696998-1581034,"free hit, fixed offset (control)",0,true,2021-22,2020-21,1,38,5,false,2256,1896,42,5,59.36842105263158,49.89473684210526,,,,,,,1941,51.078947368421055,1646,43.31578947368421,36,0,,,1.5,32,39,14,15,-7,0,,,,,,0,0,0,,,,0,0,0,,,,0,0,0,,,,0,,,,61,61,61,61,0,0,0,0,0,0,,,,,,,,,,,1900.8006137807054,50.02106878370277,2266.8888870971687,59.65497071308339,,55,afeb5fe71ddc,-,none
TestDiagAnchoredChipDecomposition#3,1787696998-1581034,"free hit, fixed offset (control)",0,true,2022-23,2021-22,1,38,5,false,2073,1842,39,2,54.55263157894737,48.473684210526315,,,,,,,1845,48.55263157894737,1582,41.63157894736842,36,0,,,1.75,32,35,16,7,22,0,,,,,,0,0,0,,,,0,0,0,,,,0,0,0,,,,0,,,,42,22,42,22,0,0,0,0,0,0,,,,,,,,,,,1851.9591496843016,48.73576709695531,2084.610428446525,54.85816916964539,,55,fe5b3efc1102,-,none
TestDiagAnchoredChipDecomposition#3,1787696998-1581034,"free hit, fixed offset (control)",0,true,2023-24,2022-23,1,38,5,false,2373,1806,40,3,62.44736842105263,47.526315789473685,,,,,,,1780,46.8421052631579,1569,41.28947368421053,36,0,,,1.6111111111111112,32,36,16,9,13,0,,,,,,0,0,0,,,,0,0,0,,,,0,0,0,,,,0,,,,23,23,23,21,0,0,0,0,0,0,,,,,,,,,,,1847.281228959663,48.61266391999113,2314.6676700330345,60.91230710613249,,55,7df5f95f1759,-,none
TestDiagAnchoredChipDecomposition#3,1787696998-1581034,"free hit, fixed offset (control)",0,true,2024-25,2023-24,1,38,5,false,2442,1908,38,1,64.26315789473684,50.21052631578947,,,,,,,1890,49.73684210526316,1708,44.94736842105263,36,0,,,1.8333333333333333,32,33,14,9,11,0,,,,,,0,0,0,,,,0,0,0,,,,0,0,0,,,,0,,,,10,10,10,10,0,0,0,0,0,0,,,,,,,,,,,1984.839567078322,52.23262018627163,2327.4983711104774,61.249957134486245,,55,d0f719155ebc,-,none
TestDiagAnchoredChipDecomposition#3,1787696998-1581034,"free hit, fixed offset (control)",0,true,2025-26,2024-25,1,38,5,false,2181,1523,35,1,57.39473684210526,40.078947368421055,,,,,,,1529,40.23684210526316,1375,36.18421052631579,36,0,,,1.3888888888888888,32,30,9,8,-5,0,,,,,,0,0,0,,,,0,0,0,,,,0,0,0,,,,0,,,,10,10,10,10,0,0,0,0,0,0,,,,,,,,,,,1583.8646329653097,41.680648235929205,2105.4794793354527,55.40735471935402,,55,cdb305de770a,-,none
TestDiagAnchoredChipDecomposition#3,1787696998-1581034,"free hit, fixed offset (control)",0,true,2020-21,2019-20,6,33,5,false,1756,1472,35,4,53.21212121212121,44.60606060606061,,,,,,,1475,44.696969696969695,1289,39.06060606060606,31,0,,,1.2903225806451613,31,35,12,11,1,0,,,,,,0,0,0,,,,0,0,0,,,,0,0,0,,,,0,,,,43,40,43,40,0,0,0,0,0,0,,,,,,,,,,,1534.394651048999,46.49680760754543,1808.968089827096,54.81721484324533,,55,97ea61125f1b,-,none
TestDiagAnchoredChipDecomposition#3,1787696998-1581034,"free hit, fixed offset (control)",0,true,2021-22,2020-21,6,33,5,false,1842,1574,38,6,55.81818181818182,47.696969696969695,,,,,,,1610,48.78787878787879,1365,41.36363636363637,31,0,,,1.1935483870967742,31,38,9,11,-5,0,,,,,,0,0,0,,,,0,0,0,,,,0,0,0,,,,0,,,,61,61,61,61,0,0,0,0,0,0,,,,,,,,,,,1609.57570800674,48.77502145474969,1933.072180641484,58.577944867923755,,55,0e990ffa7a1d,-,none
TestDiagAnchoredChipDecomposition#3,1787696998-1581034,"free hit, fixed offset (control)",0,true,2022-23,2021-22,6,33,5,false,1852,1593,32,0,56.121212121212125,48.27272727272727,,,,,,,1532,46.42424242424242,1404,42.54545454545455,31,0,,,1.967741935483871,31,32,16,5,13,0,,,,,,0,0,0,,,,0,0,0,,,,0,0,0,,,,0,,,,42,22,42,16,0,0,0,0,0,0,,,,,,,,,,,1557.4285121108142,47.1948033972974,1856.1880390505078,56.248122395469935,,55,4d36c0997487,-,none
TestDiagAnchoredChipDecomposition#3,1787696998-1581034,"free hit, fixed offset (control)",0,true,2023-24,2022-23,6,33,5,false,2104,1724,33,2,63.75757575757576,52.24242424242424,,,,,,,1702,51.57575757575758,1484,44.96969696969697,31,0,,,1.967741935483871,31,33,12,13,4,0,,,,,,0,0,0,,,,0,0,0,,,,0,0,0,,,,0,,,,23,21,21,21,0,0,0,0,0,0,,,,,,,,,,,1721.7944263935356,52.175588678591986,2075.3934217331384,62.89070974948904,,55,a4cd558c8a6c,-,none
TestDiagAnchoredChipDecomposition#3,1787696998-1581034,"free hit, fixed offset (control)",0,true,2024-25,2023-24,6,33,5,false,1939,1744,29,1,58.75757575757576,52.84848484848485,,,,,,,1641,49.72727272727273,1485,45,31,0,,,2.096774193548387,31,29,15,5,21,0,,,,,,0,0,0,,,,0,0,0,,,,0,0,0,,,,0,,,,10,10,10,10,0,0,0,0,0,0,,,,,,,,,,,1754.9002266108062,53.17879474578201,1974.6457021276449,59.83774854932257,,55,7d06f846b27d,-,none
TestDiagAnchoredChipDecomposition#3,1787696998-1581034,"free hit, fixed offset (control)",0,true,2025-26,2024-25,6,33,5,false,1923,1743,30,1,58.27272727272727,52.81818181818182,,,,,,,1663,50.39393939393939,1547,46.878787878787875,31,0,,,1.935483870967742,31,30,6,9,-5,0,,,,,,0,0,0,,,,0,0,0,,,,0,0,0,,,,0,,,,10,10,10,10,0,0,0,0,0,0,,,,,,,,,,,1697.4225268293555,51.43704626755623,1871.611251557443,56.71549247143766,,55,135d9da53c17,-,none
TestDiagAnchoredChipDecomposition#3,1787696998-1581034,"free hit, fixed offset (control)",0,true,2020-21,2019-20,11,28,5,false,1530,1207,28,1,54.642857142857146,43.107142857142854,,,,,,,1202,42.92857142857143,1038,37.07142857142857,26,0,,,1.5769230769230769,26,28,11,9,7,0,,,,,,0,0,0,,,,0,0,0,,,,0,0,0,,,,0,,,,43,38,43,38,0,0,0,0,0,0,,,,,,,,,,,1314.8475773872626,46.95884204954509,1590.835140607458,56.81554073598064,,55,5babbe645ffb,-,none
TestDiagAnchoredChipDecomposition#3,1787696998-1581034,"free hit, fixed offset (control)",0,true,2021-22,2020-21,11,28,5,false,1712,1617,36,9,61.142857142857146,57.75,,,,,,,1645,58.75,1457,52.035714285714285,26,0,,,1.3461538461538463,26,36,20,4,19,0,,,,,,0,0,0,,,,0,0,0,,,,0,0,0,,,,0,,,,61,61,61,59,0,0,0,0,0,0,,,,,,,,,,,1633.6274253300003,58.343836618928584,1722.7210911088978,61.52575325388921,,55,6ae53959ac30,-,none
TestDiagAnchoredChipDecomposition#3,1787696998-1581034,"free hit, fixed offset (control)",0,true,2022-23,2021-22,11,28,5,false,1657,1501,27,1,59.17857142857143,53.607142857142854,,,,,,,1440,51.42857142857143,1317,47.035714285714285,26,0,,,2.6538461538461537,26,27,13,4,18,0,,,,,,0,0,0,,,,0,0,0,,,,0,0,0,,,,0,,,,42,16,42,14,0,0,0,0,0,0,,,,,,,,,,,1466.7078012475051,52.382421473125184,1638.0893685987887,58.503191735671024,,55,7db449dfa863,-,none
TestDiagAnchoredChipDecomposition#3,1787696998-1581034,"free hit, fixed offset (control)",0,true,2023-24,2022-23,11,28,5,false,1687,1428,29,1,60.25,51,,,,,,,1405,50.17857142857143,1247,44.535714285714285,26,0,,,1.8076923076923077,26,29,10,7,1,0,,,,,,0,0,0,,,,0,0,0,,,,0,0,0,,,,0,,,,21,21,21,21,0,0,0,0,0,0,,,,,,,,,,,1416.7846694489685,50.5994524803203,1721.7342252650612,61.49050804518076,,55,2a84996b516a,-,none
TestDiagAnchoredChipDecomposition#3,1787696998-1581034,"free hit, fixed offset (control)",0,true,2024-25,2023-24,11,28,5,false,1828,1681,28,2,65.28571428571429,60.035714285714285,,,,,,,1681,60.035714285714285,1412,50.42857142857143,26,0,,,1.4615384615384615,26,28,12,11,6,0,,,,,,0,0,0,,,,0,0,0,,,,0,0,0,,,,0,,,,10,10,10,8,0,0,0,0,0,0,,,,,,,,,,,1648.6369668324785,58.87989167258852,1747.4367763082575,62.408456296723486,,55,a6e9f92d83f6,-,none
TestDiagAnchoredChipDecomposition#3,1787696998-1581034,"free hit, fixed offset (control)",0,true,2025-26,2024-25,11,28,5,false,1518,1444,26,1,54.214285714285715,51.57142857142857,,,,,,,1416,50.57142857142857,1259,44.964285714285715,26,0,,,1.4230769230769231,26,26,9,8,-3,0,,,,,,0,0,0,,,,0,0,0,,,,0,0,0,,,,0,,,,10,10,10,10,0,0,0,0,0,0,,,,,,,,,,,1420.3707344105421,50.72752622894793,1505.4830063958484,53.76725022842316,,55,71a4b81a55e0,-,none
TestDiagAnchoredChipDecomposition#3,1787696998-1581034,"free hit, fixed offset (control)",0,true,2020-21,2019-20,16,23,5,false,1218,1114,23,1,52.95652173913044,48.43478260869565,,,,,,,1080,46.95652173913044,967,42.04347826086956,21,0,,,1.380952380952381,21,23,4,8,-7,0,,,,,,0,0,0,,,,0,0,0,,,,0,0,0,,,,0,,,,43,34,32,23,0,0,0,0,0,0,,,,,,,,,,,1173.5640425756817,51.02452359024703,1286.1219128577634,55.91834403729406,,55,de8a604a1657,-,none
TestDiagAnchoredChipDecomposition#3,1787696998-1581034,"free hit, fixed offset (control)",0,true,2021-22,2020-21,16,23,5,false,1271,1177,28,6,55.26086956521739,51.17391304347826,,,,,,,1195,51.95652173913044,1070,46.52173913043478,21,0,,,1.3333333333333333,21,28,12,6,9,0,,,,,,0,0,0,,,,0,0,0,,,,0,0,0,,,,0,,,,61,57,61,27,0,0,0,0,0,0,,,,,,,,,,,1236.9240292167237,53.77930561811842,1360.0764668546437,59.133759428462774,,55,35526a2ffafc,-,none
TestDiagAnchoredChipDecomposition#3,1787696998-1581034,"free hit, fixed offset (control)",0,true,2022-23,2021-22,16,23,5,false,1433,1122,22,0,62.30434782608695,48.78260869565217,,,,,,,1061,46.130434782608695,954,41.47826086956522,21,0,,,1.8095238095238095,21,22,8,3,4,0,,,,,,0,0,0,,,,0,0,0,,,,0,0,0,,,,0,,,,42,14,36,14,0,0,0,0,0,0,,,,,,,,,,,1112.8111678776331,48.38309425554927,1425.5816153388441,61.981809362558444,,55,65d58aa0e3ae,-,none
TestDiagAnchoredChipDecomposition#3,1787696998-1581034,"free hit, fixed offset (control)",0,true,2023-24,2022-23,16,23,5,false,1418,1085,23,2,61.65217391304348,47.17391304347826,,,,,,,1085,47.17391304347826,934,40.608695652173914,21,0,,,1.5714285714285714,21,23,11,4,13,0,,,,,,0,0,0,,,,0,0,0,,,,0,0,0,,,,0,,,,21,21,21,17,0,0,0,0,0,0,,,,,,,,,,,1100.0328547404902,47.82751542349957,1415.13562619099,61.52763592134739,,55,291eebc880a2,-,none
TestDiagAnchoredChipDecomposition#3,1787696998-1581034,"free hit, fixed offset (control)",0,true,2024-25,2023-24,16,23,5,false,1470,1367,19,1,63.91304347826087,59.43478260869565,,,,,,,1367,59.43478260869565,1174,51.04347826086956,21,0,,,3.0476190476190474,21,19,6,5,6,0,,,,,,0,0,0,,,,0,0,0,,,,0,0,0,,,,0,,,,10,8,10,8,0,0,0,0,0,0,,,,,,,,,,,1409.2322184264299,61.27096601854043,1479.8628926098845,64.34186489608193,,55,0a92238fc17e,-,none
TestDiagAnchoredChipDecomposition#3,1787696998-1581034,"free hit, fixed offset (control)",0,true,2025-26,2024-25,16,23,5,false,1239,1307,20,1,53.869565217391305,56.82608695652174,,,,,,,1308,56.869565217391305,1146,49.82608695652174,21,0,,,1.7142857142857142,21,20,6,3,4,0,,,,,,0,0,0,,,,0,0,0,,,,0,0,0,,,,0,,,,10,10,10,10,0,0,0,0,0,0,,,,,,,,,,,1247.0166669781659,54.21811595557243,1220.306625294213,53.05680979540057,,55,439f261a429b,-,none
TestDiagAnchoredChipDecomposition#3,1787696998-1581034,"free hit, fixed offset (control)",0,true,2020-21,2019-20,21,18,5,false,970,865,15,0,53.888888888888886,48.05555555555556,,,,,,,886,49.22222222222222,768,42.666666666666664,16,0,,,1.5,16,15,3,7,-10,0,,,,,,0,0,0,,,,0,0,0,,,,0,0,0,,,,0,,,,32,23,26,23,0,0,0,0,0,0,,,,,,,,,,,896.1727611432091,49.78737561906717,1013.8731283784629,56.326284909914605,,55,dc98d0376744,-,none
TestDiagAnchoredChipDecomposition#3,1787696998-1581034,"free hit, fixed offset (control)",0,true,2021-22,2020-21,21,18,5,false,1192,928,20,3,66.22222222222223,51.55555555555556,,,,,,,946,52.55555555555556,839,46.611111111111114,16,0,,,1.375,16,20,8,4,5,0,,,,,,0,0,0,,,,0,0,0,,,,0,0,0,,,,0,,,,59,25,51,19,0,0,0,0,0,0,,,,,,,,,,,971.4085084485752,53.96713935825417,1152.9316224479944,64.05175680266636,,55,17afedb0c8fd,-,none
TestDiagAnchoredChipDecomposition#3,1787696998-1581034,"free hit, fixed offset (control)",0,true,2022-23,2021-22,21,18,5,false,1152,1149,15,0,64,63.833333333333336,,,,,,,1145,63.611111111111114,1000,55.55555555555556,16,0,,,2.5625,16,15,6,2,5,0,,,,,,0,0,0,,,,0,0,0,,,,0,0,0,,,,0,,,,36,14,28,10,0,0,0,0,0,0,,,,,,,,,,,1139.265768648044,63.29254270266912,1155.4308286393793,64.19060159107663,,55,99c281b32f56,-,none
TestDiagAnchoredChipDecomposition#3,1787696998-1581034,"free hit, fixed offset (control)",0,true,2023-24,2022-23,21,18,5,false,1145,964,17,0,63.611111111111114,53.55555555555556,,,,,,,954,53,845,46.94444444444444,16,0,,,1.5,16,17,9,4,4,0,,,,,,0,0,0,,,,0,0,0,,,,0,0,0,,,,0,,,,21,17,17,17,0,0,0,0,0,0,,,,,,,,,,,996.2801720475503,55.34889844708613,1154.9823888436779,64.16568826909321,,55,a39e1a72098e,-,none
TestDiagAnchoredChipDecomposition#3,1787696998-1581034,"free hit, fixed offset (control)",0,true,2024-25,2023-24,21,18,5,false,1074,956,17,1,59.666666666666664,53.111111111111114,,,,,,,956,53.111111111111114,821,45.611111111111114,16,0,,,1.6875,16,17,11,2,14,0,,,,,,0,0,0,,,,0,0,0,,,,0,0,0,,,,0,,,,10,8,6,8,0,0,0,0,0,0,,,,,,,,,,,978.7329286819744,54.37405159344302,1105.2649290688746,61.40360717049303,,55,606dfdefbccb,-,none
TestDiagAnchoredChipDecomposition#3,1787696998-1581034,"free hit, fixed offset (control)",0,true,2025-26,2024-25,21,18,5,false,1086,942,15,1,60.333333333333336,52.333333333333336,,,,,,,927,51.5,841,46.72222222222222,16,0,,,2.75,16,15,7,5,0,0,,,,,,0,0,0,,,,0,0,0,,,,0,0,0,,,,0,,,,10,10,10,10,0,0,0,0,0,0,,,,,,,,,,,912.9456155568754,50.71920086427085,1010.4111029923299,56.13395016624055,,55,73261d35b823,-,none
TestDiagAnchoredChipDecomposition#3,1787696998-1581034,"free hit, fixed offset (control)",0,true,2020-21,2019-20,26,13,5,false,688,626,12,0,52.92307692307692,48.15384615384615,,,,,,,634,48.76923076923077,567,43.61538461538461,11,0,,,1.2727272727272727,11,12,6,4,3,0,,,,,,0,0,0,,,,0,0,0,,,,0,0,0,,,,0,,,,12,23,10,11,0,0,0,0,0,0,,,,,,,,,,,661.0222769997476,50.84786746151905,747.2619500053793,57.48168846195225,,55,5fce185dc3f5,-,none
TestDiagAnchoredChipDecomposition#3,1787696998-1581034,"free hit, fixed offset (control)",0,true,2021-22,2020-21,26,13,5,false,741,616,16,4,57,47.38461538461539,,,,,,,614,47.23076923076923,558,42.92307692307692,11,0,,,1.1818181818181819,11,16,6,3,2,0,,,,,,0,0,0,,,,0,0,0,,,,0,0,0,,,,0,,,,43,19,28,4,0,0,0,0,0,0,,,,,,,,,,,652.4643864194713,50.18956818611318,798.3403862154609,61.41079893965083,,55,48df38b83639,-,none
TestDiagAnchoredChipDecomposition#3,1787696998-1581034,"free hit, fixed offset (control)",0,true,2022-23,2021-22,26,13,5,false,890,848,10,0,68.46153846153847,65.23076923076923,,,,,,,844,64.92307692307692,732,56.30769230769231,11,0,,,3.272727272727273,11,10,7,0,10,0,,,,,,0,0,0,,,,0,0,0,,,,0,0,0,,,,0,,,,28,10,12,4,0,0,0,0,0,0,,,,,,,,,,,822.1060260700225,63.23892508230942,867.1275817701812,66.70212167462932,,55,b4ce40b451a5,-,none
TestDiagAnchoredChipDecomposition#3,1787696998-1581034,"free hit, fixed offset (control)",0,true,2023-24,2022-23,26,13,5,false,839,617,11,0,64.53846153846153,47.46153846153846,,,,,,,619,47.61538461538461,548,42.15384615384615,11,0,,,1.5454545454545454,11,11,5,2,6,0,,,,,,0,0,0,,,,0,0,0,,,,0,0,0,,,,0,,,,17,13,15,1,0,0,0,0,0,0,,,,,,,,,,,637.2043322278133,49.01571786367795,797.5793182731968,61.35225525178437,,55,d725094b2efe,-,none
TestDiagAnchoredChipDecomposition#3,1787696998-1581034,"free hit, fixed offset (control)",0,true,2024-25,2023-24,26,13,5,false,683,692,12,1,52.53846153846154,53.23076923076923,,,,,,,692,53.23076923076923,619,47.61538461538461,11,0,,,1.6363636363636365,11,12,8,3,6,0,,,,,,0,0,0,,,,0,0,0,,,,0,0,0,,,,0,,,,6,8,6,4,0,0,0,0,0,0,,,,,,,,,,,728.9946771610494,56.076513627773025,739.0288146348473,56.848370356526715,,55,685eecb0cbdb,-,none
TestDiagAnchoredChipDecomposition#3,1787696998-1581034,"free hit, fixed offset (control)",0,true,2025-26,2024-25,26,13,5,false,776,756,9,0,59.69230769230769,58.15384615384615,,,,,,,757,58.23076923076923,655,50.38461538461539,11,0,,,1.8181818181818181,11,9,2,5,-7,0,,,,,,0,0,0,,,,0,0,0,,,,0,0,0,,,,0,,,,8,10,8,10,0,0,0,0,0,0,,,,,,,,,,,710.1237686554032,54.62490528118486,726.296532594701,55.86896404574623,,55,32f63ab9f3ba,-,none
TestDiagAnchoredChipDecomposition#3,1787696998-1581034,"free hit, anchored (4gw sight)",1,false,2020-21,2019-20,1,38,5,false,2085,1628,43,6,54.86842105263158,42.8421052631579,,,,,,,1628,42.8421052631579,1388,36.526315789473685,36,0,,,1.1111111111111112,32,38,9,18,-17,0,,,,,,0,0,0,,,,0,0,0,,,,0,0,0,,,,0,,,,43,40,43,40,0,0,0,0,0,0,,,,,,,,,,,1629.8410135822319,42.8905529890061,2085.2938871288516,54.87615492444346,,55,98b82c09e797,-,none
TestDiagAnchoredChipDecomposition#3,1787696998-1581034,"free hit, anchored (4gw sight)",1,false,2021-22,2020-21,1,38,5,false,2296,1896,44,7,60.421052631578945,49.89473684210526,,,,,,,1941,51.078947368421055,1646,43.31578947368421,36,0,,,1.4722222222222223,32,41,14,18,-10,0,,,,,,0,0,0,,,,0,0,0,,,,0,0,0,,,,0,,,,61,61,61,61,0,0,0,0,0,0,,,,,,,,,,,1900.8006137807054,50.02106878370277,2277.8544348545092,59.94353775932919,,55,afeb5fe71ddc,-,none
TestDiagAnchoredChipDecomposition#3,1787696998-1581034,"free hit, anchored (4gw sight)",1,false,2022-23,2021-22,1,38,5,false,2090,1842,33,0,55,48.473684210526315,,,,,,,1845,48.55263157894737,1582,41.63157894736842,36,0,,,3.0833333333333335,32,29,16,5,18,0,,,,,,0,0,0,,,,0,0,0,,,,0,0,0,,,,0,,,,42,22,42,22,0,0,0,0,0,0,,,,,,,,,,,1851.9591496843016,48.73576709695531,2124.4855683711417,55.907514957135305,,55,fe5b3efc1102,-,none
TestDiagAnchoredChipDecomposition#3,1787696998-1581034,"free hit, anchored (4gw sight)",1,false,2023-24,2022-23,1,38,5,false,2305,1806,39,2,60.6578947368421,47.526315789473685,,,,,,,1780,46.8421052631579,1569,41.28947368421053,36,0,,,1.6944444444444444,32,35,12,8,7,0,,,,,,0,0,0,,,,0,0,0,,,,0,0,0,,,,0,,,,23,23,23,21,0,0,0,0,0,0,,,,,,,,,,,1847.281228959663,48.61266391999113,2288.9601495005936,60.23579340791036,,55,7df5f95f1759,-,none
TestDiagAnchoredChipDecomposition#3,1787696998-1581034,"free hit, anchored (4gw sight)",1,false,2024-25,2023-24,1,38,5,false,2455,1908,34,2,64.60526315789474,50.21052631578947,,,,,,,1890,49.73684210526316,1708,44.94736842105263,36,0,,,2.0833333333333335,32,29,13,9,6,0,,,,,,0,0,0,,,,0,0,0,,,,0,0,0,,,,0,,,,10,10,10,10,0,0,0,0,0,0,,,,,,,,,,,1984.839567078322,52.23262018627163,2348.7505028342293,61.80922375879551,,55,d0f719155ebc,-,none
TestDiagAnchoredChipDecomposition#3,1787696998-1581034,"free hit, anchored (4gw sight)",1,false,2025-26,2024-25,1,38,5,false,2195,1523,35,1,57.76315789473684,40.078947368421055,,,,,,,1529,40.23684210526316,1375,36.18421052631579,36,0,,,1.4166666666666667,32,30,9,8,-5,0,,,,,,0,0,0,,,,0,0,0,,,,0,0,0,,,,0,,,,10,10,10,10,0,0,0,0,0,0,,,,,,,,,,,1583.8646329653097,41.680648235929205,2117.2330334486655,55.716658774964884,,55,cdb305de770a,-,none
TestDiagAnchoredChipDecomposition#3,1787696998-1581034,"free hit, anchored (4gw sight)",1,false,2020-21,2019-20,6,33,5,false,1799,1472,37,5,54.515151515151516,44.60606060606061,,,,,,,1475,44.696969696969695,1289,39.06060606060606,31,0,,,1.1935483870967742,31,37,10,13,-2,0,,,,,,0,0,0,,,,0,0,0,,,,0,0,0,,,,0,,,,43,40,43,40,0,0,0,0,0,0,,,,,,,,,,,1534.394651048999,46.49680760754543,1831.922882817239,55.512814630825424,,55,97ea61125f1b,-,none
TestDiagAnchoredChipDecomposition#3,1787696998-1581034,"free hit, anchored (4gw sight)",1,false,2021-22,2020-21,6,33,5,false,1859,1574,35,3,56.333333333333336,47.696969696969695,,,,,,,1610,48.78787878787879,1365,41.36363636363637,31,0,,,1.1612903225806452,31,35,12,10,0,0,,,,,,0,0,0,,,,0,0,0,,,,0,0,0,,,,0,,,,61,61,61,61,0,0,0,0,0,0,,,,,,,,,,,1609.57570800674,48.77502145474969,1942.809937019798,58.87302839453934,,55,0e990ffa7a1d,-,none
TestDiagAnchoredChipDecomposition#3,1787696998-1581034,"free hit, anchored (4gw sight)",1,false,2022-23,2021-22,6,33,5,false,1801,1593,30,0,54.57575757575758,48.27272727272727,,,,,,,1532,46.42424242424242,1404,42.54545454545455,31,0,,,2.6129032258064515,31,30,14,6,12,0,,,,,,0,0,0,,,,0,0,0,,,,0,0,0,,,,0,,,,42,22,42,16,0,0,0,0,0,0,,,,,,,,,,,1557.4285121108142,47.1948033972974,1826.893040418671,55.36039516420215,,55,4d36c0997487,-,none
TestDiagAnchoredChipDecomposition#3,1787696998-1581034,"free hit, anchored (4gw sight)",1,false,2023-24,2022-23,6,33,5,false,2073,1724,32,0,62.81818181818182,52.24242424242424,,,,,,,1702,51.57575757575758,1484,44.96969696969697,31,0,,,1.8064516129032258,31,32,13,9,13,0,,,,,,0,0,0,,,,0,0,0,,,,0,0,0,,,,0,,,,23,21,21,21,0,0,0,0,0,0,,,,,,,,,,,1721.7944263935356,52.175588678591986,2092.22550537524,63.40077289015879,,55,a4cd558c8a6c,-,none
TestDiagAnchoredChipDecomposition#3,1787696998-1581034,"free hit, anchored (4gw sight)",1,false,2024-25,2023-24,6,33,5,false,2021,1744,31,1,61.24242424242424,52.84848484848485,,,,,,,1641,49.72727272727273,1485,45,31,0,,,1.7741935483870968,31,31,11,4,14,0,,,,,,0,0,0,,,,0,0,0,,,,0,0,0,,,,0,,,,10,10,10,10,0,0,0,0,0,0,,,,,,,,,,,1754.9002266108062,53.17879474578201,2034.4347104894903,61.649536681499704,,55,7d06f846b27d,-,none
TestDiagAnchoredChipDecomposition#3,1787696998-1581034,"free hit, anchored (4gw sight)",1,false,2025-26,2024-25,6,33,5,false,1952,1743,29,1,59.15151515151515,52.81818181818182,,,,,,,1663,50.39393939393939,1547,46.878787878787875,31,0,,,1.903225806451613,31,29,7,8,-2,0,,,,,,0,0,0,,,,0,0,0,,,,0,0,0,,,,0,,,,10,10,10,10,0,0,0,0,0,0,,,,,,,,,,,1697.4225268293555,51.43704626755623,1876.1756253605995,56.853806829109075,,55,135d9da53c17,-,none
TestDiagAnchoredChipDecomposition#3,1787696998-1581034,"free hit, anchored (4gw sight)",1,false,2020-21,2019-20,11,28,5,false,1501,1207,29,2,53.607142857142854,43.107142857142854,,,,,,,1202,42.92857142857143,1038,37.07142857142857,26,0,,,1.4230769230769231,26,29,10,10,-2,0,,,,,,0,0,0,,,,0,0,0,,,,0,0,0,,,,0,,,,43,38,43,38,0,0,0,0,0,0,,,,,,,,,,,1314.8475773872626,46.95884204954509,1586.9096305378662,56.67534394778094,,55,5babbe645ffb,-,none
TestDiagAnchoredChipDecomposition#3,1787696998-1581034,"free hit, anchored (4gw sight)",1,false,2021-22,2020-21,11,28,5,false,1634,1617,36,9,58.357142857142854,57.75,,,,,,,1645,58.75,1457,52.035714285714285,26,0,,,1.2307692307692308,26,36,21,5,25,0,,,,,,0,0,0,,,,0,0,0,,,,0,0,0,,,,0,,,,61,61,61,59,0,0,0,0,0,0,,,,,,,,,,,1633.6274253300003,58.343836618928584,1670.5302435121368,59.661794411147746,,55,6ae53959ac30,-,none
TestDiagAnchoredChipDecomposition#3,1787696998-1581034,"free hit, anchored (4gw sight)",1,false,2022-23,2021-22,11,28,5,false,1695,1501,28,2,60.535714285714285,53.607142857142854,,,,,,,1440,51.42857142857143,1317,47.035714285714285,26,0,,,2.6153846153846154,26,28,11,6,7,0,,,,,,0,0,0,,,,0,0,0,,,,0,0,0,,,,0,,,,42,16,42,14,0,0,0,0,0,0,,,,,,,,,,,1466.7078012475051,52.382421473125184,1678.0874507020653,59.931694667930905,,55,7db449dfa863,-,none
TestDiagAnchoredChipDecomposition#3,1787696998-1581034,"free hit, anchored (4gw sight)",1,false,2023-24,2022-23,11,28,5,false,1713,1428,26,0,61.17857142857143,51,,,,,,,1405,50.17857142857143,1247,44.535714285714285,26,0,,,1.6923076923076923,26,26,13,3,14,0,,,,,,0,0,0,,,,0,0,0,,,,0,0,0,,,,0,,,,21,21,21,21,0,0,0,0,0,0,,,,,,,,,,,1416.7846694489685,50.5994524803203,1733.2947209937886,61.90338289263531,,55,2a84996b516a,-,none
TestDiagAnchoredChipDecomposition#3,1787696998-1581034,"free hit, anchored (4gw sight)",1,false,2024-25,2023-24,11,28,5,false,1834,1681,27,1,65.5,60.035714285714285,,,,,,,1681,60.035714285714285,1412,50.42857142857143,26,0,,,1.4615384615384615,26,27,12,9,7,0,,,,,,0,0,0,,,,0,0,0,,,,0,0,0,,,,0,,,,10,10,10,8,0,0,0,0,0,0,,,,,,,,,,,1648.6369668324785,58.87989167258852,1767.6446835826152,63.13016727080769,,55,a6e9f92d83f6,-,none
TestDiagAnchoredChipDecomposition#3,1787696998-1581034,"free hit, anchored (4gw sight)",1,false,2025-26,2024-25,11,28,5,false,1572,1444,27,2,56.142857142857146,51.57142857142857,,,,,,,1416,50.57142857142857,1259,44.964285714285715,26,0,,,1.4615384615384615,26,27,9,7,-1,0,,,,,,0,0,0,,,,0,0,0,,,,0,0,0,,,,0,,,,10,10,10,10,0,0,0,0,0,0,,,,,,,,,,,1420.3707344105421,50.72752622894793,1533.641500757711,54.77291074134682,,55,71a4b81a55e0,-,none
TestDiagAnchoredChipDecomposition#3,1787696998-1581034,"free hit, anchored (4gw sight)",1,false,2020-21,2019-20,16,23,5,false,1254,1114,23,2,54.52173913043478,48.43478260869565,,,,,,,1080,46.95652173913044,967,42.04347826086956,21,0,,,1.380952380952381,21,23,6,8,-6,0,,,,,,0,0,0,,,,0,0,0,,,,0,0,0,,,,0,,,,43,34,32,23,0,0,0,0,0,0,,,,,,,,,,,1173.5640425756817,51.02452359024703,1311.7521456734505,57.0327019858022,,55,de8a604a1657,-,none
TestDiagAnchoredChipDecomposition#3,1787696998-1581034,"free hit, anchored (4gw sight)",1,false,2021-22,2020-21,16,23,5,false,1366,1177,27,5,59.391304347826086,51.17391304347826,,,,,,,1195,51.95652173913044,1070,46.52173913043478,21,0,,,1.4761904761904763,21,27,15,5,14,0,,,,,,0,0,0,,,,0,0,0,,,,0,0,0,,,,0,,,,61,57,61,27,0,0,0,0,0,0,,,,,,,,,,,1236.9240292167237,53.77930561811842,1420.3988247084167,61.75647063949638,,55,35526a2ffafc,-,none
TestDiagAnchoredChipDecomposition#3,1787696998-1581034,"free hit, anchored (4gw sight)",1,false,2022-23,2021-22,16,23,5,false,1392,1122,21,0,60.52173913043478,48.78260869565217,,,,,,,1061,46.130434782608695,954,41.47826086956522,21,0,,,2.0952380952380953,21,21,10,3,8,0,,,,,,0,0,0,,,,0,0,0,,,,0,0,0,,,,0,,,,42,14,36,14,0,0,0,0,0,0,,,,,,,,,,,1112.8111678776331,48.38309425554927,1418.2481083799457,61.662961233910686,,55,65d58aa0e3ae,-,none
TestDiagAnchoredChipDecomposition#3,1787696998-1581034,"free hit, anchored (4gw sight)",1,false,2023-24,2022-23,16,23,5,false,1455,1085,23,1,63.26086956521739,47.17391304347826,,,,,,,1085,47.17391304347826,934,40.608695652173914,21,0,,,1.4761904761904763,21,23,7,5,7,0,,,,,,0,0,0,,,,0,0,0,,,,0,0,0,,,,0,,,,21,21,21,17,0,0,0,0,0,0,,,,,,,,,,,1100.0328547404902,47.82751542349957,1444.7726867246856,62.8162037706385,,55,291eebc880a2,-,none
TestDiagAnchoredChipDecomposition#3,1787696998-1581034,"free hit, anchored (4gw sight)",1,false,2024-25,2023-24,16,23,5,false,1492,1367,20,0,64.8695652173913,59.43478260869565,,,,,,,1367,59.43478260869565,1174,51.04347826086956,21,0,,,2.5238095238095237,21,20,5,6,2,0,,,,,,0,0,0,,,,0,0,0,,,,0,0,0,,,,0,,,,10,8,10,8,0,0,0,0,0,0,,,,,,,,,,,1409.2322184264299,61.27096601854043,1491.077343319541,64.82944970954526,,55,0a92238fc17e,-,none
TestDiagAnchoredChipDecomposition#3,1787696998-1581034,"free hit, anchored (4gw sight)",1,false,2025-26,2024-25,16,23,5,false,1314,1307,21,1,57.130434782608695,56.82608695652174,,,,,,,1308,56.869565217391305,1146,49.82608695652174,21,0,,,1.5714285714285714,21,21,6,6,-4,0,,,,,,0,0,0,,,,0,0,0,,,,0,0,0,,,,0,,,,10,10,10,10,0,0,0,0,0,0,,,,,,,,,,,1247.0166669781659,54.21811595557243,1248.7289914549633,54.29256484586797,,55,439f261a429b,-,none
TestDiagAnchoredChipDecomposition#3,1787696998-1581034,"free hit, anchored (4gw sight)",1,false,2020-21,2019-20,21,18,5,false,1050,865,15,0,58.333333333333336,48.05555555555556,,,,,,,886,49.22222222222222,768,42.666666666666664,16,0,,,1.4375,16,15,2,6,-6,0,,,,,,0,0,0,,,,0,0,0,,,,0,0,0,,,,0,,,,32,23,26,23,0,0,0,0,0,0,,,,,,,,,,,896.1727611432091,49.78737561906717,1075.8920731922808,59.7717818440156,,55,dc98d0376744,-,none
TestDiagAnchoredChipDecomposition#3,1787696998-1581034,"free hit, anchored (4gw sight)",1,false,2021-22,2020-21,21,18,5,false,1200,928,21,4,66.66666666666667,51.55555555555556,,,,,,,946,52.55555555555556,839,46.611111111111114,16,0,,,1.25,16,21,10,4,6,0,,,,,,0,0,0,,,,0,0,0,,,,0,0,0,,,,0,,,,59,25,51,19,0,0,0,0,0,0,,,,,,,,,,,971.4085084485752,53.96713935825417,1179.390571897395,65.52169843874417,,55,17afedb0c8fd,-,none
TestDiagAnchoredChipDecomposition#3,1787696998-1581034,"free hit, anchored (4gw sight)",1,false,2022-23,2021-22,21,18,5,false,1206,1149,12,0,67,63.833333333333336,,,,,,,1145,63.611111111111114,1000,55.55555555555556,16,0,,,3.1875,16,12,3,3,1,0,,,,,,0,0,0,,,,0,0,0,,,,0,0,0,,,,0,,,,36,14,28,10,0,0,0,0,0,0,,,,,,,,,,,1139.265768648044,63.29254270266912,1185.4454118311155,65.85807843506197,,55,99c281b32f56,-,none
TestDiagAnchoredChipDecomposition#3,1787696998-1581034,"free hit, anchored (4gw sight)",1,false,2023-24,2022-23,21,18,5,false,1218,964,17,0,67.66666666666667,53.55555555555556,,,,,,,954,53,845,46.94444444444444,16,0,,,1.5,16,17,10,3,9,0,,,,,,0,0,0,,,,0,0,0,,,,0,0,0,,,,0,,,,21,17,17,17,0,0,0,0,0,0,,,,,,,,,,,996.2801720475503,55.34889844708613,1204.5257231834973,66.91809573241652,,55,a39e1a72098e,-,none
TestDiagAnchoredChipDecomposition#3,1787696998-1581034,"free hit, anchored (4gw sight)",1,false,2024-25,2023-24,21,18,5,false,1076,956,16,0,59.77777777777778,53.111111111111114,,,,,,,956,53.111111111111114,821,45.611111111111114,16,0,,,1.6875,16,16,8,4,9,0,,,,,,0,0,0,,,,0,0,0,,,,0,0,0,,,,0,,,,10,8,6,8,0,0,0,0,0,0,,,,,,,,,,,978.7329286819744,54.37405159344302,1102.9571685596136,61.27539825331186,,55,606dfdefbccb,-,none
TestDiagAnchoredChipDecomposition#3,1787696998-1581034,"free hit, anchored (4gw sight)",1,false,2025-26,2024-25,21,18,5,false,1098,942,15,0,61,52.333333333333336,,,,,,,927,51.5,841,46.72222222222222,16,0,,,2.5625,16,15,7,6,0,0,,,,,,0,0,0,,,,0,0,0,,,,0,0,0,,,,0,,,,10,10,10,10,0,0,0,0,0,0,,,,,,,,,,,912.9456155568754,50.71920086427085,1025.0248605001523,56.945825583341794,,55,73261d35b823,-,none
TestDiagAnchoredChipDecomposition#3,1787696998-1581034,"free hit, anchored (4gw sight)",1,false,2020-21,2019-20,26,13,5,false,709,626,13,2,54.53846153846154,48.15384615384615,,,,,,,634,48.76923076923077,567,43.61538461538461,11,0,,,1.3636363636363635,11,13,3,6,-6,0,,,,,,0,0,0,,,,0,0,0,,,,0,0,0,,,,0,,,,12,23,10,11,0,0,0,0,0,0,,,,,,,,,,,661.0222769997476,50.84786746151905,770.3298290479346,59.25614069599497,,55,5fce185dc3f5,-,none
TestDiagAnchoredChipDecomposition#3,1787696998-1581034,"free hit, anchored (4gw sight)",1,false,2021-22,2020-21,26,13,5,false,783,616,15,3,60.23076923076923,47.38461538461539,,,,,,,614,47.23076923076923,558,42.92307692307692,11,0,,,1.1818181818181819,11,15,7,2,5,0,,,,,,0,0,0,,,,0,0,0,,,,0,0,0,,,,0,,,,43,19,28,4,0,0,0,0,0,0,,,,,,,,,,,652.4643864194713,50.18956818611318,826.2830542839275,63.560234944917504,,55,48df38b83639,-,none
TestDiagAnchoredChipDecomposition#3,1787696998-1581034,"free hit, anchored (4gw sight)",1,false,2022-23,2021-22,26,13,5,false,881,848,11,0,67.76923076923077,65.23076923076923,,,,,,,844,64.92307692307692,732,56.30769230769231,11,0,,,2.8181818181818183,11,11,5,1,5,0,,,,,,0,0,0,,,,0,0,0,,,,0,0,0,,,,0,,,,28,10,12,4,0,0,0,0,0,0,,,,,,,,,,,822.1060260700225,63.23892508230942,858.1069079319203,66.0082236870708,,55,b4ce40b451a5,-,none
TestDiagAnchoredChipDecomposition#3,1787696998-1581034,"free hit, anchored (4gw sight)",1,false,2023-24,2022-23,26,13,5,false,839,617,11,0,64.53846153846153,47.46153846153846,,,,,,,619,47.61538461538461,548,42.15384615384615,11,0,,,1.4545454545454546,11,11,5,2,6,0,,,,,,0,0,0,,,,0,0,0,,,,0,0,0,,,,0,,,,17,13,15,1,0,0,0,0,0,0,,,,,,,,,,,637.2043322278133,49.01571786367795,800.7656860882543,61.59736046832725,,55,d725094b2efe,-,none
TestDiagAnchoredChipDecomposition#3,1787696998-1581034,"free hit, anchored (4gw sight)",1,false,2024-25,2023-24,26,13,5,false,740,692,11,0,56.92307692307692,53.23076923076923,,,,,,,692,53.23076923076923,619,47.61538461538461,11,0,,,1.6363636363636365,11,11,7,1,8,0,,,,,,0,0,0,,,,0,0,0,,,,0,0,0,,,,0,,,,6,8,6,4,0,0,0,0,0,0,,,,,,,,,,,728.9946771610494,56.076513627773025,759.6658186247439,58.43583220190338,,55,685eecb0cbdb,-,none
TestDiagAnchoredChipDecomposition#3,1787696998-1581034,"free hit, anchored (4gw sight)",1,false,2025-26,2024-25,26,13,5,false,804,756,8,0,61.84615384615385,58.15384615384615,,,,,,,757,58.23076923076923,655,50.38461538461539,11,0,,,2.272727272727273,11,8,2,4,-6,0,,,,,,0,0,0,,,,0,0,0,,,,0,0,0,,,,0,,,,8,10,8,10,0,0,0,0,0,0,,,,,,,,,,,710.1237686554032,54.62490528118486,744.344242435571,57.25724941812085,,55,32f63ab9f3ba,-,none
TestDiagAnchoredChipDecomposition#4,1787696998-1581034,"triple captain, fixed offset (control)",0,true,2020-21,2019-20,1,38,5,false,2069,1628,43,6,54.44736842105263,42.8421052631579,,,,,,,1628,42.8421052631579,1388,36.526315789473685,37,0,,,1.0810810810810811,33,38,9,18,-17,0,,,,,,0,0,0,,,,0,0,0,,,,0,0,0,,,,0,,,,43,40,43,40,0,0,0,0,14,16,,,,,,,,,,,1629.8410135822319,42.8905529890061,2047.8930553470432,53.89192250913271,,55,98b82c09e797,-,none
TestDiagAnchoredChipDecomposition#4,1787696998-1581034,"triple captain, fixed offset (control)",0,true,2021-22,2020-21,1,38,5,false,2145,1896,45,7,56.44736842105263,49.89473684210526,,,,,,,1941,51.078947368421055,1646,43.31578947368421,37,0,,,1.3513513513513513,33,42,10,15,-7,0,,,,,,0,0,0,,,,0,0,0,,,,0,0,0,,,,0,,,,61,61,61,61,0,0,0,0,14,15,,,,,,,,,,,1900.8006137807054,50.02106878370277,2206.7997153786378,58.07367672049047,,55,afeb5fe71ddc,-,none
TestDiagAnchoredChipDecomposition#4,1787696998-1581034,"triple captain, fixed offset (control)",0,true,2022-23,2021-22,1,38,5,false,2096,1842,33,0,55.1578947368421,48.473684210526315,,,,,,,1845,48.55263157894737,1582,41.63157894736842,37,0,,,3.027027027027027,33,29,16,5,18,0,,,,,,0,0,0,,,,0,0,0,,,,0,0,0,,,,0,,,,42,22,42,22,0,0,0,0,14,1,,,,,,,,,,,1851.9591496843016,48.73576709695531,2122.573817886841,55.857205733864234,,55,fe5b3efc1102,-,none
TestDiagAnchoredChipDecomposition#4,1787696998-1581034,"triple captain, fixed offset (control)",0,true,2023-24,2022-23,1,38,5,false,2380,1806,40,3,62.63157894736842,47.526315789473685,,,,,,,1780,46.8421052631579,1569,41.28947368421053,37,0,,,1.6486486486486487,33,36,16,9,13,0,,,,,,0,0,0,,,,0,0,0,,,,0,0,0,,,,0,,,,23,23,23,21,0,0,0,0,14,5,,,,,,,,,,,1847.281228959663,48.61266391999113,2314.944820975577,60.919600551988864,,55,7df5f95f1759,-,none
TestDiagAnchoredChipDecomposition#4,1787696998-1581034,"triple captain, fixed offset (control)",0,true,2024-25,2023-24,1,38,5,false,2448,1908,34,2,64.42105263157895,50.21052631578947,,,,,,,1890,49.73684210526316,1708,44.94736842105263,37,0,,,2.054054054054054,33,29,13,9,6,0,,,,,,0,0,0,,,,0,0,0,,,,0,0,0,,,,0,,,,10,10,10,10,0,0,0,0,0,0,,,,,,,,,,,1984.839567078322,52.23262018627163,2342.6271800092795,61.648083684454726,,55,d0f719155ebc,-,none
TestDiagAnchoredChipDecomposition#4,1787696998-1581034,"triple captain, fixed offset (control)",0,true,2025-26,2024-25,1,38,5,false,2180,1523,35,1,57.36842105263158,40.078947368421055,,,,,,,1529,40.23684210526316,1375,36.18421052631579,37,0,,,1.3783783783783783,33,30,9,8,-5,0,,,,,,0,0,0,,,,0,0,0,,,,0,0,0,,,,0,,,,10,10,10,10,0,0,0,0,0,0,,,,,,,,,,,1583.8646329653097,41.680648235929205,2107.5021769929317,55.46058360507715,,55,cdb305de770a,-,none
TestDiagAnchoredChipDecomposition#4,1787696998-1581034,"triple captain, fixed offset (control)",0,true,2020-21,2019-20,6,33,5,false,1793,1472,37,5,54.333333333333336,44.60606060606061,,,,,,,1475,44.696969696969695,1289,39.06060606060606,32,0,,,1.1875,32,37,10,13,-2,0,,,,,,0,0,0,,,,0,0,0,,,,0,0,0,,,,0,,,,43,40,43,40,0,0,0,0,19,8,,,,,,,,,,,1534.394651048999,46.49680760754543,1816.5986803975256,55.04844486053108,,55,97ea61125f1b,-,none
TestDiagAnchoredChipDecomposition#4,1787696998-1581034,"triple captain, fixed offset (control)",0,true,2021-22,2020-21,6,33,5,false,1849,1574,38,6,56.03030303030303,47.696969696969695,,,,,,,1610,48.78787878787879,1365,41.36363636363637,32,0,,,1.1875,32,38,9,11,-5,0,,,,,,0,0,0,,,,0,0,0,,,,0,0,0,,,,0,,,,61,61,61,61,0,0,0,0,19,0,,,,,,,,,,,1609.57570800674,48.77502145474969,1936.1051955755504,58.669854411380314,,55,0e990ffa7a1d,-,none
TestDiagAnchoredChipDecomposition#4,1787696998-1581034,"triple captain, fixed offset (control)",0,true,2022-23,2021-22,6,33,5,false,1794,1593,31,0,54.36363636363637,48.27272727272727,,,,,,,1532,46.42424242424242,1404,42.54545454545455,32,0,,,1.5,32,31,19,7,19,0,,,,,,0,0,0,,,,0,0,0,,,,0,0,0,,,,0,,,,42,22,42,16,0,0,0,0,19,2,,,,,,,,,,,1557.4285121108142,47.1948033972974,1815.314167866876,55.00952023839018,,55,4d36c0997487,-,none
TestDiagAnchoredChipDecomposition#4,1787696998-1581034,"triple captain, fixed offset (control)",0,true,2023-24,2022-23,6,33,5,false,2031,1724,32,0,61.54545454545455,52.24242424242424,,,,,,,1702,51.57575757575758,1484,44.96969696969697,32,0,,,1.75,32,32,15,10,15,0,,,,,,0,0,0,,,,0,0,0,,,,0,0,0,,,,0,,,,23,21,21,21,0,0,0,0,19,3,,,,,,,,,,,1721.7944263935356,52.175588678591986,2073.377625047201,62.82962500143034,,55,a4cd558c8a6c,-,none
TestDiagAnchoredChipDecomposition#4,1787696998-1581034,"triple captain, fixed offset (control)",0,true,2024-25,2023-24,6,33,5,false,1949,1744,32,1,59.06060606060606,52.84848484848485,,,,,,,1641,49.72727272727273,1485,45,32,0,,,1.625,32,32,14,6,17,0,,,,,,0,0,0,,,,0,0,0,,,,0,0,0,,,,0,,,,10,10,10,10,0,0,0,0,0,0,,,,,,,,,,,1754.9002266108062,53.17879474578201,2013.2192781406022,61.00664479213946,,55,7d06f846b27d,-,none
TestDiagAnchoredChipDecomposition#4,1787696998-1581034,"triple captain, fixed offset (control)",0,true,2025-26,2024-25,6,33,5,false,1934,1743,30,1,58.60606060606061,52.81818181818182,,,,,,,1663,50.39393939393939,1547,46.878787878787875,32,0,,,1.75,32,30,8,8,-1,0,,,,,,0,0,0,,,,0,0,0,,,,0,0,0,,,,0,,,,10,10,10,10,0,0,0,0,0,0,,,,,,,,,,,1697.4225268293555,51.43704626755623,1868.5569400708864,56.622937577905645,,55,135d9da53c17,-,none
TestDiagAnchoredChipDecomposition#4,1787696998-1581034,"triple captain, fixed offset (control)",0,true,2020-21,2019-20,11,28,5,false,1527,1207,28,3,54.535714285714285,43.107142857142854,,,,,,,1202,42.92857142857143,1038,37.07142857142857,27,0,,,1.6666666666666667,27,28,11,8,6,0,,,,,,0,0,0,,,,0,0,0,,,,0,0,0,,,,0,,,,43,38,43,38,0,0,0,0,24,9,,,,,,,,,,,1314.8475773872626,46.95884204954509,1596.480142226557,57.01714793666275,,55,5babbe645ffb,-,none
TestDiagAnchoredChipDecomposition#4,1787696998-1581034,"triple captain, fixed offset (control)",0,true,2021-22,2020-21,11,28,5,false,1664,1617,34,7,59.42857142857143,57.75,,,,,,,1645,58.75,1457,52.035714285714285,27,0,,,1.2962962962962963,27,34,19,6,18,0,,,,,,0,0,0,,,,0,0,0,,,,0,0,0,,,,0,,,,61,61,61,59,0,0,0,0,24,6,,,,,,,,,,,1633.6274253300003,58.343836618928584,1703.0376175608344,60.82277205574409,,55,6ae53959ac30,-,none
TestDiagAnchoredChipDecomposition#4,1787696998-1581034,"triple captain, fixed offset (control)",0,true,2022-23,2021-22,11,28,5,false,1647,1501,28,2,58.82142857142857,53.607142857142854,,,,,,,1440,51.42857142857143,1317,47.035714285714285,27,0,,,2.3333333333333335,27,28,8,8,3,0,,,,,,0,0,0,,,,0,0,0,,,,0,0,0,,,,0,,,,42,16,42,14,0,0,0,0,24,6,,,,,,,,,,,1466.7078012475051,52.382421473125184,1624.3090889944897,58.011038892660345,,55,7db449dfa863,-,none
TestDiagAnchoredChipDecomposition#4,1787696998-1581034,"triple captain, fixed offset (control)",0,true,2023-24,2022-23,11,28,5,false,1673,1428,27,0,59.75,51,,,,,,,1405,50.17857142857143,1247,44.535714285714285,27,0,,,1.5925925925925926,27,27,12,3,14,0,,,,,,0,0,0,,,,0,0,0,,,,0,0,0,,,,0,,,,21,21,21,21,0,0,0,0,24,2,,,,,,,,,,,1416.7846694489685,50.5994524803203,1695.7396818744244,60.56213149551515,,55,2a84996b516a,-,none
TestDiagAnchoredChipDecomposition#4,1787696998-1581034,"triple captain, fixed offset (control)",0,true,2024-25,2023-24,11,28,5,false,1825,1681,28,2,65.17857142857143,60.035714285714285,,,,,,,1681,60.035714285714285,1412,50.42857142857143,27,0,,,1.4074074074074074,27,28,12,11,4,0,,,,,,0,0,0,,,,0,0,0,,,,0,0,0,,,,0,,,,10,10,10,8,0,0,0,0,0,0,,,,,,,,,,,1648.6369668324785,58.87989167258852,1747.476383906812,62.409870853814716,,55,a6e9f92d83f6,-,none
TestDiagAnchoredChipDecomposition#4,1787696998-1581034,"triple captain, fixed offset (control)",0,true,2025-26,2024-25,11,28,5,false,1565,1444,27,2,55.892857142857146,51.57142857142857,,,,,,,1416,50.57142857142857,1259,44.964285714285715,27,0,,,1.4074074074074074,27,27,9,7,-1,0,,,,,,0,0,0,,,,0,0,0,,,,0,0,0,,,,0,,,,10,10,10,10,0,0,0,0,0,0,,,,,,,,,,,1420.3707344105421,50.72752622894793,1532.6985163104728,54.73923272537403,,55,71a4b81a55e0,-,none
TestDiagAnchoredChipDecomposition#4,1787696998-1581034,"triple captain, fixed offset (control)",0,true,2020-21,2019-20,16,23,5,false,1242,1114,23,2,54,48.43478260869565,,,,,,,1080,46.95652173913044,967,42.04347826086956,22,0,,,1.3636363636363635,22,23,6,8,-6,0,,,,,,0,0,0,,,,0,0,0,,,,0,0,0,,,,0,,,,43,34,32,23,0,0,0,0,29,0,,,,,,,,,,,1173.5640425756817,51.02452359024703,1286.3488688038262,55.92821168712288,,55,de8a604a1657,-,none
TestDiagAnchoredChipDecomposition#4,1787696998-1581034,"triple captain, fixed offset (control)",0,true,2021-22,2020-21,16,23,5,false,1298,1177,28,5,56.43478260869565,51.17391304347826,,,,,,,1195,51.95652173913044,1070,46.52173913043478,22,0,,,1.2727272727272727,22,28,9,7,4,0,,,,,,0,0,0,,,,0,0,0,,,,0,0,0,,,,0,,,,61,57,61,27,0,0,0,0,29,13,,,,,,,,,,,1236.9240292167237,53.77930561811842,1361.768343515099,59.20731928326518,,55,35526a2ffafc,-,none
TestDiagAnchoredChipDecomposition#4,1787696998-1581034,"triple captain, fixed offset (control)",0,true,2022-23,2021-22,16,23,5,false,1381,1122,21,0,60.04347826086956,48.78260869565217,,,,,,,1061,46.130434782608695,954,41.47826086956522,22,0,,,2.0454545454545454,22,21,10,3,8,0,,,,,,0,0,0,,,,0,0,0,,,,0,0,0,,,,0,,,,42,14,36,14,0,0,0,0,29,7,,,,,,,,,,,1112.8111678776331,48.38309425554927,1404.8112302480338,61.07874914121886,,55,65d58aa0e3ae,-,none
TestDiagAnchoredChipDecomposition#4,1787696998-1581034,"triple captain, fixed offset (control)",0,true,2023-24,2022-23,16,23,5,false,1433,1085,23,2,62.30434782608695,47.17391304347826,,,,,,,1085,47.17391304347826,934,40.608695652173914,22,0,,,1.5,22,23,10,4,12,0,,,,,,0,0,0,,,,0,0,0,,,,0,0,0,,,,0,,,,21,21,21,17,0,0,0,0,29,2,,,,,,,,,,,1100.0328547404902,47.82751542349957,1420.8011356788156,61.77396242081807,,55,291eebc880a2,-,none
TestDiagAnchoredChipDecomposition#4,1787696998-1581034,"triple captain, fixed offset (control)",0,true,2024-25,2023-24,16,23,5,false,1490,1367,20,1,64.78260869565217,59.43478260869565,,,,,,,1367,59.43478260869565,1174,51.04347826086956,22,0,,,2.590909090909091,22,20,7,4,6,0,,,,,,0,0,0,,,,0,0,0,,,,0,0,0,,,,0,,,,10,8,10,8,0,0,0,0,0,0,,,,,,,,,,,1409.2322184264299,61.27096601854043,1489.5237797628822,64.7619034679514,,55,0a92238fc17e,-,none
TestDiagAnchoredChipDecomposition#4,1787696998-1581034,"triple captain, fixed offset (control)",0,true,2025-26,2024-25,16,23,5,false,1276,1307,23,1,55.47826086956522,56.82608695652174,,,,,,,1308,56.869565217391305,1146,49.82608695652174,22,0,,,1.4090909090909092,22,23,7,8,-7,0,,,,,,0,0,0,,,,0,0,0,,,,0,0,0,,,,0,,,,10,10,10,10,0,0,0,0,0,0,,,,,,,,,,,1247.0166669781659,54.21811595557243,1231.312568879252,53.53532908170661,,55,439f261a429b,-,none
TestDiagAnchoredChipDecomposition#4,1787696998-1581034,"triple captain, fixed offset (control)",0,true,2020-21,2019-20,21,18,5,false,976,865,19,2,54.22222222222222,48.05555555555556,,,,,,,886,49.22222222222222,768,42.666666666666664,17,0,,,1.2352941176470589,17,19,6,8,-2,0,,,,,,0,0,0,,,,0,0,0,,,,0,0,0,,,,0,,,,32,23,26,23,0,0,0,0,34,0,,,,,,,,,,,896.1727611432091,49.78737561906717,1014.6767254331661,56.37092919073145,,55,dc98d0376744,-,none
TestDiagAnchoredChipDecomposition#4,1787696998-1581034,"triple captain, fixed offset (control)",0,true,2021-22,2020-21,21,18,5,false,1213,928,21,4,67.38888888888889,51.55555555555556,,,,,,,946,52.55555555555556,839,46.611111111111114,17,0,,,1.2352941176470589,17,21,10,4,6,0,,,,,,0,0,0,,,,0,0,0,,,,0,0,0,,,,0,,,,59,25,51,19,0,0,0,0,34,6,,,,,,,,,,,971.4085084485752,53.96713935825417,1186.5009169773966,65.91671760985537,,55,17afedb0c8fd,-,none
TestDiagAnchoredChipDecomposition#4,1787696998-1581034,"triple captain, fixed offset (control)",0,true,2022-23,2021-22,21,18,5,false,1172,1149,15,0,65.11111111111111,63.833333333333336,,,,,,,1145,63.611111111111114,1000,55.55555555555556,17,0,,,2.6470588235294117,17,15,6,2,5,0,,,,,,0,0,0,,,,0,0,0,,,,0,0,0,,,,0,,,,36,14,28,10,0,0,0,0,34,18,,,,,,,,,,,1139.265768648044,63.29254270266912,1169.8250193969084,64.99027885538379,,55,99c281b32f56,-,none
TestDiagAnchoredChipDecomposition#4,1787696998-1581034,"triple captain, fixed offset (control)",0,true,2023-24,2022-23,21,18,5,false,1159,964,17,0,64.38888888888889,53.55555555555556,,,,,,,954,53,845,46.94444444444444,17,0,,,1.411764705882353,17,17,9,3,5,0,,,,,,0,0,0,,,,0,0,0,,,,0,0,0,,,,0,,,,21,17,17,17,0,0,0,0,34,9,,,,,,,,,,,996.2801720475503,55.34889844708613,1168.9998686863505,64.9444371492417,,55,a39e1a72098e,-,none
TestDiagAnchoredChipDecomposition#4,1787696998-1581034,"triple captain, fixed offset (control)",0,true,2024-25,2023-24,21,18,5,false,1063,956,17,1,59.05555555555556,53.111111111111114,,,,,,,956,53.111111111111114,821,45.611111111111114,17,0,,,1.588235294117647,17,17,11,3,12,0,,,,,,0,0,0,,,,0,0,0,,,,0,0,0,,,,0,,,,10,8,6,8,0,0,0,0,0,0,,,,,,,,,,,978.7329286819744,54.37405159344302,1082.0968360156246,60.116490889756925,,55,606dfdefbccb,-,none
TestDiagAnchoredChipDecomposition#4,1787696998-1581034,"triple captain, fixed offset (control)",0,true,2025-26,2024-25,21,18,5,false,1073,942,16,1,59.611111111111114,52.333333333333336,,,,,,,927,51.5,841,46.72222222222222,17,0,,,2.411764705882353,17,16,6,7,-5,0,,,,,,0,0,0,,,,0,0,0,,,,0,0,0,,,,0,,,,10,10,10,10,0,0,0,0,0,0,,,,,,,,,,,912.9456155568754,50.71920086427085,1004.9855610763206,55.8325311709067,,55,73261d35b823,-,none
TestDiagAnchoredChipDecomposition#4,1787696998-1581034,"triple captain, fixed offset (control)",0,true,2020-21,2019-20,26,13,5,false,678,626,12,0,52.15384615384615,48.15384615384615,,,,,,,634,48.76923076923077,567,43.61538461538461,12,0,,,1.1666666666666667,12,12,5,4,3,0,,,,,,0,0,0,,,,0,0,0,,,,0,0,0,,,,0,,,,12,23,10,11,0,0,0,0,0,0,,,,,,,,,,,661.0222769997476,50.84786746151905,738.3751535028526,56.79808873098867,,55,5fce185dc3f5,-,none
TestDiagAnchoredChipDecomposition#4,1787696998-1581034,"triple captain, fixed offset (control)",0,true,2021-22,2020-21,26,13,5,false,754,616,16,4,58,47.38461538461539,,,,,,,614,47.23076923076923,558,42.92307692307692,12,0,,,1.0833333333333333,12,16,6,3,2,0,,,,,,0,0,0,,,,0,0,0,,,,0,0,0,,,,0,,,,43,19,28,4,0,0,0,0,38,12,,,,,,,,,,,652.4643864194713,50.18956818611318,771.734535397226,59.36419503055584,,55,48df38b83639,-,none
TestDiagAnchoredChipDecomposition#4,1787696998-1581034,"triple captain, fixed offset (control)",0,true,2022-23,2021-22,26,13,5,false,899,848,12,0,69.15384615384616,65.23076923076923,,,,,,,844,64.92307692307692,732,56.30769230769231,12,0,,,2.9166666666666665,12,12,8,0,11,0,,,,,,0,0,0,,,,0,0,0,,,,0,0,0,,,,0,,,,28,10,12,4,0,0,0,0,38,16,,,,,,,,,,,822.1060260700225,63.23892508230942,860.7608128773356,66.21237022133352,,55,b4ce40b451a5,-,none
TestDiagAnchoredChipDecomposition#4,1787696998-1581034,"triple captain, fixed offset (control)",0,true,2023-24,2022-23,26,13,5,false,830,617,11,0,63.84615384615385,47.46153846153846,,,,,,,619,47.61538461538461,548,42.15384615384615,12,0,,,1.5,12,11,5,2,6,0,,,,,,0,0,0,,,,0,0,0,,,,0,0,0,,,,0,,,,17,13,15,1,0,0,0,0,38,2,,,,,,,,,,,637.2043322278133,49.01571786367795,791.8493437987806,60.911487984521585,,55,d725094b2efe,-,none
TestDiagAnchoredChipDecomposition#4,1787696998-1581034,"triple captain, fixed offset (control)",0,true,2024-25,2023-24,26,13,5,false,669,692,13,1,51.46153846153846,53.23076923076923,,,,,,,692,53.23076923076923,619,47.61538461538461,12,0,,,1.4166666666666667,12,13,9,3,7,0,,,,,,0,0,0,,,,0,0,0,,,,0,0,0,,,,0,,,,6,8,6,4,0,0,0,0,0,0,,,,,,,,,,,728.9946771610494,56.076513627773025,726.4666422242051,55.88204940186193,,55,685eecb0cbdb,-,none
TestDiagAnchoredChipDecomposition#4,1787696998-1581034,"triple captain, fixed offset (control)",0,true,2025-26,2024-25,26,13,5,false,782,756,9,0,60.15384615384615,58.15384615384615,,,,,,,757,58.23076923076923,655,50.38461538461539,12,0,,,1.8333333333333333,12,9,2,5,-7,0,,,,,,0,0,0,,,,0,0,0,,,,0,0,0,,,,0,,,,8,10,8,10,0,0,0,0,0,0,,,,,,,,,,,710.1237686554032,54.62490528118486,725.7808375036395,55.82929519258766,,55,32f63ab9f3ba,-,none
TestDiagAnchoredChipDecomposition#4,1787696998-1581034,"triple captain, anchored (4gw sight)",1,false,2020-21,2019-20,1,38,5,false,2059,1628,43,6,54.18421052631579,42.8421052631579,,,,,,,1628,42.8421052631579,1388,36.526315789473685,37,0,,,1.0810810810810811,33,38,9,18,-17,0,,,,,,0,0,0,,,,0,0,0,,,,0,0,0,,,,0,,,,43,40,43,40,0,0,0,0,26,6,,,,,,,,,,,1629.8410135822319,42.8905529890061,2047.79240981181,53.889273942416054,,55,98b82c09e797,-,none
TestDiagAnchoredChipDecomposition#4,1787696998-1581034,"triple captain, anchored (4gw sight)",1,false,2021-22,2020-21,1,38,5,false,2140,1896,45,7,56.31578947368421,49.89473684210526,,,,,,,1941,51.078947368421055,1646,43.31578947368421,37,0,,,1.3513513513513513,33,42,10,15,-7,0,,,,,,0,0,0,,,,0,0,0,,,,0,0,0,,,,0,,,,61,61,61,61,0,0,0,0,22,10,,,,,,,,,,,1900.8006137807054,50.02106878370277,2200.6441336304056,57.91168772711594,,55,afeb5fe71ddc,-,none
TestDiagAnchoredChipDecomposition#4,1787696998-1581034,"triple captain, anchored (4gw sight)",1,false,2022-23,2021-22,1,38,5,false,2102,1842,33,0,55.31578947368421,48.473684210526315,,,,,,,1845,48.55263157894737,1582,41.63157894736842,37,0,,,3.027027027027027,33,29,16,5,18,0,,,,,,0,0,0,,,,0,0,0,,,,0,0,0,,,,0,,,,42,22,42,22,0,0,0,0,29,7,,,,,,,,,,,1851.9591496843016,48.73576709695531,2125.4685331937585,55.93338245246733,,55,fe5b3efc1102,-,none
TestDiagAnchoredChipDecomposition#4,1787696998-1581034,"triple captain, anchored (4gw sight)",1,false,2023-24,2022-23,1,38,5,false,2395,1806,40,3,63.026315789473685,47.526315789473685,,,,,,,1780,46.8421052631579,1569,41.28947368421053,37,0,,,1.6486486486486487,33,36,16,9,13,0,,,,,,0,0,0,,,,0,0,0,,,,0,0,0,,,,0,,,,23,23,23,21,0,0,0,0,34,20,,,,,,,,,,,1847.281228959663,48.61266391999113,2322.193527793167,61.110355994557025,,55,7df5f95f1759,-,none
TestDiagAnchoredChipDecomposition#4,1787696998-1581034,"triple captain, anchored (4gw sight)",1,false,2024-25,2023-24,1,38,5,false,2448,1908,34,2,64.42105263157895,50.21052631578947,,,,,,,1890,49.73684210526316,1708,44.94736842105263,37,0,,,2.054054054054054,33,29,13,9,6,0,,,,,,0,0,0,,,,0,0,0,,,,0,0,0,,,,0,,,,10,10,10,10,0,0,0,0,0,0,,,,,,,,,,,1984.839567078322,52.23262018627163,2342.6271800092795,61.648083684454726,,55,d0f719155ebc,-,none
TestDiagAnchoredChipDecomposition#4,1787696998-1581034,"triple captain, anchored (4gw sight)",1,false,2025-26,2024-25,1,38,5,false,2180,1523,35,1,57.36842105263158,40.078947368421055,,,,,,,1529,40.23684210526316,1375,36.18421052631579,37,0,,,1.3783783783783783,33,30,9,8,-5,0,,,,,,0,0,0,,,,0,0,0,,,,0,0,0,,,,0,,,,10,10,10,10,0,0,0,0,0,0,,,,,,,,,,,1583.8646329653097,41.680648235929205,2107.5021769929317,55.46058360507715,,55,cdb305de770a,-,none
TestDiagAnchoredChipDecomposition#4,1787696998-1581034,"triple captain, anchored (4gw sight)",1,false,2020-21,2019-20,6,33,5,false,1791,1472,37,5,54.27272727272727,44.60606060606061,,,,,,,1475,44.696969696969695,1289,39.06060606060606,32,0,,,1.1875,32,37,10,13,-2,0,,,,,,0,0,0,,,,0,0,0,,,,0,0,0,,,,0,,,,43,40,43,40,0,0,0,0,26,6,,,,,,,,,,,1534.394651048999,46.49680760754543,1813.2977643795766,54.94841710241141,,55,97ea61125f1b,-,none
TestDiagAnchoredChipDecomposition#4,1787696998-1581034,"triple captain, anchored (4gw sight)",1,false,2021-22,2020-21,6,33,5,false,1859,1574,38,6,56.333333333333336,47.696969696969695,,,,,,,1610,48.78787878787879,1365,41.36363636363637,32,0,,,1.1875,32,38,9,11,-5,0,,,,,,0,0,0,,,,0,0,0,,,,0,0,0,,,,0,,,,61,61,61,61,0,0,0,0,22,10,,,,,,,,,,,1609.57570800674,48.77502145474969,1943.3881856360856,58.890551079881384,,55,0e990ffa7a1d,-,none
TestDiagAnchoredChipDecomposition#4,1787696998-1581034,"triple captain, anchored (4gw sight)",1,false,2022-23,2021-22,6,33,5,false,1799,1593,31,0,54.515151515151516,48.27272727272727,,,,,,,1532,46.42424242424242,1404,42.54545454545455,32,0,,,1.5,32,31,19,7,19,0,,,,,,0,0,0,,,,0,0,0,,,,0,0,0,,,,0,,,,42,22,42,16,0,0,0,0,29,7,,,,,,,,,,,1557.4285121108142,47.1948033972974,1814.6286802068096,54.988747885054835,,55,4d36c0997487,-,none
TestDiagAnchoredChipDecomposition#4,1787696998-1581034,"triple captain, anchored (4gw sight)",1,false,2023-24,2022-23,6,33,5,false,2037,1724,32,0,61.72727272727273,52.24242424242424,,,,,,,1702,51.57575757575758,1484,44.96969696969697,32,0,,,1.75,32,32,15,10,15,0,,,,,,0,0,0,,,,0,0,0,,,,0,0,0,,,,0,,,,23,21,21,21,0,0,0,0,34,9,,,,,,,,,,,1721.7944263935356,52.175588678591986,2077.633367887811,62.95858690569124,,55,a4cd558c8a6c,-,none
TestDiagAnchoredChipDecomposition#4,1787696998-1581034,"triple captain, anchored (4gw sight)",1,false,2024-25,2023-24,6,33,5,false,1949,1744,32,1,59.06060606060606,52.84848484848485,,,,,,,1641,49.72727272727273,1485,45,32,0,,,1.625,32,32,14,6,17,0,,,,,,0,0,0,,,,0,0,0,,,,0,0,0,,,,0,,,,10,10,10,10,0,0,0,0,0,0,,,,,,,,,,,1754.9002266108062,53.17879474578201,2013.2192781406022,61.00664479213946,,55,7d06f846b27d,-,none
TestDiagAnchoredChipDecomposition#4,1787696998-1581034,"triple captain, anchored (4gw sight)",1,false,2025-26,2024-25,6,33,5,false,1934,1743,30,1,58.60606060606061,52.81818181818182,,,,,,,1663,50.39393939393939,1547,46.878787878787875,32,0,,,1.75,32,30,8,8,-1,0,,,,,,0,0,0,,,,0,0,0,,,,0,0,0,,,,0,,,,10,10,10,10,0,0,0,0,0,0,,,,,,,,,,,1697.4225268293555,51.43704626755623,1868.5569400708864,56.622937577905645,,55,135d9da53c17,-,none
TestDiagAnchoredChipDecomposition#4,1787696998-1581034,"triple captain, anchored (4gw sight)",1,false,2020-21,2019-20,11,28,5,false,1524,1207,28,3,54.42857142857143,43.107142857142854,,,,,,,1202,42.92857142857143,1038,37.07142857142857,27,0,,,1.6666666666666667,27,28,11,8,6,0,,,,,,0,0,0,,,,0,0,0,,,,0,0,0,,,,0,,,,43,38,43,38,0,0,0,0,26,6,,,,,,,,,,,1314.8475773872626,46.95884204954509,1597.0825578498504,57.0386627803518,,55,5babbe645ffb,-,none
TestDiagAnchoredChipDecomposition#4,1787696998-1581034,"triple captain, anchored (4gw sight)",1,false,2021-22,2020-21,11,28,5,false,1668,1617,34,7,59.57142857142857,57.75,,,,,,,1645,58.75,1457,52.035714285714285,27,0,,,1.2962962962962963,27,34,19,6,18,0,,,,,,0,0,0,,,,0,0,0,,,,0,0,0,,,,0,,,,61,61,61,59,0,0,0,0,22,10,,,,,,,,,,,1633.6274253300003,58.343836618928584,1705.1948674694065,60.89981669533595,,55,6ae53959ac30,-,none
TestDiagAnchoredChipDecomposition#4,1787696998-1581034,"triple captain, anchored (4gw sight)",1,false,2022-23,2021-22,11,28,5,false,1648,1501,28,2,58.857142857142854,53.607142857142854,,,,,,,1440,51.42857142857143,1317,47.035714285714285,27,0,,,2.3333333333333335,27,28,8,8,3,0,,,,,,0,0,0,,,,0,0,0,,,,0,0,0,,,,0,,,,42,16,42,14,0,0,0,0,29,7,,,,,,,,,,,1466.7078012475051,52.382421473125184,1623.2311676250729,57.97254170089546,,55,7db449dfa863,-,none
TestDiagAnchoredChipDecomposition#4,1787696998-1581034,"triple captain, anchored (4gw sight)",1,false,2023-24,2022-23,11,28,5,false,1691,1428,27,0,60.392857142857146,51,,,,,,,1405,50.17857142857143,1247,44.535714285714285,27,0,,,1.5925925925925926,27,27,12,3,14,0,,,,,,0,0,0,,,,0,0,0,,,,0,0,0,,,,0,,,,21,21,21,21,0,0,0,0,34,20,,,,,,,,,,,1416.7846694489685,50.5994524803203,1705.0985955011502,60.89637841075536,,55,2a84996b516a,-,none
TestDiagAnchoredChipDecomposition#4,1787696998-1581034,"triple captain, anchored (4gw sight)",1,false,2024-25,2023-24,11,28,5,false,1825,1681,28,2,65.17857142857143,60.035714285714285,,,,,,,1681,60.035714285714285,1412,50.42857142857143,27,0,,,1.4074074074074074,27,28,12,11,4,0,,,,,,0,0,0,,,,0,0,0,,,,0,0,0,,,,0,,,,10,10,10,8,0,0,0,0,0,0,,,,,,,,,,,1648.6369668324785,58.87989167258852,1747.476383906812,62.409870853814716,,55,a6e9f92d83f6,-,none
TestDiagAnchoredChipDecomposition#4,1787696998-1581034,"triple captain, anchored (4gw sight)",1,false,2025-26,2024-25,11,28,5,false,1565,1444,27,2,55.892857142857146,51.57142857142857,,,,,,,1416,50.57142857142857,1259,44.964285714285715,27,0,,,1.4074074074074074,27,27,9,7,-1,0,,,,,,0,0,0,,,,0,0,0,,,,0,0,0,,,,0,,,,10,10,10,10,0,0,0,0,0,0,,,,,,,,,,,1420.3707344105421,50.72752622894793,1532.6985163104728,54.73923272537403,,55,71a4b81a55e0,-,none
TestDiagAnchoredChipDecomposition#4,1787696998-1581034,"triple captain, anchored (4gw sight)",1,false,2020-21,2019-20,16,23,5,false,1248,1114,23,2,54.26086956521739,48.43478260869565,,,,,,,1080,46.95652173913044,967,42.04347826086956,22,0,,,1.3636363636363635,22,23,6,8,-6,0,,,,,,0,0,0,,,,0,0,0,,,,0,0,0,,,,0,,,,43,34,32,23,0,0,0,0,26,6,,,,,,,,,,,1173.5640425756817,51.02452359024703,1292.056381989765,56.17636443433761,,55,de8a604a1657,-,none
TestDiagAnchoredChipDecomposition#4,1787696998-1581034,"triple captain, anchored (4gw sight)",1,false,2021-22,2020-21,16,23,5,false,1295,1177,28,5,56.30434782608695,51.17391304347826,,,,,,,1195,51.95652173913044,1070,46.52173913043478,22,0,,,1.2727272727272727,22,28,9,7,4,0,,,,,,0,0,0,,,,0,0,0,,,,0,0,0,,,,0,,,,61,57,61,27,0,0,0,0,22,10,,,,,,,,,,,1236.9240292167237,53.77930561811842,1360.3223802508603,59.1444513152548,,55,35526a2ffafc,-,none
TestDiagAnchoredChipDecomposition#4,1787696998-1581034,"triple captain, anchored (4gw sight)",1,false,2022-23,2021-22,16,23,5,false,1381,1122,21,0,60.04347826086956,48.78260869565217,,,,,,,1061,46.130434782608695,954,41.47826086956522,22,0,,,2.0454545454545454,22,21,10,3,8,0,,,,,,0,0,0,,,,0,0,0,,,,0,0,0,,,,0,,,,42,14,36,14,0,0,0,0,29,7,,,,,,,,,,,1112.8111678776331,48.38309425554927,1404.8112302480338,61.07874914121886,,55,65d58aa0e3ae,-,none
TestDiagAnchoredChipDecomposition#4,1787696998-1581034,"triple captain, anchored (4gw sight)",1,false,2023-24,2022-23,16,23,5,false,1451,1085,23,2,63.08695652173913,47.17391304347826,,,,,,,1085,47.17391304347826,934,40.608695652173914,22,0,,,1.5,22,23,10,4,12,0,,,,,,0,0,0,,,,0,0,0,,,,0,0,0,,,,0,,,,21,21,21,17,0,0,0,0,34,20,,,,,,,,,,,1100.0328547404902,47.82751542349957,1432.9977233243458,62.30424884018895,,55,291eebc880a2,-,none
TestDiagAnchoredChipDecomposition#4,1787696998-1581034,"triple captain, anchored (4gw sight)",1,false,2024-25,2023-24,16,23,5,false,1490,1367,20,1,64.78260869565217,59.43478260869565,,,,,,,1367,59.43478260869565,1174,51.04347826086956,22,0,,,2.590909090909091,22,20,7,4,6,0,,,,,,0,0,0,,,,0,0,0,,,,0,0,0,,,,0,,,,10,8,10,8,0,0,0,0,0,0,,,,,,,,,,,1409.2322184264299,61.27096601854043,1489.5237797628822,64.7619034679514,,55,0a92238fc17e,-,none
TestDiagAnchoredChipDecomposition#4,1787696998-1581034,"triple captain, anchored (4gw sight)",1,false,2025-26,2024-25,16,23,5,false,1276,1307,23,1,55.47826086956522,56.82608695652174,,,,,,,1308,56.869565217391305,1146,49.82608695652174,22,0,,,1.4090909090909092,22,23,7,8,-7,0,,,,,,0,0,0,,,,0,0,0,,,,0,0,0,,,,0,,,,10,10,10,10,0,0,0,0,0,0,,,,,,,,,,,1247.0166669781659,54.21811595557243,1231.312568879252,53.53532908170661,,55,439f261a429b,-,none
TestDiagAnchoredChipDecomposition#4,1787696998-1581034,"triple captain, anchored (4gw sight)",1,false,2020-21,2019-20,21,18,5,false,985,865,19,2,54.72222222222222,48.05555555555556,,,,,,,886,49.22222222222222,768,42.666666666666664,17,0,,,1.2352941176470589,17,19,6,8,-2,0,,,,,,0,0,0,,,,0,0,0,,,,0,0,0,,,,0,,,,32,23,26,23,0,0,0,0,24,9,,,,,,,,,,,896.1727611432091,49.78737561906717,1019.7818229958116,56.654545721989535,,55,dc98d0376744,-,none
TestDiagAnchoredChipDecomposition#4,1787696998-1581034,"triple captain, anchored (4gw sight)",1,false,2021-22,2020-21,21,18,5,false,1217,928,21,4,67.61111111111111,51.55555555555556,,,,,,,946,52.55555555555556,839,46.611111111111114,17,0,,,1.2352941176470589,17,21,10,4,6,0,,,,,,0,0,0,,,,0,0,0,,,,0,0,0,,,,0,,,,59,25,51,19,0,0,0,0,22,10,,,,,,,,,,,971.4085084485752,53.96713935825417,1189.042231668988,66.05790175938823,,55,17afedb0c8fd,-,none
TestDiagAnchoredChipDecomposition#4,1787696998-1581034,"triple captain, anchored (4gw sight)",1,false,2022-23,2021-22,21,18,5,false,1165,1149,15,0,64.72222222222223,63.833333333333336,,,,,,,1145,63.611111111111114,1000,55.55555555555556,17,0,,,2.6470588235294117,17,15,6,2,5,0,,,,,,0,0,0,,,,0,0,0,,,,0,0,0,,,,0,,,,36,14,28,10,0,0,0,0,25,11,,,,,,,,,,,1139.265768648044,63.29254270266912,1162.151600619595,64.56397781219972,,55,99c281b32f56,-,none
TestDiagAnchoredChipDecomposition#4,1787696998-1581034,"triple captain, anchored (4gw sight)",1,false,2023-24,2022-23,21,18,5,false,1159,964,17,0,64.38888888888889,53.55555555555556,,,,,,,954,53,845,46.94444444444444,17,0,,,1.411764705882353,17,17,9,3,5,0,,,,,,0,0,0,,,,0,0,0,,,,0,0,0,,,,0,,,,21,17,17,17,0,0,0,0,34,9,,,,,,,,,,,996.2801720475503,55.34889844708613,1168.9998686863505,64.9444371492417,,55,a39e1a72098e,-,none
TestDiagAnchoredChipDecomposition#4,1787696998-1581034,"triple captain, anchored (4gw sight)",1,false,2024-25,2023-24,21,18,5,false,1063,956,17,1,59.05555555555556,53.111111111111114,,,,,,,956,53.111111111111114,821,45.611111111111114,17,0,,,1.588235294117647,17,17,11,3,12,0,,,,,,0,0,0,,,,0,0,0,,,,0,0,0,,,,0,,,,10,8,6,8,0,0,0,0,0,0,,,,,,,,,,,978.7329286819744,54.37405159344302,1082.0968360156246,60.116490889756925,,55,606dfdefbccb,-,none
TestDiagAnchoredChipDecomposition#4,1787696998-1581034,"triple captain, anchored (4gw sight)",1,false,2025-26,2024-25,21,18,5,false,1073,942,16,1,59.611111111111114,52.333333333333336,,,,,,,927,51.5,841,46.72222222222222,17,0,,,2.411764705882353,17,16,6,7,-5,0,,,,,,0,0,0,,,,0,0,0,,,,0,0,0,,,,0,,,,10,10,10,10,0,0,0,0,0,0,,,,,,,,,,,912.9456155568754,50.71920086427085,1004.9855610763206,55.8325311709067,,55,73261d35b823,-,none
TestDiagAnchoredChipDecomposition#4,1787696998-1581034,"triple captain, anchored (4gw sight)",1,false,2020-21,2019-20,26,13,5,false,678,626,12,0,52.15384615384615,48.15384615384615,,,,,,,634,48.76923076923077,567,43.61538461538461,12,0,,,1.1666666666666667,12,12,5,4,3,0,,,,,,0,0,0,,,,0,0,0,,,,0,0,0,,,,0,,,,12,23,10,11,0,0,0,0,0,0,,,,,,,,,,,661.0222769997476,50.84786746151905,738.3751535028526,56.79808873098867,,55,5fce185dc3f5,-,none
TestDiagAnchoredChipDecomposition#4,1787696998-1581034,"triple captain, anchored (4gw sight)",1,false,2021-22,2020-21,26,13,5,false,745,616,16,4,57.30769230769231,47.38461538461539,,,,,,,614,47.23076923076923,558,42.92307692307692,12,0,,,1.0833333333333333,12,16,6,3,2,0,,,,,,0,0,0,,,,0,0,0,,,,0,0,0,,,,0,,,,43,19,28,4,0,0,0,0,36,3,,,,,,,,,,,652.4643864194713,50.18956818611318,763.2785452460582,58.713734249696785,,55,48df38b83639,-,none
TestDiagAnchoredChipDecomposition#4,1787696998-1581034,"triple captain, anchored (4gw sight)",1,false,2022-23,2021-22,26,13,5,false,883,848,12,0,67.92307692307692,65.23076923076923,,,,,,,844,64.92307692307692,732,56.30769230769231,12,0,,,2.9166666666666665,12,12,8,0,11,0,,,,,,0,0,0,,,,0,0,0,,,,0,0,0,,,,0,,,,28,10,12,4,0,0,0,0,27,0,,,,,,,,,,,822.1060260700225,63.23892508230942,858.7275674321196,66.05596672554766,,55,b4ce40b451a5,-,none
TestDiagAnchoredChipDecomposition#4,1787696998-1581034,"triple captain, anchored (4gw sight)",1,false,2023-24,2022-23,26,13,5,false,832,617,11,0,64,47.46153846153846,,,,,,,619,47.61538461538461,548,42.15384615384615,12,0,,,1.5,12,11,5,2,6,0,,,,,,0,0,0,,,,0,0,0,,,,0,0,0,,,,0,,,,17,13,15,1,0,0,0,0,37,4,,,,,,,,,,,637.2043322278133,49.01571786367795,793.9592270920892,61.073786699391476,,55,d725094b2efe,-,none
TestDiagAnchoredChipDecomposition#4,1787696998-1581034,"triple captain, anchored (4gw sight)",1,false,2024-25,2023-24,26,13,5,false,669,692,13,1,51.46153846153846,53.23076923076923,,,,,,,692,53.23076923076923,619,47.61538461538461,12,0,,,1.4166666666666667,12,13,9,3,7,0,,,,,,0,0,0,,,,0,0,0,,,,0,0,0,,,,0,,,,6,8,6,4,0,0,0,0,0,0,,,,,,,,,,,728.9946771610494,56.076513627773025,726.4666422242051,55.88204940186193,,55,685eecb0cbdb,-,none
TestDiagAnchoredChipDecomposition#4,1787696998-1581034,"triple captain, anchored (4gw sight)",1,false,2025-26,2024-25,26,13,5,false,782,756,9,0,60.15384615384615,58.15384615384615,,,,,,,757,58.23076923076923,655,50.38461538461539,12,0,,,1.8333333333333333,12,9,2,5,-7,0,,,,,,0,0,0,,,,0,0,0,,,,0,0,0,,,,0,,,,8,10,8,10,0,0,0,0,0,0,,,,,,,,,,,710.1237686554032,54.62490528118486,725.7808375036395,55.82929519258766,,55,32f63ab9f3ba,-,none
