match_id,match_date,team,minute,xg,shot_type,outcome
3753972,2015-11-21,AFC Bournemouth,3,0.115552,Open Play,Off T
3753972,2015-11-21,AFC Bournemouth,8,0.006542,Open Play,Blocked
3753972,2015-11-21,AFC Bournemouth,9,0.550618,Open Play,Goal
3753972,2015-11-21,Swansea City,11,0.219957,Open Play,Saved
3753972,2015-11-21,Swansea City,11,0.033228,Open Play,Wayward
3753972,2015-11-21,Swansea City,11,0.244186,Open Play,Saved
3753972,2015-11-21,AFC Bournemouth,16,0.176922,Open Play,Saved
3753972,2015-11-21,AFC Bournemouth,25,0.193089,Open Play,Goal
3753972,2015-11-21,Swansea City,27,0.032118,Open Play,Blocked
3753972,2015-11-21,Swansea City,27,0.410227,Open Play,Goal
3753972,2015-11-21,Swansea City,30,0.113072,Open Play,Blocked
3753972,2015-11-21,Swansea City,38,0.783500,Penalty,Goal
3753972,2015-11-21,AFC Bournemouth,40,0.029836,Open Play,Blocked
3753972,2015-11-21,AFC Bournemouth,46,0.058666,Open Play,Blocked
3753972,2015-11-21,AFC Bournemouth,51,0.021993,Open Play,Saved
3753972,2015-11-21,AFC Bournemouth,59,0.062887,Open Play,Off T
3753972,2015-11-21,AFC Bournemouth,60,0.061185,Open Play,Blocked
3753972,2015-11-21,AFC Bournemouth,61,0.100907,Open Play,Wayward
3753972,2015-11-21,Swansea City,68,0.109316,Open Play,Blocked
3753972,2015-11-21,AFC Bournemouth,72,0.070031,Open Play,Off T
3753972,2015-11-21,AFC Bournemouth,73,0.060181,Open Play,Blocked
3753972,2015-11-21,AFC Bournemouth,75,0.033740,Open Play,Blocked
3753972,2015-11-21,AFC Bournemouth,75,0.008251,Open Play,Off T
3753972,2015-11-21,Swansea City,76,0.018407,Open Play,Blocked
3753972,2015-11-21,Swansea City,80,0.035747,Open Play,Blocked
3753972,2015-11-21,Swansea City,82,0.019940,Open Play,Off T
3753972,2015-11-21,Swansea City,85,0.126623,Open Play,Blocked
3753972,2015-11-21,AFC Bournemouth,87,0.115622,Open Play,Wayward
3753972,2015-11-21,AFC Bournemouth,87,0.124861,Open Play,Off T
3753973,2016-03-19,Chelsea,8,0.017029,Open Play,Saved
3753973,2016-03-19,West Ham United,10,0.069263,Open Play,Saved
3753973,2016-03-19,West Ham United,16,0.032675,Open Play,Goal
3753973,2016-03-19,West Ham United,18,0.026000,Open Play,Blocked
3753973,2016-03-19,Chelsea,21,0.042360,Open Play,Off T
3753973,2016-03-19,West Ham United,21,0.026032,Open Play,Off T
3753973,2016-03-19,West Ham United,23,0.076871,Open Play,Wayward
3753973,2016-03-19,Chelsea,24,0.035673,Open Play,Off T
3753973,2016-03-19,Chelsea,27,0.040328,Open Play,Blocked
3753973,2016-03-19,Chelsea,29,0.110444,Open Play,Saved
3753973,2016-03-19,West Ham United,30,0.078850,Open Play,Blocked
3753973,2016-03-19,Chelsea,40,0.036702,Free Kick,Off T
3753973,2016-03-19,Chelsea,47,0.067772,Free Kick,Goal
3753973,2016-03-19,Chelsea,49,0.169262,Open Play,Off T
3753973,2016-03-19,Chelsea,51,0.027579,Open Play,Blocked
3753973,2016-03-19,West Ham United,56,0.016257,Open Play,Post
3753973,2016-03-19,Chelsea,60,0.043587,Open Play,Saved
3753973,2016-03-19,West Ham United,60,0.241011,Open Play,Goal
3753973,2016-03-19,Chelsea,64,0.084986,Open Play,Blocked
3753973,2016-03-19,West Ham United,65,0.015922,Open Play,Blocked
3753973,2016-03-19,Chelsea,67,0.325681,Open Play,Off T
3753973,2016-03-19,Chelsea,70,0.042302,Open Play,Blocked
3753973,2016-03-19,Chelsea,71,0.090675,Open Play,Off T
3753973,2016-03-19,Chelsea,73,0.066321,Open Play,Blocked
3753973,2016-03-19,Chelsea,73,0.088721,Open Play,Off T
3753973,2016-03-19,Chelsea,75,0.080288,Open Play,Off T
3753973,2016-03-19,West Ham United,77,0.064970,Open Play,Blocked
3753973,2016-03-19,West Ham United,78,0.083968,Open Play,Saved
3753973,2016-03-19,Chelsea,80,0.064231,Open Play,Blocked
3753973,2016-03-19,Chelsea,81,0.071900,Open Play,Off T
3753973,2016-03-19,Chelsea,83,0.029433,Open Play,Off T
3753973,2016-03-19,West Ham United,86,0.109366,Open Play,Blocked
3753973,2016-03-19,Chelsea,88,0.783500,Penalty,Goal
3753973,2016-03-19,West Ham United,92,0.045233,Free Kick,Saved
3753973,2016-03-19,Chelsea,94,0.086545,Open Play,Off T
3753974,2015-12-26,Everton,5,0.049471,Free Kick,Off T
3753974,2015-12-26,Everton,6,0.080075,Open Play,Saved
3753974,2015-12-26,Everton,18,0.095000,Open Play,Saved
3753974,2015-12-26,Newcastle United,24,0.255437,Open Play,Off T
3753974,2015-12-26,Everton,25,0.027555,Open Play,Off T
3753974,2015-12-26,Everton,27,0.147257,Open Play,Saved
3753974,2015-12-26,Newcastle United,29,0.082255,Open Play,Off T
3753974,2015-12-26,Newcastle United,36,0.053979,Open Play,Off T
3753974,2015-12-26,Everton,42,0.027854,Free Kick,Blocked
3753974,2015-12-26,Everton,44,0.047247,Open Play,Off T
3753974,2015-12-26,Newcastle United,52,0.053950,Open Play,Blocked
3753974,2015-12-26,Everton,55,0.121254,Open Play,Blocked
3753974,2015-12-26,Everton,56,0.240094,Open Play,Saved
3753974,2015-12-26,Everton,56,0.036730,Open Play,Blocked
3753974,2015-12-26,Everton,58,0.041154,Open Play,Saved
3753974,2015-12-26,Everton,62,0.034111,Open Play,Blocked
3753974,2015-12-26,Everton,62,0.039182,Open Play,Blocked
3753974,2015-12-26,Everton,67,0.036130,Open Play,Blocked
3753974,2015-12-26,Everton,67,0.075053,Open Play,Blocked
3753974,2015-12-26,Newcastle United,70,0.061894,Open Play,Off T
3753974,2015-12-26,Newcastle United,72,0.135774,Open Play,Off T
3753974,2015-12-26,Everton,73,0.028843,Open Play,Blocked
3753974,2015-12-26,Newcastle United,75,0.474047,Open Play,Saved
3753974,2015-12-26,Newcastle United,75,0.035794,Open Play,Blocked
3753974,2015-12-26,Newcastle United,76,0.040103,Open Play,Blocked
3753974,2015-12-26,Everton,77,0.088077,Open Play,Saved
3753974,2015-12-26,Everton,77,0.458349,Open Play,Off T
3753974,2015-12-26,Everton,79,0.052349,Open Play,Off T
3753974,2015-12-26,Newcastle United,86,0.028059,Open Play,Off T
3753974,2015-12-26,Everton,92,0.080483,Open Play,Goal
3753975,2016-01-23,AFC Bournemouth,5,0.048579,Open Play,Saved
3753975,2016-01-23,AFC Bournemouth,12,0.086097,Open Play,Goal
3753975,2016-01-23,AFC Bournemouth,16,0.062269,Open Play,Blocked
3753975,2016-01-23,AFC Bournemouth,18,0.078782,Open Play,Off T
3753975,2016-01-23,AFC Bournemouth,21,0.060801,Open Play,Saved
3753975,2016-01-23,AFC Bournemouth,24,0.020613,Open Play,Saved
3753975,2016-01-23,AFC Bournemouth,25,0.085699,Open Play,Saved
3753975,2016-01-23,AFC Bournemouth,27,0.021886,Open Play,Off T
3753975,2016-01-23,Sunderland,33,0.032692,Open Play,Saved
3753975,2016-01-23,AFC Bournemouth,39,0.038616,Open Play,Off T
3753975,2016-01-23,Sunderland,40,0.031105,Open Play,Blocked
3753975,2016-01-23,Sunderland,44,0.042076,Open Play,Saved
3753975,2016-01-23,Sunderland,45,0.095796,Open Play,Goal
3753975,2016-01-23,AFC Bournemouth,48,0.105215,Open Play,Off T
3753975,2016-01-23,Sunderland,53,0.014200,Open Play,Saved
3753975,2016-01-23,Sunderland,55,0.035848,Open Play,Off T
3753975,2016-01-23,Sunderland,57,0.088127,Open Play,Saved
3753975,2016-01-23,AFC Bournemouth,62,0.045186,Open Play,Wayward
3753975,2016-01-23,AFC Bournemouth,65,0.023482,Open Play,Off T
3753975,2016-01-23,Sunderland,72,0.075367,Open Play,Blocked
3753975,2016-01-23,Sunderland,72,0.045025,Open Play,Blocked
3753975,2016-01-23,AFC Bournemouth,79,0.045721,Open Play,Blocked
3753975,2016-01-23,AFC Bournemouth,82,0.448389,Open Play,Off T
3753975,2016-01-23,Sunderland,87,0.029812,Open Play,Blocked
3753975,2016-01-23,AFC Bournemouth,92,0.011635,Open Play,Blocked
3753976,2016-03-02,Arsenal,2,0.161641,Open Play,Blocked
3753976,2016-03-02,Arsenal,2,0.014114,Open Play,Off T
3753976,2016-03-02,Arsenal,6,0.142100,Open Play,Blocked
3753976,2016-03-02,Arsenal,10,0.070409,Open Play,Post
3753976,2016-03-02,Arsenal,14,0.012113,Open Play,Blocked
3753976,2016-03-02,Arsenal,14,0.214901,Open Play,Goal
3753976,2016-03-02,Swansea City,16,0.034159,Open Play,Blocked
3753976,2016-03-02,Swansea City,16,0.007373,Open Play,Blocked
3753976,2016-03-02,Arsenal,24,0.045308,Open Play,Blocked
3753976,2016-03-02,Arsenal,24,0.016068,Open Play,Saved
3753976,2016-03-02,Swansea City,25,0.046429,Open Play,Off T
3753976,2016-03-02,Swansea City,27,0.015065,Open Play,Blocked
3753976,2016-03-02,Arsenal,29,0.009894,Open Play,Saved
3753976,2016-03-02,Swansea City,31,0.281844,Open Play,Goal
3753976,2016-03-02,Arsenal,40,0.227553,Open Play,Post
3753976,2016-03-02,Arsenal,48,0.027099,Open Play,Blocked
3753976,2016-03-02,Swansea City,50,0.013202,Open Play,Blocked
3753976,2016-03-02,Swansea City,54,0.047946,Open Play,Off T
3753976,2016-03-02,Arsenal,56,0.062617,Open Play,Off T
3753976,2016-03-02,Swansea City,61,0.024516,Open Play,Blocked
3753976,2016-03-02,Swansea City,64,0.190984,Open Play,Off T
3753976,2016-03-02,Arsenal,67,0.046720,Free Kick,Post
3753976,2016-03-02,Swansea City,73,0.501922,Open Play,Goal
3753976,2016-03-02,Arsenal,75,0.032870,Open Play,Saved
3753976,2016-03-02,Arsenal,79,0.097808,Open Play,Off T
3753976,2016-03-02,Arsenal,87,0.066599,Open Play,Saved
3753976,2016-03-02,Arsenal,92,0.079658,Open Play,Off T
3753976,2016-03-02,Swansea City,95,0.010610,Open Play,Wayward
3753977,2016-03-19,Watford,8,0.127888,Open Play,Saved
3753977,2016-03-19,Stoke City,13,0.052876,Open Play,Blocked
3753977,2016-03-19,Stoke City,17,0.397053,Open Play,Goal
3753977,2016-03-19,Stoke City,21,0.064104,Open Play,Off T
3753977,2016-03-19,Watford,27,0.057419,Open Play,Blocked
3753977,2016-03-19,Watford,28,0.065429,Open Play,Off T
3753977,2016-03-19,Stoke City,40,0.057996,Open Play,Saved
3753977,2016-03-19,Watford,42,0.131721,Open Play,Off T
3753977,2016-03-19,Watford,45,0.026909,Open Play,Off T
3753977,2016-03-19,Stoke City,50,0.067916,Open Play,Goal
3753977,2016-03-19,Stoke City,53,0.154249,Open Play,Saved
3753977,2016-03-19,Stoke City,56,0.186161,Open Play,Saved
3753977,2016-03-19,Stoke City,59,0.011144,Open Play,Off T
3753977,2016-03-19,Watford,70,0.035852,Open Play,Saved
3753977,2016-03-19,Stoke City,76,0.436373,Open Play,Saved
3753977,2016-03-19,Watford,80,0.035223,Open Play,Off T
3753977,2016-03-19,Watford,82,0.063523,Open Play,Saved
3753977,2016-03-19,Watford,85,0.178253,Open Play,Goal
3753978,2015-09-26,Southampton,3,0.029065,Open Play,Off T
3753978,2015-09-26,Swansea City,5,0.050500,Open Play,Saved
3753978,2015-09-26,Swansea City,5,0.162140,Open Play,Off T
3753978,2015-09-26,Southampton,7,0.113556,Open Play,Off T
3753978,2015-09-26,Southampton,10,0.282589,Open Play,Goal
3753978,2015-09-26,Southampton,13,0.048144,Open Play,Wayward
3753978,2015-09-26,Swansea City,18,0.035279,Open Play,Off T
3753978,2015-09-26,Swansea City,21,0.015863,Open Play,Saved
3753978,2015-09-26,Swansea City,25,0.069576,Free Kick,Blocked
3753978,2015-09-26,Southampton,32,0.063481,Open Play,Off T
3753978,2015-09-26,Southampton,36,0.021318,Open Play,Saved
3753978,2015-09-26,Southampton,43,0.051557,Open Play,Off T
3753978,2015-09-26,Southampton,46,0.237219,Open Play,Off T
3753978,2015-09-26,Swansea City,48,0.013927,Open Play,Off T
3753978,2015-09-26,Southampton,60,0.088271,Open Play,Blocked
3753978,2015-09-26,Southampton,60,0.104728,Open Play,Goal
3753978,2015-09-26,Swansea City,64,0.037790,Open Play,Blocked
3753978,2015-09-26,Southampton,66,0.044350,Free Kick,Saved
3753978,2015-09-26,Southampton,68,0.079610,Open Play,Saved
3753978,2015-09-26,Swansea City,68,0.009356,Open Play,Off T
3753978,2015-09-26,Southampton,70,0.064516,Open Play,Blocked
3753978,2015-09-26,Swansea City,72,0.082047,Open Play,Blocked
3753978,2015-09-26,Southampton,74,0.038284,Open Play,Saved
3753978,2015-09-26,Southampton,76,0.050931,Open Play,Off T
3753978,2015-09-26,Swansea City,82,0.783500,Penalty,Goal
3753978,2015-09-26,Swansea City,87,0.061297,Open Play,Saved
3753978,2015-09-26,Southampton,92,0.090148,Open Play,Off T
3753979,2015-11-23,Sunderland,1,0.091974,Open Play,Off T
3753979,2015-11-23,Crystal Palace,5,0.057883,Open Play,Off T
3753979,2015-11-23,Sunderland,9,0.055104,Open Play,Off T
3753979,2015-11-23,Sunderland,11,0.060086,Open Play,Off T
3753979,2015-11-23,Crystal Palace,14,0.028364,Open Play,Saved
3753979,2015-11-23,Sunderland,24,0.060860,Open Play,Blocked
3753979,2015-11-23,Crystal Palace,26,0.041113,Open Play,Blocked
3753979,2015-11-23,Crystal Palace,29,0.019944,Open Play,Saved
3753979,2015-11-23,Crystal Palace,40,0.048663,Open Play,Blocked
3753979,2015-11-23,Crystal Palace,42,0.042629,Open Play,Wayward
3753979,2015-11-23,Crystal Palace,47,0.033879,Open Play,Off T
3753979,2015-11-23,Sunderland,49,0.079480,Open Play,Blocked
3753979,2015-11-23,Crystal Palace,51,0.008288,Open Play,Saved
3753979,2015-11-23,Crystal Palace,58,0.006281,Open Play,Off T
3753979,2015-11-23,Sunderland,60,0.030933,Open Play,Off T
3753979,2015-11-23,Crystal Palace,63,0.081624,Open Play,Blocked
3753979,2015-11-23,Crystal Palace,64,0.053080,Open Play,Off T
3753979,2015-11-23,Sunderland,66,0.009952,Free Kick,Blocked
3753979,2015-11-23,Sunderland,71,0.020238,Open Play,Saved
3753979,2015-11-23,Crystal Palace,71,0.021026,Open Play,Saved
3753979,2015-11-23,Crystal Palace,73,0.024528,Open Play,Blocked
3753979,2015-11-23,Sunderland,73,0.132966,Open Play,Blocked
3753979,2015-11-23,Sunderland,73,0.134848,Open Play,Saved
3753979,2015-11-23,Crystal Palace,74,0.007683,Open Play,Off T
3753979,2015-11-23,Sunderland,76,0.012946,Open Play,Off T
3753979,2015-11-23,Crystal Palace,77,0.041211,Open Play,Off T
3753979,2015-11-23,Sunderland,79,0.983099,Open Play,Goal
3753979,2015-11-23,Crystal Palace,81,0.010320,Open Play,Saved
3753979,2015-11-23,Crystal Palace,81,0.018518,Open Play,Wayward
3753979,2015-11-23,Crystal Palace,81,0.032070,Open Play,Saved
3753979,2015-11-23,Crystal Palace,88,0.068398,Open Play,Saved
3753979,2015-11-23,Crystal Palace,95,0.045642,Free Kick,Off T
3753980,2016-03-19,Everton,1,0.055156,Open Play,Off T
3753980,2016-03-19,Arsenal,3,0.083149,Open Play,Off T
3753980,2016-03-19,Arsenal,6,0.898632,Open Play,Goal
3753980,2016-03-19,Arsenal,7,0.134781,Open Play,Saved
3753980,2016-03-19,Arsenal,20,0.091699,Open Play,Blocked
3753980,2016-03-19,Everton,22,0.021068,Open Play,Blocked
3753980,2016-03-19,Everton,22,0.047227,Open Play,Saved
3753980,2016-03-19,Arsenal,37,0.155579,Open Play,Blocked
3753980,2016-03-19,Everton,38,0.021156,Open Play,Blocked
3753980,2016-03-19,Arsenal,41,0.244759,Open Play,Goal
3753980,2016-03-19,Everton,42,0.033438,Open Play,Off T
3753980,2016-03-19,Arsenal,44,0.060967,Open Play,Off T
3753980,2016-03-19,Arsenal,47,0.042830,Open Play,Blocked
3753980,2016-03-19,Arsenal,52,0.021132,Open Play,Off T
3753980,2016-03-19,Everton,68,0.112067,Open Play,Off T
3753980,2016-03-19,Everton,71,0.068454,Open Play,Blocked
3753980,2016-03-19,Arsenal,81,0.016612,Open Play,Blocked
3753980,2016-03-19,Everton,87,0.100263,Open Play,Saved
3753980,2016-03-19,Arsenal,92,0.080229,Open Play,Off T
3753981,2016-01-12,Crystal Palace,0,0.028005,Open Play,Post
3753981,2016-01-12,Aston Villa,1,0.030967,Open Play,Blocked
3753981,2016-01-12,Aston Villa,2,0.028598,Open Play,Off T
3753981,2016-01-12,Aston Villa,6,0.024646,Open Play,Blocked
3753981,2016-01-12,Aston Villa,13,0.023314,Open Play,Saved
3753981,2016-01-12,Crystal Palace,19,0.027643,Open Play,Off T
3753981,2016-01-12,Aston Villa,25,0.032908,Open Play,Off T
3753981,2016-01-12,Crystal Palace,26,0.106703,Open Play,Off T
3753981,2016-01-12,Aston Villa,38,0.042201,Open Play,Blocked
3753981,2016-01-12,Aston Villa,40,0.019714,Open Play,Blocked
3753981,2016-01-12,Aston Villa,42,0.023367,Open Play,Blocked
3753981,2016-01-12,Aston Villa,43,0.035531,Open Play,Blocked
3753981,2016-01-12,Crystal Palace,45,0.028097,Open Play,Off T
3753981,2016-01-12,Aston Villa,51,0.053891,Open Play,Saved
3753981,2016-01-12,Aston Villa,52,0.029707,Open Play,Blocked
3753981,2016-01-12,Crystal Palace,55,0.007402,Free Kick,Saved
3753981,2016-01-12,Aston Villa,57,0.148858,Open Play,Saved
3753981,2016-01-12,Crystal Palace,68,0.032729,Free Kick,Blocked
3753981,2016-01-12,Crystal Palace,70,0.006561,Open Play,Off T
3753981,2016-01-12,Crystal Palace,80,0.110936,Open Play,Wayward
3753981,2016-01-12,Aston Villa,84,0.203429,Open Play,Off T
3753981,2016-01-12,Crystal Palace,87,0.052434,Open Play,Off T
3753982,2016-04-03,Leicester City,3,0.075606,Open Play,Off T
3753982,2016-04-03,Leicester City,10,0.078462,Open Play,Blocked
3753982,2016-04-03,Leicester City,11,0.078850,Open Play,Blocked
3753982,2016-04-03,Southampton,20,0.075048,Open Play,Blocked
3753982,2016-04-03,Southampton,28,0.053692,Open Play,Off T
3753982,2016-04-03,Southampton,31,0.152754,Open Play,Blocked
3753982,2016-04-03,Southampton,34,0.019961,Open Play,Saved
3753982,2016-04-03,Southampton,35,0.021796,Open Play,Off T
3753982,2016-04-03,Leicester City,37,0.129926,Open Play,Goal
3753982,2016-04-03,Leicester City,42,0.023921,Open Play,Blocked
3753982,2016-04-03,Southampton,62,0.031402,Open Play,Wayward
3753982,2016-04-03,Southampton,62,0.059662,Open Play,Blocked
3753982,2016-04-03,Southampton,69,0.040170,Open Play,Off T
3753982,2016-04-03,Leicester City,70,0.578276,Open Play,Saved
3753982,2016-04-03,Southampton,72,0.010912,Open Play,Blocked
3753982,2016-04-03,Leicester City,74,0.110242,Open Play,Blocked
3753982,2016-04-03,Leicester City,76,0.017941,Open Play,Saved
3753982,2016-04-03,Southampton,77,0.053077,Open Play,Off T
3753982,2016-04-03,Leicester City,80,0.014961,Open Play,Off T
3753982,2016-04-03,Leicester City,83,0.051908,Open Play,Blocked
3753982,2016-04-03,Leicester City,84,0.077602,Open Play,Saved
3753983,2015-10-31,Arsenal,7,0.058629,Open Play,Off T
3753983,2015-10-31,Arsenal,15,0.040084,Open Play,Off T
3753983,2015-10-31,Swansea City,26,0.117854,Open Play,Saved
3753983,2015-10-31,Arsenal,28,0.203382,Open Play,Off T
3753983,2015-10-31,Swansea City,31,0.012535,Free Kick,Blocked
3753983,2015-10-31,Swansea City,31,0.046690,Open Play,Off T
3753983,2015-10-31,Arsenal,36,0.045955,Open Play,Saved
3753983,2015-10-31,Swansea City,41,0.022286,Open Play,Blocked
3753983,2015-10-31,Arsenal,48,0.122400,Open Play,Goal
3753983,2015-10-31,Swansea City,49,0.055133,Open Play,Saved
3753983,2015-10-31,Swansea City,52,0.043582,Open Play,Blocked
3753983,2015-10-31,Arsenal,53,0.031993,Open Play,Off T
3753983,2015-10-31,Arsenal,64,0.085465,Open Play,Wayward
3753983,2015-10-31,Arsenal,64,0.105118,Open Play,Off T
3753983,2015-10-31,Arsenal,67,0.612573,Open Play,Goal
3753983,2015-10-31,Arsenal,72,0.214037,Open Play,Goal
3753983,2015-10-31,Swansea City,77,0.031952,Open Play,Saved
3753983,2015-10-31,Arsenal,78,0.028055,Open Play,Off T
3753983,2015-10-31,Arsenal,88,0.039370,Open Play,Blocked
3753983,2015-10-31,Arsenal,91,0.060335,Open Play,Saved
3753984,2015-08-29,West Ham United,2,0.197539,Open Play,Goal
3753984,2015-08-29,Liverpool,6,0.020134,Open Play,Off T
3753984,2015-08-29,Liverpool,8,0.026663,Open Play,Post
3753984,2015-08-29,West Ham United,15,0.061983,Open Play,Off T
3753984,2015-08-29,Liverpool,24,0.016134,Open Play,Blocked
3753984,2015-08-29,West Ham United,24,0.034626,Open Play,Blocked
3753984,2015-08-29,West Ham United,25,0.069011,Open Play,Off T
3753984,2015-08-29,West Ham United,28,0.082276,Open Play,Goal
3753984,2015-08-29,West Ham United,35,0.029304,Open Play,Off T
3753984,2015-08-29,Liverpool,38,0.097079,Open Play,Blocked
3753984,2015-08-29,Liverpool,49,0.006660,Open Play,Off T
3753984,2015-08-29,Liverpool,50,0.025804,Open Play,Blocked
3753984,2015-08-29,Liverpool,54,0.005805,Open Play,Saved
3753984,2015-08-29,Liverpool,58,0.089321,Open Play,Blocked
3753984,2015-08-29,Liverpool,63,0.056240,Open Play,Off T
3753984,2015-08-29,West Ham United,70,0.008385,Open Play,Blocked
3753984,2015-08-29,West Ham United,70,0.022740,Open Play,Saved
3753984,2015-08-29,West Ham United,75,0.021935,Open Play,Saved
3753984,2015-08-29,West Ham United,76,0.021734,Open Play,Blocked
3753984,2015-08-29,West Ham United,76,0.080398,Open Play,Off T
3753984,2015-08-29,Liverpool,82,0.242412,Open Play,Blocked
3753984,2015-08-29,Liverpool,82,0.055672,Open Play,Wayward
3753984,2015-08-29,Liverpool,82,0.264166,Open Play,Off T
3753984,2015-08-29,West Ham United,91,0.101283,Open Play,Goal
3753984,2015-08-29,Liverpool,93,0.088793,Open Play,Off T
3753984,2015-08-29,Liverpool,94,0.062575,Open Play,Blocked
3753985,2015-08-09,Stoke City,7,0.104389,Open Play,Wayward
3753985,2015-08-09,Stoke City,17,0.016600,Open Play,Saved
3753985,2015-08-09,Liverpool,18,0.030167,Open Play,Blocked
3753985,2015-08-09,Liverpool,20,0.021544,Open Play,Blocked
3753985,2015-08-09,Liverpool,30,0.008485,Open Play,Blocked
3753985,2015-08-09,Stoke City,35,0.051799,Open Play,Blocked
3753985,2015-08-09,Stoke City,35,0.113580,Open Play,Off T
3753985,2015-08-09,Stoke City,45,0.009673,Open Play,Saved Off Target
3753985,2015-08-09,Liverpool,62,0.010463,Open Play,Saved
3753985,2015-08-09,Liverpool,66,0.075179,Open Play,Blocked
3753985,2015-08-09,Liverpool,67,0.051893,Open Play,Saved
3753985,2015-08-09,Liverpool,76,0.018821,Open Play,Off T
3753985,2015-08-09,Stoke City,79,0.119033,Open Play,Blocked
3753985,2015-08-09,Liverpool,85,0.028717,Open Play,Goal
3753986,2016-04-10,Stoke City,1,0.014495,Open Play,Off T
3753986,2016-04-10,Stoke City,3,0.011136,Open Play,Off T
3753986,2016-04-10,Liverpool,7,0.020313,Open Play,Goal
3753986,2016-04-10,Stoke City,21,0.200344,Open Play,Goal
3753986,2016-04-10,Liverpool,27,0.038519,Open Play,Off T
3753986,2016-04-10,Liverpool,31,0.642223,Open Play,Goal
3753986,2016-04-10,Stoke City,38,0.090142,Open Play,Off T
3753986,2016-04-10,Stoke City,40,0.008468,Free Kick,Off T
3753986,2016-04-10,Stoke City,41,0.022389,Open Play,Saved
3753986,2016-04-10,Stoke City,41,0.005619,Open Play,Off T
3753986,2016-04-10,Liverpool,45,0.046205,Open Play,Blocked
3753986,2016-04-10,Liverpool,45,0.040710,Open Play,Saved
3753986,2016-04-10,Liverpool,47,0.050139,Open Play,Blocked
3753986,2016-04-10,Liverpool,49,0.263862,Open Play,Goal
3753986,2016-04-10,Stoke City,53,0.115831,Open Play,Saved
3753986,2016-04-10,Stoke City,54,0.048891,Open Play,Blocked
3753986,2016-04-10,Liverpool,56,0.010519,Open Play,Saved
3753986,2016-04-10,Liverpool,57,0.120416,Open Play,Wayward
3753986,2016-04-10,Liverpool,60,0.525891,Open Play,Off T
3753986,2016-04-10,Liverpool,64,0.006194,Open Play,Goal
3753986,2016-04-10,Liverpool,65,0.024139,Open Play,Off T
3753986,2016-04-10,Stoke City,65,0.017471,Open Play,Off T
3753986,2016-04-10,Liverpool,88,0.060797,Open Play,Blocked
3753986,2016-04-10,Stoke City,90,0.051685,Open Play,Blocked
3753986,2016-04-10,Liverpool,91,0.054735,Open Play,Blocked
3753987,2015-08-22,Tottenham Hotspur,7,0.033020,Open Play,Saved
3753987,2015-08-22,Leicester City,10,0.013543,Open Play,Blocked
3753987,2015-08-22,Leicester City,12,0.105000,Open Play,Wayward
3753987,2015-08-22,Leicester City,12,0.096574,Open Play,Blocked
3753987,2015-08-22,Leicester City,13,0.041188,Open Play,Blocked
3753987,2015-08-22,Leicester City,16,0.041957,Open Play,Off T
3753987,2015-08-22,Tottenham Hotspur,24,0.099197,Open Play,Off T
3753987,2015-08-22,Tottenham Hotspur,28,0.032517,Open Play,Saved
3753987,2015-08-22,Tottenham Hotspur,37,0.016681,Open Play,Blocked
3753987,2015-08-22,Tottenham Hotspur,44,0.021468,Open Play,Wayward
3753987,2015-08-22,Tottenham Hotspur,45,0.023504,Open Play,Off T
3753987,2015-08-22,Tottenham Hotspur,46,0.050408,Open Play,Blocked
3753987,2015-08-22,Leicester City,47,0.048657,Open Play,Blocked
3753987,2015-08-22,Tottenham Hotspur,47,0.059706,Open Play,Off T
3753987,2015-08-22,Tottenham Hotspur,51,0.281778,Open Play,Off T
3753987,2015-08-22,Tottenham Hotspur,53,0.073505,Open Play,Off T
3753987,2015-08-22,Leicester City,54,0.050090,Open Play,Off T
3753987,2015-08-22,Tottenham Hotspur,56,0.067887,Open Play,Off T
3753987,2015-08-22,Tottenham Hotspur,57,0.032217,Open Play,Off T
3753987,2015-08-22,Tottenham Hotspur,62,0.078863,Open Play,Saved
3753987,2015-08-22,Tottenham Hotspur,63,0.050701,Open Play,Blocked
3753987,2015-08-22,Tottenham Hotspur,64,0.019762,Open Play,Saved
3753987,2015-08-22,Tottenham Hotspur,66,0.017885,Open Play,Off T
3753987,2015-08-22,Leicester City,68,0.017789,Open Play,Post
3753987,2015-08-22,Tottenham Hotspur,80,0.657110,Open Play,Goal
3753987,2015-08-22,Leicester City,81,0.029330,Open Play,Goal
3753987,2015-08-22,Leicester City,84,0.046095,Free Kick,Blocked
3753987,2015-08-22,Leicester City,84,0.048602,Open Play,Blocked
3753987,2015-08-22,Leicester City,85,0.006136,Open Play,Off T
3753987,2015-08-22,Leicester City,87,0.082247,Open Play,Saved
3753987,2015-08-22,Tottenham Hotspur,90,0.344135,Open Play,Saved
3753987,2015-08-22,Tottenham Hotspur,92,0.011417,Open Play,Blocked
3753988,2016-03-12,AFC Bournemouth,2,0.099494,Open Play,Off T
3753988,2016-03-12,Swansea City,4,0.036805,Open Play,Off T
3753988,2016-03-12,AFC Bournemouth,7,0.152244,Open Play,Off T
3753988,2016-03-12,AFC Bournemouth,9,0.019438,Open Play,Off T
3753988,2016-03-12,AFC Bournemouth,13,0.029455,Open Play,Post
3753988,2016-03-12,AFC Bournemouth,14,0.056520,Open Play,Blocked
3753988,2016-03-12,Swansea City,15,0.086219,Open Play,Off T
3753988,2016-03-12,Swansea City,17,0.007563,Open Play,Off T
3753988,2016-03-12,Swansea City,25,0.027849,Open Play,Off T
3753988,2016-03-12,AFC Bournemouth,28,0.007546,Free Kick,Saved
3753988,2016-03-12,AFC Bournemouth,36,0.067089,Open Play,Goal
3753988,2016-03-12,Swansea City,38,0.105017,Open Play,Goal
3753988,2016-03-12,Swansea City,43,0.026346,Open Play,Off T
3753988,2016-03-12,AFC Bournemouth,49,0.085444,Open Play,Goal
3753988,2016-03-12,Swansea City,53,0.033199,Open Play,Off T
3753988,2016-03-12,AFC Bournemouth,59,0.071193,Open Play,Off T
3753988,2016-03-12,Swansea City,61,0.084587,Open Play,Goal
3753988,2016-03-12,Swansea City,63,0.600843,Open Play,Saved Off Target
3753988,2016-03-12,Swansea City,64,0.039981,Open Play,Blocked
3753988,2016-03-12,Swansea City,64,0.440388,Open Play,Off T
3753988,2016-03-12,Swansea City,76,0.025791,Open Play,Saved
3753988,2016-03-12,AFC Bournemouth,77,0.197659,Open Play,Blocked
3753988,2016-03-12,AFC Bournemouth,77,0.124011,Open Play,Goal
3753988,2016-03-12,AFC Bournemouth,80,0.008541,Open Play,Blocked
3753988,2016-03-12,AFC Bournemouth,82,0.043779,Open Play,Saved
3753988,2016-03-12,Swansea City,89,0.014250,Open Play,Blocked
3753989,2016-05-11,Everton,8,0.026407,Open Play,Off T
3753989,2016-05-11,Sunderland,17,0.036181,Open Play,Blocked
3753989,2016-05-11,Sunderland,17,0.068277,Open Play,Blocked
3753989,2016-05-11,Sunderland,18,0.019945,Open Play,Saved
3753989,2016-05-11,Sunderland,23,0.004843,Open Play,Off T
3753989,2016-05-11,Everton,27,0.008131,Open Play,Off T
3753989,2016-05-11,Sunderland,34,0.031564,Open Play,Blocked
3753989,2016-05-11,Sunderland,37,0.057485,Free Kick,Goal
3753989,2016-05-11,Sunderland,40,0.066747,Open Play,Saved
3753989,2016-05-11,Sunderland,41,0.025284,Open Play,Wayward
3753989,2016-05-11,Sunderland,41,0.329640,Open Play,Goal
3753989,2016-05-11,Everton,46,0.094842,Open Play,Saved
3753989,2016-05-11,Sunderland,48,0.251502,Open Play,Off T
3753989,2016-05-11,Everton,51,0.013831,Open Play,Blocked
3753989,2016-05-11,Sunderland,54,0.112801,Open Play,Blocked
3753989,2016-05-11,Sunderland,54,0.795077,Open Play,Goal
3753989,2016-05-11,Everton,64,0.035791,Open Play,Blocked
3753989,2016-05-11,Sunderland,65,0.070277,Open Play,Saved
3753989,2016-05-11,Everton,66,0.092373,Open Play,Saved
3753989,2016-05-11,Everton,67,0.014521,Open Play,Saved
3753989,2016-05-11,Everton,70,0.088020,Open Play,Blocked
3753989,2016-05-11,Everton,72,0.022733,Open Play,Blocked
3753989,2016-05-11,Everton,72,0.059438,Open Play,Saved
3753989,2016-05-11,Everton,75,0.127498,Open Play,Blocked
3753989,2016-05-11,Sunderland,84,0.009521,Open Play,Off T
3753989,2016-05-11,Sunderland,89,0.112165,Open Play,Saved
3753989,2016-05-11,Everton,90,0.057883,Open Play,Saved
3753989,2016-05-11,Everton,91,0.019431,Open Play,Blocked
3753989,2016-05-11,Everton,92,0.126050,Open Play,Off T
3753989,2016-05-11,Everton,93,0.053464,Open Play,Saved
3753989,2016-05-11,Everton,93,0.223789,Open Play,Post
3753989,2016-05-11,Everton,94,0.069688,Open Play,Off T
3753990,2016-04-24,Arsenal,3,0.098001,Open Play,Off T
3753990,2016-04-24,Arsenal,7,0.035678,Open Play,Blocked
3753990,2016-04-24,Arsenal,8,0.009615,Open Play,Saved
3753990,2016-04-24,Arsenal,8,0.114209,Open Play,Saved
3753990,2016-04-24,Sunderland,12,0.010227,Open Play,Off T
3753990,2016-04-24,Sunderland,13,0.051312,Open Play,Blocked
3753990,2016-04-24,Sunderland,14,0.026830,Open Play,Off T
3753990,2016-04-24,Arsenal,19,0.021637,Open Play,Saved
3753990,2016-04-24,Sunderland,21,0.064518,Free Kick,Off T
3753990,2016-04-24,Arsenal,23,0.063813,Open Play,Off T
3753990,2016-04-24,Arsenal,30,0.028926,Open Play,Saved
3753990,2016-04-24,Arsenal,33,0.058780,Free Kick,Saved
3753990,2016-04-24,Arsenal,34,0.112198,Open Play,Saved
3753990,2016-04-24,Arsenal,34,0.340093,Open Play,Blocked
3753990,2016-04-24,Sunderland,36,0.082225,Open Play,Blocked
3753990,2016-04-24,Arsenal,36,0.048978,Open Play,Off T
3753990,2016-04-24,Arsenal,40,0.101690,Open Play,Blocked
3753990,2016-04-24,Sunderland,46,0.033122,Open Play,Saved
3753990,2016-04-24,Sunderland,49,0.037262,Open Play,Saved
3753990,2016-04-24,Sunderland,49,0.019932,Open Play,Saved
3753990,2016-04-24,Sunderland,51,0.040576,Open Play,Saved
3753990,2016-04-24,Arsenal,55,0.071052,Open Play,Wayward
3753990,2016-04-24,Arsenal,55,0.026517,Open Play,Blocked
3753990,2016-04-24,Arsenal,59,0.033703,Open Play,Off T
3753990,2016-04-24,Arsenal,62,0.023163,Open Play,Blocked
3753990,2016-04-24,Sunderland,63,0.065116,Open Play,Off T
3753990,2016-04-24,Arsenal,74,0.032356,Open Play,Blocked
3753990,2016-04-24,Arsenal,75,0.018625,Open Play,Blocked
3753990,2016-04-24,Arsenal,81,0.055743,Open Play,Saved
3753990,2016-04-24,Arsenal,86,0.043335,Open Play,Saved
3753990,2016-04-24,Sunderland,89,0.015370,Open Play,Blocked
3753990,2016-04-24,Sunderland,90,0.055275,Open Play,Off T
3753991,2016-03-02,Manchester City,11,0.073344,Open Play,Off T
3753991,2016-03-02,Liverpool,16,0.029107,Open Play,Blocked
3753991,2016-03-02,Liverpool,21,0.059178,Open Play,Saved
3753991,2016-03-02,Manchester City,27,0.008895,Open Play,Off T
3753991,2016-03-02,Liverpool,33,0.030182,Open Play,Goal
3753991,2016-03-02,Liverpool,40,0.330771,Open Play,Goal
3753991,2016-03-02,Manchester City,45,0.107608,Open Play,Blocked
3753991,2016-03-02,Liverpool,47,0.023232,Open Play,Saved
3753991,2016-03-02,Liverpool,56,0.486276,Open Play,Goal
3753991,2016-03-02,Liverpool,59,0.041157,Open Play,Saved
3753991,2016-03-02,Liverpool,63,0.024861,Open Play,Off T
3753991,2016-03-02,Liverpool,84,0.066444,Free Kick,Off T
3753991,2016-03-02,Manchester City,89,0.018556,Open Play,Saved
3753991,2016-03-02,Liverpool,90,0.026350,Open Play,Off T
3753991,2016-03-02,Liverpool,92,0.005332,Open Play,Saved
3753992,2016-05-08,Tottenham Hotspur,4,0.251877,Open Play,Saved
3753992,2016-05-08,Tottenham Hotspur,4,0.108187,Open Play,Blocked
3753992,2016-05-08,Southampton,10,0.206494,Open Play,Off T
3753992,2016-05-08,Tottenham Hotspur,11,0.097654,Open Play,Wayward
3753992,2016-05-08,Tottenham Hotspur,15,0.582912,Open Play,Goal
3753992,2016-05-08,Southampton,20,0.025518,Open Play,Off T
3753992,2016-05-08,Tottenham Hotspur,22,0.132474,Open Play,Off T
3753992,2016-05-08,Southampton,23,0.055454,Open Play,Blocked
3753992,2016-05-08,Tottenham Hotspur,25,0.070348,Open Play,Saved
3753992,2016-05-08,Tottenham Hotspur,26,0.030079,Open Play,Off T
3753992,2016-05-08,Southampton,30,0.243968,Open Play,Goal
3753992,2016-05-08,Tottenham Hotspur,39,0.015618,Open Play,Off T
3753992,2016-05-08,Tottenham Hotspur,47,0.303703,Open Play,Saved
3753992,2016-05-08,Tottenham Hotspur,47,0.018306,Open Play,Saved
3753992,2016-05-08,Southampton,53,0.175212,Open Play,Off T
3753992,2016-05-08,Tottenham Hotspur,58,0.024319,Open Play,Off T
3753992,2016-05-08,Southampton,60,0.023553,Open Play,Blocked
3753992,2016-05-08,Southampton,60,0.027959,Open Play,Blocked
3753992,2016-05-08,Tottenham Hotspur,63,0.057811,Open Play,Blocked
3753992,2016-05-08,Tottenham Hotspur,67,0.026337,Open Play,Blocked
3753992,2016-05-08,Tottenham Hotspur,67,0.023073,Open Play,Blocked
3753992,2016-05-08,Southampton,71,0.065351,Open Play,Goal
3753992,2016-05-08,Tottenham Hotspur,75,0.054215,Free Kick,Off T
3753992,2016-05-08,Tottenham Hotspur,84,0.096598,Open Play,Off T
3753992,2016-05-08,Southampton,84,0.062339,Open Play,Off T
3753992,2016-05-08,Tottenham Hotspur,88,0.018297,Open Play,Blocked
3753992,2016-05-08,Southampton,92,0.059334,Open Play,Off T
3753992,2016-05-08,Tottenham Hotspur,94,0.401006,Open Play,Saved
3753992,2016-05-08,Tottenham Hotspur,94,0.024365,Open Play,Off T
3753993,2015-08-15,Sunderland,7,0.015319,Open Play,Blocked
3753993,2015-08-15,Norwich City,12,0.025396,Open Play,Off T
3753993,2015-08-15,Norwich City,20,0.035955,Free Kick,Blocked
3753993,2015-08-15,Norwich City,20,0.044165,Open Play,Saved
3753993,2015-08-15,Norwich City,24,0.030138,Open Play,Saved
3753993,2015-08-15,Norwich City,25,0.010228,Open Play,Saved
3753993,2015-08-15,Norwich City,25,0.249513,Open Play,Goal
3753993,2015-08-15,Sunderland,27,0.019461,Open Play,Off T
3753993,2015-08-15,Norwich City,35,0.041312,Free Kick,Blocked
3753993,2015-08-15,Norwich City,36,0.121619,Open Play,Goal
3753993,2015-08-15,Norwich City,38,0.088135,Open Play,Off T
3753993,2015-08-15,Sunderland,40,0.114942,Open Play,Off T
3753993,2015-08-15,Norwich City,47,0.073950,Open Play,Off T
3753993,2015-08-15,Sunderland,46,0.041149,Open Play,Saved
3753993,2015-08-15,Sunderland,52,0.107160,Open Play,Off T
3753993,2015-08-15,Norwich City,56,0.128462,Open Play,Goal
3753993,2015-08-15,Norwich City,60,0.020752,Open Play,Blocked
3753993,2015-08-15,Norwich City,66,0.066541,Open Play,Off T
3753993,2015-08-15,Sunderland,74,0.020827,Open Play,Blocked
3753993,2015-08-15,Norwich City,75,0.016453,Open Play,Blocked
3753993,2015-08-15,Norwich City,80,0.039546,Open Play,Blocked
3753993,2015-08-15,Norwich City,81,0.045691,Open Play,Blocked
3753993,2015-08-15,Sunderland,87,0.068555,Open Play,Goal
3753993,2015-08-15,Norwich City,91,0.074625,Open Play,Blocked
3753993,2015-08-15,Norwich City,91,0.117194,Open Play,Blocked
3753994,2016-05-15,Southampton,12,0.035426,Open Play,Off T
3753994,2016-05-15,Crystal Palace,17,0.043678,Open Play,Saved
3753994,2016-05-15,Southampton,20,0.009388,Open Play,Off T
3753994,2016-05-15,Southampton,22,0.263587,Open Play,Off T
3753994,2016-05-15,Southampton,24,0.153205,Open Play,Off T
3753994,2016-05-15,Southampton,29,0.027822,Open Play,Saved
3753994,2016-05-15,Crystal Palace,31,0.023221,Open Play,Blocked
3753994,2016-05-15,Crystal Palace,32,0.018566,Open Play,Off T
3753994,2016-05-15,Southampton,34,0.041077,Free Kick,Post
3753994,2016-05-15,Crystal Palace,35,0.010948,Open Play,Blocked
3753994,2016-05-15,Crystal Palace,39,0.022743,Open Play,Blocked
3753994,2016-05-15,Southampton,40,0.020353,Open Play,Blocked
3753994,2016-05-15,Southampton,42,0.132799,Open Play,Goal
3753994,2016-05-15,Crystal Palace,44,0.347428,Open Play,Saved
3753994,2016-05-15,Southampton,45,0.010331,Free Kick,Off T
3753994,2016-05-15,Southampton,47,0.123109,Open Play,Off T
3753994,2016-05-15,Southampton,48,0.024985,Open Play,Off T
3753994,2016-05-15,Crystal Palace,57,0.025449,Open Play,Blocked
3753994,2016-05-15,Southampton,59,0.048203,Open Play,Blocked
3753994,2016-05-15,Crystal Palace,59,0.102761,Open Play,Saved
3753994,2016-05-15,Southampton,60,0.106542,Open Play,Goal
3753994,2016-05-15,Crystal Palace,63,0.042093,Open Play,Goal
3753994,2016-05-15,Crystal Palace,66,0.076439,Open Play,Blocked
3753994,2016-05-15,Crystal Palace,66,0.088108,Open Play,Blocked
3753994,2016-05-15,Crystal Palace,66,0.034100,Open Play,Off T
3753994,2016-05-15,Southampton,72,0.031082,Open Play,Off T
3753994,2016-05-15,Southampton,74,0.783500,Penalty,Goal
3753994,2016-05-15,Crystal Palace,76,0.030102,Open Play,Blocked
3753994,2016-05-15,Crystal Palace,76,0.254481,Open Play,Off T
3753994,2016-05-15,Southampton,78,0.034560,Open Play,Off T
3753994,2016-05-15,Southampton,79,0.154385,Open Play,Off T
3753994,2016-05-15,Southampton,80,0.121542,Open Play,Off T
3753994,2016-05-15,Southampton,86,0.270204,Open Play,Goal
3753994,2016-05-15,Crystal Palace,88,0.138833,Open Play,Off T
3753994,2016-05-15,Crystal Palace,90,0.037116,Open Play,Blocked
3753995,2015-10-03,Chelsea,9,0.007725,Free Kick,Goal
3753995,2015-10-03,Chelsea,14,0.028088,Open Play,Blocked
3753995,2015-10-03,Southampton,15,0.054109,Open Play,Off T
3753995,2015-10-03,Southampton,18,0.004527,Open Play,Saved
3753995,2015-10-03,Chelsea,19,0.025831,Open Play,Off T
3753995,2015-10-03,Chelsea,23,0.030729,Open Play,Saved
3753995,2015-10-03,Chelsea,24,0.055026,Open Play,Saved
3753995,2015-10-03,Southampton,40,0.195710,Open Play,Saved
3753995,2015-10-03,Southampton,42,0.079480,Open Play,Goal
3753995,2015-10-03,Chelsea,47,0.061392,Free Kick,Blocked
3753995,2015-10-03,Southampton,48,0.419495,Open Play,Saved
3753995,2015-10-03,Southampton,48,0.041554,Open Play,Blocked
3753995,2015-10-03,Southampton,48,0.182241,Open Play,Blocked
3753995,2015-10-03,Southampton,48,0.049737,Open Play,Off T
3753995,2015-10-03,Southampton,50,0.031014,Open Play,Blocked
3753995,2015-10-03,Southampton,59,0.215621,Open Play,Goal
3753995,2015-10-03,Southampton,66,0.022578,Free Kick,Off T
3753995,2015-10-03,Southampton,68,0.006661,Open Play,Off T
3753995,2015-10-03,Southampton,71,0.094407,Open Play,Goal
3753995,2015-10-03,Southampton,75,0.273099,Open Play,Blocked
3753995,2015-10-03,Chelsea,76,0.064812,Open Play,Off T
3753995,2015-10-03,Chelsea,79,0.014831,Open Play,Off T
3753995,2015-10-03,Chelsea,81,0.030649,Open Play,Off T
3753995,2015-10-03,Chelsea,83,0.039128,Open Play,Blocked
3753995,2015-10-03,Chelsea,86,0.073694,Free Kick,Blocked
3753996,2015-11-21,Chelsea,9,0.196326,Open Play,Off T
3753996,2015-11-21,Chelsea,12,0.052604,Open Play,Off T
3753996,2015-11-21,Norwich City,13,0.014441,Open Play,Saved
3753996,2015-11-21,Chelsea,13,0.031715,Open Play,Saved
3753996,2015-11-21,Norwich City,19,0.066307,Open Play,Off T
3753996,2015-11-21,Chelsea,20,0.036378,Open Play,Off T
3753996,2015-11-21,Chelsea,25,0.180778,Open Play,Off T
3753996,2015-11-21,Chelsea,27,0.019986,Open Play,Blocked
3753996,2015-11-21,Chelsea,30,0.026078,Open Play,Saved
3753996,2015-11-21,Chelsea,37,0.026363,Open Play,Blocked
3753996,2015-11-21,Norwich City,41,0.188030,Open Play,Blocked
3753996,2015-11-21,Chelsea,42,0.189232,Open Play,Saved
3753996,2015-11-21,Chelsea,43,0.024004,Open Play,Off T
3753996,2015-11-21,Chelsea,45,0.030667,Open Play,Blocked
3753996,2015-11-21,Chelsea,47,0.024796,Free Kick,Saved
3753996,2015-11-21,Chelsea,49,0.115477,Open Play,Off T
3753996,2015-11-21,Chelsea,56,0.024638,Open Play,Saved
3753996,2015-11-21,Chelsea,58,0.018962,Open Play,Off T
3753996,2015-11-21,Chelsea,63,0.178797,Open Play,Goal
3753996,2015-11-21,Chelsea,66,0.295493,Open Play,Post
3753996,2015-11-21,Norwich City,67,0.037516,Open Play,Saved
3753996,2015-11-21,Chelsea,77,0.024613,Open Play,Off T
3753996,2015-11-21,Chelsea,80,0.027000,Open Play,Blocked
3753996,2015-11-21,Chelsea,81,0.026534,Open Play,Blocked
3753996,2015-11-21,Chelsea,85,0.270415,Open Play,Saved
3753997,2016-02-02,Aston Villa,9,0.043794,Open Play,Saved
3753997,2016-02-02,Aston Villa,19,0.022375,Open Play,Off T
3753997,2016-02-02,West Ham United,22,0.100591,Open Play,Off T
3753997,2016-02-02,West Ham United,24,0.059705,Open Play,Saved
3753997,2016-02-02,West Ham United,28,0.134357,Open Play,Off T
3753997,2016-02-02,West Ham United,30,0.082604,Open Play,Wayward
3753997,2016-02-02,West Ham United,30,0.603720,Open Play,Off T
3753997,2016-02-02,West Ham United,31,0.018896,Open Play,Off T
3753997,2016-02-02,West Ham United,33,0.033426,Open Play,Off T
3753997,2016-02-02,West Ham United,34,0.005444,Open Play,Off T
3753997,2016-02-02,West Ham United,36,0.059529,Open Play,Off T
3753997,2016-02-02,West Ham United,44,0.017419,Free Kick,Off T
3753997,2016-02-02,West Ham United,47,0.061896,Open Play,Blocked
3753997,2016-02-02,West Ham United,47,0.086789,Open Play,Off T
3753997,2016-02-02,West Ham United,50,0.030379,Open Play,Saved
3753997,2016-02-02,West Ham United,53,0.008415,Free Kick,Saved to Post
3753997,2016-02-02,West Ham United,57,0.080592,Open Play,Goal
3753997,2016-02-02,West Ham United,61,0.015299,Open Play,Off T
3753997,2016-02-02,West Ham United,62,0.042579,Open Play,Off T
3753997,2016-02-02,West Ham United,64,0.392911,Open Play,Off T
3753997,2016-02-02,West Ham United,75,0.054695,Open Play,Off T
3753997,2016-02-02,West Ham United,76,0.027220,Open Play,Blocked
3753997,2016-02-02,West Ham United,77,0.111089,Open Play,Off T
3753997,2016-02-02,Aston Villa,78,0.022910,Open Play,Blocked
3753997,2016-02-02,Aston Villa,78,0.038047,Open Play,Blocked
3753997,2016-02-02,West Ham United,83,0.022985,Open Play,Saved
3753997,2016-02-02,West Ham United,84,0.519287,Open Play,Goal
3753997,2016-02-02,Aston Villa,86,0.031699,Open Play,Saved
3753997,2016-02-02,West Ham United,87,0.061713,Open Play,Off T
3753997,2016-02-02,West Ham United,90,0.029550,Open Play,Blocked
3753997,2016-02-02,West Ham United,91,0.006641,Open Play,Off T
3753998,2015-12-28,West Ham United,7,0.102751,Open Play,Off T
3753998,2015-12-28,West Ham United,8,0.030898,Open Play,Blocked
3753998,2015-12-28,West Ham United,11,0.030765,Open Play,Off T
3753998,2015-12-28,Southampton,12,0.478735,Open Play,Wayward
3753998,2015-12-28,Southampton,20,0.076502,Open Play,Off T
3753998,2015-12-28,Southampton,25,0.085905,Open Play,Blocked
3753998,2015-12-28,Southampton,27,0.019360,Open Play,Off T
3753998,2015-12-28,Southampton,34,0.056390,Open Play,Off T
3753998,2015-12-28,Southampton,40,0.033831,Open Play,Blocked
3753998,2015-12-28,Southampton,41,0.059452,Open Play,Saved
3753998,2015-12-28,Southampton,41,0.059578,Open Play,Off T
3753998,2015-12-28,Southampton,41,0.072560,Open Play,Off T
3753998,2015-12-28,Southampton,43,0.054553,Open Play,Saved
3753998,2015-12-28,West Ham United,47,0.095180,Open Play,Blocked
3753998,2015-12-28,West Ham United,47,0.191569,Open Play,Off T
3753998,2015-12-28,Southampton,54,0.046775,Free Kick,Blocked
3753998,2015-12-28,West Ham United,55,0.120291,Open Play,Saved
3753998,2015-12-28,Southampton,64,0.036025,Open Play,Saved
3753998,2015-12-28,West Ham United,68,0.156041,Open Play,Goal
3753998,2015-12-28,West Ham United,69,0.045378,Open Play,Off T
3753998,2015-12-28,West Ham United,70,0.047957,Open Play,Saved
3753998,2015-12-28,West Ham United,75,0.005791,Open Play,Off T
3753998,2015-12-28,Southampton,76,0.014515,Open Play,Wayward
3753998,2015-12-28,West Ham United,78,0.119289,Open Play,Post
3753998,2015-12-28,West Ham United,78,0.293392,Open Play,Goal
3753998,2015-12-28,West Ham United,89,0.167979,Open Play,Off T
3753999,2015-10-17,Arsenal,3,0.097288,Open Play,Saved
3753999,2015-10-17,Arsenal,7,0.112471,Open Play,Blocked
3753999,2015-10-17,Arsenal,7,0.053801,Open Play,Blocked
3753999,2015-10-17,Arsenal,9,0.025209,Open Play,Saved
3753999,2015-10-17,Watford,10,0.033456,Open Play,Saved
3753999,2015-10-17,Watford,20,0.030899,Open Play,Off T
3753999,2015-10-17,Arsenal,22,0.025361,Open Play,Blocked
3753999,2015-10-17,Arsenal,28,0.404438,Open Play,Off T
3753999,2015-10-17,Watford,29,0.184337,Open Play,Off T
3753999,2015-10-17,Arsenal,31,0.046841,Open Play,Blocked
3753999,2015-10-17,Watford,35,0.020774,Open Play,Off T
3753999,2015-10-17,Arsenal,36,0.196256,Open Play,Off T
3753999,2015-10-17,Arsenal,45,0.016810,Open Play,Off T
3753999,2015-10-17,Arsenal,52,0.037328,Open Play,Blocked
3753999,2015-10-17,Watford,56,0.030492,Open Play,Blocked
3753999,2015-10-17,Watford,59,0.006538,Open Play,Off T
3753999,2015-10-17,Watford,61,0.031919,Open Play,Blocked
3753999,2015-10-17,Arsenal,61,0.403187,Open Play,Goal
3753999,2015-10-17,Arsenal,67,0.054599,Open Play,Blocked
3753999,2015-10-17,Arsenal,67,0.135442,Open Play,Goal
3753999,2015-10-17,Watford,68,0.131742,Open Play,Off T
3753999,2015-10-17,Arsenal,68,0.099015,Open Play,Blocked
3753999,2015-10-17,Arsenal,73,0.198472,Open Play,Goal
3753999,2015-10-17,Arsenal,82,0.058671,Open Play,Saved
3753999,2015-10-17,Watford,88,0.041413,Open Play,Saved Off Target
3753999,2015-10-17,Arsenal,91,0.046275,Open Play,Off T
3754000,2015-11-07,Sunderland,0,0.076204,Open Play,Saved
3754000,2015-11-07,Southampton,7,0.018501,Open Play,Off T
3754000,2015-11-07,Southampton,9,0.078539,Open Play,Wayward
3754000,2015-11-07,Southampton,15,0.227757,Open Play,Saved
3754000,2015-11-07,Southampton,17,0.006067,Open Play,Off T
3754000,2015-11-07,Southampton,21,0.072305,Open Play,Saved
3754000,2015-11-07,Southampton,26,0.050404,Open Play,Blocked
3754000,2015-11-07,Sunderland,31,0.028418,Open Play,Off T
3754000,2015-11-07,Sunderland,47,0.008165,Open Play,Saved
3754000,2015-11-07,Sunderland,50,0.021700,Open Play,Off T
3754000,2015-11-07,Southampton,51,0.050511,Open Play,Saved
3754000,2015-11-07,Southampton,54,0.177244,Open Play,Blocked
3754000,2015-11-07,Southampton,54,0.066126,Open Play,Blocked
3754000,2015-11-07,Southampton,55,0.131671,Open Play,Blocked
3754000,2015-11-07,Sunderland,59,0.202969,Open Play,Saved
3754000,2015-11-07,Southampton,59,0.054730,Open Play,Blocked
3754000,2015-11-07,Southampton,60,0.045381,Open Play,Blocked
3754000,2015-11-07,Southampton,68,0.783500,Penalty,Goal
3754000,2015-11-07,Sunderland,70,0.049868,Open Play,Blocked
3754000,2015-11-07,Sunderland,70,0.016278,Open Play,Saved
3754000,2015-11-07,Sunderland,72,0.053691,Free Kick,Off T
3754000,2015-11-07,Southampton,83,0.033770,Open Play,Off T
3754000,2015-11-07,Sunderland,84,0.060000,Open Play,Blocked
3754000,2015-11-07,Sunderland,88,0.015504,Open Play,Off T
3754000,2015-11-07,Sunderland,90,0.022345,Open Play,Off T
3754001,2015-09-26,Chelsea,3,0.033728,Free Kick,Off T
3754001,2015-09-26,Chelsea,11,0.093374,Open Play,Off T
3754001,2015-09-26,Newcastle United,12,0.036822,Open Play,Saved
3754001,2015-09-26,Newcastle United,15,0.082752,Open Play,Off T
3754001,2015-09-26,Newcastle United,16,0.024407,Open Play,Off T
3754001,2015-09-26,Newcastle United,17,0.025870,Open Play,Blocked
3754001,2015-09-26,Newcastle United,26,0.024845,Open Play,Off T
3754001,2015-09-26,Newcastle United,27,0.107798,Open Play,Saved
3754001,2015-09-26,Newcastle United,27,0.200844,Open Play,Saved
3754001,2015-09-26,Newcastle United,35,0.067799,Open Play,Blocked
3754001,2015-09-26,Chelsea,35,0.033472,Open Play,Off T
3754001,2015-09-26,Chelsea,37,0.028680,Open Play,Saved
3754001,2015-09-26,Chelsea,37,0.029463,Open Play,Off T
3754001,2015-09-26,Chelsea,38,0.008940,Open Play,Blocked
3754001,2015-09-26,Chelsea,38,0.162516,Open Play,Wayward
3754001,2015-09-26,Newcastle United,41,0.020838,Open Play,Blocked
3754001,2015-09-26,Newcastle United,41,0.198518,Open Play,Goal
3754001,2015-09-26,Chelsea,45,0.018828,Open Play,Off T
3754001,2015-09-26,Chelsea,51,0.034168,Open Play,Blocked
3754001,2015-09-26,Chelsea,52,0.092700,Open Play,Off T
3754001,2015-09-26,Newcastle United,59,0.085620,Open Play,Goal
3754001,2015-09-26,Chelsea,70,0.062917,Open Play,Off T
3754001,2015-09-26,Chelsea,78,0.032698,Open Play,Goal
3754001,2015-09-26,Chelsea,81,0.149447,Open Play,Blocked
3754001,2015-09-26,Chelsea,82,0.257668,Open Play,Off T
3754001,2015-09-26,Chelsea,85,0.006972,Free Kick,Goal
3754001,2015-09-26,Chelsea,87,0.016311,Open Play,Blocked
3754001,2015-09-26,Chelsea,88,0.223532,Open Play,Saved
3754002,2016-03-14,Newcastle United,2,0.099072,Open Play,Off T
3754002,2016-03-14,Newcastle United,3,0.045289,Open Play,Blocked
3754002,2016-03-14,Newcastle United,3,0.060162,Open Play,Off T
3754002,2016-03-14,Newcastle United,6,0.035930,Open Play,Blocked
3754002,2016-03-14,Newcastle United,16,0.305475,Open Play,Off T
3754002,2016-03-14,Leicester City,17,0.033096,Open Play,Blocked
3754002,2016-03-14,Leicester City,18,0.057738,Open Play,Off T
3754002,2016-03-14,Leicester City,24,0.253294,Open Play,Goal
3754002,2016-03-14,Leicester City,27,0.134172,Open Play,Off T
3754002,2016-03-14,Leicester City,35,0.045705,Open Play,Blocked
3754002,2016-03-14,Newcastle United,38,0.015807,Open Play,Off T
3754002,2016-03-14,Newcastle United,44,0.026656,Open Play,Saved
3754002,2016-03-14,Leicester City,51,0.088858,Open Play,Blocked
3754002,2016-03-14,Leicester City,52,0.065079,Open Play,Blocked
3754002,2016-03-14,Newcastle United,54,0.026452,Open Play,Saved
3754002,2016-03-14,Newcastle United,57,0.045626,Open Play,Blocked
3754002,2016-03-14,Newcastle United,61,0.024571,Open Play,Blocked
3754002,2016-03-14,Leicester City,68,0.060541,Open Play,Blocked
3754002,2016-03-14,Newcastle United,81,0.044964,Open Play,Blocked
3754002,2016-03-14,Newcastle United,82,0.040719,Open Play,Blocked
3754002,2016-03-14,Newcastle United,84,0.102539,Open Play,Blocked
3754002,2016-03-14,Leicester City,87,0.113113,Open Play,Blocked
3754002,2016-03-14,Leicester City,91,0.079360,Open Play,Off T
3754003,2015-09-12,Manchester United,6,0.042215,Open Play,Off T
3754003,2015-09-12,Liverpool,18,0.030315,Open Play,Off T
3754003,2015-09-12,Manchester United,24,0.005891,Open Play,Off T
3754003,2015-09-12,Manchester United,45,0.036117,Open Play,Blocked
3754003,2015-09-12,Manchester United,48,0.062421,Open Play,Goal
3754003,2015-09-12,Manchester United,49,0.030800,Open Play,Blocked
3754003,2015-09-12,Liverpool,56,0.120718,Open Play,Saved
3754003,2015-09-12,Manchester United,60,0.073653,Free Kick,Off T
3754003,2015-09-12,Liverpool,63,0.269155,Open Play,Blocked
3754003,2015-09-12,Manchester United,69,0.783500,Penalty,Goal
3754003,2015-09-12,Liverpool,72,0.011421,Free Kick,Off T
3754003,2015-09-12,Liverpool,75,0.080556,Open Play,Off T
3754003,2015-09-12,Manchester United,78,0.026420,Open Play,Blocked
3754003,2015-09-12,Liverpool,82,0.037607,Open Play,Saved
3754003,2015-09-12,Liverpool,83,0.068158,Open Play,Goal
3754003,2015-09-12,Manchester United,85,0.417545,Open Play,Goal
3754004,2016-01-16,AFC Bournemouth,2,0.068307,Open Play,Off T
3754004,2016-01-16,AFC Bournemouth,4,0.028441,Open Play,Saved
3754004,2016-01-16,AFC Bournemouth,9,0.296514,Open Play,Goal
3754004,2016-01-16,Norwich City,10,0.034973,Open Play,Blocked
3754004,2016-01-16,AFC Bournemouth,18,0.057762,Open Play,Off T
3754004,2016-01-16,Norwich City,31,0.014012,Open Play,Saved
3754004,2016-01-16,AFC Bournemouth,32,0.021523,Open Play,Off T
3754004,2016-01-16,Norwich City,34,0.028290,Free Kick,Saved
3754004,2016-01-16,Norwich City,36,0.016736,Open Play,Off T
3754004,2016-01-16,AFC Bournemouth,44,0.046040,Free Kick,Off T
3754004,2016-01-16,AFC Bournemouth,45,0.329182,Open Play,Saved
3754004,2016-01-16,AFC Bournemouth,52,0.107348,Open Play,Blocked
3754004,2016-01-16,AFC Bournemouth,53,0.783500,Penalty,Goal
3754004,2016-01-16,AFC Bournemouth,56,0.005711,Open Play,Off T
3754004,2016-01-16,AFC Bournemouth,62,0.018112,Open Play,Off T
3754004,2016-01-16,Norwich City,63,0.062864,Open Play,Blocked
3754004,2016-01-16,Norwich City,63,0.075302,Open Play,Blocked
3754004,2016-01-16,AFC Bournemouth,66,0.065069,Open Play,Saved
3754004,2016-01-16,AFC Bournemouth,67,0.031402,Open Play,Blocked
3754004,2016-01-16,AFC Bournemouth,69,0.068616,Open Play,Saved
3754004,2016-01-16,Norwich City,71,0.150969,Open Play,Off T
3754004,2016-01-16,Norwich City,72,0.018316,Open Play,Saved
3754004,2016-01-16,Norwich City,73,0.018158,Open Play,Off T
3754004,2016-01-16,AFC Bournemouth,74,0.333926,Open Play,Goal
3754004,2016-01-16,Norwich City,84,0.009116,Open Play,Blocked
3754005,2016-03-02,Newcastle United,4,0.064883,Open Play,Blocked
3754005,2016-03-02,Newcastle United,4,0.063067,Open Play,Saved
3754005,2016-03-02,Stoke City,11,0.010170,Open Play,Off T
3754005,2016-03-02,Stoke City,12,0.011921,Open Play,Saved
3754005,2016-03-02,Newcastle United,20,0.020829,Open Play,Saved
3754005,2016-03-02,Stoke City,53,0.037137,Open Play,Off T
3754005,2016-03-02,Stoke City,65,0.044703,Open Play,Blocked
3754005,2016-03-02,Stoke City,79,0.033774,Open Play,Goal
3754005,2016-03-02,Stoke City,84,0.022599,Open Play,Blocked
3754005,2016-03-02,Stoke City,86,0.020258,Open Play,Off T
3754005,2016-03-02,Stoke City,88,0.040971,Open Play,Off T
3754005,2016-03-02,Newcastle United,89,0.109004,Open Play,Off T
3754005,2016-03-02,Newcastle United,92,0.146651,Open Play,Saved
3754005,2016-03-02,Stoke City,93,0.058039,Open Play,Post
3754006,2015-10-31,Leicester City,6,0.052730,Open Play,Blocked
3754006,2015-10-31,Leicester City,7,0.170493,Open Play,Post
3754006,2015-10-31,Leicester City,19,0.049931,Open Play,Off T
3754006,2015-10-31,Leicester City,20,0.026951,Open Play,Off T
3754006,2015-10-31,Leicester City,22,0.013092,Open Play,Blocked
3754006,2015-10-31,West Bromwich Albion,25,0.037701,Free Kick,Blocked
3754006,2015-10-31,West Bromwich Albion,29,0.102208,Open Play,Goal
3754006,2015-10-31,Leicester City,33,0.027368,Open Play,Blocked
3754006,2015-10-31,Leicester City,34,0.045213,Open Play,Blocked
3754006,2015-10-31,Leicester City,39,0.113846,Open Play,Saved
3754006,2015-10-31,West Bromwich Albion,45,0.008346,Open Play,Off T
3754006,2015-10-31,West Bromwich Albion,46,0.232120,Open Play,Blocked
3754006,2015-10-31,Leicester City,56,0.228657,Open Play,Goal
3754006,2015-10-31,Leicester City,62,0.193230,Open Play,Off T
3754006,2015-10-31,Leicester City,63,0.397874,Open Play,Goal
3754006,2015-10-31,West Bromwich Albion,71,0.237920,Open Play,Wayward
3754006,2015-10-31,Leicester City,76,0.302645,Open Play,Goal
3754006,2015-10-31,West Bromwich Albion,77,0.007517,Open Play,Saved
3754006,2015-10-31,West Bromwich Albion,78,0.078391,Open Play,Saved
3754006,2015-10-31,West Bromwich Albion,83,0.783500,Penalty,Goal
3754006,2015-10-31,West Bromwich Albion,84,0.118849,Open Play,Blocked
3754006,2015-10-31,West Bromwich Albion,86,0.083357,Open Play,Off T
3754006,2015-10-31,West Bromwich Albion,91,0.053423,Open Play,Off T
3754006,2015-10-31,Leicester City,94,0.057034,Open Play,Blocked
3754006,2015-10-31,West Bromwich Albion,95,0.243732,Open Play,Saved
3754007,2015-08-29,Stoke City,2,0.014507,Open Play,Off T
3754007,2015-08-29,Stoke City,5,0.009225,Open Play,Off T
3754007,2015-08-29,Stoke City,10,0.076654,Open Play,Saved
3754007,2015-08-29,Stoke City,14,0.023114,Free Kick,Saved
3754007,2015-08-29,West Bromwich Albion,23,0.113415,Open Play,Saved
3754007,2015-08-29,Stoke City,27,0.254589,Open Play,Blocked
3754007,2015-08-29,Stoke City,28,0.047241,Open Play,Wayward
3754007,2015-08-29,West Bromwich Albion,37,0.067992,Open Play,Saved Off Target
3754007,2015-08-29,West Bromwich Albion,38,0.007449,Open Play,Saved
3754007,2015-08-29,West Bromwich Albion,39,0.006777,Open Play,Saved
3754007,2015-08-29,West Bromwich Albion,43,0.043366,Open Play,Off T
3754007,2015-08-29,West Bromwich Albion,46,0.072546,Open Play,Blocked
3754007,2015-08-29,West Bromwich Albion,47,0.227458,Open Play,Goal
3754007,2015-08-29,West Bromwich Albion,46,0.090206,Open Play,Off T
3754007,2015-08-29,Stoke City,47,0.049338,Open Play,Off T
3754007,2015-08-29,West Bromwich Albion,55,0.030045,Open Play,Off T
3754007,2015-08-29,West Bromwich Albion,55,0.044555,Open Play,Blocked
3754007,2015-08-29,Stoke City,56,0.025235,Open Play,Off T
3754007,2015-08-29,West Bromwich Albion,61,0.061119,Open Play,Blocked
3754007,2015-08-29,West Bromwich Albion,65,0.029446,Open Play,Off T
3754007,2015-08-29,Stoke City,70,0.004674,Open Play,Saved
3754007,2015-08-29,Stoke City,73,0.016522,Open Play,Saved
3754007,2015-08-29,West Bromwich Albion,74,0.028018,Open Play,Saved
3754007,2015-08-29,West Bromwich Albion,79,0.027123,Open Play,Blocked
3754007,2015-08-29,West Bromwich Albion,79,0.073244,Open Play,Off T
3754007,2015-08-29,Stoke City,81,0.057682,Open Play,Blocked
3754007,2015-08-29,West Bromwich Albion,84,0.029632,Open Play,Off T
3754007,2015-08-29,Stoke City,93,0.061972,Free Kick,Blocked
3754007,2015-08-29,Stoke City,93,0.014634,Open Play,Off T
3754008,2015-09-26,Sunderland,10,0.049757,Open Play,Saved
3754008,2015-09-26,Manchester United,13,0.039069,Open Play,Blocked
3754008,2015-09-26,Manchester United,16,0.078358,Free Kick,Blocked
3754008,2015-09-26,Sunderland,23,0.009607,Open Play,Saved
3754008,2015-09-26,Manchester United,24,0.046300,Open Play,Saved
3754008,2015-09-26,Manchester United,38,0.062161,Free Kick,Saved
3754008,2015-09-26,Manchester United,44,0.020087,Open Play,Blocked
3754008,2015-09-26,Sunderland,46,0.018894,Open Play,Blocked
3754008,2015-09-26,Manchester United,48,0.671290,Open Play,Goal
3754008,2015-09-26,Manchester United,45,0.589329,Open Play,Goal
3754008,2015-09-26,Sunderland,52,0.060317,Open Play,Blocked
3754008,2015-09-26,Sunderland,52,0.150593,Open Play,Saved
3754008,2015-09-26,Sunderland,61,0.155250,Open Play,Saved
3754008,2015-09-26,Manchester United,66,0.388977,Open Play,Saved
3754008,2015-09-26,Manchester United,69,0.067850,Open Play,Off T
3754008,2015-09-26,Manchester United,77,0.054617,Open Play,Saved
3754008,2015-09-26,Manchester United,87,0.143655,Open Play,Blocked
3754008,2015-09-26,Sunderland,88,0.006588,Open Play,Off T
3754008,2015-09-26,Manchester United,89,0.182314,Open Play,Goal
3754008,2015-09-26,Sunderland,91,0.035009,Open Play,Blocked
3754009,2016-04-17,Crystal Palace,3,0.025779,Open Play,Blocked
3754009,2016-04-17,Arsenal,5,0.048641,Open Play,Blocked
3754009,2016-04-17,Arsenal,9,0.015610,Open Play,Blocked
3754009,2016-04-17,Crystal Palace,16,0.040206,Open Play,Off T
3754009,2016-04-17,Arsenal,18,0.020140,Open Play,Blocked
3754009,2016-04-17,Crystal Palace,27,0.010828,Open Play,Saved
3754009,2016-04-17,Arsenal,35,0.058110,Open Play,Off T
3754009,2016-04-17,Arsenal,38,0.052046,Free Kick,Blocked
3754009,2016-04-17,Arsenal,42,0.287190,Open Play,Saved
3754009,2016-04-17,Crystal Palace,44,0.191477,Open Play,Off T
3754009,2016-04-17,Arsenal,45,0.123177,Open Play,Goal
3754009,2016-04-17,Arsenal,46,0.076572,Open Play,Blocked
3754009,2016-04-17,Arsenal,46,0.089834,Open Play,Blocked
3754009,2016-04-17,Arsenal,50,0.230966,Open Play,Off T
3754009,2016-04-17,Arsenal,52,0.014347,Open Play,Saved
3754009,2016-04-17,Arsenal,57,0.043177,Free Kick,Off T
3754009,2016-04-17,Arsenal,64,0.176841,Open Play,Saved
3754009,2016-04-17,Arsenal,64,0.056482,Open Play,Blocked
3754009,2016-04-17,Arsenal,66,0.117575,Open Play,Off T
3754009,2016-04-17,Arsenal,67,0.034451,Open Play,Off T
3754009,2016-04-17,Arsenal,69,0.037577,Open Play,Blocked
3754009,2016-04-17,Arsenal,69,0.028016,Open Play,Wayward
3754009,2016-04-17,Crystal Palace,75,0.083404,Open Play,Saved
3754009,2016-04-17,Arsenal,76,0.090617,Open Play,Saved
3754009,2016-04-17,Arsenal,77,0.086062,Open Play,Off T
3754009,2016-04-17,Crystal Palace,81,0.030252,Open Play,Goal
3754009,2016-04-17,Arsenal,86,0.049123,Open Play,Saved
3754009,2016-04-17,Crystal Palace,87,0.005616,Open Play,Off T
3754010,2015-09-19,Watford,4,0.031630,Open Play,Off T
3754010,2015-09-19,Watford,5,0.195253,Open Play,Off T
3754010,2015-09-19,Newcastle United,6,0.148053,Open Play,Blocked
3754010,2015-09-19,Newcastle United,6,0.394475,Open Play,Saved
3754010,2015-09-19,Watford,9,0.095515,Open Play,Goal
3754010,2015-09-19,Newcastle United,13,0.150982,Open Play,Off T
3754010,2015-09-19,Newcastle United,18,0.056278,Open Play,Off T
3754010,2015-09-19,Watford,20,0.045450,Open Play,Off T
3754010,2015-09-19,Watford,23,0.022813,Open Play,Saved
3754010,2015-09-19,Watford,27,0.049548,Open Play,Saved
3754010,2015-09-19,Watford,27,0.410534,Open Play,Goal
3754010,2015-09-19,Watford,34,0.006800,Open Play,Blocked
3754010,2015-09-19,Newcastle United,36,0.041401,Open Play,Off T
3754010,2015-09-19,Newcastle United,38,0.048894,Open Play,Saved
3754010,2015-09-19,Newcastle United,42,0.020741,Open Play,Blocked
3754010,2015-09-19,Watford,47,0.037008,Open Play,Blocked
3754010,2015-09-19,Newcastle United,50,0.034367,Open Play,Blocked
3754010,2015-09-19,Newcastle United,55,0.042937,Open Play,Off T
3754010,2015-09-19,Newcastle United,58,0.037034,Open Play,Blocked
3754010,2015-09-19,Newcastle United,61,0.121708,Open Play,Goal
3754010,2015-09-19,Watford,64,0.085425,Open Play,Off T
3754010,2015-09-19,Newcastle United,66,0.029000,Open Play,Saved
3754010,2015-09-19,Newcastle United,66,0.018256,Open Play,Off T
3754010,2015-09-19,Newcastle United,68,0.102808,Open Play,Off T
3754010,2015-09-19,Watford,72,0.025839,Open Play,Blocked
3754010,2015-09-19,Newcastle United,73,0.025189,Open Play,Off T
3754010,2015-09-19,Newcastle United,78,0.104907,Open Play,Saved
3754010,2015-09-19,Watford,89,0.153389,Open Play,Off T
3754011,2015-09-20,Southampton,9,0.068789,Open Play,Off T
3754011,2015-09-20,Southampton,12,0.300142,Open Play,Saved
3754011,2015-09-20,Southampton,12,0.480931,Open Play,Goal
3754011,2015-09-20,Southampton,15,0.198847,Open Play,Post
3754011,2015-09-20,Manchester United,16,0.076213,Open Play,Off T
3754011,2015-09-20,Southampton,19,0.053010,Open Play,Saved
3754011,2015-09-20,Southampton,22,0.023246,Open Play,Off T
3754011,2015-09-20,Manchester United,23,0.157860,Open Play,Off T
3754011,2015-09-20,Southampton,26,0.044789,Open Play,Blocked
3754011,2015-09-20,Southampton,26,0.011724,Open Play,Blocked
3754011,2015-09-20,Manchester United,33,0.294458,Open Play,Goal
3754011,2015-09-20,Manchester United,41,0.173975,Open Play,Blocked
3754011,2015-09-20,Manchester United,49,0.430730,Open Play,Goal
3754011,2015-09-20,Manchester United,52,0.007860,Open Play,Off T
3754011,2015-09-20,Southampton,58,0.051318,Open Play,Saved
3754011,2015-09-20,Southampton,58,0.035389,Open Play,Off T
3754011,2015-09-20,Manchester United,67,0.202431,Open Play,Post
3754011,2015-09-20,Manchester United,67,0.150320,Open Play,Goal
3754011,2015-09-20,Manchester United,73,0.052411,Free Kick,Blocked
3754011,2015-09-20,Manchester United,78,0.077276,Free Kick,Off T
3754011,2015-09-20,Southampton,85,0.154503,Open Play,Goal
3754011,2015-09-20,Southampton,88,0.080259,Open Play,Off T
3754011,2015-09-20,Southampton,90,0.147028,Open Play,Off T
3754011,2015-09-20,Southampton,91,0.041675,Open Play,Saved
3754011,2015-09-20,Southampton,92,0.034393,Open Play,Saved
3754011,2015-09-20,Southampton,92,0.047635,Open Play,Saved
3754012,2016-02-27,Southampton,9,0.394751,Open Play,Off T
3754012,2016-02-27,Chelsea,10,0.052130,Open Play,Blocked
3754012,2016-02-27,Southampton,12,0.099124,Open Play,Blocked
3754012,2016-02-27,Southampton,16,0.022384,Open Play,Blocked
3754012,2016-02-27,Chelsea,26,0.028072,Open Play,Saved
3754012,2016-02-27,Chelsea,29,0.047591,Open Play,Off T
3754012,2016-02-27,Southampton,30,0.062995,Open Play,Off T
3754012,2016-02-27,Chelsea,40,0.025257,Open Play,Off T
3754012,2016-02-27,Southampton,41,0.365824,Open Play,Goal
3754012,2016-02-27,Chelsea,45,0.044437,Open Play,Off T
3754012,2016-02-27,Chelsea,48,0.046930,Open Play,Off T
3754012,2016-02-27,Chelsea,50,0.050075,Open Play,Off T
3754012,2016-02-27,Chelsea,52,0.463057,Open Play,Off T
3754012,2016-02-27,Chelsea,57,0.022216,Open Play,Off T
3754012,2016-02-27,Chelsea,58,0.287212,Open Play,Off T
3754012,2016-02-27,Southampton,66,0.068757,Open Play,Saved
3754012,2016-02-27,Southampton,67,0.023833,Open Play,Off T
3754012,2016-02-27,Chelsea,74,0.010167,Open Play,Goal
3754012,2016-02-27,Chelsea,77,0.109841,Open Play,Blocked
3754012,2016-02-27,Chelsea,77,0.033125,Open Play,Off T
3754012,2016-02-27,Chelsea,81,0.048832,Open Play,Off T
3754012,2016-02-27,Chelsea,84,0.040541,Open Play,Saved
3754012,2016-02-27,Southampton,85,0.029815,Open Play,Saved
3754012,2016-02-27,Chelsea,86,0.029433,Open Play,Blocked
3754012,2016-02-27,Chelsea,88,0.071198,Open Play,Goal
3754013,2015-12-14,Leicester City,1,0.077710,Open Play,Saved
3754013,2015-12-14,Chelsea,13,0.059861,Open Play,Blocked
3754013,2015-12-14,Leicester City,18,0.052517,Open Play,Saved
3754013,2015-12-14,Leicester City,31,0.015320,Open Play,Off T
3754013,2015-12-14,Leicester City,33,0.194595,Open Play,Goal
3754013,2015-12-14,Chelsea,35,0.069576,Open Play,Off T
3754013,2015-12-14,Leicester City,43,0.013733,Open Play,Saved
3754013,2015-12-14,Leicester City,47,0.046364,Open Play,Goal
3754013,2015-12-14,Chelsea,57,0.036132,Free Kick,Blocked
3754013,2015-12-14,Chelsea,61,0.562345,Open Play,Saved
3754013,2015-12-14,Chelsea,61,0.401575,Open Play,Blocked
3754013,2015-12-14,Chelsea,61,0.381757,Open Play,Blocked
3754013,2015-12-14,Chelsea,65,0.093946,Open Play,Saved
3754013,2015-12-14,Leicester City,66,0.120160,Open Play,Wayward
3754013,2015-12-14,Chelsea,66,0.021278,Open Play,Blocked
3754013,2015-12-14,Chelsea,76,0.355193,Open Play,Goal
3754013,2015-12-14,Chelsea,80,0.039733,Open Play,Blocked
3754013,2015-12-14,Leicester City,82,0.057206,Open Play,Off T
3754013,2015-12-14,Chelsea,83,0.039306,Open Play,Off T
3754013,2015-12-14,Leicester City,91,0.066093,Open Play,Off T
3754014,2015-12-26,Stoke City,4,0.022162,Open Play,Off T
3754014,2015-12-26,Manchester United,7,0.346974,Open Play,Wayward
3754014,2015-12-26,Manchester United,7,0.021979,Open Play,Saved
3754014,2015-12-26,Stoke City,9,0.036507,Free Kick,Off T
3754014,2015-12-26,Stoke City,14,0.069070,Open Play,Blocked
3754014,2015-12-26,Stoke City,18,0.462370,Open Play,Goal
3754014,2015-12-26,Stoke City,22,0.037452,Open Play,Blocked
3754014,2015-12-26,Stoke City,25,0.070433,Free Kick,Blocked
3754014,2015-12-26,Stoke City,25,0.040231,Open Play,Goal
3754014,2015-12-26,Manchester United,27,0.006914,Free Kick,Saved
3754014,2015-12-26,Stoke City,35,0.189644,Open Play,Off T
3754014,2015-12-26,Manchester United,35,0.117978,Open Play,Blocked
3754014,2015-12-26,Manchester United,39,0.026712,Open Play,Off T
3754014,2015-12-26,Manchester United,63,0.481255,Open Play,Saved
3754014,2015-12-26,Manchester United,65,0.014628,Open Play,Off T
3754014,2015-12-26,Stoke City,67,0.057165,Open Play,Off T
3754014,2015-12-26,Manchester United,71,0.050152,Open Play,Blocked
3754014,2015-12-26,Stoke City,74,0.019799,Open Play,Off T
3754014,2015-12-26,Stoke City,81,0.020508,Free Kick,Off T
3754014,2015-12-26,Stoke City,83,0.004550,Free Kick,Off T
3754014,2015-12-26,Manchester United,84,0.088084,Open Play,Saved
3754014,2015-12-26,Stoke City,85,0.045340,Open Play,Saved
3754014,2015-12-26,Manchester United,90,0.122697,Open Play,Saved
3754015,2015-10-25,Manchester City,11,0.062205,Open Play,Blocked
3754015,2015-10-25,Manchester City,39,0.029083,Free Kick,Blocked
3754015,2015-10-25,Manchester City,40,0.034875,Open Play,Off T
3754015,2015-10-25,Manchester City,43,0.166291,Open Play,Off T
3754015,2015-10-25,Manchester United,49,0.040490,Open Play,Blocked
3754015,2015-10-25,Manchester United,50,0.042119,Open Play,Off T
3754015,2015-10-25,Manchester United,64,0.020058,Open Play,Blocked
3754015,2015-10-25,Manchester City,77,0.024230,Free Kick,Blocked
3754015,2015-10-25,Manchester City,81,0.007397,Open Play,Saved
3754015,2015-10-25,Manchester United,83,0.133802,Open Play,Post
3754015,2015-10-25,Manchester United,87,0.092318,Open Play,Saved
3754015,2015-10-25,Manchester United,87,0.015988,Open Play,Blocked
3754016,2016-04-09,Southampton,1,0.150522,Open Play,Saved
3754016,2016-04-09,Southampton,3,0.478158,Open Play,Goal
3754016,2016-04-09,Newcastle United,5,0.066802,Open Play,Blocked
3754016,2016-04-09,Southampton,6,0.057120,Open Play,Blocked
3754016,2016-04-09,Southampton,22,0.006835,Open Play,Off T
3754016,2016-04-09,Southampton,26,0.095655,Open Play,Blocked
3754016,2016-04-09,Southampton,27,0.026827,Open Play,Saved
3754016,2016-04-09,Southampton,30,0.072424,Open Play,Off T
3754016,2016-04-09,Southampton,35,0.078530,Open Play,Off T
3754016,2016-04-09,Southampton,36,0.006020,Open Play,Off T
3754016,2016-04-09,Southampton,37,0.191250,Open Play,Goal
3754016,2016-04-09,Southampton,45,0.021433,Open Play,Off T
3754016,2016-04-09,Newcastle United,47,0.019070,Open Play,Off T
3754016,2016-04-09,Southampton,54,0.126484,Open Play,Blocked
3754016,2016-04-09,Southampton,54,0.199011,Open Play,Saved
3754016,2016-04-09,Southampton,54,0.094344,Open Play,Goal
3754016,2016-04-09,Newcastle United,57,0.110230,Open Play,Saved
3754016,2016-04-09,Newcastle United,58,0.020432,Open Play,Saved
3754016,2016-04-09,Southampton,62,0.024977,Open Play,Blocked
3754016,2016-04-09,Newcastle United,64,0.052476,Open Play,Goal
3754016,2016-04-09,Southampton,67,0.057273,Open Play,Wayward
3754016,2016-04-09,Southampton,74,0.062545,Open Play,Off T
3754016,2016-04-09,Southampton,84,0.032311,Open Play,Blocked
3754016,2016-04-09,Southampton,84,0.043898,Open Play,Off T
3754016,2016-04-09,Southampton,88,0.113091,Open Play,Off T
3754017,2015-10-24,Aston Villa,2,0.008664,Free Kick,Saved
3754017,2015-10-24,Swansea City,8,0.061022,Open Play,Off T
3754017,2015-10-24,Swansea City,12,0.396946,Open Play,Off T
3754017,2015-10-24,Aston Villa,13,0.042374,Open Play,Saved
3754017,2015-10-24,Aston Villa,21,0.092869,Open Play,Off T
3754017,2015-10-24,Aston Villa,38,0.087142,Open Play,Off T
3754017,2015-10-24,Aston Villa,46,0.102013,Open Play,Off T
3754017,2015-10-24,Swansea City,49,0.030381,Open Play,Blocked
3754017,2015-10-24,Swansea City,58,0.036177,Open Play,Off T
3754017,2015-10-24,Swansea City,61,0.239849,Open Play,Saved
3754017,2015-10-24,Aston Villa,61,0.471711,Open Play,Goal
3754017,2015-10-24,Swansea City,67,0.058155,Free Kick,Goal
3754017,2015-10-24,Aston Villa,73,0.029521,Open Play,Blocked
3754017,2015-10-24,Swansea City,77,0.017379,Open Play,Off T
3754017,2015-10-24,Aston Villa,81,0.036919,Open Play,Saved
3754017,2015-10-24,Swansea City,82,0.025444,Open Play,Saved
3754017,2015-10-24,Swansea City,83,0.086659,Open Play,Off T
3754017,2015-10-24,Swansea City,86,0.696623,Open Play,Goal
3754017,2015-10-24,Aston Villa,89,0.176279,Open Play,Off T
3754018,2016-05-01,Liverpool,9,0.063751,Open Play,Off T
3754018,2016-05-01,Swansea City,11,0.150548,Open Play,Saved
3754018,2016-05-01,Swansea City,11,0.046000,Open Play,Blocked
3754018,2016-05-01,Swansea City,12,0.018586,Open Play,Blocked
3754018,2016-05-01,Swansea City,12,0.142448,Open Play,Off T
3754018,2016-05-01,Swansea City,19,0.091724,Open Play,Blocked
3754018,2016-05-01,Swansea City,19,0.189167,Open Play,Goal
3754018,2016-05-01,Liverpool,24,0.036005,Open Play,Saved
3754018,2016-05-01,Swansea City,25,0.170007,Open Play,Saved
3754018,2016-05-01,Swansea City,25,0.183086,Open Play,Saved
3754018,2016-05-01,Swansea City,26,0.314721,Open Play,Off T
3754018,2016-05-01,Liverpool,29,0.043584,Open Play,Blocked
3754018,2016-05-01,Swansea City,29,0.114865,Open Play,Saved
3754018,2016-05-01,Swansea City,32,0.045442,Open Play,Goal
3754018,2016-05-01,Liverpool,35,0.033831,Open Play,Off T
3754018,2016-05-01,Liverpool,36,0.022186,Open Play,Saved
3754018,2016-05-01,Swansea City,38,0.025710,Open Play,Saved
3754018,2016-05-01,Liverpool,41,0.030903,Open Play,Blocked
3754018,2016-05-01,Liverpool,44,0.060313,Free Kick,Off T
3754018,2016-05-01,Liverpool,62,0.027809,Open Play,Blocked
3754018,2016-05-01,Liverpool,64,0.458185,Open Play,Goal
3754018,2016-05-01,Swansea City,65,0.026895,Open Play,Wayward
3754018,2016-05-01,Swansea City,66,0.092527,Open Play,Goal
3754018,2016-05-01,Swansea City,71,0.008026,Open Play,Blocked
3754018,2016-05-01,Liverpool,74,0.006752,Open Play,Blocked
3754018,2016-05-01,Swansea City,77,0.107816,Open Play,Off T
3754018,2016-05-01,Swansea City,82,0.033541,Open Play,Blocked
3754018,2016-05-01,Swansea City,84,0.029130,Open Play,Saved
3754018,2016-05-01,Swansea City,87,0.044699,Open Play,Off T
3754019,2015-12-28,Manchester United,2,0.032228,Open Play,Post
3754019,2015-12-28,Chelsea,4,0.108166,Open Play,Saved
3754019,2015-12-28,Manchester United,9,0.021875,Open Play,Off T
3754019,2015-12-28,Manchester United,10,0.012093,Open Play,Blocked
3754019,2015-12-28,Chelsea,14,0.006514,Open Play,Off T
3754019,2015-12-28,Manchester United,15,0.056392,Open Play,Post
3754019,2015-12-28,Manchester United,28,0.020956,Open Play,Saved
3754019,2015-12-28,Manchester United,38,0.057082,Open Play,Blocked
3754019,2015-12-28,Chelsea,39,0.229771,Open Play,Off T
3754019,2015-12-28,Manchester United,40,0.034379,Open Play,Wayward
3754019,2015-12-28,Manchester United,42,0.018687,Open Play,Off T
3754019,2015-12-28,Manchester United,43,0.022312,Open Play,Blocked
3754019,2015-12-28,Chelsea,47,0.068531,Open Play,Saved
3754019,2015-12-28,Chelsea,47,0.173073,Open Play,Saved
3754019,2015-12-28,Chelsea,48,0.026318,Open Play,Off T
3754019,2015-12-28,Manchester United,49,0.036599,Open Play,Blocked
3754019,2015-12-28,Manchester United,55,0.708526,Open Play,Saved
3754019,2015-12-28,Chelsea,61,0.228982,Open Play,Off T
3754019,2015-12-28,Chelsea,63,0.034447,Open Play,Off T
3754019,2015-12-28,Manchester United,74,0.019717,Open Play,Blocked
3754019,2015-12-28,Manchester United,85,0.248652,Open Play,Off T
3754020,2015-08-17,Liverpool,3,0.025042,Open Play,Off T
3754020,2015-08-17,AFC Bournemouth,11,0.122098,Open Play,Off T
3754020,2015-08-17,Liverpool,23,0.024777,Open Play,Off T
3754020,2015-08-17,Liverpool,25,0.579073,Open Play,Goal
3754020,2015-08-17,Liverpool,28,0.023597,Open Play,Post
3754020,2015-08-17,Liverpool,30,0.049035,Open Play,Blocked
3754020,2015-08-17,Liverpool,35,0.048346,Open Play,Saved
3754020,2015-08-17,Liverpool,43,0.026106,Open Play,Blocked
3754020,2015-08-17,Liverpool,43,0.123226,Open Play,Off T
3754020,2015-08-17,AFC Bournemouth,46,0.033751,Open Play,Saved
3754020,2015-08-17,AFC Bournemouth,48,0.040807,Open Play,Off T
3754020,2015-08-17,AFC Bournemouth,49,0.028037,Open Play,Blocked
3754020,2015-08-17,Liverpool,50,0.010116,Open Play,Off T
3754020,2015-08-17,Liverpool,50,0.058433,Open Play,Blocked
3754020,2015-08-17,Liverpool,54,0.180249,Open Play,Off T
3754020,2015-08-17,AFC Bournemouth,59,0.055686,Open Play,Post
3754020,2015-08-17,AFC Bournemouth,62,0.039445,Open Play,Blocked
3754020,2015-08-17,AFC Bournemouth,62,0.067031,Open Play,Off T
3754020,2015-08-17,AFC Bournemouth,64,0.041474,Open Play,Blocked
3754020,2015-08-17,Liverpool,67,0.011369,Free Kick,Blocked
3754020,2015-08-17,Liverpool,69,0.052137,Open Play,Off T
3754020,2015-08-17,Liverpool,71,0.118142,Open Play,Blocked
3754020,2015-08-17,Liverpool,73,0.100556,Open Play,Blocked
3754020,2015-08-17,AFC Bournemouth,79,0.078096,Open Play,Off T
3754020,2015-08-17,AFC Bournemouth,83,0.018396,Open Play,Blocked
3754020,2015-08-17,AFC Bournemouth,84,0.046197,Open Play,Blocked
3754020,2015-08-17,AFC Bournemouth,85,0.140662,Open Play,Off T
3754020,2015-08-17,AFC Bournemouth,87,0.077495,Open Play,Saved
3754020,2015-08-17,Liverpool,87,0.022818,Open Play,Off T
3754020,2015-08-17,Liverpool,89,0.266588,Open Play,Saved to Post
3754020,2015-08-17,Liverpool,89,0.063110,Open Play,Off T
3754020,2015-08-17,Liverpool,91,0.050807,Open Play,Off T
3754021,2016-01-12,West Ham United,0,0.168670,Open Play,Saved
3754021,2016-01-12,West Ham United,0,0.040597,Open Play,Off T
3754021,2016-01-12,AFC Bournemouth,16,0.033008,Open Play,Goal
3754021,2016-01-12,AFC Bournemouth,19,0.082749,Open Play,Off T
3754021,2016-01-12,AFC Bournemouth,20,0.048088,Open Play,Saved
3754021,2016-01-12,AFC Bournemouth,20,0.022611,Open Play,Blocked
3754021,2016-01-12,AFC Bournemouth,24,0.007541,Open Play,Blocked
3754021,2016-01-12,West Ham United,37,0.184523,Open Play,Off T
3754021,2016-01-12,West Ham United,44,0.071319,Open Play,Saved
3754021,2016-01-12,West Ham United,47,0.017179,Open Play,Off T
3754021,2016-01-12,AFC Bournemouth,54,0.023740,Open Play,Blocked
3754021,2016-01-12,AFC Bournemouth,59,0.068876,Open Play,Off T
3754021,2016-01-12,West Ham United,59,0.009854,Open Play,Off T
3754021,2016-01-12,AFC Bournemouth,65,0.022169,Open Play,Saved
3754021,2016-01-12,West Ham United,66,0.022837,Free Kick,Goal
3754021,2016-01-12,West Ham United,74,0.236748,Open Play,Goal
3754021,2016-01-12,AFC Bournemouth,80,0.065353,Open Play,Blocked
3754021,2016-01-12,West Ham United,83,0.008417,Free Kick,Goal
3754021,2016-01-12,AFC Bournemouth,91,0.035856,Open Play,Saved
3754021,2016-01-12,AFC Bournemouth,92,0.014059,Open Play,Off T
3754022,2016-04-09,Norwich City,5,0.006898,Open Play,Off T
3754022,2016-04-09,Norwich City,6,0.043351,Open Play,Blocked
3754022,2016-04-09,Norwich City,15,0.028221,Open Play,Off T
3754022,2016-04-09,Crystal Palace,17,0.174911,Open Play,Blocked
3754022,2016-04-09,Crystal Palace,18,0.126580,Open Play,Blocked
3754022,2016-04-09,Crystal Palace,28,0.022606,Open Play,Saved
3754022,2016-04-09,Norwich City,29,0.133561,Open Play,Off T
3754022,2016-04-09,Norwich City,35,0.087776,Open Play,Blocked
3754022,2016-04-09,Norwich City,40,0.085394,Open Play,Off T
3754022,2016-04-09,Norwich City,51,0.038074,Open Play,Saved
3754022,2016-04-09,Crystal Palace,53,0.108299,Open Play,Off T
3754022,2016-04-09,Norwich City,55,0.089327,Open Play,Off T
3754022,2016-04-09,Crystal Palace,61,0.138957,Open Play,Off T
3754022,2016-04-09,Crystal Palace,67,0.041785,Open Play,Goal
3754022,2016-04-09,Norwich City,69,0.121801,Open Play,Saved
3754022,2016-04-09,Crystal Palace,70,0.005786,Open Play,Saved
3754022,2016-04-09,Norwich City,71,0.121378,Open Play,Blocked
3754022,2016-04-09,Crystal Palace,72,0.050312,Open Play,Saved
3754022,2016-04-09,Norwich City,72,0.040195,Open Play,Saved
3754022,2016-04-09,Crystal Palace,77,0.092955,Open Play,Saved
3754022,2016-04-09,Crystal Palace,78,0.041777,Open Play,Wayward
3754022,2016-04-09,Crystal Palace,78,0.364756,Open Play,Blocked
3754022,2016-04-09,Crystal Palace,79,0.061333,Open Play,Wayward
3754022,2016-04-09,Crystal Palace,79,0.012578,Open Play,Blocked
3754022,2016-04-09,Norwich City,80,0.137972,Open Play,Saved
3754022,2016-04-09,Crystal Palace,81,0.039799,Open Play,Off T
3754022,2016-04-09,Norwich City,82,0.038071,Open Play,Off T
3754022,2016-04-09,Norwich City,91,0.059036,Open Play,Off T
3754023,2015-08-29,Leicester City,15,0.034318,Open Play,Off T
3754023,2015-08-29,AFC Bournemouth,20,0.014491,Open Play,Blocked
3754023,2015-08-29,AFC Bournemouth,23,0.208823,Open Play,Goal
3754023,2015-08-29,AFC Bournemouth,33,0.058418,Free Kick,Saved
3754023,2015-08-29,Leicester City,82,0.010910,Open Play,Off T
3754023,2015-08-29,Leicester City,85,0.783500,Penalty,Goal
3754023,2015-08-29,AFC Bournemouth,95,0.018715,Open Play,Blocked
3754024,2016-04-16,Swansea City,2,0.020543,Open Play,Off T
3754024,2016-04-16,Newcastle United,6,0.008298,Open Play,Off T
3754024,2016-04-16,Newcastle United,8,0.031745,Open Play,Saved
3754024,2016-04-16,Newcastle United,14,0.017828,Open Play,Off T
3754024,2016-04-16,Newcastle United,32,0.062780,Open Play,Saved
3754024,2016-04-16,Newcastle United,38,0.032503,Open Play,Saved
3754024,2016-04-16,Newcastle United,40,0.407138,Open Play,Goal
3754024,2016-04-16,Swansea City,41,0.005593,Open Play,Off T
3754024,2016-04-16,Swansea City,46,0.032747,Open Play,Off T
3754024,2016-04-16,Newcastle United,50,0.059183,Open Play,Off T
3754024,2016-04-16,Swansea City,51,0.132101,Open Play,Saved
3754024,2016-04-16,Swansea City,55,0.091914,Open Play,Blocked
3754024,2016-04-16,Swansea City,56,0.081742,Open Play,Off T
3754024,2016-04-16,Swansea City,70,0.076779,Open Play,Off T
3754024,2016-04-16,Swansea City,74,0.282853,Open Play,Off T
3754024,2016-04-16,Swansea City,76,0.171773,Open Play,Off T
3754024,2016-04-16,Swansea City,77,0.026019,Open Play,Blocked
3754024,2016-04-16,Newcastle United,81,0.042744,Open Play,Blocked
3754024,2016-04-16,Newcastle United,81,0.170717,Open Play,Goal
3754024,2016-04-16,Newcastle United,84,0.025196,Open Play,Saved
3754024,2016-04-16,Newcastle United,88,0.058808,Open Play,Goal
3754024,2016-04-16,Swansea City,92,0.081425,Open Play,Off T
3754024,2016-04-16,Swansea City,93,0.107535,Open Play,Blocked
3754024,2016-04-16,Newcastle United,93,0.133148,Open Play,Off T
3754025,2015-12-19,Chelsea,4,0.066290,Open Play,Goal
3754025,2015-12-19,Chelsea,8,0.047084,Free Kick,Saved
3754025,2015-12-19,Chelsea,12,0.335325,Open Play,Goal
3754025,2015-12-19,Chelsea,14,0.063709,Open Play,Blocked
3754025,2015-12-19,Chelsea,14,0.044191,Open Play,Off T
3754025,2015-12-19,Chelsea,25,0.365612,Open Play,Saved
3754025,2015-12-19,Sunderland,32,0.065223,Open Play,Off T
3754025,2015-12-19,Chelsea,34,0.286035,Open Play,Off T
3754025,2015-12-19,Chelsea,35,0.021286,Open Play,Blocked
3754025,2015-12-19,Chelsea,37,0.171569,Open Play,Off T
3754025,2015-12-19,Sunderland,42,0.024128,Free Kick,Blocked
3754025,2015-12-19,Sunderland,42,0.013952,Open Play,Off T
3754025,2015-12-19,Chelsea,49,0.783500,Penalty,Goal
3754025,2015-12-19,Sunderland,51,0.029429,Open Play,Saved
3754025,2015-12-19,Sunderland,51,0.934682,Open Play,Goal
3754025,2015-12-19,Sunderland,55,0.047507,Open Play,Off T
3754025,2015-12-19,Sunderland,55,0.090884,Open Play,Off T
3754025,2015-12-19,Sunderland,60,0.126114,Open Play,Off T
3754025,2015-12-19,Sunderland,64,0.209633,Open Play,Off T
3754025,2015-12-19,Chelsea,67,0.039157,Open Play,Off T
3754025,2015-12-19,Chelsea,73,0.032717,Open Play,Blocked
3754025,2015-12-19,Chelsea,74,0.047221,Open Play,Blocked
3754025,2015-12-19,Chelsea,77,0.465654,Open Play,Wayward
3754025,2015-12-19,Chelsea,79,0.060096,Open Play,Saved
3754025,2015-12-19,Sunderland,80,0.013898,Open Play,Blocked
3754025,2015-12-19,Chelsea,82,0.280311,Open Play,Off T
3754025,2015-12-19,Sunderland,87,0.063790,Open Play,Saved
3754025,2015-12-19,Chelsea,88,0.045194,Free Kick,Saved
3754026,2016-05-07,Crystal Palace,3,0.023564,Free Kick,Blocked
3754026,2016-05-07,Crystal Palace,3,0.055974,Open Play,Off T
3754026,2016-05-07,Crystal Palace,9,0.016637,Open Play,Blocked
3754026,2016-05-07,Crystal Palace,9,0.131527,Open Play,Saved
3754026,2016-05-07,Stoke City,10,0.025926,Open Play,Off T
3754026,2016-05-07,Crystal Palace,10,0.018565,Open Play,Saved
3754026,2016-05-07,Stoke City,17,0.038839,Open Play,Saved
3754026,2016-05-07,Stoke City,19,0.294545,Open Play,Saved
3754026,2016-05-07,Crystal Palace,20,0.024927,Open Play,Blocked
3754026,2016-05-07,Stoke City,20,0.023317,Open Play,Off T
3754026,2016-05-07,Stoke City,25,0.244310,Open Play,Goal
3754026,2016-05-07,Crystal Palace,30,0.085438,Open Play,Off T
3754026,2016-05-07,Crystal Palace,38,0.041485,Open Play,Wayward
3754026,2016-05-07,Crystal Palace,47,0.046981,Open Play,Blocked
3754026,2016-05-07,Stoke City,45,0.013719,Open Play,Blocked
3754026,2016-05-07,Crystal Palace,46,0.303037,Open Play,Goal
3754026,2016-05-07,Crystal Palace,48,0.047722,Open Play,Blocked
3754026,2016-05-07,Crystal Palace,48,0.018920,Open Play,Blocked
3754026,2016-05-07,Stoke City,52,0.041959,Free Kick,Off T
3754026,2016-05-07,Crystal Palace,56,0.179708,Open Play,Off T
3754026,2016-05-07,Crystal Palace,57,0.136397,Open Play,Post
3754026,2016-05-07,Stoke City,59,0.016065,Open Play,Blocked
3754026,2016-05-07,Stoke City,65,0.089176,Open Play,Off T
3754026,2016-05-07,Crystal Palace,67,0.022727,Free Kick,Goal
3754026,2016-05-07,Stoke City,72,0.006558,Open Play,Off T
3754026,2016-05-07,Crystal Palace,75,0.041417,Open Play,Blocked
3754026,2016-05-07,Stoke City,84,0.092138,Open Play,Off T
3754026,2016-05-07,Stoke City,85,0.309726,Open Play,Off T
3754026,2016-05-07,Crystal Palace,87,0.043722,Open Play,Off T
3754027,2016-01-16,Tottenham Hotspur,2,0.039250,Open Play,Blocked
3754027,2016-01-16,Tottenham Hotspur,2,0.242737,Open Play,Saved
3754027,2016-01-16,Tottenham Hotspur,4,0.037122,Open Play,Saved
3754027,2016-01-16,Tottenham Hotspur,8,0.030595,Open Play,Blocked
3754027,2016-01-16,Tottenham Hotspur,8,0.255532,Open Play,Off T
3754027,2016-01-16,Tottenham Hotspur,16,0.204931,Open Play,Off T
3754027,2016-01-16,Tottenham Hotspur,20,0.038812,Open Play,Blocked
3754027,2016-01-16,Tottenham Hotspur,24,0.026451,Open Play,Off T
3754027,2016-01-16,Sunderland,25,0.014555,Open Play,Off T
3754027,2016-01-16,Tottenham Hotspur,29,0.055779,Open Play,Blocked
3754027,2016-01-16,Tottenham Hotspur,31,0.185194,Open Play,Blocked
3754027,2016-01-16,Tottenham Hotspur,34,0.043190,Open Play,Off T
3754027,2016-01-16,Sunderland,39,0.288212,Open Play,Goal
3754027,2016-01-16,Tottenham Hotspur,41,0.129547,Open Play,Saved
3754027,2016-01-16,Tottenham Hotspur,41,0.054326,Open Play,Goal
3754027,2016-01-16,Sunderland,43,0.058436,Open Play,Saved
3754027,2016-01-16,Tottenham Hotspur,46,0.027944,Open Play,Saved
3754027,2016-01-16,Tottenham Hotspur,46,0.056063,Open Play,Off T
3754027,2016-01-16,Tottenham Hotspur,51,0.047879,Open Play,Blocked
3754027,2016-01-16,Sunderland,52,0.100791,Open Play,Off T
3754027,2016-01-16,Tottenham Hotspur,54,0.118069,Open Play,Off T
3754027,2016-01-16,Tottenham Hotspur,55,0.035095,Open Play,Off T
3754027,2016-01-16,Tottenham Hotspur,58,0.009059,Open Play,Saved
3754027,2016-01-16,Tottenham Hotspur,58,0.044032,Open Play,Saved
3754027,2016-01-16,Tottenham Hotspur,59,0.077100,Open Play,Goal
3754027,2016-01-16,Tottenham Hotspur,66,0.027663,Open Play,Goal
3754027,2016-01-16,Tottenham Hotspur,71,0.040288,Open Play,Saved
3754027,2016-01-16,Tottenham Hotspur,78,0.783500,Penalty,Goal
3754027,2016-01-16,Tottenham Hotspur,81,0.094997,Open Play,Off T
3754027,2016-01-16,Sunderland,89,0.060879,Open Play,Blocked
3754027,2016-01-16,Tottenham Hotspur,91,0.022928,Open Play,Off T
3754028,2015-11-28,Manchester City,0,0.061132,Open Play,Saved
3754028,2015-11-28,Manchester City,3,0.016510,Open Play,Blocked
3754028,2015-11-28,Manchester City,5,0.009107,Free Kick,Saved
3754028,2015-11-28,Manchester City,8,0.834823,Open Play,Goal
3754028,2015-11-28,Manchester City,12,0.235076,Open Play,Saved
3754028,2015-11-28,Manchester City,12,0.023957,Open Play,Blocked
3754028,2015-11-28,Manchester City,14,0.076586,Free Kick,Blocked
3754028,2015-11-28,Manchester City,18,0.016448,Open Play,Blocked
3754028,2015-11-28,Manchester City,19,0.074537,Open Play,Blocked
3754028,2015-11-28,Manchester City,19,0.026323,Open Play,Goal
3754028,2015-11-28,Southampton,21,0.025509,Open Play,Post
3754028,2015-11-28,Southampton,26,0.123947,Open Play,Saved
3754028,2015-11-28,Southampton,28,0.061023,Free Kick,Off T
3754028,2015-11-28,Manchester City,34,0.119400,Open Play,Off T
3754028,2015-11-28,Southampton,40,0.053831,Open Play,Saved
3754028,2015-11-28,Southampton,40,0.038041,Open Play,Blocked
3754028,2015-11-28,Southampton,48,0.127145,Open Play,Goal
3754028,2015-11-28,Manchester City,50,0.024084,Open Play,Blocked
3754028,2015-11-28,Manchester City,60,0.021712,Open Play,Saved
3754028,2015-11-28,Southampton,61,0.379041,Open Play,Saved
3754028,2015-11-28,Southampton,61,0.087038,Open Play,Blocked
3754028,2015-11-28,Manchester City,65,0.031174,Open Play,Saved
3754028,2015-11-28,Southampton,66,0.028420,Open Play,Saved
3754028,2015-11-28,Manchester City,68,0.040695,Open Play,Goal
3754028,2015-11-28,Manchester City,80,0.058125,Free Kick,Blocked
3754028,2015-11-28,Southampton,82,0.148208,Open Play,Saved
3754028,2015-11-28,Southampton,93,0.121981,Open Play,Saved
3754029,2015-11-02,Tottenham Hotspur,2,0.183179,Open Play,Goal
3754029,2015-11-02,Aston Villa,10,0.084226,Open Play,Saved
3754029,2015-11-02,Aston Villa,10,0.019369,Open Play,Off T
3754029,2015-11-02,Tottenham Hotspur,23,0.071237,Open Play,Saved
3754029,2015-11-02,Tottenham Hotspur,24,0.084647,Open Play,Off T
3754029,2015-11-02,Tottenham Hotspur,25,0.023851,Open Play,Off T
3754029,2015-11-02,Aston Villa,29,0.023942,Open Play,Blocked
3754029,2015-11-02,Tottenham Hotspur,45,0.065537,Open Play,Goal
3754029,2015-11-02,Tottenham Hotspur,48,0.010977,Open Play,Blocked
3754029,2015-11-02,Tottenham Hotspur,51,0.072060,Open Play,Blocked
3754029,2015-11-02,Tottenham Hotspur,52,0.092451,Open Play,Off T
3754029,2015-11-02,Tottenham Hotspur,53,0.062164,Open Play,Blocked
3754029,2015-11-02,Aston Villa,54,0.021475,Open Play,Blocked
3754029,2015-11-02,Aston Villa,56,0.008027,Open Play,Blocked
3754029,2015-11-02,Aston Villa,56,0.015573,Open Play,Blocked
3754029,2015-11-02,Tottenham Hotspur,60,0.010632,Free Kick,Blocked
3754029,2015-11-02,Aston Villa,65,0.038837,Open Play,Off T
3754029,2015-11-02,Tottenham Hotspur,70,0.041685,Free Kick,Off T
3754029,2015-11-02,Aston Villa,72,0.047134,Open Play,Blocked
3754029,2015-11-02,Aston Villa,74,0.051281,Open Play,Blocked
3754029,2015-11-02,Tottenham Hotspur,77,0.021735,Open Play,Saved
3754029,2015-11-02,Aston Villa,78,0.027133,Open Play,Post
3754029,2015-11-02,Aston Villa,78,0.043753,Open Play,Goal
3754029,2015-11-02,Aston Villa,82,0.051172,Open Play,Off T
3754029,2015-11-02,Aston Villa,84,0.028960,Open Play,Off T
3754029,2015-11-02,Tottenham Hotspur,88,0.037964,Open Play,Blocked
3754029,2015-11-02,Tottenham Hotspur,88,0.044700,Open Play,Blocked
3754029,2015-11-02,Tottenham Hotspur,90,0.041920,Open Play,Saved
3754029,2015-11-02,Tottenham Hotspur,92,0.216244,Open Play,Goal
3754030,2016-04-09,Watford,16,0.032081,Open Play,Saved
3754030,2016-04-09,Everton,18,0.026178,Open Play,Saved
3754030,2016-04-09,Everton,24,0.006985,Open Play,Off T
3754030,2016-04-09,Watford,26,0.092339,Open Play,Wayward
3754030,2016-04-09,Watford,27,0.029795,Open Play,Saved
3754030,2016-04-09,Everton,36,0.028868,Open Play,Saved
3754030,2016-04-09,Watford,41,0.080318,Open Play,Off T
3754030,2016-04-09,Watford,44,0.048055,Free Kick,Blocked
3754030,2016-04-09,Watford,44,0.028406,Open Play,Blocked
3754030,2016-04-09,Watford,44,0.096779,Open Play,Off T
3754030,2016-04-09,Everton,45,0.432918,Open Play,Goal
3754030,2016-04-09,Watford,47,0.015271,Open Play,Wayward
3754030,2016-04-09,Everton,47,0.050618,Open Play,Wayward
3754030,2016-04-09,Everton,47,0.110634,Open Play,Blocked
3754030,2016-04-09,Everton,51,0.041983,Open Play,Blocked
3754030,2016-04-09,Everton,54,0.049264,Open Play,Saved
3754030,2016-04-09,Watford,56,0.024837,Open Play,Blocked
3754030,2016-04-09,Watford,62,0.011341,Free Kick,Off T
3754030,2016-04-09,Everton,70,0.046425,Open Play,Saved
3754030,2016-04-09,Everton,87,0.050855,Free Kick,Saved
3754030,2016-04-09,Everton,87,0.401201,Open Play,Post
3754030,2016-04-09,Everton,88,0.160228,Open Play,Saved
3754030,2016-04-09,Watford,90,0.022597,Open Play,Saved
3754030,2016-04-09,Watford,91,0.009430,Open Play,Off T
3754030,2016-04-09,Watford,93,0.061012,Open Play,Saved
3754031,2016-02-13,Sunderland,2,0.006980,Free Kick,Goal
3754031,2016-02-13,Sunderland,10,0.122500,Open Play,Blocked
3754031,2016-02-13,Sunderland,10,0.397851,Open Play,Blocked
3754031,2016-02-13,Sunderland,17,0.043586,Open Play,Off T
3754031,2016-02-13,Sunderland,25,0.016241,Open Play,Blocked
3754031,2016-02-13,Sunderland,25,0.030212,Open Play,Off T
3754031,2016-02-13,Sunderland,27,0.013241,Open Play,Off T
3754031,2016-02-13,Manchester United,30,0.104211,Open Play,Saved
3754031,2016-02-13,Manchester United,33,0.073944,Open Play,Blocked
3754031,2016-02-13,Manchester United,34,0.029427,Open Play,Blocked
3754031,2016-02-13,Manchester United,38,0.099698,Open Play,Saved
3754031,2016-02-13,Manchester United,38,0.104026,Open Play,Goal
3754031,2016-02-13,Sunderland,47,0.051183,Open Play,Off T
3754031,2016-02-13,Sunderland,46,0.023564,Open Play,Blocked
3754031,2016-02-13,Sunderland,49,0.056487,Open Play,Blocked
3754031,2016-02-13,Sunderland,49,0.084630,Open Play,Wayward
3754031,2016-02-13,Manchester United,50,0.028514,Open Play,Off T
3754031,2016-02-13,Sunderland,53,0.297307,Open Play,Blocked
3754031,2016-02-13,Sunderland,60,0.216850,Open Play,Saved
3754031,2016-02-13,Sunderland,61,0.045812,Open Play,Blocked
3754031,2016-02-13,Sunderland,61,0.116738,Open Play,Off T
3754031,2016-02-13,Sunderland,64,0.056726,Free Kick,Saved
3754031,2016-02-13,Sunderland,66,0.083477,Open Play,Off T
3754031,2016-02-13,Manchester United,67,0.183478,Open Play,Blocked
3754031,2016-02-13,Sunderland,71,0.006158,Open Play,Saved
3754031,2016-02-13,Sunderland,71,0.013053,Open Play,Off T
3754031,2016-02-13,Manchester United,72,0.027446,Open Play,Saved
3754031,2016-02-13,Manchester United,74,0.031186,Open Play,Blocked
3754031,2016-02-13,Manchester United,75,0.043236,Open Play,Blocked
3754031,2016-02-13,Manchester United,79,0.082604,Open Play,Saved
3754031,2016-02-13,Sunderland,81,0.074779,Open Play,Saved
3754031,2016-02-13,Manchester United,86,0.049532,Open Play,Saved
3754031,2016-02-13,Manchester United,88,0.093657,Open Play,Blocked
3754031,2016-02-13,Sunderland,93,0.050909,Open Play,Off T
3754032,2016-01-13,Stoke City,6,0.095009,Open Play,Saved
3754032,2016-01-13,Stoke City,7,0.044762,Open Play,Blocked
3754032,2016-01-13,Norwich City,15,0.012135,Open Play,Off T
3754032,2016-01-13,Stoke City,19,0.068716,Open Play,Off T
3754032,2016-01-13,Stoke City,21,0.023939,Open Play,Blocked
3754032,2016-01-13,Stoke City,26,0.224520,Open Play,Off T
3754032,2016-01-13,Norwich City,27,0.021873,Open Play,Off T
3754032,2016-01-13,Norwich City,29,0.216312,Open Play,Saved
3754032,2016-01-13,Stoke City,33,0.022284,Open Play,Off T
3754032,2016-01-13,Stoke City,39,0.042250,Open Play,Off T
3754032,2016-01-13,Stoke City,40,0.107351,Open Play,Wayward
3754032,2016-01-13,Stoke City,48,0.417856,Open Play,Goal
3754032,2016-01-13,Stoke City,52,0.035594,Open Play,Wayward
3754032,2016-01-13,Norwich City,54,0.031719,Open Play,Goal
3754032,2016-01-13,Stoke City,66,0.033737,Open Play,Goal
3754032,2016-01-13,Norwich City,71,0.045605,Open Play,Off T
3754032,2016-01-13,Stoke City,83,0.023225,Open Play,Off T
3754032,2016-01-13,Stoke City,86,0.063485,Open Play,Saved
3754032,2016-01-13,Stoke City,88,0.128710,Open Play,Wayward
3754032,2016-01-13,Stoke City,88,0.097284,Open Play,Blocked
3754032,2016-01-13,Stoke City,89,0.057959,Open Play,Blocked
3754032,2016-01-13,Stoke City,91,0.016251,Open Play,Off T
3754033,2016-05-07,Leicester City,4,0.369167,Open Play,Goal
3754033,2016-05-07,Leicester City,9,0.106098,Open Play,Saved
3754033,2016-05-07,Everton,15,0.220873,Open Play,Blocked
3754033,2016-05-07,Everton,19,0.054133,Open Play,Off T
3754033,2016-05-07,Everton,25,0.041363,Open Play,Wayward
3754033,2016-05-07,Everton,25,0.169974,Open Play,Wayward
3754033,2016-05-07,Leicester City,27,0.024731,Open Play,Saved
3754033,2016-05-07,Leicester City,32,0.158730,Open Play,Goal
3754033,2016-05-07,Leicester City,34,0.106239,Open Play,Off T
3754033,2016-05-07,Leicester City,36,0.055677,Open Play,Blocked
3754033,2016-05-07,Leicester City,37,0.022171,Open Play,Off T
3754033,2016-05-07,Leicester City,39,0.080911,Open Play,Off T
3754033,2016-05-07,Leicester City,44,0.058216,Free Kick,Blocked
3754033,2016-05-07,Leicester City,44,0.051308,Open Play,Off T
3754033,2016-05-07,Leicester City,45,0.171395,Open Play,Off T
3754033,2016-05-07,Everton,45,0.103985,Open Play,Saved
3754033,2016-05-07,Everton,45,0.116524,Open Play,Saved
3754033,2016-05-07,Leicester City,52,0.027379,Free Kick,Off T
3754033,2016-05-07,Leicester City,54,0.010440,Open Play,Off T
3754033,2016-05-07,Everton,57,0.133291,Open Play,Saved
3754033,2016-05-07,Leicester City,60,0.175957,Open Play,Saved
3754033,2016-05-07,Leicester City,64,0.783500,Penalty,Goal
3754033,2016-05-07,Everton,67,0.167662,Open Play,Off T
3754033,2016-05-07,Leicester City,68,0.335234,Open Play,Saved
3754033,2016-05-07,Leicester City,70,0.036167,Open Play,Blocked
3754033,2016-05-07,Leicester City,71,0.783500,Penalty,Off T
3754033,2016-05-07,Everton,73,0.027886,Open Play,Saved
3754033,2016-05-07,Leicester City,74,0.057967,Open Play,Blocked
3754033,2016-05-07,Leicester City,74,0.071906,Open Play,Off T
3754033,2016-05-07,Leicester City,77,0.051008,Open Play,Blocked
3754033,2016-05-07,Leicester City,78,0.042224,Open Play,Blocked
3754033,2016-05-07,Leicester City,78,0.037153,Open Play,Blocked
3754033,2016-05-07,Leicester City,79,0.058776,Open Play,Off T
3754033,2016-05-07,Leicester City,82,0.067793,Open Play,Wayward
3754033,2016-05-07,Leicester City,82,0.212810,Open Play,Off T
3754033,2016-05-07,Leicester City,85,0.026430,Open Play,Blocked
3754033,2016-05-07,Leicester City,85,0.204933,Open Play,Off T
3754033,2016-05-07,Everton,87,0.345138,Open Play,Goal
3754033,2016-05-07,Leicester City,88,0.081843,Open Play,Blocked
3754033,2016-05-07,Leicester City,89,0.057624,Open Play,Blocked
3754033,2016-05-07,Leicester City,91,0.040057,Open Play,Off T
3754033,2016-05-07,Leicester City,93,0.070698,Open Play,Saved
3754034,2015-08-15,Southampton,4,0.048229,Open Play,Wayward
3754034,2015-08-15,Everton,6,0.013080,Free Kick,Blocked
3754034,2015-08-15,Everton,7,0.078520,Open Play,Blocked
3754034,2015-08-15,Southampton,11,0.022473,Open Play,Off T
3754034,2015-08-15,Southampton,13,0.046312,Open Play,Blocked
3754034,2015-08-15,Southampton,14,0.071075,Open Play,Off T
3754034,2015-08-15,Southampton,15,0.008157,Open Play,Saved
3754034,2015-08-15,Southampton,20,0.098795,Open Play,Saved
3754034,2015-08-15,Everton,21,0.170727,Open Play,Goal
3754034,2015-08-15,Everton,25,0.014844,Open Play,Saved
3754034,2015-08-15,Everton,28,0.195435,Open Play,Saved
3754034,2015-08-15,Everton,28,0.077891,Open Play,Off T
3754034,2015-08-15,Southampton,34,0.111323,Open Play,Off T
3754034,2015-08-15,Everton,44,0.126576,Open Play,Goal
3754034,2015-08-15,Southampton,46,0.057378,Open Play,Off T
3754034,2015-08-15,Southampton,47,0.077012,Open Play,Blocked
3754034,2015-08-15,Southampton,47,0.021895,Open Play,Blocked
3754034,2015-08-15,Southampton,52,0.112398,Open Play,Saved
3754034,2015-08-15,Southampton,59,0.148309,Open Play,Wayward
3754034,2015-08-15,Southampton,66,0.056319,Open Play,Off T
3754034,2015-08-15,Everton,72,0.044650,Open Play,Saved Off Target
3754034,2015-08-15,Southampton,78,0.014163,Open Play,Saved
3754034,2015-08-15,Southampton,79,0.052274,Open Play,Off T
3754034,2015-08-15,Everton,81,0.029498,Open Play,Blocked
3754034,2015-08-15,Everton,82,0.031581,Open Play,Blocked
3754034,2015-08-15,Everton,83,0.129288,Open Play,Goal
3754034,2015-08-15,Southampton,85,0.085307,Open Play,Blocked
3754034,2015-08-15,Southampton,92,0.025407,Open Play,Off T
3754035,2016-04-09,West Bromwich Albion,1,0.019868,Open Play,Blocked
3754035,2016-04-09,Manchester City,1,0.026851,Open Play,Blocked
3754035,2016-04-09,West Bromwich Albion,5,0.028753,Open Play,Goal
3754035,2016-04-09,West Bromwich Albion,9,0.141691,Open Play,Off T
3754035,2016-04-09,Manchester City,18,0.783500,Penalty,Goal
3754035,2016-04-09,Manchester City,20,0.026581,Open Play,Blocked
3754035,2016-04-09,Manchester City,22,0.008947,Open Play,Blocked
3754035,2016-04-09,Manchester City,23,0.142833,Open Play,Off T
3754035,2016-04-09,West Bromwich Albion,28,0.070972,Open Play,Off T
3754035,2016-04-09,West Bromwich Albion,32,0.083916,Free Kick,Blocked
3754035,2016-04-09,West Bromwich Albion,32,0.048774,Open Play,Blocked
3754035,2016-04-09,Manchester City,44,0.032967,Open Play,Off T
3754035,2016-04-09,Manchester City,52,0.034222,Open Play,Blocked
3754035,2016-04-09,Manchester City,54,0.025258,Open Play,Saved
3754035,2016-04-09,West Bromwich Albion,58,0.027077,Open Play,Off T
3754035,2016-04-09,Manchester City,65,0.199249,Open Play,Blocked
3754035,2016-04-09,Manchester City,65,0.602497,Open Play,Goal
3754035,2016-04-09,West Bromwich Albion,70,0.215939,Open Play,Off T
3754035,2016-04-09,West Bromwich Albion,73,0.023146,Open Play,Blocked
3754035,2016-04-09,West Bromwich Albion,73,0.430392,Open Play,Off T
3754035,2016-04-09,Manchester City,76,0.115333,Open Play,Saved
3754035,2016-04-09,West Bromwich Albion,77,0.042290,Open Play,Blocked
3754035,2016-04-09,Manchester City,81,0.077160,Open Play,Off T
3754035,2016-04-09,West Bromwich Albion,83,0.010726,Free Kick,Saved
3754035,2016-04-09,Manchester City,86,0.012665,Open Play,Post
3754035,2016-04-09,West Bromwich Albion,93,0.060740,Open Play,Off T
3754036,2016-01-02,Sunderland,2,0.083233,Open Play,Off T
3754036,2016-01-02,Aston Villa,4,0.039606,Open Play,Off T
3754036,2016-01-02,Aston Villa,5,0.104458,Open Play,Off T
3754036,2016-01-02,Aston Villa,7,0.079851,Open Play,Saved
3754036,2016-01-02,Sunderland,12,0.081681,Open Play,Saved
3754036,2016-01-02,Sunderland,16,0.078578,Open Play,Off T
3754036,2016-01-02,Sunderland,29,0.018094,Open Play,Blocked
3754036,2016-01-02,Aston Villa,33,0.038990,Open Play,Saved
3754036,2016-01-02,Sunderland,45,0.048188,Free Kick,Off T
3754036,2016-01-02,Aston Villa,50,0.057425,Open Play,Off T
3754036,2016-01-02,Sunderland,53,0.049698,Open Play,Blocked
3754036,2016-01-02,Sunderland,56,0.080037,Open Play,Saved
3754036,2016-01-02,Aston Villa,59,0.006209,Open Play,Off T
3754036,2016-01-02,Sunderland,61,0.039493,Open Play,Off T
3754036,2016-01-02,Aston Villa,62,0.071025,Open Play,Goal
3754036,2016-01-02,Sunderland,66,0.042210,Open Play,Blocked
3754036,2016-01-02,Sunderland,71,0.110528,Open Play,Goal
3754036,2016-01-02,Sunderland,84,0.028242,Open Play,Blocked
3754036,2016-01-02,Sunderland,84,0.258750,Open Play,Saved
3754036,2016-01-02,Aston Villa,89,0.017864,Open Play,Off T
3754036,2016-01-02,Sunderland,91,0.210391,Open Play,Goal
3754037,2016-04-30,Everton,6,0.083047,Open Play,Goal
3754037,2016-04-30,AFC Bournemouth,8,0.473538,Open Play,Goal
3754037,2016-04-30,Everton,17,0.040034,Open Play,Blocked
3754037,2016-04-30,AFC Bournemouth,19,0.046059,Open Play,Blocked
3754037,2016-04-30,Everton,25,0.051964,Open Play,Off T
3754037,2016-04-30,AFC Bournemouth,26,0.036686,Open Play,Blocked
3754037,2016-04-30,AFC Bournemouth,27,0.041824,Open Play,Blocked
3754037,2016-04-30,AFC Bournemouth,28,0.061856,Open Play,Off T
3754037,2016-04-30,Everton,35,0.060506,Open Play,Off T
3754037,2016-04-30,Everton,35,0.246272,Open Play,Saved
3754037,2016-04-30,Everton,42,0.040345,Open Play,Off T
3754037,2016-04-30,AFC Bournemouth,47,0.011202,Open Play,Off T
3754037,2016-04-30,Everton,53,0.021689,Open Play,Blocked
3754037,2016-04-30,AFC Bournemouth,58,0.040739,Open Play,Off T
3754037,2016-04-30,AFC Bournemouth,59,0.079970,Open Play,Off T
3754037,2016-04-30,AFC Bournemouth,62,0.070976,Free Kick,Saved
3754037,2016-04-30,Everton,63,0.170554,Open Play,Goal
3754037,2016-04-30,Everton,64,0.044370,Open Play,Saved
3754037,2016-04-30,Everton,65,0.060018,Open Play,Saved
3754037,2016-04-30,AFC Bournemouth,69,0.157000,Open Play,Blocked
3754037,2016-04-30,AFC Bournemouth,69,0.050233,Open Play,Blocked
3754037,2016-04-30,AFC Bournemouth,70,0.055323,Open Play,Blocked
3754037,2016-04-30,Everton,70,0.071879,Open Play,Wayward
3754037,2016-04-30,AFC Bournemouth,76,0.027857,Open Play,Off T
3754037,2016-04-30,AFC Bournemouth,77,0.187458,Open Play,Off T
3754037,2016-04-30,AFC Bournemouth,81,0.061143,Open Play,Blocked
3754037,2016-04-30,AFC Bournemouth,88,0.027803,Open Play,Off T
3754038,2015-11-29,Arsenal,3,0.027999,Open Play,Off T
3754038,2015-11-29,Arsenal,16,0.314083,Open Play,Blocked
3754038,2015-11-29,Arsenal,18,0.229532,Open Play,Off T
3754038,2015-11-29,Arsenal,26,0.091873,Open Play,Saved
3754038,2015-11-29,Arsenal,28,0.059266,Open Play,Off T
3754038,2015-11-29,Arsenal,29,0.275314,Open Play,Goal
3754038,2015-11-29,Arsenal,34,0.026429,Open Play,Blocked
3754038,2015-11-29,Norwich City,41,0.029073,Open Play,Saved
3754038,2015-11-29,Norwich City,42,0.527319,Open Play,Goal
3754038,2015-11-29,Norwich City,46,0.281470,Open Play,Off T
3754038,2015-11-29,Arsenal,52,0.287990,Open Play,Blocked
3754038,2015-11-29,Arsenal,57,0.055853,Free Kick,Blocked
3754038,2015-11-29,Norwich City,62,0.019457,Open Play,Off T
3754038,2015-11-29,Arsenal,66,0.012547,Open Play,Off T
3754038,2015-11-29,Norwich City,70,0.138215,Open Play,Off T
3754038,2015-11-29,Norwich City,74,0.020119,Open Play,Off T
3754038,2015-11-29,Arsenal,76,0.140294,Open Play,Off T
3754038,2015-11-29,Arsenal,82,0.036261,Open Play,Blocked
3754038,2015-11-29,Norwich City,91,0.049510,Open Play,Blocked
3754039,2016-02-13,Crystal Palace,12,0.010173,Open Play,Off T
3754039,2016-02-13,Watford,15,0.783500,Penalty,Goal
3754039,2016-02-13,Crystal Palace,19,0.025012,Open Play,Saved
3754039,2016-02-13,Crystal Palace,21,0.029273,Open Play,Blocked
3754039,2016-02-13,Crystal Palace,21,0.021157,Open Play,Blocked
3754039,2016-02-13,Crystal Palace,22,0.009525,Free Kick,Off T
3754039,2016-02-13,Watford,28,0.022187,Open Play,Off T
3754039,2016-02-13,Watford,35,0.071154,Open Play,Saved
3754039,2016-02-13,Watford,41,0.236407,Open Play,Off T
3754039,2016-02-13,Crystal Palace,44,0.098078,Open Play,Goal
3754039,2016-02-13,Crystal Palace,57,0.664097,Open Play,Saved
3754039,2016-02-13,Crystal Palace,58,0.008852,Open Play,Saved
3754039,2016-02-13,Watford,61,0.044145,Open Play,Blocked
3754039,2016-02-13,Watford,63,0.080989,Open Play,Off T
3754039,2016-02-13,Watford,74,0.117856,Open Play,Saved
3754039,2016-02-13,Watford,74,0.037989,Open Play,Blocked
3754039,2016-02-13,Watford,75,0.028960,Open Play,Blocked
3754039,2016-02-13,Crystal Palace,77,0.007501,Free Kick,Saved
3754039,2016-02-13,Crystal Palace,78,0.045393,Open Play,Off T
3754039,2016-02-13,Watford,81,0.236001,Open Play,Goal
3754039,2016-02-13,Crystal Palace,87,0.015155,Open Play,Blocked
3754039,2016-02-13,Crystal Palace,89,0.025108,Open Play,Post
3754039,2016-02-13,Crystal Palace,90,0.015309,Open Play,Off T
3754039,2016-02-13,Watford,92,0.044581,Open Play,Blocked
3754039,2016-02-13,Crystal Palace,92,0.062830,Open Play,Off T
3754039,2016-02-13,Crystal Palace,96,0.104912,Open Play,Off T
3754040,2015-09-20,Liverpool,7,0.041389,Open Play,Off T
3754040,2015-09-20,Norwich City,9,0.018856,Open Play,Off T
3754040,2015-09-20,Liverpool,17,0.153654,Open Play,Blocked
3754040,2015-09-20,Norwich City,27,0.006331,Open Play,Off T
3754040,2015-09-20,Liverpool,29,0.022358,Open Play,Off T
3754040,2015-09-20,Liverpool,33,0.135211,Open Play,Saved
3754040,2015-09-20,Liverpool,34,0.099626,Open Play,Off T
3754040,2015-09-20,Liverpool,40,0.027535,Open Play,Blocked
3754040,2015-09-20,Liverpool,40,0.037556,Open Play,Blocked
3754040,2015-09-20,Liverpool,41,0.047851,Open Play,Saved
3754040,2015-09-20,Norwich City,46,0.006355,Open Play,Off T
3754040,2015-09-20,Liverpool,47,0.167943,Open Play,Goal
3754040,2015-09-20,Liverpool,49,0.043544,Open Play,Blocked
3754040,2015-09-20,Liverpool,49,0.022268,Open Play,Off T
3754040,2015-09-20,Norwich City,51,0.031886,Open Play,Blocked
3754040,2015-09-20,Liverpool,53,0.033223,Open Play,Blocked
3754040,2015-09-20,Liverpool,54,0.077929,Open Play,Off T
3754040,2015-09-20,Norwich City,56,0.059151,Open Play,Off T
3754040,2015-09-20,Norwich City,60,0.096009,Open Play,Goal
3754040,2015-09-20,Norwich City,64,0.232750,Open Play,Saved
3754040,2015-09-20,Liverpool,65,0.054536,Open Play,Saved
3754040,2015-09-20,Liverpool,67,0.081799,Open Play,Blocked
3754040,2015-09-20,Liverpool,72,0.047440,Open Play,Saved
3754040,2015-09-20,Liverpool,77,0.465336,Open Play,Saved
3754040,2015-09-20,Liverpool,78,0.040214,Open Play,Saved
3754040,2015-09-20,Liverpool,79,0.037640,Open Play,Blocked
3754040,2015-09-20,Liverpool,90,0.215439,Open Play,Off T
3754040,2015-09-20,Liverpool,91,0.040530,Open Play,Blocked
3754040,2015-09-20,Liverpool,93,0.046721,Open Play,Blocked
3754040,2015-09-20,Liverpool,93,0.528428,Open Play,Off T
3754041,2016-05-15,Arsenal,4,0.074244,Open Play,Goal
3754041,2016-05-15,Arsenal,5,0.028208,Open Play,Blocked
3754041,2016-05-15,Arsenal,12,0.189012,Open Play,Saved
3754041,2016-05-15,Aston Villa,15,0.031320,Open Play,Saved
3754041,2016-05-15,Arsenal,21,0.136984,Open Play,Blocked
3754041,2016-05-15,Arsenal,31,0.033644,Open Play,Off T
3754041,2016-05-15,Arsenal,32,0.314301,Open Play,Off T
3754041,2016-05-15,Arsenal,34,0.339016,Open Play,Saved Off Target
3754041,2016-05-15,Aston Villa,37,0.087360,Open Play,Wayward
3754041,2016-05-15,Aston Villa,38,0.021776,Open Play,Blocked
3754041,2016-05-15,Aston Villa,54,0.057736,Open Play,Wayward
3754041,2016-05-15,Arsenal,55,0.044766,Open Play,Off T
3754041,2016-05-15,Arsenal,71,0.060417,Free Kick,Off T
3754041,2016-05-15,Arsenal,72,0.102353,Open Play,Off T
3754041,2016-05-15,Arsenal,74,0.142442,Open Play,Saved
3754041,2016-05-15,Arsenal,77,0.126268,Open Play,Goal
3754041,2016-05-15,Arsenal,79,0.354217,Open Play,Goal
3754041,2016-05-15,Aston Villa,83,0.056488,Open Play,Blocked
3754041,2016-05-15,Arsenal,83,0.166451,Open Play,Saved
3754041,2016-05-15,Aston Villa,85,0.046441,Open Play,Saved
3754041,2016-05-15,Arsenal,90,0.428158,Open Play,Off T
3754041,2016-05-15,Arsenal,91,0.009901,Open Play,Off T
3754041,2016-05-15,Arsenal,91,0.372364,Open Play,Saved to Post
3754042,2016-05-15,Liverpool,9,0.025212,Open Play,Saved
3754042,2016-05-15,West Bromwich Albion,12,0.137783,Open Play,Goal
3754042,2016-05-15,Liverpool,15,0.096090,Open Play,Off T
3754042,2016-05-15,Liverpool,21,0.082629,Open Play,Saved
3754042,2016-05-15,Liverpool,22,0.207541,Open Play,Goal
3754042,2016-05-15,Liverpool,30,0.019666,Open Play,Off T
3754042,2016-05-15,West Bromwich Albion,38,0.029434,Open Play,Blocked
3754042,2016-05-15,Liverpool,45,0.084502,Free Kick,Blocked
3754042,2016-05-15,West Bromwich Albion,46,0.068982,Open Play,Post
3754042,2016-05-15,West Bromwich Albion,46,0.147975,Open Play,Off T
3754042,2016-05-15,West Bromwich Albion,53,0.015983,Open Play,Off T
3754042,2016-05-15,Liverpool,56,0.009695,Open Play,Off T
3754042,2016-05-15,West Bromwich Albion,58,0.034084,Open Play,Off T
3754042,2016-05-15,West Bromwich Albion,60,0.105419,Open Play,Off T
3754042,2016-05-15,West Bromwich Albion,61,0.017399,Open Play,Blocked
3754042,2016-05-15,West Bromwich Albion,65,0.122514,Open Play,Blocked
3754042,2016-05-15,West Bromwich Albion,66,0.259924,Open Play,Off T
3754042,2016-05-15,West Bromwich Albion,81,0.016005,Open Play,Blocked
3754042,2016-05-15,West Bromwich Albion,81,0.628039,Open Play,Blocked
3754042,2016-05-15,West Bromwich Albion,89,0.024775,Open Play,Blocked
3754043,2016-03-20,Tottenham Hotspur,0,0.128887,Open Play,Goal
3754043,2016-03-20,Tottenham Hotspur,10,0.102073,Open Play,Off T
3754043,2016-03-20,Tottenham Hotspur,13,0.019352,Open Play,Off T
3754043,2016-03-20,Tottenham Hotspur,15,0.152412,Open Play,Goal
3754043,2016-03-20,Tottenham Hotspur,18,0.060566,Open Play,Off T
3754043,2016-03-20,Tottenham Hotspur,28,0.021077,Open Play,Blocked
3754043,2016-03-20,Tottenham Hotspur,31,0.014187,Open Play,Off T
3754043,2016-03-20,Tottenham Hotspur,32,0.007169,Open Play,Saved
3754043,2016-03-20,AFC Bournemouth,40,0.106625,Open Play,Off T
3754043,2016-03-20,Tottenham Hotspur,41,0.035122,Open Play,Saved
3754043,2016-03-20,Tottenham Hotspur,47,0.053706,Open Play,Off T
3754043,2016-03-20,Tottenham Hotspur,51,0.028421,Open Play,Saved
3754043,2016-03-20,Tottenham Hotspur,51,0.616011,Open Play,Goal
3754043,2016-03-20,AFC Bournemouth,67,0.147826,Open Play,Off T
3754043,2016-03-20,Tottenham Hotspur,75,0.017211,Open Play,Off T
3754043,2016-03-20,Tottenham Hotspur,80,0.139669,Open Play,Off T
3754043,2016-03-20,Tottenham Hotspur,82,0.069942,Open Play,Saved
3754043,2016-03-20,Tottenham Hotspur,86,0.014328,Open Play,Blocked
3754043,2016-03-20,Tottenham Hotspur,88,0.024015,Open Play,Off T
3754043,2016-03-20,Tottenham Hotspur,91,0.029078,Open Play,Off T
3754044,2015-12-19,Manchester United,13,0.059797,Open Play,Off T
3754044,2015-12-19,Manchester United,14,0.123706,Open Play,Off T
3754044,2015-12-19,Norwich City,20,0.047189,Open Play,Off T
3754044,2015-12-19,Manchester United,23,0.029981,Open Play,Blocked
3754044,2015-12-19,Manchester United,24,0.069956,Open Play,Off T
3754044,2015-12-19,Manchester United,30,0.041954,Open Play,Off T
3754044,2015-12-19,Norwich City,37,0.433687,Open Play,Goal
3754044,2015-12-19,Norwich City,53,0.168157,Open Play,Goal
3754044,2015-12-19,Manchester United,59,0.107260,Open Play,Off T
3754044,2015-12-19,Norwich City,64,0.039152,Open Play,Saved
3754044,2015-12-19,Manchester United,65,0.215438,Open Play,Goal
3754044,2015-12-19,Manchester United,68,0.025720,Open Play,Blocked
3754044,2015-12-19,Manchester United,75,0.022443,Open Play,Blocked
3754044,2015-12-19,Manchester United,78,0.066092,Free Kick,Saved
3754044,2015-12-19,Norwich City,82,0.056905,Open Play,Saved
3754044,2015-12-19,Norwich City,82,0.178657,Open Play,Off T
3754044,2015-12-19,Manchester United,92,0.179788,Open Play,Off T
3754045,2015-12-29,Manchester City,11,0.015047,Open Play,Blocked
3754045,2015-12-29,Leicester City,14,0.061401,Open Play,Off T
3754045,2015-12-29,Manchester City,17,0.128440,Open Play,Saved
3754045,2015-12-29,Manchester City,18,0.036193,Open Play,Blocked
3754045,2015-12-29,Leicester City,20,0.064528,Open Play,Wayward
3754045,2015-12-29,Leicester City,24,0.022663,Open Play,Off T
3754045,2015-12-29,Manchester City,26,0.214885,Open Play,Saved
3754045,2015-12-29,Manchester City,27,0.021611,Open Play,Saved
3754045,2015-12-29,Manchester City,28,0.023640,Open Play,Off T
3754045,2015-12-29,Manchester City,31,0.047475,Open Play,Saved
3754045,2015-12-29,Manchester City,31,0.030556,Open Play,Off T
3754045,2015-12-29,Manchester City,36,0.068906,Open Play,Wayward
3754045,2015-12-29,Leicester City,39,0.172277,Open Play,Off T
3754045,2015-12-29,Leicester City,39,0.243710,Open Play,Off T
3754045,2015-12-29,Leicester City,43,0.021174,Open Play,Saved
3754045,2015-12-29,Manchester City,46,0.044862,Open Play,Off T
3754045,2015-12-29,Manchester City,45,0.517903,Open Play,Off T
3754045,2015-12-29,Manchester City,50,0.080449,Open Play,Blocked
3754045,2015-12-29,Manchester City,50,0.057402,Open Play,Blocked
3754045,2015-12-29,Leicester City,52,0.022790,Open Play,Blocked
3754045,2015-12-29,Leicester City,52,0.058450,Open Play,Saved
3754045,2015-12-29,Leicester City,53,0.024816,Open Play,Off T
3754045,2015-12-29,Leicester City,59,0.106409,Open Play,Off T
3754045,2015-12-29,Manchester City,61,0.029654,Open Play,Wayward
3754045,2015-12-29,Manchester City,63,0.070966,Open Play,Saved
3754045,2015-12-29,Manchester City,63,0.064112,Open Play,Blocked
3754045,2015-12-29,Manchester City,65,0.007897,Free Kick,Blocked
3754045,2015-12-29,Manchester City,65,0.028180,Open Play,Blocked
3754045,2015-12-29,Manchester City,68,0.071849,Open Play,Off T
3754045,2015-12-29,Leicester City,70,0.070555,Open Play,Saved
3754045,2015-12-29,Leicester City,76,0.019392,Open Play,Saved
3754045,2015-12-29,Manchester City,77,0.135568,Open Play,Blocked
3754046,2015-12-07,Crystal Palace,0,0.040734,Open Play,Saved
3754046,2015-12-07,Everton,5,0.027223,Open Play,Wayward
3754046,2015-12-07,Everton,6,0.066961,Open Play,Off T
3754046,2015-12-07,Crystal Palace,14,0.076219,Open Play,Wayward
3754046,2015-12-07,Crystal Palace,15,0.101402,Open Play,Saved
3754046,2015-12-07,Crystal Palace,15,0.024931,Open Play,Off T
3754046,2015-12-07,Everton,17,0.051901,Open Play,Blocked
3754046,2015-12-07,Everton,20,0.087150,Open Play,Post
3754046,2015-12-07,Everton,22,0.085683,Open Play,Off T
3754046,2015-12-07,Everton,38,0.030140,Open Play,Blocked
3754046,2015-12-07,Crystal Palace,40,0.010078,Open Play,Off T
3754046,2015-12-07,Crystal Palace,41,0.026151,Open Play,Off T
3754046,2015-12-07,Everton,42,0.043861,Open Play,Blocked
3754046,2015-12-07,Everton,43,0.090704,Open Play,Saved
3754046,2015-12-07,Crystal Palace,44,0.005669,Open Play,Off T
3754046,2015-12-07,Everton,48,0.036671,Open Play,Off T
3754046,2015-12-07,Crystal Palace,50,0.082019,Open Play,Wayward
3754046,2015-12-07,Everton,52,0.101378,Open Play,Off T
3754046,2015-12-07,Crystal Palace,54,0.092466,Open Play,Saved
3754046,2015-12-07,Everton,60,0.030635,Open Play,Blocked
3754046,2015-12-07,Crystal Palace,61,0.052719,Open Play,Wayward
3754046,2015-12-07,Everton,65,0.096906,Open Play,Saved
3754046,2015-12-07,Everton,65,0.021907,Open Play,Blocked
3754046,2015-12-07,Everton,68,0.021800,Open Play,Saved
3754046,2015-12-07,Crystal Palace,74,0.068324,Open Play,Saved
3754046,2015-12-07,Crystal Palace,75,0.152770,Open Play,Goal
3754046,2015-12-07,Everton,77,0.031902,Open Play,Post
3754046,2015-12-07,Everton,80,0.898100,Open Play,Goal
3754046,2015-12-07,Crystal Palace,85,0.039039,Open Play,Blocked
3754046,2015-12-07,Everton,89,0.050112,Open Play,Blocked
3754046,2015-12-07,Everton,89,0.042252,Open Play,Blocked
3754046,2015-12-07,Crystal Palace,90,0.057469,Open Play,Off T
3754046,2015-12-07,Everton,93,0.075899,Open Play,Blocked
3754047,2015-11-29,Swansea City,7,0.098439,Open Play,Off T
3754047,2015-11-29,Liverpool,20,0.069399,Open Play,Blocked
3754047,2015-11-29,Liverpool,24,0.033497,Open Play,Blocked
3754047,2015-11-29,Swansea City,27,0.056184,Open Play,Wayward
3754047,2015-11-29,Liverpool,41,0.081442,Free Kick,Off T
3754047,2015-11-29,Swansea City,45,0.007027,Open Play,Off T
3754047,2015-11-29,Swansea City,49,0.033031,Open Play,Off T
3754047,2015-11-29,Liverpool,51,0.010196,Open Play,Saved
3754047,2015-11-29,Liverpool,52,0.253894,Open Play,Off T
3754047,2015-11-29,Liverpool,56,0.031220,Open Play,Blocked
3754047,2015-11-29,Liverpool,56,0.090726,Open Play,Blocked
3754047,2015-11-29,Liverpool,60,0.080479,Open Play,Blocked
3754047,2015-11-29,Liverpool,61,0.783500,Penalty,Goal
3754047,2015-11-29,Liverpool,74,0.069811,Open Play,Off T
3754047,2015-11-29,Swansea City,76,0.060188,Open Play,Blocked
3754047,2015-11-29,Swansea City,78,0.016473,Open Play,Blocked
3754047,2015-11-29,Swansea City,79,0.024245,Open Play,Wayward
3754047,2015-11-29,Swansea City,79,0.109172,Open Play,Off T
3754047,2015-11-29,Swansea City,91,0.024424,Open Play,Blocked
3754048,2016-04-13,Crystal Palace,2,0.033538,Open Play,Blocked
3754048,2016-04-13,Crystal Palace,3,0.037122,Open Play,Saved
3754048,2016-04-13,Crystal Palace,4,0.209645,Open Play,Off T
3754048,2016-04-13,Everton,6,0.050680,Open Play,Blocked
3754048,2016-04-13,Crystal Palace,6,0.023828,Open Play,Off T
3754048,2016-04-13,Everton,18,0.014838,Open Play,Saved
3754048,2016-04-13,Everton,19,0.091462,Open Play,Saved
3754048,2016-04-13,Crystal Palace,21,0.051989,Open Play,Off T
3754048,2016-04-13,Everton,25,0.040764,Open Play,Off T
3754048,2016-04-13,Everton,29,0.235621,Open Play,Saved
3754048,2016-04-13,Everton,32,0.031066,Open Play,Blocked
3754048,2016-04-13,Crystal Palace,33,0.062431,Open Play,Wayward
3754048,2016-04-13,Crystal Palace,33,0.050690,Open Play,Off T
3754048,2016-04-13,Crystal Palace,38,0.026815,Open Play,Blocked
3754048,2016-04-13,Crystal Palace,44,0.336651,Open Play,Saved
3754048,2016-04-13,Crystal Palace,45,0.011898,Open Play,Off T
3754048,2016-04-13,Everton,48,0.039829,Open Play,Post
3754048,2016-04-13,Crystal Palace,61,0.386155,Open Play,Saved
3754048,2016-04-13,Crystal Palace,62,0.039676,Open Play,Saved
3754048,2016-04-13,Everton,63,0.065429,Open Play,Saved
3754048,2016-04-13,Crystal Palace,64,0.025822,Open Play,Saved
3754048,2016-04-13,Crystal Palace,66,0.028985,Open Play,Saved
3754048,2016-04-13,Crystal Palace,67,0.058823,Open Play,Saved
3754048,2016-04-13,Crystal Palace,72,0.289858,Open Play,Off T
3754048,2016-04-13,Crystal Palace,81,0.400244,Open Play,Wayward
3754048,2016-04-13,Crystal Palace,81,0.098340,Open Play,Off T
3754048,2016-04-13,Everton,83,0.022453,Open Play,Saved
3754048,2016-04-13,Crystal Palace,86,0.448667,Open Play,Off T
3754048,2016-04-13,Crystal Palace,89,0.044249,Open Play,Blocked
3754049,2016-02-27,Leicester City,11,0.030651,Open Play,Off T
3754049,2016-02-27,Leicester City,12,0.192594,Open Play,Blocked
3754049,2016-02-27,Norwich City,16,0.115912,Open Play,Off T
3754049,2016-02-27,Leicester City,21,0.044211,Open Play,Off T
3754049,2016-02-27,Norwich City,22,0.007402,Open Play,Off T
3754049,2016-02-27,Leicester City,26,0.068024,Open Play,Blocked
3754049,2016-02-27,Leicester City,26,0.045924,Open Play,Blocked
3754049,2016-02-27,Leicester City,26,0.013744,Open Play,Off T
3754049,2016-02-27,Leicester City,34,0.031557,Open Play,Blocked
3754049,2016-02-27,Norwich City,37,0.238132,Open Play,Off T
3754049,2016-02-27,Norwich City,42,0.012793,Open Play,Saved
3754049,2016-02-27,Norwich City,44,0.115390,Open Play,Blocked
3754049,2016-02-27,Leicester City,46,0.018802,Free Kick,Blocked
3754049,2016-02-27,Norwich City,49,0.038919,Open Play,Blocked
3754049,2016-02-27,Leicester City,57,0.027554,Open Play,Saved
3754049,2016-02-27,Leicester City,66,0.071025,Open Play,Saved
3754049,2016-02-27,Norwich City,66,0.029767,Open Play,Blocked
3754049,2016-02-27,Leicester City,73,0.049609,Open Play,Off T
3754049,2016-02-27,Leicester City,76,0.103965,Open Play,Off T
3754049,2016-02-27,Norwich City,82,0.021101,Open Play,Off T
3754049,2016-02-27,Leicester City,88,0.460810,Open Play,Wayward
3754049,2016-02-27,Leicester City,88,0.840116,Open Play,Goal
3754049,2016-02-27,Norwich City,92,0.058617,Open Play,Off T
3754050,2016-03-01,Crystal Palace,8,0.029622,Open Play,Off T
3754050,2016-03-01,Crystal Palace,9,0.055840,Open Play,Saved
3754050,2016-03-01,Sunderland,11,0.050020,Open Play,Saved
3754050,2016-03-01,Crystal Palace,13,0.077614,Open Play,Saved
3754050,2016-03-01,Sunderland,13,0.040541,Open Play,Blocked
3754050,2016-03-01,Crystal Palace,20,0.076585,Open Play,Off T
3754050,2016-03-01,Sunderland,25,0.035199,Open Play,Off T
3754050,2016-03-01,Crystal Palace,30,0.093237,Open Play,Saved
3754050,2016-03-01,Crystal Palace,30,0.006748,Open Play,Off T
3754050,2016-03-01,Sunderland,31,0.036552,Open Play,Saved
3754050,2016-03-01,Sunderland,32,0.121687,Open Play,Wayward
3754050,2016-03-01,Sunderland,34,0.027363,Open Play,Blocked
3754050,2016-03-01,Sunderland,35,0.037939,Open Play,Goal
3754050,2016-03-01,Sunderland,36,0.074487,Open Play,Saved
3754050,2016-03-01,Sunderland,38,0.050010,Open Play,Saved
3754050,2016-03-01,Sunderland,44,0.032567,Open Play,Off T
3754050,2016-03-01,Sunderland,46,0.297191,Open Play,Off T
3754050,2016-03-01,Crystal Palace,45,0.095748,Open Play,Off T
3754050,2016-03-01,Sunderland,47,0.009632,Open Play,Blocked
3754050,2016-03-01,Sunderland,48,0.075530,Open Play,Off T
3754050,2016-03-01,Crystal Palace,56,0.039132,Open Play,Blocked
3754050,2016-03-01,Sunderland,56,0.038616,Open Play,Blocked
3754050,2016-03-01,Sunderland,57,0.023427,Open Play,Blocked
3754050,2016-03-01,Sunderland,57,0.041274,Open Play,Blocked
3754050,2016-03-01,Sunderland,57,0.038933,Open Play,Off T
3754050,2016-03-01,Crystal Palace,59,0.076246,Open Play,Off T
3754050,2016-03-01,Crystal Palace,60,0.078881,Open Play,Goal
3754050,2016-03-01,Crystal Palace,61,0.054911,Open Play,Saved
3754050,2016-03-01,Crystal Palace,66,0.055029,Open Play,Blocked
3754050,2016-03-01,Crystal Palace,66,0.297662,Open Play,Goal
3754050,2016-03-01,Sunderland,70,0.018006,Open Play,Wayward
3754050,2016-03-01,Sunderland,89,0.006759,Open Play,Goal
3754050,2016-03-01,Crystal Palace,90,0.081512,Open Play,Blocked
3754051,2015-12-20,Watford,2,0.947351,Open Play,Goal
3754051,2015-12-20,Liverpool,8,0.032369,Open Play,Blocked
3754051,2015-12-20,Liverpool,10,0.053235,Open Play,Saved
3754051,2015-12-20,Watford,14,0.088800,Open Play,Goal
3754051,2015-12-20,Watford,32,0.029164,Open Play,Blocked
3754051,2015-12-20,Watford,32,0.088982,Open Play,Saved
3754051,2015-12-20,Liverpool,45,0.128046,Open Play,Blocked
3754051,2015-12-20,Liverpool,46,0.017940,Open Play,Off T
3754051,2015-12-20,Liverpool,47,0.031349,Open Play,Saved
3754051,2015-12-20,Liverpool,60,0.055358,Open Play,Off T
3754051,2015-12-20,Watford,62,0.473525,Open Play,Saved
3754051,2015-12-20,Liverpool,65,0.125338,Open Play,Saved
3754051,2015-12-20,Liverpool,71,0.024403,Open Play,Saved
3754051,2015-12-20,Liverpool,73,0.022703,Open Play,Blocked
3754051,2015-12-20,Liverpool,76,0.031094,Open Play,Blocked
3754051,2015-12-20,Liverpool,78,0.066441,Open Play,Off T
3754051,2015-12-20,Watford,84,0.266632,Open Play,Goal
3754051,2015-12-20,Liverpool,92,0.041489,Open Play,Off T
3754052,2016-03-19,Norwich City,4,0.079845,Free Kick,Off T
3754052,2016-03-19,West Bromwich Albion,8,0.013135,Open Play,Off T
3754052,2016-03-19,Norwich City,9,0.071311,Open Play,Blocked
3754052,2016-03-19,West Bromwich Albion,11,0.029503,Open Play,Blocked
3754052,2016-03-19,West Bromwich Albion,12,0.037510,Open Play,Blocked
3754052,2016-03-19,West Bromwich Albion,13,0.025595,Open Play,Off T
3754052,2016-03-19,West Bromwich Albion,14,0.041101,Open Play,Off T
3754052,2016-03-19,West Bromwich Albion,18,0.036294,Open Play,Blocked
3754052,2016-03-19,West Bromwich Albion,18,0.035943,Open Play,Off T
3754052,2016-03-19,Norwich City,28,0.044943,Open Play,Blocked
3754052,2016-03-19,Norwich City,30,0.021004,Open Play,Off T
3754052,2016-03-19,Norwich City,36,0.029071,Open Play,Blocked
3754052,2016-03-19,West Bromwich Albion,42,0.159877,Open Play,Off T
3754052,2016-03-19,Norwich City,49,0.360945,Open Play,Goal
3754052,2016-03-19,Norwich City,58,0.090554,Open Play,Off T
3754052,2016-03-19,West Bromwich Albion,67,0.015533,Open Play,Blocked
3754052,2016-03-19,West Bromwich Albion,73,0.063995,Open Play,Wayward
3754053,2016-03-13,Tottenham Hotspur,3,0.408630,Open Play,Post
3754053,2016-03-13,Tottenham Hotspur,4,0.031076,Open Play,Off T
3754053,2016-03-13,Tottenham Hotspur,7,0.065665,Open Play,Blocked
3754053,2016-03-13,Tottenham Hotspur,7,0.018201,Open Play,Blocked
3754053,2016-03-13,Tottenham Hotspur,8,0.030129,Open Play,Saved
3754053,2016-03-13,Tottenham Hotspur,17,0.024150,Open Play,Off T
3754053,2016-03-13,Aston Villa,20,0.008692,Open Play,Blocked
3754053,2016-03-13,Tottenham Hotspur,23,0.340701,Open Play,Saved
3754053,2016-03-13,Aston Villa,25,0.022133,Open Play,Off T
3754053,2016-03-13,Tottenham Hotspur,25,0.076599,Open Play,Saved
3754053,2016-03-13,Tottenham Hotspur,27,0.033371,Open Play,Off T
3754053,2016-03-13,Tottenham Hotspur,29,0.182213,Open Play,Saved to Post
3754053,2016-03-13,Tottenham Hotspur,32,0.049061,Open Play,Saved
3754053,2016-03-13,Aston Villa,38,0.152662,Open Play,Saved
3754053,2016-03-13,Tottenham Hotspur,44,0.159670,Open Play,Goal
3754053,2016-03-13,Aston Villa,45,0.061840,Open Play,Blocked
3754053,2016-03-13,Aston Villa,45,0.044362,Open Play,Blocked
3754053,2016-03-13,Aston Villa,46,0.018701,Open Play,Saved
3754053,2016-03-13,Tottenham Hotspur,47,0.389770,Open Play,Goal
3754053,2016-03-13,Aston Villa,48,0.044635,Open Play,Blocked
3754053,2016-03-13,Tottenham Hotspur,58,0.022617,Open Play,Saved
3754053,2016-03-13,Tottenham Hotspur,59,0.056553,Open Play,Blocked
3754053,2016-03-13,Tottenham Hotspur,63,0.011528,Open Play,Blocked
3754053,2016-03-13,Aston Villa,70,0.028915,Open Play,Off T
3754053,2016-03-13,Tottenham Hotspur,74,0.207639,Open Play,Blocked
3754053,2016-03-13,Tottenham Hotspur,76,0.023986,Open Play,Off T
3754053,2016-03-13,Aston Villa,83,0.018667,Open Play,Post
3754053,2016-03-13,Aston Villa,83,0.380260,Open Play,Post
3754053,2016-03-13,Aston Villa,87,0.062423,Open Play,Wayward
3754053,2016-03-13,Aston Villa,87,0.340246,Open Play,Post
3754054,2015-12-26,Manchester City,9,0.012463,Open Play,Off T
3754054,2015-12-26,Manchester City,11,0.167025,Open Play,Goal
3754054,2015-12-26,Manchester City,16,0.038016,Open Play,Goal
3754054,2015-12-26,Sunderland,17,0.057835,Open Play,Saved Off Target
3754054,2015-12-26,Sunderland,18,0.012325,Open Play,Off T
3754054,2015-12-26,Sunderland,19,0.092836,Open Play,Off T
3754054,2015-12-26,Manchester City,21,0.030765,Open Play,Goal
3754054,2015-12-26,Manchester City,24,0.058481,Open Play,Blocked
3754054,2015-12-26,Manchester City,29,0.028675,Open Play,Blocked
3754054,2015-12-26,Manchester City,30,0.037143,Open Play,Saved
3754054,2015-12-26,Sunderland,32,0.081753,Open Play,Off T
3754054,2015-12-26,Manchester City,32,0.076450,Open Play,Off T
3754054,2015-12-26,Sunderland,34,0.072499,Open Play,Saved
3754054,2015-12-26,Manchester City,41,0.033974,Open Play,Wayward
3754054,2015-12-26,Manchester City,41,0.183135,Open Play,Saved
3754054,2015-12-26,Sunderland,42,0.042490,Open Play,Saved Off Target
3754054,2015-12-26,Manchester City,45,0.083942,Open Play,Blocked
3754054,2015-12-26,Manchester City,47,0.085651,Open Play,Saved
3754054,2015-12-26,Manchester City,50,0.042958,Open Play,Blocked
3754054,2015-12-26,Manchester City,53,0.579499,Open Play,Goal
3754054,2015-12-26,Sunderland,58,0.019075,Open Play,Wayward
3754054,2015-12-26,Sunderland,58,0.439200,Open Play,Saved
3754054,2015-12-26,Sunderland,58,0.139912,Open Play,Goal
3754054,2015-12-26,Manchester City,68,0.783500,Penalty,Off T
3754054,2015-12-26,Sunderland,72,0.074512,Open Play,Off T
3754054,2015-12-26,Manchester City,75,0.064853,Open Play,Off T
3754054,2015-12-26,Manchester City,79,0.035431,Open Play,Saved
3754054,2015-12-26,Manchester City,79,0.316164,Open Play,Off T
3754054,2015-12-26,Manchester City,86,0.065629,Open Play,Saved
3754054,2015-12-26,Sunderland,88,0.211680,Open Play,Saved
3754055,2016-05-11,Liverpool,1,0.009211,Free Kick,Off T
3754055,2016-05-11,Liverpool,3,0.043722,Open Play,Blocked
3754055,2016-05-11,Liverpool,4,0.153041,Open Play,Blocked
3754055,2016-05-11,Liverpool,6,0.031561,Open Play,Blocked
3754055,2016-05-11,Liverpool,6,0.041019,Open Play,Saved
3754055,2016-05-11,Liverpool,7,0.026725,Open Play,Saved
3754055,2016-05-11,Chelsea,7,0.044109,Open Play,Saved
3754055,2016-05-11,Liverpool,9,0.056096,Open Play,Off T
3754055,2016-05-11,Chelsea,15,0.068992,Open Play,Blocked
3754055,2016-05-11,Liverpool,18,0.006877,Open Play,Off T
3754055,2016-05-11,Liverpool,19,0.038669,Open Play,Off T
3754055,2016-05-11,Liverpool,20,0.009137,Open Play,Off T
3754055,2016-05-11,Chelsea,22,0.028296,Open Play,Saved
3754055,2016-05-11,Liverpool,23,0.051100,Open Play,Off T
3754055,2016-05-11,Chelsea,27,0.033624,Open Play,Off T
3754055,2016-05-11,Liverpool,28,0.064159,Open Play,Blocked
3754055,2016-05-11,Chelsea,31,0.046518,Open Play,Goal
3754055,2016-05-11,Liverpool,34,0.027468,Open Play,Saved
3754055,2016-05-11,Liverpool,36,0.034304,Open Play,Saved
3754055,2016-05-11,Liverpool,36,0.044668,Open Play,Blocked
3754055,2016-05-11,Chelsea,38,0.054029,Open Play,Off T
3754055,2016-05-11,Chelsea,38,0.037457,Open Play,Blocked
3754055,2016-05-11,Chelsea,41,0.006910,Open Play,Off T
3754055,2016-05-11,Liverpool,46,0.072534,Open Play,Blocked
3754055,2016-05-11,Liverpool,49,0.003497,Open Play,Off T
3754055,2016-05-11,Liverpool,50,0.026825,Open Play,Off T
3754055,2016-05-11,Chelsea,55,0.040690,Open Play,Saved
3754055,2016-05-11,Liverpool,60,0.377458,Open Play,Saved
3754055,2016-05-11,Liverpool,60,0.166011,Open Play,Saved
3754055,2016-05-11,Chelsea,62,0.051621,Open Play,Blocked
3754055,2016-05-11,Chelsea,62,0.041869,Open Play,Saved
3754055,2016-05-11,Liverpool,70,0.019980,Open Play,Wayward
3754055,2016-05-11,Liverpool,71,0.031557,Open Play,Blocked
3754055,2016-05-11,Chelsea,71,0.056692,Open Play,Saved
3754055,2016-05-11,Liverpool,75,0.049436,Free Kick,Blocked
3754055,2016-05-11,Liverpool,78,0.018867,Open Play,Saved
3754055,2016-05-11,Liverpool,87,0.202052,Open Play,Wayward
3754055,2016-05-11,Liverpool,88,0.045089,Open Play,Blocked
3754055,2016-05-11,Chelsea,88,0.224543,Open Play,Saved
3754055,2016-05-11,Liverpool,90,0.022551,Open Play,Blocked
3754055,2016-05-11,Liverpool,91,0.756697,Open Play,Goal
3754056,2015-12-28,Stoke City,0,0.055246,Open Play,Blocked
3754056,2015-12-28,Everton,9,0.029782,Open Play,Blocked
3754056,2015-12-28,Stoke City,11,0.049259,Open Play,Off T
3754056,2015-12-28,Everton,12,0.028269,Open Play,Off T
3754056,2015-12-28,Stoke City,15,0.352817,Open Play,Goal
3754056,2015-12-28,Everton,17,0.086026,Open Play,Off T
3754056,2015-12-28,Everton,21,0.509715,Open Play,Goal
3754056,2015-12-28,Stoke City,24,0.063390,Open Play,Blocked
3754056,2015-12-28,Everton,31,0.083174,Open Play,Off T
3754056,2015-12-28,Everton,38,0.027205,Open Play,Blocked
3754056,2015-12-28,Everton,38,0.072461,Open Play,Blocked
3754056,2015-12-28,Stoke City,44,0.096600,Open Play,Goal
3754056,2015-12-28,Everton,47,0.086285,Open Play,Blocked
3754056,2015-12-28,Stoke City,56,0.008665,Open Play,Saved
3754056,2015-12-28,Everton,57,0.053541,Open Play,Blocked
3754056,2015-12-28,Everton,62,0.049261,Open Play,Off T
3754056,2015-12-28,Everton,63,0.173859,Open Play,Goal
3754056,2015-12-28,Everton,67,0.107032,Open Play,Blocked
3754056,2015-12-28,Everton,70,0.838415,Open Play,Goal
3754056,2015-12-28,Everton,76,0.057585,Open Play,Off T
3754056,2015-12-28,Stoke City,79,0.054550,Open Play,Goal
3754056,2015-12-28,Everton,88,0.054942,Open Play,Off T
3754056,2015-12-28,Stoke City,90,0.783500,Penalty,Goal
3754057,2015-12-26,Norwich City,4,0.077491,Open Play,Saved
3754057,2015-12-26,Norwich City,4,0.091631,Open Play,Off T
3754057,2015-12-26,Norwich City,15,0.008914,Open Play,Saved
3754057,2015-12-26,Norwich City,16,0.228028,Open Play,Off T
3754057,2015-12-26,Tottenham Hotspur,22,0.095478,Open Play,Saved
3754057,2015-12-26,Tottenham Hotspur,22,0.255436,Open Play,Off T
3754057,2015-12-26,Tottenham Hotspur,25,0.783500,Penalty,Goal
3754057,2015-12-26,Tottenham Hotspur,34,0.206453,Open Play,Saved
3754057,2015-12-26,Tottenham Hotspur,34,0.216031,Open Play,Saved
3754057,2015-12-26,Tottenham Hotspur,35,0.125397,Open Play,Off T
3754057,2015-12-26,Norwich City,35,0.080172,Open Play,Blocked
3754057,2015-12-26,Tottenham Hotspur,41,0.043227,Open Play,Goal
3754057,2015-12-26,Norwich City,51,0.052913,Open Play,Off T
3754057,2015-12-26,Tottenham Hotspur,54,0.010926,Open Play,Blocked
3754057,2015-12-26,Tottenham Hotspur,55,0.210110,Open Play,Saved
3754057,2015-12-26,Tottenham Hotspur,55,0.092179,Open Play,Blocked
3754057,2015-12-26,Tottenham Hotspur,56,0.083326,Open Play,Wayward
3754057,2015-12-26,Norwich City,61,0.010166,Open Play,Off T
3754057,2015-12-26,Tottenham Hotspur,62,0.072329,Open Play,Blocked
3754057,2015-12-26,Tottenham Hotspur,62,0.074649,Open Play,Saved
3754057,2015-12-26,Norwich City,67,0.065450,Open Play,Off T
3754057,2015-12-26,Tottenham Hotspur,79,0.035510,Open Play,Goal
3754057,2015-12-26,Norwich City,84,0.115032,Open Play,Wayward
3754057,2015-12-26,Norwich City,84,0.108671,Open Play,Saved
3754057,2015-12-26,Norwich City,87,0.030239,Open Play,Off T
3754058,2016-01-02,AFC Bournemouth,1,0.020838,Open Play,Blocked
3754058,2016-01-02,AFC Bournemouth,4,0.034462,Open Play,Blocked
3754058,2016-01-02,Leicester City,9,0.035481,Open Play,Off T
3754058,2016-01-02,AFC Bournemouth,13,0.383711,Open Play,Off T
3754058,2016-01-02,Leicester City,25,0.036740,Open Play,Wayward
3754058,2016-01-02,Leicester City,25,0.575428,Open Play,Post
3754058,2016-01-02,AFC Bournemouth,32,0.095998,Open Play,Off T
3754058,2016-01-02,Leicester City,33,0.047259,Open Play,Off T
3754058,2016-01-02,AFC Bournemouth,36,0.256448,Open Play,Off T
3754058,2016-01-02,Leicester City,37,0.111973,Open Play,Wayward
3754058,2016-01-02,Leicester City,50,0.094897,Open Play,Saved
3754058,2016-01-02,Leicester City,50,0.640579,Open Play,Off T
3754058,2016-01-02,Leicester City,58,0.783500,Penalty,Saved
3754058,2016-01-02,AFC Bournemouth,63,0.022849,Open Play,Blocked
3754058,2016-01-02,AFC Bournemouth,63,0.054560,Open Play,Blocked
3754058,2016-01-02,AFC Bournemouth,63,0.016121,Open Play,Blocked
3754058,2016-01-02,Leicester City,65,0.025095,Open Play,Off T
3754058,2016-01-02,Leicester City,69,0.057364,Open Play,Saved
3754058,2016-01-02,AFC Bournemouth,69,0.008613,Open Play,Off T
3754058,2016-01-02,Leicester City,73,0.039429,Open Play,Off T
3754058,2016-01-02,Leicester City,75,0.245253,Open Play,Off T
3754058,2016-01-02,AFC Bournemouth,79,0.042902,Open Play,Blocked
3754058,2016-01-02,Leicester City,82,0.012095,Open Play,Off T
3754058,2016-01-02,Leicester City,85,0.023960,Open Play,Blocked
3754058,2016-01-02,Leicester City,85,0.044721,Open Play,Off T
3754058,2016-01-02,Leicester City,88,0.028252,Open Play,Blocked
3754058,2016-01-02,Leicester City,88,0.020842,Open Play,Off T
3754059,2015-08-23,Chelsea,4,0.181169,Open Play,Off T
3754059,2015-08-23,West Bromwich Albion,13,0.783500,Penalty,Saved
3754059,2015-08-23,West Bromwich Albion,17,0.133063,Open Play,Off T
3754059,2015-08-23,Chelsea,19,0.254963,Open Play,Goal
3754059,2015-08-23,Chelsea,29,0.047791,Open Play,Blocked
3754059,2015-08-23,Chelsea,29,0.908360,Open Play,Goal
3754059,2015-08-23,Chelsea,31,0.050146,Open Play,Saved
3754059,2015-08-23,West Bromwich Albion,34,0.095495,Open Play,Goal
3754059,2015-08-23,Chelsea,38,0.049995,Open Play,Off T
3754059,2015-08-23,Chelsea,39,0.177897,Open Play,Off T
3754059,2015-08-23,Chelsea,41,0.115201,Open Play,Goal
3754059,2015-08-23,Chelsea,46,0.032440,Open Play,Blocked
3754059,2015-08-23,Chelsea,50,0.045890,Open Play,Blocked
3754059,2015-08-23,West Bromwich Albion,55,0.081692,Free Kick,Blocked
3754059,2015-08-23,West Bromwich Albion,55,0.025045,Open Play,Saved
3754059,2015-08-23,Chelsea,57,0.056345,Free Kick,Saved
3754059,2015-08-23,West Bromwich Albion,58,0.130385,Open Play,Goal
3754059,2015-08-23,Chelsea,62,0.095976,Open Play,Off T
3754059,2015-08-23,West Bromwich Albion,66,0.080834,Open Play,Off T
3754059,2015-08-23,West Bromwich Albion,71,0.094236,Open Play,Off T
3754059,2015-08-23,West Bromwich Albion,75,0.014869,Open Play,Blocked
3754059,2015-08-23,West Bromwich Albion,75,0.016173,Open Play,Blocked
3754059,2015-08-23,Chelsea,76,0.073151,Open Play,Off T
3754059,2015-08-23,Chelsea,79,0.085176,Open Play,Off T
3754059,2015-08-23,West Bromwich Albion,81,0.007508,Open Play,Off T
3754059,2015-08-23,West Bromwich Albion,85,0.050450,Open Play,Saved
3754059,2015-08-23,Chelsea,86,0.300498,Open Play,Off T
3754059,2015-08-23,West Bromwich Albion,86,0.030825,Open Play,Off T
3754059,2015-08-23,West Bromwich Albion,88,0.053766,Open Play,Blocked
3754059,2015-08-23,West Bromwich Albion,92,0.122840,Open Play,Saved
3754059,2015-08-23,West Bromwich Albion,93,0.046774,Open Play,Off T
3754060,2015-10-04,Everton,4,0.009440,Open Play,Off T
3754060,2015-10-04,Liverpool,5,0.032965,Open Play,Off T
3754060,2015-10-04,Liverpool,7,0.154806,Open Play,Blocked
3754060,2015-10-04,Liverpool,8,0.103624,Open Play,Off T
3754060,2015-10-04,Liverpool,12,0.022677,Open Play,Off T
3754060,2015-10-04,Liverpool,14,0.102043,Open Play,Blocked
3754060,2015-10-04,Liverpool,25,0.143626,Open Play,Saved
3754060,2015-10-04,Liverpool,26,0.062027,Open Play,Off T
3754060,2015-10-04,Everton,27,0.110596,Open Play,Saved
3754060,2015-10-04,Everton,29,0.053499,Open Play,Saved
3754060,2015-10-04,Everton,30,0.008912,Open Play,Blocked
3754060,2015-10-04,Liverpool,39,0.040420,Open Play,Saved
3754060,2015-10-04,Liverpool,40,0.362988,Open Play,Goal
3754060,2015-10-04,Everton,45,0.123601,Open Play,Goal
3754060,2015-10-04,Everton,46,0.078124,Open Play,Blocked
3754060,2015-10-04,Liverpool,65,0.020883,Open Play,Blocked
3754060,2015-10-04,Everton,65,0.047851,Open Play,Off T
3754060,2015-10-04,Everton,69,0.005870,Open Play,Blocked
3754060,2015-10-04,Everton,69,0.130142,Open Play,Saved
3754060,2015-10-04,Liverpool,71,0.058361,Open Play,Saved
3754060,2015-10-04,Everton,77,0.007307,Free Kick,Blocked
3754060,2015-10-04,Liverpool,80,0.067293,Open Play,Blocked
3754060,2015-10-04,Everton,87,0.021342,Open Play,Blocked
3754060,2015-10-04,Everton,88,0.043735,Open Play,Blocked
3754060,2015-10-04,Everton,91,0.025912,Open Play,Blocked
3754060,2015-10-04,Everton,92,0.023738,Open Play,Blocked
3754061,2016-03-05,Stoke City,2,0.024878,Open Play,Saved
3754061,2016-03-05,Chelsea,13,0.029308,Open Play,Off T
3754061,2016-03-05,Chelsea,14,0.072193,Open Play,Saved
3754061,2016-03-05,Chelsea,16,0.039054,Open Play,Blocked
3754061,2016-03-05,Chelsea,17,0.011712,Open Play,Saved
3754061,2016-03-05,Stoke City,18,0.028520,Open Play,Saved
3754061,2016-03-05,Stoke City,19,0.020159,Open Play,Off T
3754061,2016-03-05,Stoke City,20,0.218235,Open Play,Off T
3754061,2016-03-05,Stoke City,25,0.080929,Open Play,Off T
3754061,2016-03-05,Chelsea,27,0.047453,Open Play,Off T
3754061,2016-03-05,Chelsea,32,0.234682,Open Play,Blocked
3754061,2016-03-05,Chelsea,32,0.102902,Open Play,Blocked
3754061,2016-03-05,Stoke City,35,0.105494,Open Play,Wayward
3754061,2016-03-05,Stoke City,35,0.214484,Open Play,Off T
3754061,2016-03-05,Chelsea,37,0.039002,Open Play,Blocked
3754061,2016-03-05,Chelsea,38,0.021209,Open Play,Wayward
3754061,2016-03-05,Chelsea,38,0.067388,Open Play,Goal
3754061,2016-03-05,Chelsea,40,0.107945,Open Play,Off T
3754061,2016-03-05,Stoke City,47,0.025981,Open Play,Saved
3754061,2016-03-05,Stoke City,47,0.044828,Open Play,Off T
3754061,2016-03-05,Chelsea,49,0.021434,Open Play,Off T
3754061,2016-03-05,Stoke City,58,0.185797,Open Play,Saved
3754061,2016-03-05,Stoke City,58,0.045560,Open Play,Wayward
3754061,2016-03-05,Chelsea,59,0.031140,Open Play,Saved
3754061,2016-03-05,Chelsea,61,0.185308,Open Play,Saved
3754061,2016-03-05,Stoke City,61,0.027780,Open Play,Off T
3754061,2016-03-05,Stoke City,63,0.047882,Open Play,Blocked
3754061,2016-03-05,Chelsea,64,0.035509,Open Play,Blocked
3754061,2016-03-05,Stoke City,69,0.043938,Open Play,Blocked
3754061,2016-03-05,Chelsea,73,0.037311,Free Kick,Off T
3754061,2016-03-05,Chelsea,80,0.151522,Open Play,Saved
3754061,2016-03-05,Stoke City,84,0.207570,Open Play,Goal
3754061,2016-03-05,Chelsea,88,0.019854,Open Play,Saved
3754061,2016-03-05,Chelsea,88,0.066375,Open Play,Off T
3754061,2016-03-05,Stoke City,90,0.092179,Open Play,Blocked
3754061,2016-03-05,Stoke City,91,0.101032,Open Play,Saved
3754061,2016-03-05,Chelsea,93,0.054494,Open Play,Off T
3754062,2016-01-13,Chelsea,1,0.101651,Open Play,Off T
3754062,2016-01-13,West Bromwich Albion,3,0.108814,Open Play,Off T
3754062,2016-01-13,Chelsea,7,0.050432,Open Play,Off T
3754062,2016-01-13,West Bromwich Albion,8,0.016003,Open Play,Saved Off Target
3754062,2016-01-13,West Bromwich Albion,12,0.107351,Open Play,Blocked
3754062,2016-01-13,West Bromwich Albion,13,0.010278,Open Play,Off T
3754062,2016-01-13,West Bromwich Albion,15,0.073639,Open Play,Saved
3754062,2016-01-13,Chelsea,16,0.027805,Open Play,Blocked
3754062,2016-01-13,Chelsea,19,0.842287,Open Play,Goal
3754062,2016-01-13,Chelsea,22,0.038551,Open Play,Off T
3754062,2016-01-13,West Bromwich Albion,24,0.065174,Open Play,Saved
3754062,2016-01-13,Chelsea,31,0.126630,Open Play,Off T
3754062,2016-01-13,West Bromwich Albion,32,0.023794,Open Play,Goal
3754062,2016-01-13,Chelsea,37,0.035456,Open Play,Blocked
3754062,2016-01-13,West Bromwich Albion,39,0.074195,Open Play,Off T
3754062,2016-01-13,West Bromwich Albion,51,0.220787,Open Play,Saved
3754062,2016-01-13,Chelsea,55,0.026722,Open Play,Blocked
3754062,2016-01-13,Chelsea,58,0.064564,Free Kick,Off T
3754062,2016-01-13,Chelsea,62,0.018546,Open Play,Saved Off Target
3754062,2016-01-13,Chelsea,63,0.020502,Open Play,Blocked
3754062,2016-01-13,West Bromwich Albion,65,0.036715,Open Play,Blocked
3754062,2016-01-13,West Bromwich Albion,71,0.010754,Open Play,Blocked
3754062,2016-01-13,West Bromwich Albion,72,0.050847,Open Play,Wayward
3754062,2016-01-13,Chelsea,75,0.028257,Open Play,Saved
3754062,2016-01-13,Chelsea,77,0.019599,Open Play,Off T
3754062,2016-01-13,West Bromwich Albion,79,0.019280,Open Play,Saved
3754062,2016-01-13,Chelsea,80,0.024700,Open Play,Off T
3754062,2016-01-13,West Bromwich Albion,84,0.084600,Open Play,Goal
3754063,2016-04-30,Watford,1,0.040595,Open Play,Off T
3754063,2016-04-30,Watford,6,0.032356,Open Play,Saved Off Target
3754063,2016-04-30,Watford,10,0.035884,Open Play,Blocked
3754063,2016-04-30,Watford,13,0.094312,Open Play,Blocked
3754063,2016-04-30,Watford,14,0.111579,Open Play,Wayward
3754063,2016-04-30,Watford,23,0.017760,Open Play,Saved
3754063,2016-04-30,Watford,23,0.014676,Open Play,Post
3754063,2016-04-30,Aston Villa,25,0.030714,Open Play,Off T
3754063,2016-04-30,Aston Villa,27,0.066654,Open Play,Goal
3754063,2016-04-30,Watford,30,0.037850,Open Play,Off T
3754063,2016-04-30,Watford,41,0.047201,Open Play,Off T
3754063,2016-04-30,Aston Villa,42,0.059797,Open Play,Post
3754063,2016-04-30,Watford,46,0.058358,Free Kick,Goal
3754063,2016-04-30,Aston Villa,47,0.079300,Open Play,Goal
3754063,2016-04-30,Aston Villa,49,0.051945,Open Play,Off T
3754063,2016-04-30,Watford,55,0.007411,Open Play,Blocked
3754063,2016-04-30,Watford,58,0.099845,Open Play,Blocked
3754063,2016-04-30,Aston Villa,61,0.114885,Open Play,Off T
3754063,2016-04-30,Aston Villa,63,0.057147,Open Play,Off T
3754063,2016-04-30,Aston Villa,64,0.156622,Open Play,Blocked
3754063,2016-04-30,Watford,64,0.023636,Open Play,Saved
3754063,2016-04-30,Watford,74,0.087971,Free Kick,Blocked
3754063,2016-04-30,Watford,74,0.040409,Open Play,Blocked
3754063,2016-04-30,Watford,88,0.025819,Open Play,Off T
3754063,2016-04-30,Watford,89,0.262632,Open Play,Goal
3754063,2016-04-30,Watford,92,0.093347,Open Play,Goal
3754064,2016-03-20,Liverpool,2,0.041927,Open Play,Off T
3754064,2016-03-20,Southampton,5,0.086533,Open Play,Off T
3754064,2016-03-20,Liverpool,9,0.036746,Open Play,Saved
3754064,2016-03-20,Southampton,10,0.090804,Open Play,Off T
3754064,2016-03-20,Southampton,11,0.045352,Open Play,Blocked
3754064,2016-03-20,Liverpool,15,0.031468,Open Play,Saved
3754064,2016-03-20,Liverpool,16,0.075562,Open Play,Blocked
3754064,2016-03-20,Liverpool,16,0.030082,Open Play,Goal
3754064,2016-03-20,Southampton,18,0.028319,Open Play,Blocked
3754064,2016-03-20,Liverpool,19,0.010242,Open Play,Blocked
3754064,2016-03-20,Liverpool,19,0.033923,Open Play,Blocked
3754064,2016-03-20,Liverpool,21,0.064338,Open Play,Goal
3754064,2016-03-20,Liverpool,25,0.506518,Open Play,Saved
3754064,2016-03-20,Liverpool,25,0.032665,Open Play,Blocked
3754064,2016-03-20,Liverpool,26,0.077953,Open Play,Saved
3754064,2016-03-20,Liverpool,32,0.073526,Open Play,Blocked
3754064,2016-03-20,Southampton,36,0.215986,Open Play,Off T
3754064,2016-03-20,Southampton,42,0.009161,Free Kick,Off T
3754064,2016-03-20,Southampton,47,0.038407,Open Play,Blocked
3754064,2016-03-20,Southampton,49,0.783500,Penalty,Saved
3754064,2016-03-20,Southampton,49,0.065908,Open Play,Off T
3754064,2016-03-20,Liverpool,50,0.019105,Open Play,Saved
3754064,2016-03-20,Liverpool,58,0.256593,Open Play,Saved
3754064,2016-03-20,Southampton,58,0.024794,Open Play,Blocked
3754064,2016-03-20,Southampton,59,0.051690,Open Play,Blocked
3754064,2016-03-20,Southampton,63,0.038536,Open Play,Off T
3754064,2016-03-20,Southampton,63,0.128495,Open Play,Goal
3754064,2016-03-20,Liverpool,67,0.044312,Open Play,Saved
3754064,2016-03-20,Liverpool,73,0.126827,Open Play,Off T
3754064,2016-03-20,Liverpool,81,0.028243,Open Play,Blocked
3754064,2016-03-20,Southampton,82,0.070380,Open Play,Goal
3754064,2016-03-20,Southampton,85,0.224506,Open Play,Goal
3754064,2016-03-20,Southampton,89,0.031323,Open Play,Saved
3754064,2016-03-20,Liverpool,91,0.018592,Open Play,Off T
3754065,2016-01-13,Tottenham Hotspur,1,0.033030,Open Play,Saved
3754065,2016-01-13,Tottenham Hotspur,5,0.028082,Open Play,Off T
3754065,2016-01-13,Tottenham Hotspur,10,0.098155,Open Play,Saved
3754065,2016-01-13,Tottenham Hotspur,11,0.072865,Open Play,Off T
3754065,2016-01-13,Tottenham Hotspur,13,0.022916,Open Play,Off T
3754065,2016-01-13,Tottenham Hotspur,15,0.034982,Open Play,Blocked
3754065,2016-01-13,Leicester City,17,0.243263,Open Play,Off T
3754065,2016-01-13,Leicester City,22,0.068995,Open Play,Off T
3754065,2016-01-13,Leicester City,25,0.036504,Open Play,Saved
3754065,2016-01-13,Tottenham Hotspur,29,0.005313,Open Play,Blocked
3754065,2016-01-13,Tottenham Hotspur,30,0.025492,Open Play,Saved
3754065,2016-01-13,Tottenham Hotspur,34,0.038001,Open Play,Blocked
3754065,2016-01-13,Tottenham Hotspur,37,0.011782,Open Play,Blocked
3754065,2016-01-13,Leicester City,49,0.033400,Open Play,Blocked
3754065,2016-01-13,Leicester City,50,0.094457,Open Play,Blocked
3754065,2016-01-13,Leicester City,51,0.035180,Open Play,Blocked
3754065,2016-01-13,Tottenham Hotspur,53,0.012152,Free Kick,Blocked
3754065,2016-01-13,Tottenham Hotspur,55,0.097080,Open Play,Blocked
3754065,2016-01-13,Tottenham Hotspur,60,0.035450,Open Play,Off T
3754065,2016-01-13,Tottenham Hotspur,61,0.353871,Open Play,Saved to Post
3754065,2016-01-13,Tottenham Hotspur,61,0.042887,Open Play,Blocked
3754065,2016-01-13,Tottenham Hotspur,63,0.015590,Open Play,Blocked
3754065,2016-01-13,Tottenham Hotspur,63,0.052192,Open Play,Blocked
3754065,2016-01-13,Tottenham Hotspur,74,0.246883,Open Play,Off T
3754065,2016-01-13,Leicester City,75,0.213241,Open Play,Blocked
3754065,2016-01-13,Leicester City,75,0.132874,Open Play,Blocked
3754065,2016-01-13,Leicester City,75,0.188746,Open Play,Blocked
3754065,2016-01-13,Tottenham Hotspur,78,0.136481,Open Play,Saved
3754065,2016-01-13,Tottenham Hotspur,80,0.075381,Open Play,Saved
3754065,2016-01-13,Leicester City,82,0.031957,Open Play,Goal
3754065,2016-01-13,Tottenham Hotspur,87,0.022455,Open Play,Blocked
3754066,2015-08-16,Manchester City,0,0.283012,Open Play,Saved
3754066,2015-08-16,Manchester City,0,0.034291,Open Play,Off T
3754066,2015-08-16,Manchester City,15,0.062054,Open Play,Saved
3754066,2015-08-16,Manchester City,16,0.073745,Open Play,Saved
3754066,2015-08-16,Chelsea,19,0.083088,Open Play,Off T
3754066,2015-08-16,Manchester City,20,0.465887,Open Play,Off T
3754066,2015-08-16,Chelsea,29,0.021617,Open Play,Blocked
3754066,2015-08-16,Chelsea,29,0.039745,Open Play,Blocked
3754066,2015-08-16,Manchester City,30,0.067145,Open Play,Blocked
3754066,2015-08-16,Manchester City,31,0.134675,Open Play,Goal
3754066,2015-08-16,Chelsea,33,0.123193,Open Play,Off T
3754066,2015-08-16,Manchester City,34,0.056665,Open Play,Off T
3754066,2015-08-16,Chelsea,41,0.021610,Open Play,Off T
3754066,2015-08-16,Manchester City,43,0.199860,Open Play,Off T
3754066,2015-08-16,Manchester City,59,0.046334,Open Play,Saved
3754066,2015-08-16,Manchester City,63,0.069828,Open Play,Off T
3754066,2015-08-16,Manchester City,65,0.009874,Open Play,Blocked
3754066,2015-08-16,Manchester City,66,0.051755,Open Play,Blocked
3754066,2015-08-16,Manchester City,67,0.019808,Open Play,Blocked
3754066,2015-08-16,Chelsea,68,0.086312,Open Play,Saved
3754066,2015-08-16,Manchester City,77,0.065602,Open Play,Goal
3754066,2015-08-16,Manchester City,79,0.026612,Open Play,Saved
3754066,2015-08-16,Manchester City,79,0.029781,Open Play,Off T
3754066,2015-08-16,Chelsea,80,0.047016,Open Play,Blocked
3754066,2015-08-16,Manchester City,82,0.080341,Open Play,Goal
3754066,2015-08-16,Chelsea,85,0.034031,Open Play,Blocked
3754066,2015-08-16,Chelsea,86,0.042316,Open Play,Saved
3754066,2015-08-16,Chelsea,90,0.218548,Open Play,Post
3754066,2015-08-16,Chelsea,90,0.083582,Open Play,Saved
3754067,2015-10-17,West Ham United,0,0.358937,Open Play,Off T
3754067,2015-10-17,Crystal Palace,5,0.036326,Open Play,Off T
3754067,2015-10-17,West Ham United,7,0.046268,Open Play,Saved
3754067,2015-10-17,Crystal Palace,9,0.097420,Open Play,Blocked
3754067,2015-10-17,Crystal Palace,9,0.080368,Open Play,Blocked
3754067,2015-10-17,West Ham United,16,0.055010,Free Kick,Off T
3754067,2015-10-17,West Ham United,21,0.291843,Open Play,Goal
3754067,2015-10-17,Crystal Palace,24,0.783500,Penalty,Goal
3754067,2015-10-17,West Ham United,28,0.071590,Open Play,Blocked
3754067,2015-10-17,West Ham United,29,0.097991,Open Play,Blocked
3754067,2015-10-17,West Ham United,30,0.036257,Open Play,Off T
3754067,2015-10-17,Crystal Palace,41,0.067843,Open Play,Blocked
3754067,2015-10-17,Crystal Palace,42,0.155357,Open Play,Off T
3754067,2015-10-17,West Ham United,44,0.034488,Open Play,Blocked
3754067,2015-10-17,West Ham United,46,0.069905,Open Play,Blocked
3754067,2015-10-17,Crystal Palace,55,0.019902,Open Play,Off T
3754067,2015-10-17,West Ham United,56,0.025371,Open Play,Blocked
3754067,2015-10-17,West Ham United,62,0.150587,Open Play,Saved
3754067,2015-10-17,West Ham United,66,0.088486,Open Play,Off T
3754067,2015-10-17,West Ham United,72,0.019499,Open Play,Blocked
3754067,2015-10-17,West Ham United,73,0.021523,Open Play,Off T
3754067,2015-10-17,West Ham United,77,0.025429,Open Play,Off T
3754067,2015-10-17,West Ham United,79,0.026853,Open Play,Off T
3754067,2015-10-17,West Ham United,86,0.034283,Open Play,Blocked
3754067,2015-10-17,West Ham United,86,0.027872,Open Play,Blocked
3754067,2015-10-17,West Ham United,87,0.592999,Open Play,Goal
3754067,2015-10-17,West Ham United,88,0.039711,Open Play,Off T
3754067,2015-10-17,West Ham United,90,0.029537,Open Play,Blocked
3754067,2015-10-17,West Ham United,93,0.284668,Open Play,Goal
3754068,2015-09-19,West Bromwich Albion,1,0.119715,Open Play,Saved
3754068,2015-09-19,West Bromwich Albion,6,0.077393,Open Play,Blocked
3754068,2015-09-19,West Bromwich Albion,7,0.088226,Open Play,Blocked
3754068,2015-09-19,Aston Villa,23,0.022119,Open Play,Off T
3754068,2015-09-19,Aston Villa,25,0.147351,Open Play,Blocked
3754068,2015-09-19,West Bromwich Albion,30,0.032494,Open Play,Saved
3754068,2015-09-19,Aston Villa,33,0.025654,Open Play,Blocked
3754068,2015-09-19,Aston Villa,33,0.019192,Open Play,Blocked
3754068,2015-09-19,West Bromwich Albion,38,0.043008,Open Play,Blocked
3754068,2015-09-19,West Bromwich Albion,38,0.267242,Open Play,Goal
3754068,2015-09-19,Aston Villa,41,0.037344,Open Play,Off T
3754068,2015-09-19,Aston Villa,51,0.020826,Open Play,Saved
3754068,2015-09-19,Aston Villa,55,0.040605,Free Kick,Saved
3754068,2015-09-19,West Bromwich Albion,56,0.074661,Open Play,Blocked
3754068,2015-09-19,West Bromwich Albion,59,0.052775,Open Play,Saved
3754068,2015-09-19,Aston Villa,63,0.053572,Open Play,Off T
3754068,2015-09-19,West Bromwich Albion,64,0.091263,Open Play,Saved
3754068,2015-09-19,Aston Villa,71,0.060461,Free Kick,Off T
3754068,2015-09-19,West Bromwich Albion,77,0.016923,Open Play,Off T
3754068,2015-09-19,Aston Villa,78,0.038421,Free Kick,Blocked
3754068,2015-09-19,West Bromwich Albion,82,0.058081,Open Play,Saved
3754068,2015-09-19,Aston Villa,90,0.064927,Open Play,Off T
3754068,2015-09-19,Aston Villa,93,0.065749,Open Play,Saved
3754069,2016-01-02,Arsenal,1,0.118081,Open Play,Off T
3754069,2016-01-02,Arsenal,11,0.034218,Open Play,Blocked
3754069,2016-01-02,Newcastle United,15,0.073233,Open Play,Saved
3754069,2016-01-02,Newcastle United,15,0.107844,Open Play,Saved
3754069,2016-01-02,Newcastle United,25,0.014112,Open Play,Off T
3754069,2016-01-02,Arsenal,35,0.006054,Open Play,Off T
3754069,2016-01-02,Arsenal,36,0.040022,Open Play,Blocked
3754069,2016-01-02,Arsenal,36,0.074856,Open Play,Off T
3754069,2016-01-02,Newcastle United,37,0.031370,Open Play,Blocked
3754069,2016-01-02,Newcastle United,41,0.108702,Open Play,Saved
3754069,2016-01-02,Newcastle United,42,0.136532,Open Play,Saved
3754069,2016-01-02,Newcastle United,46,0.017629,Open Play,Blocked
3754069,2016-01-02,Newcastle United,47,0.230676,Open Play,Saved
3754069,2016-01-02,Arsenal,47,0.215009,Open Play,Wayward
3754069,2016-01-02,Newcastle United,48,0.347353,Open Play,Off T
3754069,2016-01-02,Arsenal,49,0.107934,Open Play,Saved
3754069,2016-01-02,Arsenal,58,0.068119,Open Play,Off T
3754069,2016-01-02,Newcastle United,63,0.028551,Open Play,Blocked
3754069,2016-01-02,Newcastle United,64,0.125136,Open Play,Off T
3754069,2016-01-02,Arsenal,65,0.034138,Open Play,Off T
3754069,2016-01-02,Arsenal,71,0.531832,Open Play,Goal
3754069,2016-01-02,Newcastle United,73,0.027396,Open Play,Blocked
3754069,2016-01-02,Arsenal,76,0.044673,Open Play,Blocked
3754069,2016-01-02,Arsenal,78,0.168705,Open Play,Off T
3754069,2016-01-02,Newcastle United,80,0.107807,Open Play,Off T
3754069,2016-01-02,Newcastle United,84,0.096178,Open Play,Off T
3754069,2016-01-02,Arsenal,87,0.130161,Open Play,Saved
3754069,2016-01-02,Arsenal,89,0.233030,Open Play,Off T
3754069,2016-01-02,Arsenal,90,0.052808,Open Play,Off T
3754069,2016-01-02,Newcastle United,93,0.083434,Open Play,Saved
3754070,2016-05-07,Aston Villa,3,0.005264,Open Play,Off T
3754070,2016-05-07,Newcastle United,22,0.095745,Open Play,Wayward
3754070,2016-05-07,Newcastle United,35,0.091913,Open Play,Saved
3754070,2016-05-07,Newcastle United,45,0.075553,Open Play,Off T
3754070,2016-05-07,Newcastle United,60,0.284104,Open Play,Off T
3754070,2016-05-07,Newcastle United,70,0.056755,Open Play,Saved
3754070,2016-05-07,Newcastle United,73,0.166505,Open Play,Off T
3754070,2016-05-07,Newcastle United,82,0.092553,Open Play,Off T
3754070,2016-05-07,Aston Villa,85,0.010217,Open Play,Off T
3754070,2016-05-07,Newcastle United,91,0.058538,Open Play,Blocked
3754070,2016-05-07,Newcastle United,95,0.043368,Free Kick,Saved
3754071,2016-01-13,Swansea City,2,0.015085,Open Play,Blocked
3754071,2016-01-13,Sunderland,2,0.061152,Open Play,Saved
3754071,2016-01-13,Sunderland,2,0.570241,Open Play,Goal
3754071,2016-01-13,Swansea City,4,0.158656,Open Play,Off T
3754071,2016-01-13,Sunderland,5,0.305082,Open Play,Off T
3754071,2016-01-13,Swansea City,17,0.057745,Open Play,Off T
3754071,2016-01-13,Swansea City,20,0.783500,Penalty,Goal
3754071,2016-01-13,Swansea City,30,0.079777,Open Play,Wayward
3754071,2016-01-13,Swansea City,31,0.029558,Open Play,Saved
3754071,2016-01-13,Swansea City,39,0.047782,Open Play,Goal
3754071,2016-01-13,Sunderland,48,0.060126,Open Play,Blocked
3754071,2016-01-13,Swansea City,54,0.024441,Open Play,Blocked
3754071,2016-01-13,Sunderland,57,0.082033,Open Play,Saved
3754071,2016-01-13,Sunderland,60,0.196231,Open Play,Goal
3754071,2016-01-13,Swansea City,63,0.023869,Open Play,Blocked
3754071,2016-01-13,Swansea City,72,0.041564,Open Play,Off T
3754071,2016-01-13,Sunderland,84,0.907509,Open Play,Goal
3754071,2016-01-13,Swansea City,92,0.032003,Open Play,Saved
3754072,2015-12-12,Watford,3,0.214480,Open Play,Goal
3754072,2015-12-12,Watford,8,0.073880,Open Play,Blocked
3754072,2015-12-12,Watford,10,0.029191,Open Play,Saved
3754072,2015-12-12,Watford,10,0.024872,Open Play,Blocked
3754072,2015-12-12,Watford,10,0.168004,Open Play,Saved
3754072,2015-12-12,Watford,10,0.136565,Open Play,Post
3754072,2015-12-12,Sunderland,14,0.019197,Open Play,Off T
3754072,2015-12-12,Sunderland,16,0.121620,Open Play,Off T
3754072,2015-12-12,Watford,25,0.106456,Open Play,Saved
3754072,2015-12-12,Sunderland,29,0.023757,Open Play,Off T
3754072,2015-12-12,Sunderland,35,0.054230,Open Play,Off T
3754072,2015-12-12,Sunderland,43,0.077169,Open Play,Off T
3754072,2015-12-12,Watford,46,0.033278,Open Play,Off T
3754072,2015-12-12,Sunderland,46,0.011867,Open Play,Off T
3754072,2015-12-12,Sunderland,51,0.009992,Open Play,Blocked
3754072,2015-12-12,Sunderland,51,0.030632,Open Play,Saved
3754072,2015-12-12,Sunderland,55,0.020425,Open Play,Off T
3754072,2015-12-12,Sunderland,64,0.102825,Open Play,Off T
3754072,2015-12-12,Sunderland,76,0.037242,Open Play,Off T
3754072,2015-12-12,Watford,80,0.461031,Open Play,Saved
3754072,2015-12-12,Sunderland,80,0.222692,Open Play,Saved
3754072,2015-12-12,Watford,82,0.215866,Open Play,Blocked
3754072,2015-12-12,Sunderland,83,0.348743,Open Play,Off T
3754072,2015-12-12,Watford,87,0.023594,Open Play,Saved
3754072,2015-12-12,Sunderland,88,0.049318,Open Play,Wayward
3754072,2015-12-12,Sunderland,88,0.067876,Open Play,Off T
3754072,2015-12-12,Watford,89,0.031707,Open Play,Blocked
3754072,2015-12-12,Sunderland,91,0.195537,Open Play,Saved
3754072,2015-12-12,Watford,92,0.330465,Open Play,Saved
3754073,2015-12-05,Chelsea,1,0.042269,Open Play,Saved
3754073,2015-12-05,AFC Bournemouth,6,0.118262,Open Play,Blocked
3754073,2015-12-05,AFC Bournemouth,9,0.034948,Open Play,Blocked
3754073,2015-12-05,AFC Bournemouth,11,0.138566,Open Play,Saved
3754073,2015-12-05,AFC Bournemouth,11,0.120966,Open Play,Blocked
3754073,2015-12-05,AFC Bournemouth,14,0.119856,Open Play,Saved
3754073,2015-12-05,AFC Bournemouth,24,0.025618,Open Play,Off T
3754073,2015-12-05,Chelsea,26,0.095403,Open Play,Wayward
3754073,2015-12-05,Chelsea,27,0.087239,Open Play,Off T
3754073,2015-12-05,AFC Bournemouth,28,0.025669,Open Play,Blocked
3754073,2015-12-05,Chelsea,32,0.010780,Open Play,Off T
3754073,2015-12-05,Chelsea,34,0.037646,Open Play,Saved
3754073,2015-12-05,AFC Bournemouth,35,0.011684,Open Play,Saved
3754073,2015-12-05,AFC Bournemouth,39,0.054131,Open Play,Off T
3754073,2015-12-05,Chelsea,39,0.026056,Open Play,Blocked
3754073,2015-12-05,Chelsea,39,0.051910,Open Play,Saved
3754073,2015-12-05,Chelsea,40,0.081386,Open Play,Off T
3754073,2015-12-05,Chelsea,40,0.089344,Open Play,Blocked
3754073,2015-12-05,Chelsea,42,0.074188,Open Play,Saved
3754073,2015-12-05,AFC Bournemouth,46,0.029030,Open Play,Off T
3754073,2015-12-05,Chelsea,48,0.050204,Open Play,Saved
3754073,2015-12-05,Chelsea,50,0.024862,Open Play,Off T
3754073,2015-12-05,Chelsea,53,0.297486,Open Play,Off T
3754073,2015-12-05,Chelsea,75,0.069368,Open Play,Blocked
3754073,2015-12-05,Chelsea,76,0.079064,Open Play,Saved
3754073,2015-12-05,Chelsea,77,0.070435,Open Play,Off T
3754073,2015-12-05,Chelsea,78,0.027855,Open Play,Off T
3754073,2015-12-05,AFC Bournemouth,81,0.095033,Open Play,Blocked
3754073,2015-12-05,AFC Bournemouth,81,0.697586,Open Play,Goal
3754073,2015-12-05,AFC Bournemouth,83,0.065005,Open Play,Off T
3754073,2015-12-05,Chelsea,84,0.006171,Open Play,Off T
3754073,2015-12-05,AFC Bournemouth,90,0.058213,Open Play,Blocked
3754073,2015-12-05,AFC Bournemouth,91,0.111221,Open Play,Saved
3754073,2015-12-05,Chelsea,93,0.117377,Open Play,Blocked
3754074,2015-10-04,Tottenham Hotspur,6,0.069658,Open Play,Off T
3754074,2015-10-04,Tottenham Hotspur,10,0.024067,Open Play,Saved
3754074,2015-10-04,Swansea City,14,0.149284,Open Play,Goal
3754074,2015-10-04,Swansea City,22,0.017418,Open Play,Wayward
3754074,2015-10-04,Tottenham Hotspur,23,0.083989,Open Play,Saved
3754074,2015-10-04,Tottenham Hotspur,23,0.028716,Open Play,Blocked
3754074,2015-10-04,Tottenham Hotspur,26,0.053241,Free Kick,Goal
3754074,2015-10-04,Tottenham Hotspur,27,0.050228,Open Play,Off T
3754074,2015-10-04,Swansea City,32,0.057925,Open Play,Blocked
3754074,2015-10-04,Swansea City,32,0.038150,Open Play,Blocked
3754074,2015-10-04,Tottenham Hotspur,32,0.130814,Open Play,Saved
3754074,2015-10-04,Tottenham Hotspur,35,0.043360,Free Kick,Saved
3754074,2015-10-04,Tottenham Hotspur,35,0.031659,Open Play,Blocked
3754074,2015-10-04,Tottenham Hotspur,40,0.031845,Open Play,Saved
3754074,2015-10-04,Tottenham Hotspur,45,0.169903,Open Play,Saved
3754074,2015-10-04,Swansea City,46,0.149996,Open Play,Off T
3754074,2015-10-04,Swansea City,53,0.058591,Open Play,Blocked
3754074,2015-10-04,Swansea City,53,0.031316,Open Play,Blocked
3754074,2015-10-04,Swansea City,54,0.254905,Open Play,Off T
3754074,2015-10-04,Swansea City,56,0.033771,Open Play,Off T
3754074,2015-10-04,Tottenham Hotspur,64,0.012001,Free Kick,Goal
3754074,2015-10-04,Tottenham Hotspur,70,0.029508,Open Play,Blocked
3754074,2015-10-04,Tottenham Hotspur,74,0.032983,Open Play,Saved
3754074,2015-10-04,Tottenham Hotspur,76,0.034534,Open Play,Off T
3754074,2015-10-04,Tottenham Hotspur,77,0.030922,Open Play,Wayward
3754074,2015-10-04,Tottenham Hotspur,79,0.044581,Open Play,Saved
3754074,2015-10-04,Tottenham Hotspur,80,0.101939,Open Play,Saved
3754074,2015-10-04,Tottenham Hotspur,82,0.033917,Open Play,Blocked
3754074,2015-10-04,Swansea City,83,0.060143,Open Play,Blocked
3754074,2015-10-04,Tottenham Hotspur,88,0.072962,Open Play,Blocked
3754074,2015-10-04,Tottenham Hotspur,89,0.047780,Open Play,Off T
3754074,2015-10-04,Swansea City,91,0.070381,Open Play,Saved to Post
3754075,2016-04-02,Aston Villa,9,0.085299,Open Play,Wayward
3754075,2016-04-02,Chelsea,10,0.037804,Open Play,Off T
3754075,2016-04-02,Aston Villa,13,0.008866,Open Play,Saved
3754075,2016-04-02,Aston Villa,17,0.019103,Open Play,Wayward
3754075,2016-04-02,Aston Villa,21,0.037333,Open Play,Blocked
3754075,2016-04-02,Aston Villa,21,0.022696,Open Play,Blocked
3754075,2016-04-02,Aston Villa,21,0.014563,Open Play,Off T
3754075,2016-04-02,Chelsea,25,0.123980,Open Play,Goal
3754075,2016-04-02,Aston Villa,30,0.272870,Open Play,Saved
3754075,2016-04-02,Aston Villa,33,0.068717,Free Kick,Saved
3754075,2016-04-02,Chelsea,36,0.102320,Open Play,Saved
3754075,2016-04-02,Aston Villa,39,0.049067,Open Play,Blocked
3754075,2016-04-02,Aston Villa,40,0.086379,Open Play,Off T
3754075,2016-04-02,Chelsea,44,0.075824,Open Play,Off T
3754075,2016-04-02,Chelsea,47,0.783500,Penalty,Goal
3754075,2016-04-02,Chelsea,45,0.191661,Open Play,Goal
3754075,2016-04-02,Chelsea,47,0.059070,Open Play,Saved
3754075,2016-04-02,Aston Villa,49,0.020561,Open Play,Saved
3754075,2016-04-02,Chelsea,58,0.074018,Open Play,Saved
3754075,2016-04-02,Chelsea,58,0.540273,Open Play,Goal
3754075,2016-04-02,Aston Villa,70,0.041788,Open Play,Blocked
3754075,2016-04-02,Aston Villa,70,0.100090,Open Play,Blocked
3754075,2016-04-02,Aston Villa,71,0.034477,Open Play,Off T
3754075,2016-04-02,Chelsea,78,0.008527,Free Kick,Saved
3754075,2016-04-02,Chelsea,83,0.147372,Open Play,Off T
3754075,2016-04-02,Aston Villa,87,0.107056,Open Play,Off T
3754076,2015-10-03,Sunderland,9,0.091628,Open Play,Goal
3754076,2015-10-03,Sunderland,12,0.049304,Open Play,Off T
3754076,2015-10-03,West Ham United,13,0.007832,Open Play,Off T
3754076,2015-10-03,Sunderland,21,0.086534,Open Play,Goal
3754076,2015-10-03,Sunderland,26,0.066074,Open Play,Blocked
3754076,2015-10-03,Sunderland,26,0.072630,Open Play,Saved
3754076,2015-10-03,West Ham United,28,0.021469,Open Play,Blocked
3754076,2015-10-03,Sunderland,30,0.020635,Open Play,Off T
3754076,2015-10-03,West Ham United,31,0.094117,Open Play,Off T
3754076,2015-10-03,Sunderland,37,0.459213,Open Play,Off T
3754076,2015-10-03,Sunderland,40,0.045358,Open Play,Blocked
3754076,2015-10-03,Sunderland,41,0.085449,Open Play,Off T
3754076,2015-10-03,West Ham United,42,0.015161,Open Play,Blocked
3754076,2015-10-03,West Ham United,45,0.314240,Open Play,Goal
3754076,2015-10-03,Sunderland,46,0.049011,Open Play,Blocked
3754076,2015-10-03,Sunderland,46,0.030473,Open Play,Off T
3754076,2015-10-03,West Ham United,47,0.058337,Free Kick,Saved
3754076,2015-10-03,Sunderland,51,0.037651,Open Play,Blocked
3754076,2015-10-03,West Ham United,55,0.050438,Open Play,Off T
3754076,2015-10-03,West Ham United,58,0.005848,Open Play,Off T
3754076,2015-10-03,West Ham United,59,0.022017,Open Play,Saved
3754076,2015-10-03,West Ham United,59,0.456473,Open Play,Goal
3754076,2015-10-03,West Ham United,62,0.527769,Open Play,Off T
3754076,2015-10-03,West Ham United,69,0.053778,Open Play,Off T
3754076,2015-10-03,West Ham United,79,0.017072,Open Play,Saved
3754076,2015-10-03,West Ham United,80,0.123129,Open Play,Wayward
3754076,2015-10-03,West Ham United,81,0.031571,Open Play,Saved
3754076,2015-10-03,West Ham United,86,0.063987,Open Play,Off T
3754076,2015-10-03,West Ham United,88,0.038639,Open Play,Blocked
3754076,2015-10-03,West Ham United,89,0.029475,Open Play,Blocked
3754076,2015-10-03,West Ham United,92,0.094893,Open Play,Off T
3754077,2015-09-19,Manchester City,3,0.063815,Open Play,Saved
3754077,2015-09-19,West Ham United,5,0.034007,Open Play,Goal
3754077,2015-09-19,Manchester City,8,0.122707,Open Play,Off T
3754077,2015-09-19,Manchester City,12,0.046839,Open Play,Off T
3754077,2015-09-19,West Ham United,30,0.069234,Open Play,Blocked
3754077,2015-09-19,West Ham United,30,0.505006,Open Play,Goal
3754077,2015-09-19,Manchester City,38,0.030597,Open Play,Saved
3754077,2015-09-19,Manchester City,38,0.035339,Open Play,Off T
3754077,2015-09-19,Manchester City,39,0.189824,Open Play,Blocked
3754077,2015-09-19,Manchester City,39,0.221021,Open Play,Saved
3754077,2015-09-19,Manchester City,44,0.223445,Open Play,Off T
3754077,2015-09-19,Manchester City,46,0.057597,Open Play,Goal
3754077,2015-09-19,Manchester City,47,0.052111,Open Play,Blocked
3754077,2015-09-19,West Ham United,45,0.038476,Open Play,Off T
3754077,2015-09-19,Manchester City,47,0.011973,Open Play,Off T
3754077,2015-09-19,Manchester City,51,0.107312,Open Play,Blocked
3754077,2015-09-19,Manchester City,52,0.045443,Open Play,Saved
3754077,2015-09-19,Manchester City,54,0.438602,Open Play,Saved
3754077,2015-09-19,Manchester City,55,0.035707,Open Play,Saved
3754077,2015-09-19,West Ham United,57,0.139041,Open Play,Off T
3754077,2015-09-19,Manchester City,59,0.007847,Open Play,Off T
3754077,2015-09-19,Manchester City,60,0.021397,Open Play,Blocked
3754077,2015-09-19,Manchester City,62,0.084629,Open Play,Off T
3754077,2015-09-19,Manchester City,67,0.138057,Open Play,Blocked
3754077,2015-09-19,Manchester City,71,0.182937,Open Play,Wayward
3754077,2015-09-19,Manchester City,72,0.044306,Open Play,Blocked
3754077,2015-09-19,Manchester City,80,0.048599,Open Play,Blocked
3754077,2015-09-19,Manchester City,80,0.036080,Open Play,Off T
3754077,2015-09-19,Manchester City,82,0.043838,Open Play,Blocked
3754077,2015-09-19,Manchester City,83,0.057343,Open Play,Blocked
3754077,2015-09-19,Manchester City,84,0.133801,Open Play,Saved
3754077,2015-09-19,West Ham United,88,0.008214,Open Play,Saved
3754077,2015-09-19,Manchester City,91,0.047559,Open Play,Blocked
3754078,2015-08-08,Swansea City,6,0.071600,Open Play,Off T
3754078,2015-08-08,Chelsea,10,0.004586,Open Play,Off T
3754078,2015-08-08,Swansea City,14,0.181297,Open Play,Blocked
3754078,2015-08-08,Swansea City,14,0.045967,Open Play,Saved
3754078,2015-08-08,Chelsea,17,0.022757,Open Play,Saved Off Target
3754078,2015-08-08,Chelsea,22,0.008497,Free Kick,Goal
3754078,2015-08-08,Swansea City,28,0.082658,Open Play,Saved
3754078,2015-08-08,Swansea City,28,0.262751,Open Play,Blocked
3754078,2015-08-08,Swansea City,28,0.306705,Open Play,Goal
3754078,2015-08-08,Chelsea,32,0.010350,Open Play,Saved
3754078,2015-08-08,Swansea City,36,0.031825,Open Play,Saved
3754078,2015-08-08,Chelsea,36,0.041878,Open Play,Wayward
3754078,2015-08-08,Swansea City,46,0.045588,Free Kick,Blocked
3754078,2015-08-08,Swansea City,46,0.100878,Open Play,Blocked
3754078,2015-08-08,Swansea City,47,0.239988,Open Play,Off T
3754078,2015-08-08,Swansea City,49,0.055468,Open Play,Blocked
3754078,2015-08-08,Swansea City,54,0.783500,Penalty,Goal
3754078,2015-08-08,Swansea City,57,0.035833,Open Play,Saved
3754078,2015-08-08,Chelsea,58,0.037569,Open Play,Blocked
3754078,2015-08-08,Swansea City,60,0.082966,Open Play,Saved
3754078,2015-08-08,Chelsea,65,0.137553,Open Play,Off T
3754078,2015-08-08,Swansea City,72,0.115056,Open Play,Saved
3754078,2015-08-08,Chelsea,74,0.126068,Open Play,Saved
3754078,2015-08-08,Chelsea,75,0.023097,Open Play,Blocked
3754078,2015-08-08,Swansea City,80,0.029767,Open Play,Saved
3754078,2015-08-08,Chelsea,86,0.073655,Open Play,Saved
3754079,2015-10-03,Manchester City,7,0.010611,Free Kick,Saved
3754079,2015-10-03,Manchester City,7,0.849820,Open Play,Saved
3754079,2015-10-03,Manchester City,7,0.304011,Open Play,Saved
3754079,2015-10-03,Manchester City,7,0.100467,Open Play,Off T
3754079,2015-10-03,Manchester City,11,0.072432,Open Play,Blocked
3754079,2015-10-03,Newcastle United,13,0.150661,Open Play,Saved
3754079,2015-10-03,Newcastle United,16,0.326855,Open Play,Goal
3754079,2015-10-03,Manchester City,23,0.005572,Open Play,Blocked
3754079,2015-10-03,Newcastle United,25,0.072055,Open Play,Off T
3754079,2015-10-03,Newcastle United,26,0.592607,Open Play,Saved
3754079,2015-10-03,Manchester City,26,0.062947,Open Play,Blocked
3754079,2015-10-03,Manchester City,33,0.089766,Open Play,Off T
3754079,2015-10-03,Manchester City,36,0.109453,Open Play,Blocked
3754079,2015-10-03,Manchester City,37,0.046173,Open Play,Off T
3754079,2015-10-03,Newcastle United,38,0.066592,Open Play,Saved
3754079,2015-10-03,Manchester City,41,0.495922,Open Play,Goal
3754079,2015-10-03,Newcastle United,42,0.046391,Open Play,Blocked
3754079,2015-10-03,Manchester City,44,0.024659,Open Play,Off T
3754079,2015-10-03,Manchester City,48,0.030432,Open Play,Saved
3754079,2015-10-03,Manchester City,48,0.097736,Open Play,Goal
3754079,2015-10-03,Manchester City,49,0.509916,Open Play,Goal
3754079,2015-10-03,Manchester City,52,0.083333,Open Play,Goal
3754079,2015-10-03,Manchester City,57,0.065483,Open Play,Off T
3754079,2015-10-03,Manchester City,59,0.079456,Open Play,Goal
3754079,2015-10-03,Manchester City,61,0.621470,Open Play,Goal
3754079,2015-10-03,Manchester City,66,0.052711,Open Play,Off T
3754079,2015-10-03,Manchester City,73,0.140643,Open Play,Off T
3754079,2015-10-03,Manchester City,75,0.034541,Open Play,Saved
3754079,2015-10-03,Manchester City,90,0.008201,Open Play,Saved
3754080,2016-02-06,Tottenham Hotspur,1,0.023695,Open Play,Blocked
3754080,2016-02-06,Tottenham Hotspur,7,0.048151,Free Kick,Blocked
3754080,2016-02-06,Tottenham Hotspur,7,0.067845,Open Play,Saved
3754080,2016-02-06,Tottenham Hotspur,9,0.062249,Open Play,Blocked
3754080,2016-02-06,Tottenham Hotspur,11,0.043901,Open Play,Blocked
3754080,2016-02-06,Tottenham Hotspur,24,0.076506,Open Play,Blocked
3754080,2016-02-06,Tottenham Hotspur,25,0.013368,Open Play,Blocked
3754080,2016-02-06,Tottenham Hotspur,25,0.070975,Open Play,Off T
3754080,2016-02-06,Tottenham Hotspur,29,0.100116,Open Play,Blocked
3754080,2016-02-06,Tottenham Hotspur,31,0.052077,Open Play,Saved
3754080,2016-02-06,Tottenham Hotspur,33,0.116865,Open Play,Off T
3754080,2016-02-06,Watford,34,0.015181,Open Play,Off T
3754080,2016-02-06,Tottenham Hotspur,36,0.007631,Open Play,Saved
3754080,2016-02-06,Tottenham Hotspur,39,0.137536,Open Play,Off T
3754080,2016-02-06,Tottenham Hotspur,50,0.025354,Open Play,Blocked
3754080,2016-02-06,Tottenham Hotspur,52,0.020455,Open Play,Off T
3754080,2016-02-06,Tottenham Hotspur,57,0.072435,Open Play,Blocked
3754080,2016-02-06,Tottenham Hotspur,58,0.029723,Open Play,Blocked
3754080,2016-02-06,Tottenham Hotspur,62,0.013197,Open Play,Saved
3754080,2016-02-06,Tottenham Hotspur,63,0.635696,Open Play,Goal
3754080,2016-02-06,Tottenham Hotspur,67,0.094086,Open Play,Off T
3754080,2016-02-06,Tottenham Hotspur,70,0.031471,Open Play,Blocked
3754080,2016-02-06,Tottenham Hotspur,72,0.023177,Open Play,Blocked
3754080,2016-02-06,Tottenham Hotspur,72,0.096284,Open Play,Wayward
3754080,2016-02-06,Tottenham Hotspur,74,0.059337,Open Play,Saved
3754080,2016-02-06,Watford,81,0.026761,Open Play,Blocked
3754080,2016-02-06,Tottenham Hotspur,83,0.049579,Open Play,Blocked
3754080,2016-02-06,Tottenham Hotspur,85,0.241789,Open Play,Saved
3754080,2016-02-06,Watford,87,0.052703,Open Play,Off T
3754081,2016-03-06,Manchester United,2,0.030651,Open Play,Saved
3754081,2016-03-06,West Bromwich Albion,8,0.187524,Open Play,Off T
3754081,2016-03-06,West Bromwich Albion,16,0.081857,Open Play,Blocked
3754081,2016-03-06,West Bromwich Albion,26,0.035765,Open Play,Off T
3754081,2016-03-06,West Bromwich Albion,33,0.106723,Open Play,Blocked
3754081,2016-03-06,West Bromwich Albion,37,0.028734,Open Play,Saved
3754081,2016-03-06,Manchester United,38,0.130507,Open Play,Blocked
3754081,2016-03-06,West Bromwich Albion,44,0.012426,Open Play,Blocked
3754081,2016-03-06,Manchester United,50,0.068844,Open Play,Blocked
3754081,2016-03-06,Manchester United,53,0.010903,Open Play,Off T
3754081,2016-03-06,West Bromwich Albion,57,0.020669,Open Play,Blocked
3754081,2016-03-06,Manchester United,58,0.082298,Free Kick,Blocked
3754081,2016-03-06,Manchester United,59,0.036709,Open Play,Blocked
3754081,2016-03-06,West Bromwich Albion,60,0.072109,Open Play,Off T
3754081,2016-03-06,West Bromwich Albion,65,0.177056,Open Play,Goal
3754081,2016-03-06,Manchester United,93,0.019254,Open Play,Wayward
3754082,2015-11-01,Sunderland,3,0.083408,Open Play,Post
3754082,2015-11-01,Everton,6,0.023632,Open Play,Saved
3754082,2015-11-01,Everton,9,0.031718,Open Play,Off T
3754082,2015-11-01,Sunderland,14,0.130267,Open Play,Saved
3754082,2015-11-01,Sunderland,14,0.182302,Open Play,Post
3754082,2015-11-01,Sunderland,14,0.107882,Open Play,Saved
3754082,2015-11-01,Everton,17,0.022638,Open Play,Off T
3754082,2015-11-01,Everton,18,0.204055,Open Play,Goal
3754082,2015-11-01,Everton,19,0.019105,Open Play,Blocked
3754082,2015-11-01,Everton,21,0.076585,Open Play,Saved
3754082,2015-11-01,Sunderland,23,0.068942,Open Play,Blocked
3754082,2015-11-01,Sunderland,26,0.032943,Open Play,Off T
3754082,2015-11-01,Everton,30,0.062000,Open Play,Goal
3754082,2015-11-01,Everton,41,0.054085,Open Play,Saved
3754082,2015-11-01,Everton,43,0.043217,Open Play,Blocked
3754082,2015-11-01,Sunderland,47,0.032468,Open Play,Saved
3754082,2015-11-01,Sunderland,48,0.183696,Open Play,Goal
3754082,2015-11-01,Sunderland,49,0.163101,Open Play,Goal
3754082,2015-11-01,Sunderland,52,0.187021,Open Play,Saved
3754082,2015-11-01,Everton,53,0.062806,Open Play,Off T
3754082,2015-11-01,Everton,59,0.943159,Open Play,Goal
3754082,2015-11-01,Everton,61,0.193940,Open Play,Goal
3754082,2015-11-01,Sunderland,63,0.048703,Open Play,Blocked
3754082,2015-11-01,Everton,73,0.094357,Open Play,Off T
3754082,2015-11-01,Everton,75,0.313705,Open Play,Goal
3754082,2015-11-01,Sunderland,81,0.152891,Open Play,Blocked
3754082,2015-11-01,Sunderland,83,0.037268,Open Play,Blocked
3754082,2015-11-01,Everton,87,0.060054,Open Play,Off T
3754082,2015-11-01,Sunderland,88,0.234076,Open Play,Saved
3754082,2015-11-01,Sunderland,89,0.052837,Open Play,Saved
3754082,2015-11-01,Sunderland,89,0.039355,Open Play,Saved
3754082,2015-11-01,Sunderland,91,0.043893,Open Play,Blocked
3754083,2015-08-29,Chelsea,3,0.064199,Open Play,Blocked
3754083,2015-08-29,Chelsea,3,0.021413,Open Play,Off T
3754083,2015-08-29,Chelsea,12,0.020990,Open Play,Saved
3754083,2015-08-29,Chelsea,14,0.017718,Open Play,Off T
3754083,2015-08-29,Chelsea,18,0.047415,Open Play,Off T
3754083,2015-08-29,Chelsea,22,0.021317,Open Play,Off T
3754083,2015-08-29,Crystal Palace,24,0.016203,Open Play,Saved
3754083,2015-08-29,Crystal Palace,25,0.032000,Open Play,Off T
3754083,2015-08-29,Crystal Palace,28,0.313320,Open Play,Saved
3754083,2015-08-29,Crystal Palace,28,0.066170,Open Play,Blocked
3754083,2015-08-29,Crystal Palace,30,0.025272,Open Play,Off T
3754083,2015-08-29,Chelsea,32,0.120747,Open Play,Off T
3754083,2015-08-29,Chelsea,33,0.021859,Open Play,Off T
3754083,2015-08-29,Chelsea,35,0.045726,Open Play,Blocked
3754083,2015-08-29,Chelsea,41,0.013284,Open Play,Saved
3754083,2015-08-29,Chelsea,41,0.078992,Open Play,Saved
3754083,2015-08-29,Chelsea,42,0.237449,Open Play,Saved
3754083,2015-08-29,Crystal Palace,52,0.312390,Open Play,Wayward
3754083,2015-08-29,Crystal Palace,54,0.031559,Open Play,Saved
3754083,2015-08-29,Chelsea,56,0.093234,Open Play,Blocked
3754083,2015-08-29,Chelsea,61,0.027797,Open Play,Blocked
3754083,2015-08-29,Chelsea,61,0.083096,Open Play,Blocked
3754083,2015-08-29,Chelsea,63,0.103022,Open Play,Blocked
3754083,2015-08-29,Chelsea,63,0.025669,Open Play,Blocked
3754083,2015-08-29,Crystal Palace,64,0.124197,Open Play,Blocked
3754083,2015-08-29,Crystal Palace,64,0.427768,Open Play,Goal
3754083,2015-08-29,Crystal Palace,68,0.063965,Open Play,Off T
3754083,2015-08-29,Chelsea,69,0.055910,Open Play,Off T
3754083,2015-08-29,Crystal Palace,73,0.289949,Open Play,Off T
3754083,2015-08-29,Crystal Palace,74,0.030637,Open Play,Off T
3754083,2015-08-29,Chelsea,78,0.172203,Open Play,Goal
3754083,2015-08-29,Crystal Palace,80,0.411133,Open Play,Goal
3754083,2015-08-29,Chelsea,84,0.052735,Open Play,Saved
3754083,2015-08-29,Chelsea,84,0.015415,Open Play,Saved
3754083,2015-08-29,Chelsea,87,0.023768,Open Play,Blocked
3754083,2015-08-29,Chelsea,88,0.254322,Open Play,Blocked
3754083,2015-08-29,Chelsea,88,0.334400,Open Play,Off T
3754083,2015-08-29,Chelsea,89,0.018640,Open Play,Saved
3754083,2015-08-29,Chelsea,91,0.059153,Open Play,Blocked
3754083,2015-08-29,Chelsea,91,0.171891,Open Play,Blocked
3754084,2016-01-23,West Bromwich Albion,17,0.037201,Open Play,Blocked
3754084,2016-01-23,Aston Villa,20,0.073417,Open Play,Saved
3754084,2016-01-23,Aston Villa,23,0.023527,Open Play,Blocked
3754084,2016-01-23,Aston Villa,26,0.019431,Open Play,Blocked
3754084,2016-01-23,West Bromwich Albion,28,0.063362,Open Play,Wayward
3754084,2016-01-23,Aston Villa,31,0.014480,Open Play,Wayward
3754084,2016-01-23,Aston Villa,42,0.053335,Open Play,Blocked
3754084,2016-01-23,West Bromwich Albion,47,0.192484,Open Play,Off T
3754084,2016-01-23,West Bromwich Albion,52,0.022654,Open Play,Off T
3754084,2016-01-23,West Bromwich Albion,56,0.152988,Open Play,Off T
3754084,2016-01-23,Aston Villa,61,0.020124,Open Play,Saved
3754084,2016-01-23,Aston Villa,66,0.072220,Open Play,Off T
3754084,2016-01-23,Aston Villa,68,0.051819,Open Play,Blocked
3754084,2016-01-23,Aston Villa,72,0.047099,Open Play,Off T
3754084,2016-01-23,Aston Villa,78,0.068926,Open Play,Blocked
3754084,2016-01-23,Aston Villa,81,0.035530,Open Play,Saved
3754084,2016-01-23,Aston Villa,81,0.043277,Open Play,Off T
3754084,2016-01-23,Aston Villa,84,0.036056,Open Play,Wayward
3754084,2016-01-23,Aston Villa,86,0.021776,Open Play,Blocked
3754084,2016-01-23,Aston Villa,86,0.024015,Open Play,Off T
3754084,2016-01-23,Aston Villa,89,0.027824,Open Play,Off T
3754085,2015-12-05,Leicester City,4,0.271915,Open Play,Goal
3754085,2015-12-05,Leicester City,14,0.417406,Open Play,Saved
3754085,2015-12-05,Leicester City,21,0.323717,Open Play,Goal
3754085,2015-12-05,Leicester City,24,0.271781,Open Play,Saved
3754085,2015-12-05,Leicester City,38,0.180272,Open Play,Off T
3754085,2015-12-05,Swansea City,45,0.052499,Open Play,Off T
3754085,2015-12-05,Swansea City,46,0.095753,Open Play,Post
3754085,2015-12-05,Swansea City,50,0.018531,Open Play,Blocked
3754085,2015-12-05,Leicester City,50,0.074210,Open Play,Off T
3754085,2015-12-05,Swansea City,51,0.053751,Open Play,Off T
3754085,2015-12-05,Leicester City,58,0.038652,Open Play,Blocked
3754085,2015-12-05,Leicester City,66,0.278255,Open Play,Goal
3754085,2015-12-05,Leicester City,73,0.347050,Open Play,Off T
3754085,2015-12-05,Leicester City,74,0.061449,Open Play,Off T
3754085,2015-12-05,Swansea City,75,0.369778,Open Play,Saved
3754085,2015-12-05,Swansea City,79,0.056308,Open Play,Post
3754085,2015-12-05,Swansea City,81,0.095679,Open Play,Off T
3754085,2015-12-05,Swansea City,82,0.102065,Open Play,Wayward
3754085,2015-12-05,Swansea City,84,0.118096,Open Play,Saved
3754085,2015-12-05,Leicester City,85,0.030461,Open Play,Blocked
3754085,2015-12-05,Leicester City,86,0.025895,Open Play,Blocked
3754085,2015-12-05,Leicester City,87,0.035388,Open Play,Blocked
3754085,2015-12-05,Leicester City,88,0.099645,Open Play,Blocked
3754085,2015-12-05,Leicester City,88,0.030055,Open Play,Off T
3754085,2015-12-05,Swansea City,91,0.085175,Open Play,Off T
3754085,2015-12-05,Leicester City,92,0.062233,Open Play,Blocked
3754086,2016-04-20,West Ham United,10,0.331647,Open Play,Goal
3754086,2016-04-20,West Ham United,14,0.123227,Open Play,Blocked
3754086,2016-04-20,Watford,16,0.051522,Open Play,Saved
3754086,2016-04-20,West Ham United,22,0.021066,Free Kick,Saved
3754086,2016-04-20,Watford,23,0.034050,Open Play,Blocked
3754086,2016-04-20,West Ham United,24,0.053539,Open Play,Blocked
3754086,2016-04-20,West Ham United,25,0.079433,Open Play,Off T
3754086,2016-04-20,West Ham United,29,0.043439,Open Play,Off T
3754086,2016-04-20,Watford,31,0.023891,Open Play,Saved
3754086,2016-04-20,West Ham United,35,0.061958,Open Play,Off T
3754086,2016-04-20,West Ham United,40,0.040585,Open Play,Saved
3754086,2016-04-20,West Ham United,44,0.783500,Penalty,Goal
3754086,2016-04-20,West Ham United,45,0.366981,Open Play,Off T
3754086,2016-04-20,West Ham United,45,0.241163,Open Play,Wayward
3754086,2016-04-20,Watford,50,0.346367,Open Play,Off T
3754086,2016-04-20,West Ham United,52,0.783500,Penalty,Goal
3754086,2016-04-20,West Ham United,58,0.090947,Open Play,Blocked
3754086,2016-04-20,Watford,63,0.072941,Open Play,Goal
3754086,2016-04-20,West Ham United,65,0.071274,Open Play,Blocked
3754086,2016-04-20,West Ham United,65,0.020700,Open Play,Saved
3754086,2016-04-20,Watford,66,0.009266,Open Play,Off T
3754086,2016-04-20,West Ham United,82,0.247098,Open Play,Saved
3754086,2016-04-20,West Ham United,84,0.233870,Open Play,Off T
3754086,2016-04-20,West Ham United,88,0.043646,Open Play,Blocked
3754086,2016-04-20,Watford,91,0.783500,Penalty,Saved
3754087,2016-04-02,Liverpool,3,0.061071,Open Play,Blocked
3754087,2016-04-02,Tottenham Hotspur,8,0.091659,Open Play,Saved
3754087,2016-04-02,Liverpool,11,0.139964,Open Play,Blocked
3754087,2016-04-02,Liverpool,11,0.057255,Open Play,Saved
3754087,2016-04-02,Tottenham Hotspur,12,0.007861,Open Play,Blocked
3754087,2016-04-02,Tottenham Hotspur,16,0.047304,Open Play,Blocked
3754087,2016-04-02,Tottenham Hotspur,25,0.129474,Open Play,Off T
3754087,2016-04-02,Liverpool,35,0.139275,Open Play,Saved
3754087,2016-04-02,Liverpool,36,0.011919,Open Play,Blocked
3754087,2016-04-02,Liverpool,37,0.052070,Open Play,Saved
3754087,2016-04-02,Tottenham Hotspur,38,0.163718,Open Play,Blocked
3754087,2016-04-02,Liverpool,39,0.163741,Open Play,Saved
3754087,2016-04-02,Tottenham Hotspur,44,0.017687,Open Play,Saved
3754087,2016-04-02,Tottenham Hotspur,48,0.260697,Open Play,Wayward
3754087,2016-04-02,Tottenham Hotspur,49,0.034866,Open Play,Blocked
3754087,2016-04-02,Liverpool,50,0.167187,Open Play,Goal
3754087,2016-04-02,Tottenham Hotspur,53,0.073504,Open Play,Wayward
3754087,2016-04-02,Tottenham Hotspur,54,0.034932,Open Play,Blocked
3754087,2016-04-02,Liverpool,56,0.196094,Open Play,Off T
3754087,2016-04-02,Tottenham Hotspur,57,0.382973,Open Play,Off T
3754087,2016-04-02,Tottenham Hotspur,62,0.181911,Open Play,Goal
3754087,2016-04-02,Tottenham Hotspur,64,0.047213,Open Play,Saved
3754087,2016-04-02,Tottenham Hotspur,65,0.023109,Open Play,Off T
3754087,2016-04-02,Liverpool,68,0.024555,Open Play,Blocked
3754087,2016-04-02,Liverpool,71,0.042088,Open Play,Blocked
3754087,2016-04-02,Liverpool,78,0.081990,Open Play,Saved
3754087,2016-04-02,Liverpool,84,0.066170,Open Play,Off T
3754087,2016-04-02,Liverpool,84,0.029980,Open Play,Blocked
3754087,2016-04-02,Liverpool,84,0.032708,Open Play,Saved
3754087,2016-04-02,Tottenham Hotspur,85,0.041728,Open Play,Blocked
3754087,2016-04-02,Tottenham Hotspur,89,0.026733,Free Kick,Off T
3754087,2016-04-02,Tottenham Hotspur,90,0.027267,Open Play,Saved
3754087,2016-04-02,Tottenham Hotspur,91,0.097152,Open Play,Off T
3754088,2016-01-12,Manchester United,8,0.049277,Open Play,Blocked
3754088,2016-01-12,Manchester United,8,0.783500,Penalty,Goal
3754088,2016-01-12,Manchester United,24,0.058287,Open Play,Blocked
3754088,2016-01-12,Manchester United,26,0.109250,Open Play,Off T
3754088,2016-01-12,Newcastle United,27,0.246904,Open Play,Saved
3754088,2016-01-12,Manchester United,36,0.009048,Open Play,Off T
3754088,2016-01-12,Manchester United,37,0.119398,Open Play,Goal
3754088,2016-01-12,Newcastle United,39,0.020350,Open Play,Off T
3754088,2016-01-12,Newcastle United,41,0.169643,Open Play,Goal
3754088,2016-01-12,Manchester United,45,0.036291,Open Play,Blocked
3754088,2016-01-12,Manchester United,46,0.016628,Open Play,Off T
3754088,2016-01-12,Newcastle United,51,0.309312,Open Play,Saved
3754088,2016-01-12,Newcastle United,51,0.006417,Open Play,Off T
3754088,2016-01-12,Manchester United,55,0.388596,Open Play,Off T
3754088,2016-01-12,Newcastle United,62,0.053530,Open Play,Blocked
3754088,2016-01-12,Newcastle United,63,0.031296,Open Play,Off T
3754088,2016-01-12,Newcastle United,66,0.783500,Penalty,Goal
3754088,2016-01-12,Newcastle United,69,0.136570,Open Play,Blocked
3754088,2016-01-12,Newcastle United,69,0.148399,Open Play,Blocked
3754088,2016-01-12,Newcastle United,70,0.057191,Open Play,Blocked
3754088,2016-01-12,Newcastle United,72,0.040744,Open Play,Saved
3754088,2016-01-12,Newcastle United,76,0.057277,Open Play,Off T
3754088,2016-01-12,Manchester United,78,0.059766,Open Play,Blocked
3754088,2016-01-12,Manchester United,78,0.071750,Open Play,Goal
3754088,2016-01-12,Manchester United,83,0.155563,Open Play,Saved
3754088,2016-01-12,Newcastle United,89,0.051964,Open Play,Goal
3754089,2016-02-02,Crystal Palace,1,0.030273,Open Play,Off T
3754089,2016-02-02,AFC Bournemouth,10,0.038490,Open Play,Blocked
3754089,2016-02-02,AFC Bournemouth,22,0.188707,Open Play,Wayward
3754089,2016-02-02,Crystal Palace,25,0.687185,Open Play,Goal
3754089,2016-02-02,AFC Bournemouth,30,0.062629,Open Play,Goal
3754089,2016-02-02,AFC Bournemouth,36,0.015812,Open Play,Blocked
3754089,2016-02-02,Crystal Palace,41,0.064362,Open Play,Off T
3754089,2016-02-02,Crystal Palace,42,0.041301,Open Play,Off T
3754089,2016-02-02,Crystal Palace,43,0.094915,Open Play,Off T
3754089,2016-02-02,Crystal Palace,47,0.072659,Open Play,Blocked
3754089,2016-02-02,AFC Bournemouth,51,0.052902,Free Kick,Off T
3754089,2016-02-02,Crystal Palace,54,0.042616,Open Play,Blocked
3754089,2016-02-02,AFC Bournemouth,56,0.110409,Open Play,Saved
3754089,2016-02-02,AFC Bournemouth,56,0.246603,Open Play,Goal
3754089,2016-02-02,Crystal Palace,66,0.067986,Open Play,Blocked
3754089,2016-02-02,Crystal Palace,70,0.046842,Open Play,Off T
3754089,2016-02-02,AFC Bournemouth,71,0.036109,Open Play,Saved
3754089,2016-02-02,Crystal Palace,72,0.056445,Open Play,Wayward
3754089,2016-02-02,Crystal Palace,73,0.019818,Open Play,Saved
3754089,2016-02-02,Crystal Palace,82,0.208633,Open Play,Saved
3754089,2016-02-02,Crystal Palace,85,0.008999,Open Play,Saved
3754089,2016-02-02,Crystal Palace,91,0.100697,Open Play,Off T
3754090,2015-10-31,Newcastle United,3,0.087184,Open Play,Saved
3754090,2015-10-31,Newcastle United,6,0.046155,Open Play,Blocked
3754090,2015-10-31,Newcastle United,7,0.062870,Open Play,Off T
3754090,2015-10-31,Stoke City,16,0.340116,Open Play,Off T
3754090,2015-10-31,Newcastle United,27,0.146864,Open Play,Post
3754090,2015-10-31,Stoke City,35,0.005959,Open Play,Off T
3754090,2015-10-31,Stoke City,44,0.069685,Open Play,Off T
3754090,2015-10-31,Newcastle United,47,0.035073,Open Play,Off T
3754090,2015-10-31,Newcastle United,49,0.051670,Free Kick,Saved
3754090,2015-10-31,Newcastle United,50,0.055015,Open Play,Off T
3754090,2015-10-31,Stoke City,51,0.204720,Open Play,Saved
3754090,2015-10-31,Stoke City,51,0.061382,Open Play,Off T
3754090,2015-10-31,Newcastle United,54,0.312554,Open Play,Saved
3754090,2015-10-31,Newcastle United,54,0.136855,Open Play,Off T
3754090,2015-10-31,Newcastle United,58,0.065768,Open Play,Saved
3754090,2015-10-31,Stoke City,61,0.056621,Open Play,Wayward
3754090,2015-10-31,Stoke City,61,0.451844,Open Play,Saved
3754090,2015-10-31,Stoke City,65,0.030839,Open Play,Off T
3754090,2015-10-31,Newcastle United,68,0.051055,Open Play,Blocked
3754090,2015-10-31,Stoke City,74,0.081909,Open Play,Blocked
3754090,2015-10-31,Newcastle United,76,0.028187,Open Play,Blocked
3754090,2015-10-31,Stoke City,80,0.040972,Open Play,Off T
3754090,2015-10-31,Newcastle United,82,0.074459,Open Play,Saved
3754090,2015-10-31,Newcastle United,83,0.063373,Open Play,Blocked
3754090,2015-10-31,Newcastle United,86,0.113473,Open Play,Saved
3754091,2015-10-24,Stoke City,5,0.026443,Open Play,Off T
3754091,2015-10-24,Watford,8,0.034921,Open Play,Blocked
3754091,2015-10-24,Stoke City,15,0.027926,Open Play,Blocked
3754091,2015-10-24,Watford,18,0.041528,Open Play,Blocked
3754091,2015-10-24,Stoke City,25,0.021517,Free Kick,Blocked
3754091,2015-10-24,Stoke City,26,0.003119,Open Play,Off T
3754091,2015-10-24,Stoke City,28,0.111042,Open Play,Off T
3754091,2015-10-24,Watford,36,0.111822,Open Play,Post
3754091,2015-10-24,Watford,36,0.080673,Open Play,Blocked
3754091,2015-10-24,Watford,36,0.249888,Open Play,Post
3754091,2015-10-24,Stoke City,40,0.021775,Open Play,Off T
3754091,2015-10-24,Watford,42,0.130543,Open Play,Goal
3754091,2015-10-24,Stoke City,49,0.020365,Open Play,Off T
3754091,2015-10-24,Watford,50,0.033041,Open Play,Blocked
3754091,2015-10-24,Watford,56,0.054081,Open Play,Blocked
3754091,2015-10-24,Watford,68,0.086248,Open Play,Goal
3754091,2015-10-24,Watford,70,0.068256,Open Play,Off T
3754091,2015-10-24,Watford,71,0.031800,Open Play,Saved
3754091,2015-10-24,Stoke City,73,0.090294,Open Play,Off T
3754091,2015-10-24,Stoke City,74,0.010043,Open Play,Blocked
3754091,2015-10-24,Stoke City,80,0.024523,Open Play,Off T
3754091,2015-10-24,Watford,81,0.033470,Open Play,Off T
3754091,2015-10-24,Stoke City,84,0.092253,Open Play,Off T
3754091,2015-10-24,Watford,92,0.019467,Free Kick,Off T
3754092,2016-05-02,Chelsea,3,0.069145,Open Play,Off T
3754092,2016-05-02,Tottenham Hotspur,10,0.028786,Open Play,Off T
3754092,2016-05-02,Tottenham Hotspur,11,0.035667,Open Play,Blocked
3754092,2016-05-02,Chelsea,15,0.042363,Open Play,Blocked
3754092,2016-05-02,Tottenham Hotspur,23,0.015086,Open Play,Blocked
3754092,2016-05-02,Tottenham Hotspur,23,0.026384,Open Play,Off T
3754092,2016-05-02,Chelsea,26,0.086140,Open Play,Off T
3754092,2016-05-02,Tottenham Hotspur,27,0.092126,Open Play,Off T
3754092,2016-05-02,Tottenham Hotspur,29,0.009295,Free Kick,Off T
3754092,2016-05-02,Chelsea,30,0.045605,Open Play,Saved
3754092,2016-05-02,Tottenham Hotspur,34,0.912480,Open Play,Goal
3754092,2016-05-02,Chelsea,38,0.052600,Open Play,Off T
3754092,2016-05-02,Tottenham Hotspur,39,0.090013,Open Play,Blocked
3754092,2016-05-02,Tottenham Hotspur,39,0.182289,Open Play,Blocked
3754092,2016-05-02,Chelsea,40,0.053162,Open Play,Off T
3754092,2016-05-02,Tottenham Hotspur,43,0.470598,Open Play,Goal
3754092,2016-05-02,Tottenham Hotspur,46,0.035727,Open Play,Saved
3754092,2016-05-02,Tottenham Hotspur,49,0.018927,Open Play,Saved
3754092,2016-05-02,Chelsea,50,0.018450,Open Play,Saved
3754092,2016-05-02,Tottenham Hotspur,53,0.047364,Open Play,Off T
3754092,2016-05-02,Chelsea,57,0.088209,Open Play,Goal
3754092,2016-05-02,Chelsea,61,0.099174,Open Play,Saved
3754092,2016-05-02,Tottenham Hotspur,65,0.046077,Open Play,Blocked
3754092,2016-05-02,Chelsea,69,0.047367,Open Play,Off T
3754092,2016-05-02,Tottenham Hotspur,75,0.250603,Open Play,Saved
3754092,2016-05-02,Tottenham Hotspur,75,0.059533,Open Play,Blocked
3754092,2016-05-02,Chelsea,82,0.118862,Open Play,Goal
3754092,2016-05-02,Chelsea,88,0.016742,Open Play,Blocked
3754092,2016-05-02,Chelsea,93,0.036919,Open Play,Blocked
3754093,2015-11-29,Tottenham Hotspur,9,0.042727,Open Play,Blocked
3754093,2015-11-29,Tottenham Hotspur,16,0.038618,Open Play,Saved
3754093,2015-11-29,Chelsea,19,0.079023,Open Play,Off T
3754093,2015-11-29,Chelsea,22,0.078371,Open Play,Blocked
3754093,2015-11-29,Tottenham Hotspur,26,0.096684,Open Play,Saved
3754093,2015-11-29,Tottenham Hotspur,30,0.035992,Open Play,Saved
3754093,2015-11-29,Tottenham Hotspur,36,0.027377,Open Play,Off T
3754093,2015-11-29,Tottenham Hotspur,41,0.032877,Open Play,Blocked
3754093,2015-11-29,Chelsea,41,0.015944,Open Play,Off T
3754093,2015-11-29,Tottenham Hotspur,44,0.048950,Open Play,Off T
3754093,2015-11-29,Tottenham Hotspur,63,0.155085,Open Play,Saved
3754093,2015-11-29,Chelsea,66,0.052675,Open Play,Saved
3754093,2015-11-29,Chelsea,76,0.045841,Open Play,Off T
3754093,2015-11-29,Tottenham Hotspur,92,0.034308,Open Play,Blocked
3754094,2016-02-02,Manchester United,2,0.060820,Open Play,Blocked
3754094,2016-02-02,Manchester United,2,0.049668,Open Play,Blocked
3754094,2016-02-02,Manchester United,5,0.029972,Open Play,Saved
3754094,2016-02-02,Stoke City,6,0.047330,Open Play,Blocked
3754094,2016-02-02,Manchester United,12,0.106588,Open Play,Off T
3754094,2016-02-02,Manchester United,13,0.389874,Open Play,Goal
3754094,2016-02-02,Manchester United,14,0.136294,Open Play,Off T
3754094,2016-02-02,Stoke City,16,0.144778,Open Play,Blocked
3754094,2016-02-02,Manchester United,17,0.029411,Open Play,Saved
3754094,2016-02-02,Manchester United,22,0.067953,Open Play,Goal
3754094,2016-02-02,Stoke City,25,0.026719,Open Play,Off T
3754094,2016-02-02,Stoke City,31,0.041350,Open Play,Off T
3754094,2016-02-02,Stoke City,32,0.023639,Open Play,Blocked
3754094,2016-02-02,Stoke City,33,0.197496,Open Play,Off T
3754094,2016-02-02,Manchester United,36,0.051453,Open Play,Blocked
3754094,2016-02-02,Manchester United,38,0.161816,Open Play,Blocked
3754094,2016-02-02,Manchester United,38,0.343897,Open Play,Off T
3754094,2016-02-02,Manchester United,43,0.098590,Open Play,Blocked
3754094,2016-02-02,Stoke City,45,0.018049,Open Play,Blocked
3754094,2016-02-02,Stoke City,46,0.071944,Open Play,Off T
3754094,2016-02-02,Manchester United,52,0.844787,Open Play,Goal
3754094,2016-02-02,Manchester United,55,0.074436,Open Play,Off T
3754094,2016-02-02,Stoke City,68,0.020398,Open Play,Off T
3754094,2016-02-02,Stoke City,72,0.024915,Open Play,Blocked
3754094,2016-02-02,Manchester United,74,0.014939,Open Play,Off T
3754095,2016-02-02,Sunderland,6,0.015170,Open Play,Blocked
3754095,2016-02-02,Manchester City,8,0.014981,Open Play,Off T
3754095,2016-02-02,Manchester City,15,0.008882,Open Play,Blocked
3754095,2016-02-02,Manchester City,15,0.393197,Open Play,Goal
3754095,2016-02-02,Manchester City,26,0.034241,Open Play,Blocked
3754095,2016-02-02,Manchester City,27,0.069651,Open Play,Off T
3754095,2016-02-02,Sunderland,33,0.099754,Open Play,Off T
3754095,2016-02-02,Sunderland,40,0.071383,Open Play,Wayward
3754095,2016-02-02,Manchester City,42,0.021324,Open Play,Off T
3754095,2016-02-02,Sunderland,43,0.398225,Open Play,Saved
3754095,2016-02-02,Sunderland,43,0.176530,Open Play,Post
3754095,2016-02-02,Manchester City,60,0.040440,Open Play,Saved
3754095,2016-02-02,Sunderland,61,0.038929,Open Play,Off T
3754095,2016-02-02,Sunderland,77,0.036347,Open Play,Saved
3754095,2016-02-02,Sunderland,77,0.094739,Open Play,Off T
3754095,2016-02-02,Sunderland,80,0.039189,Free Kick,Blocked
3754095,2016-02-02,Sunderland,87,0.100267,Open Play,Blocked
3754095,2016-02-02,Sunderland,88,0.026853,Open Play,Off T
3754095,2016-02-02,Sunderland,92,0.088309,Open Play,Blocked
3754096,2015-12-12,West Ham United,2,0.020214,Open Play,Saved
3754096,2015-12-12,West Ham United,2,0.024709,Open Play,Saved
3754096,2015-12-12,West Ham United,4,0.025405,Open Play,Blocked
3754096,2015-12-12,West Ham United,4,0.029137,Open Play,Blocked
3754096,2015-12-12,Stoke City,10,0.084593,Open Play,Off T
3754096,2015-12-12,Stoke City,16,0.074711,Open Play,Blocked
3754096,2015-12-12,Stoke City,23,0.073480,Open Play,Blocked
3754096,2015-12-12,Stoke City,28,0.310581,Open Play,Off T
3754096,2015-12-12,West Ham United,38,0.084003,Open Play,Blocked
3754096,2015-12-12,West Ham United,38,0.129665,Open Play,Saved
3754096,2015-12-12,West Ham United,44,0.062678,Free Kick,Blocked
3754096,2015-12-12,West Ham United,46,0.059326,Open Play,Blocked
3754096,2015-12-12,West Ham United,48,0.030482,Open Play,Saved Off Target
3754096,2015-12-12,West Ham United,53,0.041745,Open Play,Off T
3754096,2015-12-12,West Ham United,55,0.172600,Open Play,Off T
3754096,2015-12-12,West Ham United,60,0.133093,Open Play,Saved
3754096,2015-12-12,Stoke City,60,0.076647,Open Play,Saved
3754096,2015-12-12,West Ham United,62,0.157413,Open Play,Blocked
3754096,2015-12-12,West Ham United,63,0.068704,Open Play,Off T
3754096,2015-12-12,Stoke City,67,0.028837,Free Kick,Blocked
3754096,2015-12-12,Stoke City,67,0.033405,Open Play,Off T
3754096,2015-12-12,West Ham United,69,0.085748,Open Play,Saved
3754096,2015-12-12,West Ham United,70,0.041027,Open Play,Off T
3754096,2015-12-12,West Ham United,77,0.016643,Open Play,Saved
3754096,2015-12-12,Stoke City,79,0.219447,Open Play,Saved
3754096,2015-12-12,Stoke City,79,0.032245,Open Play,Wayward
3754096,2015-12-12,Stoke City,79,0.029621,Open Play,Blocked
3754096,2015-12-12,Stoke City,79,0.069404,Open Play,Blocked
3754096,2015-12-12,West Ham United,80,0.039470,Open Play,Blocked
3754096,2015-12-12,West Ham United,81,0.058368,Open Play,Post
3754096,2015-12-12,West Ham United,81,0.276620,Open Play,Saved
3754096,2015-12-12,West Ham United,83,0.029259,Open Play,Blocked
3754096,2015-12-12,West Ham United,85,0.007381,Free Kick,Saved
3754096,2015-12-12,Stoke City,88,0.427880,Open Play,Saved
3754096,2015-12-12,West Ham United,92,0.005494,Open Play,Off T
3754096,2015-12-12,West Ham United,93,0.184868,Open Play,Blocked
3754097,2015-08-08,Tottenham Hotspur,4,0.182832,Open Play,Off T
3754097,2015-08-08,Tottenham Hotspur,11,0.012277,Open Play,Blocked
3754097,2015-08-08,Tottenham Hotspur,11,0.016993,Open Play,Blocked
3754097,2015-08-08,Tottenham Hotspur,11,0.050492,Open Play,Off T
3754097,2015-08-08,Tottenham Hotspur,17,0.196066,Open Play,Saved
3754097,2015-08-08,Manchester United,27,0.082456,Free Kick,Blocked
3754097,2015-08-08,Manchester United,27,0.058164,Open Play,Blocked
3754097,2015-08-08,Manchester United,35,0.040132,Open Play,Blocked
3754097,2015-08-08,Manchester United,35,0.055361,Open Play,Off T
3754097,2015-08-08,Manchester United,40,0.036374,Open Play,Blocked
3754097,2015-08-08,Tottenham Hotspur,45,0.025640,Open Play,Saved
3754097,2015-08-08,Manchester United,49,0.027125,Open Play,Off T
3754097,2015-08-08,Manchester United,64,0.072496,Open Play,Saved
3754097,2015-08-08,Manchester United,72,0.106725,Open Play,Wayward
3754097,2015-08-08,Manchester United,76,0.046246,Free Kick,Off T
3754097,2015-08-08,Tottenham Hotspur,83,0.018567,Open Play,Saved
3754097,2015-08-08,Tottenham Hotspur,87,0.044932,Open Play,Saved
3754097,2015-08-08,Tottenham Hotspur,88,0.036847,Open Play,Saved
3754098,2015-10-31,Liverpool,1,0.059542,Open Play,Off T
3754098,2015-10-31,Chelsea,3,0.097332,Open Play,Goal
3754098,2015-10-31,Liverpool,14,0.046343,Open Play,Off T
3754098,2015-10-31,Liverpool,18,0.024665,Open Play,Blocked
3754098,2015-10-31,Liverpool,18,0.053564,Open Play,Saved
3754098,2015-10-31,Liverpool,25,0.053733,Open Play,Saved
3754098,2015-10-31,Liverpool,36,0.063494,Open Play,Saved
3754098,2015-10-31,Liverpool,47,0.075460,Open Play,Goal
3754098,2015-10-31,Liverpool,52,0.038391,Open Play,Blocked
3754098,2015-10-31,Liverpool,52,0.026391,Open Play,Off T
3754098,2015-10-31,Liverpool,55,0.006200,Open Play,Saved
3754098,2015-10-31,Chelsea,59,0.061117,Open Play,Off T
3754098,2015-10-31,Chelsea,60,0.089251,Open Play,Blocked
3754098,2015-10-31,Liverpool,62,0.029310,Open Play,Off T
3754098,2015-10-31,Chelsea,70,0.008841,Open Play,Saved
3754098,2015-10-31,Liverpool,73,0.120460,Open Play,Goal
3754098,2015-10-31,Liverpool,76,0.100552,Open Play,Saved
3754098,2015-10-31,Chelsea,78,0.059240,Open Play,Blocked
3754098,2015-10-31,Liverpool,79,0.059202,Open Play,Blocked
3754098,2015-10-31,Liverpool,82,0.082167,Open Play,Goal
3754098,2015-10-31,Chelsea,86,0.060638,Open Play,Blocked
3754098,2015-10-31,Chelsea,86,0.058805,Open Play,Off T
3754098,2015-10-31,Liverpool,90,0.048774,Open Play,Blocked
3754098,2015-10-31,Chelsea,91,0.056242,Open Play,Blocked
3754099,2015-10-03,Crystal Palace,5,0.038433,Open Play,Saved
3754099,2015-10-03,Crystal Palace,6,0.106194,Open Play,Off T
3754099,2015-10-03,West Bromwich Albion,11,0.019510,Open Play,Off T
3754099,2015-10-03,Crystal Palace,16,0.010393,Open Play,Blocked
3754099,2015-10-03,Crystal Palace,16,0.034607,Open Play,Blocked
3754099,2015-10-03,Crystal Palace,17,0.023252,Open Play,Saved
3754099,2015-10-03,West Bromwich Albion,25,0.055682,Open Play,Off T
3754099,2015-10-03,Crystal Palace,27,0.077615,Open Play,Blocked
3754099,2015-10-03,Crystal Palace,28,0.028657,Open Play,Off T
3754099,2015-10-03,Crystal Palace,30,0.018948,Open Play,Saved
3754099,2015-10-03,Crystal Palace,36,0.114643,Open Play,Saved
3754099,2015-10-03,Crystal Palace,37,0.040590,Open Play,Off T
3754099,2015-10-03,Crystal Palace,40,0.043339,Open Play,Saved
3754099,2015-10-03,Crystal Palace,40,0.039293,Open Play,Blocked
3754099,2015-10-03,West Bromwich Albion,41,0.016401,Open Play,Blocked
3754099,2015-10-03,West Bromwich Albion,47,0.026789,Open Play,Blocked
3754099,2015-10-03,Crystal Palace,52,0.019633,Open Play,Blocked
3754099,2015-10-03,Crystal Palace,54,0.042823,Open Play,Blocked
3754099,2015-10-03,Crystal Palace,55,0.038173,Open Play,Blocked
3754099,2015-10-03,Crystal Palace,56,0.030448,Open Play,Off T
3754099,2015-10-03,West Bromwich Albion,62,0.021336,Open Play,Saved
3754099,2015-10-03,Crystal Palace,64,0.022916,Open Play,Wayward
3754099,2015-10-03,Crystal Palace,67,0.333602,Open Play,Goal
3754099,2015-10-03,Crystal Palace,78,0.019970,Open Play,Saved
3754099,2015-10-03,Crystal Palace,88,0.783500,Penalty,Goal
3754099,2015-10-03,West Bromwich Albion,92,0.064376,Open Play,Saved
3754100,2016-03-20,Sunderland,2,0.008041,Open Play,Blocked
3754100,2016-03-20,Sunderland,2,0.062428,Open Play,Off T
3754100,2016-03-20,Newcastle United,7,0.234838,Open Play,Off T
3754100,2016-03-20,Sunderland,8,0.083274,Open Play,Saved
3754100,2016-03-20,Sunderland,9,0.030241,Open Play,Off T
3754100,2016-03-20,Newcastle United,12,0.207749,Open Play,Wayward
3754100,2016-03-20,Newcastle United,12,0.026155,Open Play,Off T
3754100,2016-03-20,Sunderland,18,0.088924,Open Play,Off T
3754100,2016-03-20,Newcastle United,19,0.056887,Open Play,Saved
3754100,2016-03-20,Sunderland,20,0.040420,Open Play,Off T
3754100,2016-03-20,Newcastle United,30,0.097338,Free Kick,Off T
3754100,2016-03-20,Sunderland,36,0.023834,Free Kick,Off T
3754100,2016-03-20,Newcastle United,39,0.023575,Open Play,Off T
3754100,2016-03-20,Sunderland,41,0.027709,Open Play,Off T
3754100,2016-03-20,Sunderland,43,0.024505,Open Play,Saved
3754100,2016-03-20,Sunderland,43,0.074940,Open Play,Goal
3754100,2016-03-20,Newcastle United,47,0.122382,Open Play,Wayward
3754100,2016-03-20,Newcastle United,47,0.187366,Open Play,Blocked
3754100,2016-03-20,Newcastle United,52,0.097012,Open Play,Saved
3754100,2016-03-20,Newcastle United,54,0.064561,Open Play,Saved
3754100,2016-03-20,Sunderland,54,0.028133,Open Play,Saved
3754100,2016-03-20,Sunderland,57,0.007908,Open Play,Blocked
3754100,2016-03-20,Sunderland,57,0.076117,Open Play,Saved
3754100,2016-03-20,Sunderland,59,0.028146,Open Play,Off T
3754100,2016-03-20,Newcastle United,65,0.058294,Open Play,Saved
3754100,2016-03-20,Newcastle United,71,0.034483,Open Play,Off T
3754100,2016-03-20,Newcastle United,72,0.025314,Open Play,Blocked
3754100,2016-03-20,Newcastle United,73,0.034251,Open Play,Saved
3754100,2016-03-20,Newcastle United,74,0.065174,Open Play,Blocked
3754100,2016-03-20,Newcastle United,82,0.127618,Open Play,Goal
3754100,2016-03-20,Newcastle United,84,0.024956,Open Play,Saved
3754101,2016-01-02,Southampton,3,0.071675,Open Play,Blocked
3754101,2016-01-02,Southampton,3,0.177674,Open Play,Off T
3754101,2016-01-02,Southampton,9,0.022087,Open Play,Off T
3754101,2016-01-02,Norwich City,10,0.165237,Open Play,Off T
3754101,2016-01-02,Southampton,11,0.059080,Open Play,Saved
3754101,2016-01-02,Southampton,28,0.092777,Open Play,Wayward
3754101,2016-01-02,Norwich City,29,0.400492,Open Play,Off T
3754101,2016-01-02,Southampton,31,0.232896,Open Play,Saved
3754101,2016-01-02,Southampton,32,0.093409,Open Play,Saved
3754101,2016-01-02,Southampton,36,0.101129,Open Play,Off T
3754101,2016-01-02,Norwich City,37,0.065240,Open Play,Off T
3754101,2016-01-02,Southampton,41,0.025714,Open Play,Saved
3754101,2016-01-02,Norwich City,43,0.223573,Open Play,Off T
3754101,2016-01-02,Norwich City,61,0.053405,Open Play,Off T
3754101,2016-01-02,Norwich City,66,0.052376,Open Play,Off T
3754101,2016-01-02,Southampton,67,0.110831,Open Play,Off T
3754101,2016-01-02,Norwich City,70,0.041557,Free Kick,Blocked
3754101,2016-01-02,Norwich City,73,0.072296,Open Play,Blocked
3754101,2016-01-02,Norwich City,74,0.032675,Open Play,Blocked
3754101,2016-01-02,Norwich City,75,0.062410,Open Play,Goal
3754102,2015-10-18,Newcastle United,2,0.244563,Open Play,Blocked
3754102,2015-10-18,Newcastle United,13,0.311761,Open Play,Goal
3754102,2015-10-18,Norwich City,16,0.023373,Open Play,Post
3754102,2015-10-18,Norwich City,19,0.486808,Open Play,Goal
3754102,2015-10-18,Newcastle United,25,0.083437,Open Play,Goal
3754102,2015-10-18,Norwich City,26,0.030493,Open Play,Blocked
3754102,2015-10-18,Norwich City,31,0.067059,Open Play,Blocked
3754102,2015-10-18,Newcastle United,32,0.076813,Open Play,Blocked
3754102,2015-10-18,Newcastle United,32,0.099638,Open Play,Goal
3754102,2015-10-18,Norwich City,33,0.069910,Open Play,Goal
3754102,2015-10-18,Newcastle United,38,0.107065,Open Play,Off T
3754102,2015-10-18,Newcastle United,45,0.101749,Open Play,Blocked
3754102,2015-10-18,Newcastle United,45,0.065385,Open Play,Off T
3754102,2015-10-18,Norwich City,52,0.095218,Open Play,Blocked
3754102,2015-10-18,Norwich City,53,0.016900,Open Play,Blocked
3754102,2015-10-18,Norwich City,58,0.008121,Free Kick,Off T
3754102,2015-10-18,Norwich City,59,0.010814,Open Play,Off T
3754102,2015-10-18,Newcastle United,63,0.268735,Open Play,Goal
3754102,2015-10-18,Newcastle United,65,0.485283,Open Play,Goal
3754102,2015-10-18,Norwich City,68,0.010256,Open Play,Post
3754102,2015-10-18,Norwich City,71,0.105883,Open Play,Saved
3754102,2015-10-18,Norwich City,71,0.128433,Open Play,Blocked
3754102,2015-10-18,Norwich City,71,0.084982,Open Play,Blocked
3754102,2015-10-18,Norwich City,72,0.047701,Open Play,Blocked
3754102,2015-10-18,Norwich City,72,0.033928,Open Play,Saved
3754102,2015-10-18,Norwich City,75,0.030136,Open Play,Saved
3754102,2015-10-18,Newcastle United,84,0.036392,Open Play,Goal
3754102,2015-10-18,Norwich City,88,0.043690,Open Play,Blocked
3754102,2015-10-18,Norwich City,92,0.053363,Open Play,Off T
3754103,2016-02-03,Watford,6,0.043147,Open Play,Blocked
3754103,2016-02-03,Watford,9,0.025931,Open Play,Blocked
3754103,2016-02-03,Chelsea,14,0.038137,Open Play,Blocked
3754103,2016-02-03,Watford,17,0.025133,Open Play,Blocked
3754103,2016-02-03,Watford,17,0.129952,Open Play,Blocked
3754103,2016-02-03,Watford,20,0.020055,Open Play,Blocked
3754103,2016-02-03,Watford,23,0.026153,Open Play,Blocked
3754103,2016-02-03,Watford,24,0.349822,Open Play,Blocked
3754103,2016-02-03,Watford,25,0.013694,Open Play,Blocked
3754103,2016-02-03,Watford,26,0.071652,Open Play,Saved
3754103,2016-02-03,Watford,27,0.047877,Open Play,Saved
3754103,2016-02-03,Watford,27,0.045822,Open Play,Saved
3754103,2016-02-03,Chelsea,32,0.103025,Open Play,Blocked
3754103,2016-02-03,Chelsea,33,0.061352,Open Play,Blocked
3754103,2016-02-03,Chelsea,41,0.049055,Open Play,Off T
3754103,2016-02-03,Chelsea,48,0.022919,Open Play,Blocked
3754103,2016-02-03,Chelsea,46,0.060298,Open Play,Blocked
3754103,2016-02-03,Chelsea,46,0.024964,Open Play,Saved
3754103,2016-02-03,Watford,48,0.037157,Open Play,Off T
3754103,2016-02-03,Watford,51,0.064637,Open Play,Off T
3754103,2016-02-03,Chelsea,54,0.132532,Open Play,Off T
3754103,2016-02-03,Chelsea,59,0.016116,Open Play,Saved
3754103,2016-02-03,Chelsea,69,0.048011,Open Play,Saved
3754103,2016-02-03,Chelsea,77,0.104685,Open Play,Saved
3754103,2016-02-03,Chelsea,83,0.152921,Open Play,Off T
3754103,2016-02-03,Chelsea,87,0.125356,Open Play,Saved
3754104,2015-08-22,Stoke City,10,0.396435,Open Play,Goal
3754104,2015-08-22,Norwich City,11,0.007247,Open Play,Off T
3754104,2015-08-22,Stoke City,12,0.016343,Open Play,Off T
3754104,2015-08-22,Norwich City,15,0.021416,Open Play,Saved
3754104,2015-08-22,Norwich City,17,0.023063,Open Play,Off T
3754104,2015-08-22,Norwich City,23,0.020295,Open Play,Off T
3754104,2015-08-22,Norwich City,27,0.288330,Open Play,Saved
3754104,2015-08-22,Norwich City,27,0.215098,Open Play,Goal
3754104,2015-08-22,Norwich City,37,0.053114,Free Kick,Off T
3754104,2015-08-22,Norwich City,44,0.028606,Open Play,Blocked
3754104,2015-08-22,Norwich City,45,0.033619,Open Play,Blocked
3754104,2015-08-22,Norwich City,45,0.009108,Open Play,Off T
3754104,2015-08-22,Norwich City,49,0.446215,Open Play,Off T
3754104,2015-08-22,Norwich City,50,0.122640,Open Play,Off T
3754104,2015-08-22,Norwich City,52,0.092116,Open Play,Saved to Post
3754104,2015-08-22,Stoke City,56,0.008750,Open Play,Off T
3754104,2015-08-22,Norwich City,60,0.279507,Open Play,Saved
3754104,2015-08-22,Stoke City,68,0.074828,Open Play,Off T
3754104,2015-08-22,Stoke City,75,0.026316,Open Play,Blocked
3754104,2015-08-22,Norwich City,83,0.043838,Open Play,Blocked
3754104,2015-08-22,Norwich City,84,0.039871,Open Play,Saved
3754104,2015-08-22,Norwich City,85,0.224700,Open Play,Saved
3754104,2015-08-22,Norwich City,86,0.082845,Open Play,Blocked
3754104,2015-08-22,Stoke City,88,0.096744,Open Play,Off T
3754104,2015-08-22,Norwich City,90,0.183715,Open Play,Off T
3754104,2015-08-22,Norwich City,91,0.042386,Open Play,Blocked
3754104,2015-08-22,Norwich City,92,0.037174,Open Play,Blocked
3754104,2015-08-22,Norwich City,92,0.038167,Open Play,Off T
3754105,2015-09-28,West Bromwich Albion,8,0.034976,Open Play,Saved
3754105,2015-09-28,Everton,28,0.289617,Open Play,Off T
3754105,2015-09-28,Everton,36,0.016255,Open Play,Off T
3754105,2015-09-28,West Bromwich Albion,40,0.171598,Open Play,Goal
3754105,2015-09-28,Everton,42,0.009521,Open Play,Saved Off Target
3754105,2015-09-28,Everton,43,0.066957,Open Play,Blocked
3754105,2015-09-28,Everton,43,0.147583,Open Play,Off T
3754105,2015-09-28,West Bromwich Albion,44,0.007426,Open Play,Off T
3754105,2015-09-28,West Bromwich Albion,46,0.057537,Open Play,Blocked
3754105,2015-09-28,West Bromwich Albion,46,0.156864,Open Play,Off T
3754105,2015-09-28,West Bromwich Albion,52,0.147563,Open Play,Saved
3754105,2015-09-28,West Bromwich Albion,53,0.166061,Open Play,Goal
3754105,2015-09-28,Everton,54,0.079842,Open Play,Goal
3754105,2015-09-28,Everton,56,0.092449,Open Play,Off T
3754105,2015-09-28,West Bromwich Albion,61,0.022734,Open Play,Saved
3754105,2015-09-28,Everton,63,0.072912,Free Kick,Blocked
3754105,2015-09-28,Everton,74,0.437427,Open Play,Goal
3754105,2015-09-28,Everton,83,0.549406,Open Play,Goal
3754105,2015-09-28,West Bromwich Albion,86,0.057324,Open Play,Off T
3754105,2015-09-28,Everton,89,0.018788,Open Play,Saved
3754105,2015-09-28,Everton,90,0.053925,Open Play,Blocked
3754105,2015-09-28,West Bromwich Albion,92,0.034672,Open Play,Blocked
3754106,2015-09-13,Leicester City,1,0.027066,Open Play,Blocked
3754106,2015-09-13,Leicester City,1,0.047940,Open Play,Off T
3754106,2015-09-13,Leicester City,3,0.007700,Open Play,Off T
3754106,2015-09-13,Aston Villa,6,0.037992,Open Play,Off T
3754106,2015-09-13,Aston Villa,7,0.559558,Open Play,Off T
3754106,2015-09-13,Leicester City,9,0.150632,Open Play,Off T
3754106,2015-09-13,Leicester City,12,0.027412,Open Play,Saved
3754106,2015-09-13,Aston Villa,19,0.099268,Open Play,Saved
3754106,2015-09-13,Aston Villa,23,0.114650,Open Play,Saved
3754106,2015-09-13,Aston Villa,31,0.044361,Open Play,Blocked
3754106,2015-09-13,Leicester City,34,0.031738,Open Play,Blocked
3754106,2015-09-13,Aston Villa,38,0.034242,Open Play,Blocked
3754106,2015-09-13,Aston Villa,38,0.169427,Open Play,Blocked
3754106,2015-09-13,Aston Villa,38,0.069293,Open Play,Goal
3754106,2015-09-13,Leicester City,45,0.020536,Open Play,Saved
3754106,2015-09-13,Leicester City,47,0.065630,Open Play,Off T
3754106,2015-09-13,Leicester City,48,0.024911,Open Play,Off T
3754106,2015-09-13,Leicester City,51,0.032962,Open Play,Blocked
3754106,2015-09-13,Leicester City,52,0.063258,Open Play,Blocked
3754106,2015-09-13,Aston Villa,56,0.011731,Open Play,Off T
3754106,2015-09-13,Leicester City,60,0.032192,Open Play,Wayward
3754106,2015-09-13,Aston Villa,62,0.049039,Open Play,Goal
3754106,2015-09-13,Leicester City,66,0.115037,Open Play,Off T
3754106,2015-09-13,Leicester City,71,0.064733,Open Play,Goal
3754106,2015-09-13,Aston Villa,73,0.027364,Open Play,Blocked
3754106,2015-09-13,Leicester City,75,0.105538,Open Play,Blocked
3754106,2015-09-13,Leicester City,76,0.029094,Open Play,Blocked
3754106,2015-09-13,Leicester City,79,0.037986,Open Play,Blocked
3754106,2015-09-13,Leicester City,81,0.258995,Open Play,Goal
3754106,2015-09-13,Leicester City,83,0.042760,Open Play,Saved
3754106,2015-09-13,Leicester City,88,0.244784,Open Play,Goal
3754106,2015-09-13,Leicester City,94,0.067222,Open Play,Off T
3754107,2015-08-14,Manchester United,15,0.116065,Open Play,Off T
3754107,2015-08-14,Manchester United,21,0.013210,Open Play,Blocked
3754107,2015-08-14,Manchester United,22,0.060506,Open Play,Blocked
3754107,2015-08-14,Manchester United,28,0.088873,Open Play,Goal
3754107,2015-08-14,Aston Villa,37,0.070613,Open Play,Off T
3754107,2015-08-14,Aston Villa,47,0.092459,Open Play,Off T
3754107,2015-08-14,Aston Villa,54,0.047294,Open Play,Saved
3754107,2015-08-14,Aston Villa,56,0.064329,Open Play,Blocked
3754107,2015-08-14,Manchester United,66,0.007038,Open Play,Blocked
3754107,2015-08-14,Manchester United,68,0.008386,Free Kick,Off T
3754107,2015-08-14,Manchester United,72,0.195417,Open Play,Off T
3754107,2015-08-14,Aston Villa,74,0.049814,Open Play,Wayward
3754107,2015-08-14,Manchester United,77,0.051453,Open Play,Saved
3754108,2016-05-07,Sunderland,1,0.050913,Free Kick,Blocked
3754108,2016-05-07,Chelsea,9,0.095527,Open Play,Saved
3754108,2016-05-07,Chelsea,13,0.038392,Open Play,Goal
3754108,2016-05-07,Sunderland,23,0.036204,Open Play,Off T
3754108,2016-05-07,Sunderland,25,0.325498,Open Play,Saved
3754108,2016-05-07,Sunderland,36,0.031920,Open Play,Blocked
3754108,2016-05-07,Chelsea,38,0.010999,Open Play,Saved
3754108,2016-05-07,Sunderland,40,0.017063,Open Play,Goal
3754108,2016-05-07,Chelsea,47,0.381172,Open Play,Goal
3754108,2016-05-07,Sunderland,46,0.035465,Open Play,Blocked
3754108,2016-05-07,Chelsea,48,0.223234,Open Play,Saved
3754108,2016-05-07,Sunderland,48,0.039608,Open Play,Blocked
3754108,2016-05-07,Sunderland,50,0.112456,Open Play,Blocked
3754108,2016-05-07,Sunderland,55,0.047458,Open Play,Blocked
3754108,2016-05-07,Chelsea,61,0.248900,Open Play,Saved
3754108,2016-05-07,Sunderland,63,0.038730,Open Play,Off T
3754108,2016-05-07,Sunderland,66,0.061303,Open Play,Goal
3754108,2016-05-07,Sunderland,69,0.144922,Open Play,Goal
3754108,2016-05-07,Chelsea,73,0.069196,Free Kick,Saved
3754108,2016-05-07,Sunderland,87,0.015568,Open Play,Blocked
3754108,2016-05-07,Chelsea,89,0.081553,Free Kick,Blocked
3754108,2016-05-07,Sunderland,92,0.009186,Open Play,Off T
3754108,2016-05-07,Chelsea,95,0.009482,Open Play,Saved
3754109,2015-11-22,West Ham United,7,0.005798,Open Play,Off T
3754109,2015-11-22,West Ham United,8,0.020340,Open Play,Blocked
3754109,2015-11-22,Tottenham Hotspur,19,0.017678,Open Play,Blocked
3754109,2015-11-22,Tottenham Hotspur,20,0.037159,Open Play,Saved
3754109,2015-11-22,Tottenham Hotspur,22,0.060890,Open Play,Blocked
3754109,2015-11-22,Tottenham Hotspur,22,0.481036,Open Play,Goal
3754109,2015-11-22,West Ham United,24,0.043441,Open Play,Blocked
3754109,2015-11-22,West Ham United,24,0.289166,Open Play,Post
3754109,2015-11-22,West Ham United,24,0.039593,Open Play,Saved
3754109,2015-11-22,Tottenham Hotspur,27,0.007826,Open Play,Off T
3754109,2015-11-22,Tottenham Hotspur,32,0.442774,Open Play,Goal
3754109,2015-11-22,Tottenham Hotspur,35,0.134361,Open Play,Saved
3754109,2015-11-22,Tottenham Hotspur,35,0.073157,Open Play,Post
3754109,2015-11-22,West Ham United,36,0.007884,Open Play,Saved
3754109,2015-11-22,Tottenham Hotspur,38,0.410153,Open Play,Off T
3754109,2015-11-22,Tottenham Hotspur,40,0.031682,Open Play,Blocked
3754109,2015-11-22,West Ham United,42,0.048963,Open Play,Off T
3754109,2015-11-22,Tottenham Hotspur,47,0.063957,Open Play,Blocked
3754109,2015-11-22,Tottenham Hotspur,49,0.035430,Open Play,Saved
3754109,2015-11-22,Tottenham Hotspur,49,0.034660,Open Play,Goal
3754109,2015-11-22,Tottenham Hotspur,51,0.016017,Open Play,Saved
3754109,2015-11-22,Tottenham Hotspur,51,0.089914,Open Play,Saved
3754109,2015-11-22,Tottenham Hotspur,56,0.060545,Open Play,Blocked
3754109,2015-11-22,Tottenham Hotspur,59,0.043875,Open Play,Off T
3754109,2015-11-22,Tottenham Hotspur,67,0.028056,Open Play,Saved
3754109,2015-11-22,West Ham United,72,0.028612,Open Play,Blocked
3754109,2015-11-22,West Ham United,72,0.107591,Open Play,Saved
3754109,2015-11-22,Tottenham Hotspur,80,0.261015,Open Play,Saved
3754109,2015-11-22,Tottenham Hotspur,80,0.162946,Open Play,Saved
3754109,2015-11-22,Tottenham Hotspur,83,0.146269,Open Play,Goal
3754109,2015-11-22,West Ham United,86,0.158805,Open Play,Goal
3754109,2015-11-22,Tottenham Hotspur,88,0.021531,Open Play,Post
3754110,2016-01-23,West Ham United,0,0.086055,Open Play,Goal
3754110,2016-01-23,Manchester City,5,0.145867,Open Play,Blocked
3754110,2016-01-23,Manchester City,6,0.017461,Open Play,Post
3754110,2016-01-23,Manchester City,8,0.783500,Penalty,Goal
3754110,2016-01-23,West Ham United,33,0.048395,Free Kick,Saved
3754110,2016-01-23,West Ham United,35,0.072904,Open Play,Off T
3754110,2016-01-23,Manchester City,47,0.041667,Free Kick,Blocked
3754110,2016-01-23,West Ham United,50,0.079159,Open Play,Off T
3754110,2016-01-23,Manchester City,54,0.042209,Open Play,Blocked
3754110,2016-01-23,West Ham United,55,0.360939,Open Play,Goal
3754110,2016-01-23,Manchester City,57,0.025010,Open Play,Blocked
3754110,2016-01-23,Manchester City,58,0.007098,Open Play,Blocked
3754110,2016-01-23,Manchester City,59,0.038725,Open Play,Blocked
3754110,2016-01-23,West Ham United,64,0.018738,Open Play,Off T
3754110,2016-01-23,Manchester City,71,0.041040,Open Play,Off T
3754110,2016-01-23,West Ham United,76,0.007672,Open Play,Blocked
3754110,2016-01-23,Manchester City,77,0.041785,Open Play,Blocked
3754110,2016-01-23,Manchester City,80,0.326763,Open Play,Goal
3754110,2016-01-23,Manchester City,81,0.033838,Open Play,Blocked
3754110,2016-01-23,Manchester City,82,0.053255,Open Play,Blocked
3754110,2016-01-23,Manchester City,85,0.026505,Open Play,Blocked
3754110,2016-01-23,Manchester City,85,0.046501,Open Play,Blocked
3754110,2016-01-23,West Ham United,87,0.045374,Open Play,Blocked
3754110,2016-01-23,West Ham United,88,0.121448,Open Play,Wayward
3754110,2016-01-23,Manchester City,92,0.148637,Open Play,Saved
3754110,2016-01-23,West Ham United,93,0.073706,Open Play,Post
3754111,2016-01-24,Arsenal,1,0.076220,Open Play,Wayward
3754111,2016-01-24,Chelsea,1,0.009227,Open Play,Saved Off Target
3754111,2016-01-24,Arsenal,9,0.224342,Open Play,Wayward
3754111,2016-01-24,Chelsea,14,0.050313,Open Play,Wayward
3754111,2016-01-24,Chelsea,14,0.368653,Open Play,Saved
3754111,2016-01-24,Arsenal,15,0.015233,Open Play,Off T
3754111,2016-01-24,Chelsea,22,0.319030,Open Play,Goal
3754111,2016-01-24,Chelsea,27,0.053487,Open Play,Off T
3754111,2016-01-24,Chelsea,31,0.062578,Open Play,Blocked
3754111,2016-01-24,Arsenal,35,0.051807,Open Play,Off T
3754111,2016-01-24,Chelsea,41,0.015737,Open Play,Saved
3754111,2016-01-24,Chelsea,42,0.058211,Open Play,Blocked
3754111,2016-01-24,Arsenal,45,0.317016,Open Play,Off T
3754111,2016-01-24,Chelsea,46,0.037011,Open Play,Blocked
3754111,2016-01-24,Chelsea,54,0.083889,Open Play,Blocked
3754111,2016-01-24,Arsenal,62,0.108235,Open Play,Wayward
3754111,2016-01-24,Arsenal,62,0.107318,Open Play,Blocked
3754111,2016-01-24,Chelsea,69,0.031133,Open Play,Saved
3754111,2016-01-24,Arsenal,86,0.112757,Open Play,Wayward
3754111,2016-01-24,Arsenal,86,0.078440,Open Play,Saved
3754111,2016-01-24,Arsenal,86,0.057241,Open Play,Off T
3754111,2016-01-24,Chelsea,93,0.093845,Open Play,Off T
3754112,2015-08-09,Newcastle United,6,0.212829,Open Play,Blocked
3754112,2015-08-09,Southampton,14,0.069155,Open Play,Post
3754112,2015-08-09,Newcastle United,14,0.074112,Open Play,Saved
3754112,2015-08-09,Southampton,17,0.022433,Open Play,Saved
3754112,2015-08-09,Newcastle United,20,0.092550,Open Play,Blocked
3754112,2015-08-09,Southampton,23,0.039861,Open Play,Goal
3754112,2015-08-09,Newcastle United,29,0.032899,Open Play,Blocked
3754112,2015-08-09,Southampton,34,0.112216,Open Play,Off T
3754112,2015-08-09,Newcastle United,36,0.102744,Open Play,Blocked
3754112,2015-08-09,Southampton,39,0.067990,Open Play,Off T
3754112,2015-08-09,Newcastle United,41,0.872867,Open Play,Goal
3754112,2015-08-09,Southampton,46,0.072735,Open Play,Off T
3754112,2015-08-09,Southampton,46,0.175212,Open Play,Saved
3754112,2015-08-09,Newcastle United,47,0.096518,Open Play,Goal
3754112,2015-08-09,Newcastle United,49,0.021246,Open Play,Off T
3754112,2015-08-09,Newcastle United,61,0.037376,Open Play,Off T
3754112,2015-08-09,Southampton,63,0.067135,Open Play,Off T
3754112,2015-08-09,Southampton,68,0.025065,Open Play,Blocked
3754112,2015-08-09,Newcastle United,69,0.070687,Open Play,Off T
3754112,2015-08-09,Southampton,71,0.087205,Open Play,Off T
3754112,2015-08-09,Southampton,78,0.154475,Open Play,Goal
3754112,2015-08-09,Southampton,83,0.018691,Open Play,Off T
3754112,2015-08-09,Southampton,90,0.275093,Open Play,Blocked
3754112,2015-08-09,Southampton,93,0.142416,Open Play,Off T
3754113,2015-12-05,Southampton,1,0.129753,Open Play,Off T
3754113,2015-12-05,Southampton,2,0.172484,Open Play,Off T
3754113,2015-12-05,Southampton,6,0.098437,Open Play,Off T
3754113,2015-12-05,Southampton,15,0.062680,Open Play,Off T
3754113,2015-12-05,Aston Villa,16,0.007147,Open Play,Off T
3754113,2015-12-05,Southampton,18,0.140204,Open Play,Blocked
3754113,2015-12-05,Southampton,18,0.525630,Open Play,Off T
3754113,2015-12-05,Aston Villa,20,0.008291,Open Play,Saved
3754113,2015-12-05,Southampton,24,0.025334,Free Kick,Blocked
3754113,2015-12-05,Southampton,26,0.030287,Open Play,Saved
3754113,2015-12-05,Southampton,32,0.165231,Open Play,Saved
3754113,2015-12-05,Aston Villa,43,0.530245,Open Play,Goal
3754113,2015-12-05,Southampton,45,0.075247,Open Play,Blocked
3754113,2015-12-05,Southampton,46,0.084233,Open Play,Wayward
3754113,2015-12-05,Southampton,46,0.073640,Open Play,Blocked
3754113,2015-12-05,Aston Villa,55,0.009168,Open Play,Blocked
3754113,2015-12-05,Aston Villa,59,0.046730,Open Play,Blocked
3754113,2015-12-05,Aston Villa,60,0.021079,Open Play,Off T
3754113,2015-12-05,Southampton,61,0.082638,Open Play,Blocked
3754113,2015-12-05,Southampton,62,0.071822,Open Play,Off T
3754113,2015-12-05,Southampton,65,0.116099,Open Play,Off T
3754113,2015-12-05,Southampton,67,0.035972,Open Play,Blocked
3754113,2015-12-05,Aston Villa,69,0.069423,Open Play,Wayward
3754113,2015-12-05,Southampton,69,0.137963,Open Play,Saved
3754113,2015-12-05,Southampton,72,0.631865,Open Play,Goal
3754113,2015-12-05,Aston Villa,79,0.077464,Open Play,Off T
3754113,2015-12-05,Aston Villa,80,0.037961,Open Play,Blocked
3754113,2015-12-05,Southampton,83,0.019973,Open Play,Blocked
3754113,2015-12-05,Southampton,84,0.062896,Open Play,Off T
3754113,2015-12-05,Southampton,89,0.142818,Open Play,Off T
3754113,2015-12-05,Southampton,91,0.030283,Open Play,Off T
3754113,2015-12-05,Southampton,95,0.010312,Open Play,Off T
3754114,2016-01-03,Crystal Palace,6,0.029733,Open Play,Off T
3754114,2016-01-03,Chelsea,8,0.021402,Open Play,Blocked
3754114,2016-01-03,Crystal Palace,16,0.041504,Open Play,Wayward
3754114,2016-01-03,Chelsea,17,0.049009,Open Play,Blocked
3754114,2016-01-03,Crystal Palace,23,0.207996,Open Play,Saved
3754114,2016-01-03,Crystal Palace,24,0.155954,Open Play,Off T
3754114,2016-01-03,Chelsea,28,0.796296,Open Play,Goal
3754114,2016-01-03,Chelsea,35,0.126838,Open Play,Saved
3754114,2016-01-03,Crystal Palace,46,0.019936,Open Play,Wayward
3754114,2016-01-03,Chelsea,52,0.107316,Open Play,Off T
3754114,2016-01-03,Crystal Palace,58,0.329253,Open Play,Saved
3754114,2016-01-03,Chelsea,59,0.052155,Open Play,Goal
3754114,2016-01-03,Crystal Palace,62,0.064089,Open Play,Blocked
3754114,2016-01-03,Chelsea,65,0.590073,Open Play,Goal
3754114,2016-01-03,Chelsea,69,0.028516,Open Play,Blocked
3754114,2016-01-03,Chelsea,84,0.052232,Open Play,Blocked
3754114,2016-01-03,Chelsea,86,0.052530,Open Play,Off T
3754114,2016-01-03,Crystal Palace,90,0.071104,Open Play,Saved
3754115,2015-10-17,Aston Villa,4,0.015441,Open Play,Off T
3754115,2015-10-17,Chelsea,6,0.043864,Open Play,Blocked
3754115,2015-10-17,Aston Villa,10,0.013807,Open Play,Saved
3754115,2015-10-17,Aston Villa,10,0.047407,Open Play,Wayward
3754115,2015-10-17,Aston Villa,15,0.034523,Open Play,Saved
3754115,2015-10-17,Aston Villa,22,0.051482,Free Kick,Off T
3754115,2015-10-17,Chelsea,30,0.033593,Open Play,Blocked
3754115,2015-10-17,Aston Villa,31,0.170770,Open Play,Off T
3754115,2015-10-17,Chelsea,32,0.089980,Open Play,Off T
3754115,2015-10-17,Chelsea,33,0.674477,Open Play,Goal
3754115,2015-10-17,Chelsea,37,0.007511,Free Kick,Saved
3754115,2015-10-17,Aston Villa,39,0.049217,Open Play,Saved
3754115,2015-10-17,Aston Villa,45,0.016662,Open Play,Off T
3754115,2015-10-17,Chelsea,58,0.038559,Open Play,Off T
3754115,2015-10-17,Chelsea,59,0.111788,Open Play,Saved
3754115,2015-10-17,Aston Villa,70,0.071811,Open Play,Blocked
3754115,2015-10-17,Aston Villa,70,0.067457,Open Play,Blocked
3754115,2015-10-17,Aston Villa,72,0.027197,Open Play,Off T
3754115,2015-10-17,Chelsea,77,0.022561,Open Play,Blocked
3754115,2015-10-17,Chelsea,79,0.077776,Open Play,Off T
3754116,2016-04-09,Chelsea,5,0.055101,Open Play,Saved
3754116,2016-04-09,Chelsea,12,0.078621,Open Play,Off T
3754116,2016-04-09,Swansea City,16,0.055791,Open Play,Saved
3754116,2016-04-09,Swansea City,17,0.212831,Open Play,Wayward
3754116,2016-04-09,Swansea City,24,0.092813,Open Play,Goal
3754116,2016-04-09,Swansea City,36,0.021076,Open Play,Saved
3754116,2016-04-09,Swansea City,40,0.108118,Open Play,Saved
3754116,2016-04-09,Chelsea,46,0.087982,Open Play,Blocked
3754116,2016-04-09,Chelsea,46,0.308736,Open Play,Off T
3754116,2016-04-09,Chelsea,45,0.045149,Open Play,Blocked
3754116,2016-04-09,Swansea City,50,0.020567,Open Play,Blocked
3754116,2016-04-09,Swansea City,52,0.446202,Open Play,Saved
3754116,2016-04-09,Chelsea,54,0.741383,Open Play,Off T
3754116,2016-04-09,Swansea City,57,0.024187,Open Play,Saved
3754116,2016-04-09,Swansea City,59,0.066161,Open Play,Blocked
3754116,2016-04-09,Swansea City,59,0.016712,Open Play,Off T
3754116,2016-04-09,Chelsea,71,0.085227,Open Play,Blocked
3754116,2016-04-09,Swansea City,75,0.662567,Open Play,Off T
3754116,2016-04-09,Chelsea,81,0.071508,Open Play,Wayward
3754116,2016-04-09,Chelsea,85,0.183477,Open Play,Saved
3754116,2016-04-09,Swansea City,91,0.098700,Open Play,Blocked
3754117,2015-12-13,Aston Villa,5,0.041535,Open Play,Saved
3754117,2015-12-13,Arsenal,7,0.783500,Penalty,Goal
3754117,2015-12-13,Arsenal,19,0.083645,Open Play,Blocked
3754117,2015-12-13,Arsenal,19,0.057765,Open Play,Off T
3754117,2015-12-13,Aston Villa,20,0.068182,Open Play,Off T
3754117,2015-12-13,Aston Villa,24,0.024127,Open Play,Blocked
3754117,2015-12-13,Aston Villa,30,0.031866,Open Play,Off T
3754117,2015-12-13,Arsenal,37,0.719042,Open Play,Goal
3754117,2015-12-13,Arsenal,40,0.037833,Open Play,Blocked
3754117,2015-12-13,Aston Villa,42,0.103651,Open Play,Off T
3754117,2015-12-13,Aston Villa,45,0.062063,Open Play,Wayward
3754117,2015-12-13,Aston Villa,47,0.025001,Open Play,Off T
3754117,2015-12-13,Aston Villa,48,0.091127,Open Play,Off T
3754117,2015-12-13,Aston Villa,49,0.022351,Open Play,Blocked
3754117,2015-12-13,Aston Villa,49,0.022985,Open Play,Saved
3754117,2015-12-13,Aston Villa,54,0.022601,Open Play,Blocked
3754117,2015-12-13,Aston Villa,55,0.227230,Open Play,Off T
3754117,2015-12-13,Aston Villa,58,0.032634,Open Play,Blocked
3754117,2015-12-13,Aston Villa,59,0.040326,Open Play,Off T
3754117,2015-12-13,Aston Villa,62,0.039270,Open Play,Off T
3754117,2015-12-13,Arsenal,65,0.044320,Open Play,Blocked
3754117,2015-12-13,Aston Villa,70,0.022195,Open Play,Off T
3754117,2015-12-13,Aston Villa,77,0.038047,Open Play,Off T
3754117,2015-12-13,Aston Villa,80,0.029533,Open Play,Blocked
3754117,2015-12-13,Arsenal,81,0.062986,Open Play,Saved
3754117,2015-12-13,Aston Villa,90,0.084065,Open Play,Off T
3754117,2015-12-13,Arsenal,91,0.014340,Open Play,Off T
3754117,2015-12-13,Arsenal,92,0.100262,Open Play,Saved
3754118,2016-04-02,Arsenal,3,0.153116,Open Play,Saved
3754118,2016-04-02,Arsenal,3,0.569674,Open Play,Goal
3754118,2016-04-02,Arsenal,7,0.122865,Open Play,Off T
3754118,2016-04-02,Arsenal,12,0.122240,Open Play,Blocked
3754118,2016-04-02,Arsenal,13,0.008467,Open Play,Saved
3754118,2016-04-02,Arsenal,14,0.062186,Open Play,Blocked
3754118,2016-04-02,Watford,17,0.040719,Open Play,Saved
3754118,2016-04-02,Arsenal,20,0.053671,Open Play,Blocked
3754118,2016-04-02,Arsenal,21,0.041108,Open Play,Blocked
3754118,2016-04-02,Arsenal,23,0.034079,Free Kick,Saved
3754118,2016-04-02,Arsenal,37,0.216957,Open Play,Goal
3754118,2016-04-02,Arsenal,45,0.022930,Open Play,Saved
3754118,2016-04-02,Arsenal,47,0.041442,Open Play,Goal
3754118,2016-04-02,Arsenal,49,0.107604,Open Play,Post
3754118,2016-04-02,Arsenal,49,0.077629,Open Play,Off T
3754118,2016-04-02,Arsenal,52,0.281373,Open Play,Saved
3754118,2016-04-02,Arsenal,53,0.030818,Open Play,Saved
3754118,2016-04-02,Arsenal,53,0.081886,Open Play,Saved
3754118,2016-04-02,Watford,54,0.008285,Open Play,Wayward
3754118,2016-04-02,Watford,55,0.058696,Open Play,Blocked
3754118,2016-04-02,Watford,55,0.113003,Open Play,Off T
3754118,2016-04-02,Watford,69,0.199770,Open Play,Saved
3754118,2016-04-02,Arsenal,72,0.069075,Open Play,Saved
3754118,2016-04-02,Watford,84,0.005223,Open Play,Blocked
3754118,2016-04-02,Watford,84,0.006360,Open Play,Off T
3754118,2016-04-02,Arsenal,89,0.479594,Open Play,Goal
3754119,2015-10-25,Newcastle United,2,0.414827,Open Play,Saved
3754119,2015-10-25,Newcastle United,4,0.064535,Open Play,Blocked
3754119,2015-10-25,Newcastle United,11,0.037371,Open Play,Off T
3754119,2015-10-25,Sunderland,14,0.021841,Open Play,Blocked
3754119,2015-10-25,Newcastle United,15,0.054690,Open Play,Saved
3754119,2015-10-25,Newcastle United,18,0.073913,Open Play,Wayward
3754119,2015-10-25,Newcastle United,18,0.839297,Open Play,Off T
3754119,2015-10-25,Newcastle United,19,0.031612,Open Play,Blocked
3754119,2015-10-25,Newcastle United,24,0.026376,Open Play,Saved
3754119,2015-10-25,Sunderland,24,0.064236,Open Play,Blocked
3754119,2015-10-25,Newcastle United,25,0.183129,Open Play,Saved
3754119,2015-10-25,Newcastle United,26,0.070947,Open Play,Off T
3754119,2015-10-25,Newcastle United,32,0.168100,Open Play,Wayward
3754119,2015-10-25,Newcastle United,43,0.061820,Free Kick,Saved
3754119,2015-10-25,Newcastle United,44,0.010395,Open Play,Blocked
3754119,2015-10-25,Sunderland,47,0.783500,Penalty,Goal
3754119,2015-10-25,Sunderland,53,0.058982,Open Play,Blocked
3754119,2015-10-25,Newcastle United,54,0.455601,Open Play,Saved
3754119,2015-10-25,Newcastle United,55,0.032253,Open Play,Saved
3754119,2015-10-25,Sunderland,63,0.022740,Open Play,Blocked
3754119,2015-10-25,Sunderland,64,0.036030,Open Play,Blocked
3754119,2015-10-25,Sunderland,64,0.867783,Open Play,Goal
3754119,2015-10-25,Newcastle United,69,0.053915,Open Play,Saved
3754119,2015-10-25,Newcastle United,69,0.029468,Open Play,Off T
3754119,2015-10-25,Sunderland,71,0.032034,Open Play,Post
3754119,2015-10-25,Newcastle United,73,0.042791,Open Play,Off T
3754119,2015-10-25,Newcastle United,74,0.023623,Open Play,Blocked
3754119,2015-10-25,Newcastle United,76,0.155699,Open Play,Off T
3754119,2015-10-25,Newcastle United,80,0.042193,Open Play,Blocked
3754119,2015-10-25,Newcastle United,80,0.025410,Open Play,Off T
3754119,2015-10-25,Sunderland,85,0.190631,Open Play,Goal
3754120,2016-02-06,Southampton,7,0.040876,Open Play,Saved
3754120,2016-02-06,Southampton,8,0.351148,Open Play,Goal
3754120,2016-02-06,Southampton,11,0.065751,Open Play,Off T
3754120,2016-02-06,West Ham United,16,0.028402,Open Play,Blocked
3754120,2016-02-06,West Ham United,19,0.007431,Open Play,Blocked
3754120,2016-02-06,Southampton,24,0.114704,Open Play,Blocked
3754120,2016-02-06,Southampton,24,0.024817,Open Play,Blocked
3754120,2016-02-06,West Ham United,28,0.109840,Open Play,Saved
3754120,2016-02-06,West Ham United,28,0.038779,Open Play,Blocked
3754120,2016-02-06,West Ham United,35,0.112454,Open Play,Off T
3754120,2016-02-06,West Ham United,40,0.037425,Open Play,Blocked
3754120,2016-02-06,West Ham United,41,0.020874,Open Play,Blocked
3754120,2016-02-06,West Ham United,51,0.012075,Open Play,Saved
3754120,2016-02-06,West Ham United,57,0.010601,Open Play,Blocked
3754120,2016-02-06,Southampton,62,0.079116,Open Play,Off T
3754120,2016-02-06,West Ham United,70,0.025327,Open Play,Blocked
3754120,2016-02-06,West Ham United,71,0.052747,Open Play,Off T
3754120,2016-02-06,West Ham United,74,0.090637,Open Play,Off T
3754120,2016-02-06,West Ham United,75,0.064547,Open Play,Blocked
3754120,2016-02-06,Southampton,77,0.041174,Open Play,Blocked
3754120,2016-02-06,West Ham United,79,0.033383,Open Play,Off T
3754120,2016-02-06,West Ham United,81,0.047931,Open Play,Blocked
3754120,2016-02-06,West Ham United,83,0.009318,Open Play,Off T
3754120,2016-02-06,Southampton,87,0.094427,Open Play,Off T
3754120,2016-02-06,West Ham United,88,0.009681,Free Kick,Off T
3754120,2016-02-06,West Ham United,94,0.079906,Open Play,Blocked
3754120,2016-02-06,West Ham United,94,0.085666,Open Play,Blocked
3754121,2016-02-27,Watford,1,0.066203,Open Play,Saved
3754121,2016-02-27,Watford,7,0.224884,Open Play,Off T
3754121,2016-02-27,AFC Bournemouth,11,0.018419,Open Play,Off T
3754121,2016-02-27,Watford,13,0.040872,Open Play,Blocked
3754121,2016-02-27,Watford,19,0.047674,Open Play,Blocked
3754121,2016-02-27,Watford,30,0.018245,Open Play,Off T
3754121,2016-02-27,AFC Bournemouth,37,0.099627,Open Play,Blocked
3754121,2016-02-27,AFC Bournemouth,51,0.142111,Open Play,Off T
3754121,2016-02-27,Watford,52,0.030149,Open Play,Blocked
3754121,2016-02-27,AFC Bournemouth,54,0.307941,Open Play,Off T
3754121,2016-02-27,AFC Bournemouth,59,0.029061,Open Play,Blocked
3754121,2016-02-27,AFC Bournemouth,59,0.027989,Open Play,Saved
3754121,2016-02-27,Watford,60,0.036997,Open Play,Blocked
3754121,2016-02-27,Watford,63,0.029758,Open Play,Blocked
3754121,2016-02-27,Watford,66,0.151634,Open Play,Off T
3754121,2016-02-27,Watford,68,0.053236,Open Play,Off T
3754121,2016-02-27,AFC Bournemouth,69,0.140181,Open Play,Off T
3754121,2016-02-27,Watford,70,0.016914,Open Play,Off T
3754121,2016-02-27,Watford,74,0.091900,Open Play,Off T
3754121,2016-02-27,Watford,76,0.081002,Open Play,Off T
3754121,2016-02-27,AFC Bournemouth,79,0.184089,Open Play,Saved
3754121,2016-02-27,AFC Bournemouth,79,0.052657,Open Play,Off T
3754121,2016-02-27,AFC Bournemouth,83,0.016741,Open Play,Blocked
3754121,2016-02-27,AFC Bournemouth,85,0.028508,Open Play,Off T
3754121,2016-02-27,AFC Bournemouth,86,0.109172,Open Play,Saved
3754121,2016-02-27,Watford,91,0.019907,Open Play,Wayward
3754122,2016-01-02,West Bromwich Albion,3,0.083520,Open Play,Blocked
3754122,2016-01-02,Stoke City,7,0.058050,Open Play,Blocked
3754122,2016-01-02,Stoke City,7,0.063689,Open Play,Blocked
3754122,2016-01-02,West Bromwich Albion,11,0.053916,Open Play,Off T
3754122,2016-01-02,West Bromwich Albion,14,0.092271,Open Play,Wayward
3754122,2016-01-02,West Bromwich Albion,14,0.494593,Open Play,Off T
3754122,2016-01-02,Stoke City,17,0.035987,Open Play,Saved
3754122,2016-01-02,West Bromwich Albion,19,0.033888,Open Play,Saved
3754122,2016-01-02,Stoke City,25,0.063801,Open Play,Blocked
3754122,2016-01-02,Stoke City,27,0.059588,Open Play,Saved
3754122,2016-01-02,Stoke City,34,0.053295,Open Play,Blocked
3754122,2016-01-02,Stoke City,35,0.041115,Open Play,Blocked
3754122,2016-01-02,Stoke City,36,0.043469,Open Play,Blocked
3754122,2016-01-02,West Bromwich Albion,41,0.109572,Open Play,Off T
3754122,2016-01-02,West Bromwich Albion,43,0.031351,Open Play,Blocked
3754122,2016-01-02,Stoke City,51,0.104354,Open Play,Saved Off Target
3754122,2016-01-02,West Bromwich Albion,58,0.070190,Open Play,Off T
3754122,2016-01-02,West Bromwich Albion,59,0.217226,Open Play,Goal
3754122,2016-01-02,West Bromwich Albion,62,0.052084,Open Play,Off T
3754122,2016-01-02,West Bromwich Albion,77,0.052317,Open Play,Saved
3754122,2016-01-02,Stoke City,80,0.310581,Open Play,Goal
3754122,2016-01-02,Stoke City,88,0.007120,Open Play,Saved
3754122,2016-01-02,West Bromwich Albion,90,0.032757,Open Play,Blocked
3754122,2016-01-02,West Bromwich Albion,90,0.052923,Open Play,Saved
3754122,2016-01-02,West Bromwich Albion,91,0.075063,Open Play,Blocked
3754122,2016-01-02,West Bromwich Albion,91,0.094545,Open Play,Blocked
3754122,2016-01-02,West Bromwich Albion,91,0.044726,Open Play,Blocked
3754122,2016-01-02,West Bromwich Albion,91,0.115479,Open Play,Blocked
3754122,2016-01-02,West Bromwich Albion,91,0.825612,Open Play,Goal
3754123,2016-05-15,Everton,0,0.050386,Open Play,Saved
3754123,2016-05-15,Everton,3,0.042698,Open Play,Blocked
3754123,2016-05-15,Norwich City,10,0.007670,Open Play,Off T
3754123,2016-05-15,Everton,11,0.128846,Open Play,Saved
3754123,2016-05-15,Everton,11,0.065331,Open Play,Saved
3754123,2016-05-15,Norwich City,13,0.035388,Open Play,Blocked
3754123,2016-05-15,Norwich City,18,0.065185,Open Play,Saved
3754123,2016-05-15,Everton,18,0.061177,Open Play,Goal
3754123,2016-05-15,Everton,20,0.101116,Open Play,Off T
3754123,2016-05-15,Everton,29,0.057326,Open Play,Saved
3754123,2016-05-15,Everton,30,0.187245,Open Play,Off T
3754123,2016-05-15,Norwich City,33,0.037664,Open Play,Off T
3754123,2016-05-15,Norwich City,38,0.044698,Open Play,Wayward
3754123,2016-05-15,Norwich City,38,0.083752,Open Play,Blocked
3754123,2016-05-15,Norwich City,40,0.184456,Open Play,Off T
3754123,2016-05-15,Everton,42,0.011185,Free Kick,Blocked
3754123,2016-05-15,Everton,43,0.783500,Penalty,Goal
3754123,2016-05-15,Everton,47,0.605716,Open Play,Goal
3754123,2016-05-15,Everton,58,0.018255,Free Kick,Off T
3754123,2016-05-15,Norwich City,64,0.034155,Open Play,Wayward
3754123,2016-05-15,Norwich City,64,0.015642,Open Play,Saved
3754123,2016-05-15,Norwich City,65,0.104042,Open Play,Off T
3754123,2016-05-15,Everton,74,0.047837,Open Play,Saved
3754123,2016-05-15,Norwich City,76,0.130344,Open Play,Off T
3754123,2016-05-15,Everton,85,0.063103,Open Play,Blocked
3754123,2016-05-15,Everton,86,0.046664,Open Play,Off T
3754124,2016-03-20,Manchester City,0,0.022580,Open Play,Wayward
3754124,2016-03-20,Manchester City,6,0.084249,Open Play,Off T
3754124,2016-03-20,Manchester City,13,0.044141,Open Play,Saved
3754124,2016-03-20,Manchester City,14,0.065707,Open Play,Off T
3754124,2016-03-20,Manchester United,15,0.269314,Open Play,Goal
3754124,2016-03-20,Manchester United,17,0.045098,Open Play,Saved
3754124,2016-03-20,Manchester City,21,0.120227,Open Play,Off T
3754124,2016-03-20,Manchester City,32,0.033836,Open Play,Off T
3754124,2016-03-20,Manchester City,34,0.053816,Open Play,Saved
3754124,2016-03-20,Manchester City,35,0.045881,Open Play,Blocked
3754124,2016-03-20,Manchester City,44,0.382207,Open Play,Off T
3754124,2016-03-20,Manchester United,51,0.021412,Open Play,Saved
3754124,2016-03-20,Manchester City,53,0.069301,Open Play,Saved
3754124,2016-03-20,Manchester United,53,0.028205,Open Play,Saved
3754124,2016-03-20,Manchester United,54,0.159978,Open Play,Blocked
3754124,2016-03-20,Manchester City,55,0.014818,Open Play,Off T
3754124,2016-03-20,Manchester City,61,0.044256,Open Play,Blocked
3754124,2016-03-20,Manchester City,63,0.262894,Open Play,Blocked
3754124,2016-03-20,Manchester City,65,0.080040,Open Play,Post
3754124,2016-03-20,Manchester City,67,0.024332,Open Play,Off T
3754124,2016-03-20,Manchester City,69,0.032411,Open Play,Off T
3754124,2016-03-20,Manchester City,71,0.111854,Open Play,Blocked
3754124,2016-03-20,Manchester City,71,0.046409,Open Play,Wayward
3754124,2016-03-20,Manchester City,72,0.052539,Open Play,Wayward
3754124,2016-03-20,Manchester City,72,0.043850,Open Play,Blocked
3754124,2016-03-20,Manchester City,74,0.056422,Open Play,Off T
3754124,2016-03-20,Manchester City,78,0.045234,Open Play,Off T
3754124,2016-03-20,Manchester City,87,0.056296,Open Play,Off T
3754124,2016-03-20,Manchester City,90,0.134668,Open Play,Off T
3754124,2016-03-20,Manchester City,91,0.037409,Open Play,Blocked
3754125,2016-01-16,Everton,4,0.026729,Open Play,Blocked
3754125,2016-01-16,Chelsea,15,0.090220,Open Play,Saved
3754125,2016-01-16,Everton,17,0.078020,Open Play,Blocked
3754125,2016-01-16,Everton,17,0.164567,Open Play,Off T
3754125,2016-01-16,Everton,20,0.035453,Open Play,Off T
3754125,2016-01-16,Everton,39,0.034895,Open Play,Saved
3754125,2016-01-16,Everton,52,0.140558,Open Play,Post
3754125,2016-01-16,Everton,55,0.083535,Open Play,Goal
3754125,2016-01-16,Chelsea,60,0.042289,Open Play,Saved
3754125,2016-01-16,Chelsea,60,0.044060,Open Play,Blocked
3754125,2016-01-16,Chelsea,61,0.071984,Open Play,Wayward
3754125,2016-01-16,Chelsea,63,0.961805,Open Play,Goal
3754125,2016-01-16,Chelsea,64,0.040324,Open Play,Saved
3754125,2016-01-16,Chelsea,65,0.080335,Open Play,Goal
3754125,2016-01-16,Chelsea,74,0.479197,Open Play,Wayward
3754125,2016-01-16,Everton,75,0.289905,Open Play,Saved
3754125,2016-01-16,Chelsea,78,0.022353,Open Play,Blocked
3754125,2016-01-16,Chelsea,83,0.016757,Open Play,Blocked
3754125,2016-01-16,Everton,89,0.492614,Open Play,Goal
3754125,2016-01-16,Chelsea,91,0.020331,Open Play,Saved
3754125,2016-01-16,Chelsea,94,0.029476,Open Play,Saved
3754125,2016-01-16,Chelsea,95,0.022148,Open Play,Blocked
3754125,2016-01-16,Chelsea,97,0.247332,Open Play,Goal
3754126,2015-10-24,Arsenal,7,0.144584,Open Play,Off T
3754126,2015-10-24,Arsenal,9,0.100493,Open Play,Off T
3754126,2015-10-24,Arsenal,21,0.056658,Open Play,Off T
3754126,2015-10-24,Everton,26,0.024494,Open Play,Blocked
3754126,2015-10-24,Everton,27,0.118845,Open Play,Off T
3754126,2015-10-24,Arsenal,32,0.026427,Open Play,Off T
3754126,2015-10-24,Arsenal,35,0.307945,Open Play,Goal
3754126,2015-10-24,Arsenal,37,0.381847,Open Play,Goal
3754126,2015-10-24,Arsenal,42,0.096769,Open Play,Blocked
3754126,2015-10-24,Everton,43,0.043400,Open Play,Goal
3754126,2015-10-24,Arsenal,46,0.185130,Open Play,Saved
3754126,2015-10-24,Everton,50,0.022345,Open Play,Saved
3754126,2015-10-24,Arsenal,53,0.011979,Open Play,Wayward
3754126,2015-10-24,Arsenal,55,0.241990,Open Play,Saved
3754126,2015-10-24,Arsenal,63,0.026960,Open Play,Saved
3754126,2015-10-24,Arsenal,63,0.039941,Open Play,Blocked
3754126,2015-10-24,Arsenal,63,0.014058,Open Play,Off T
3754126,2015-10-24,Everton,67,0.075065,Open Play,Saved
3754126,2015-10-24,Arsenal,68,0.130743,Open Play,Post
3754126,2015-10-24,Everton,73,0.119754,Open Play,Off T
3754126,2015-10-24,Everton,77,0.040692,Open Play,Blocked
3754126,2015-10-24,Everton,78,0.145462,Open Play,Post
3754126,2015-10-24,Arsenal,83,0.277058,Open Play,Wayward
3754126,2015-10-24,Arsenal,84,0.099552,Open Play,Off T
3754126,2015-10-24,Arsenal,85,0.151704,Open Play,Saved
3754126,2015-10-24,Everton,85,0.181804,Open Play,Saved
3754126,2015-10-24,Arsenal,87,0.039826,Open Play,Blocked
3754126,2015-10-24,Everton,87,0.020795,Open Play,Saved
3754126,2015-10-24,Arsenal,89,0.060890,Open Play,Post
3754126,2015-10-24,Arsenal,92,0.084153,Open Play,Blocked
3754127,2016-02-06,Everton,5,0.034839,Open Play,Blocked
3754127,2016-02-06,Everton,10,0.783500,Penalty,Goal
3754127,2016-02-06,Everton,27,0.078670,Open Play,Goal
3754127,2016-02-06,Stoke City,30,0.095291,Open Play,Off T
3754127,2016-02-06,Stoke City,37,0.007629,Open Play,Off T
3754127,2016-02-06,Everton,41,0.372681,Open Play,Goal
3754127,2016-02-06,Stoke City,43,0.107654,Open Play,Saved
3754127,2016-02-06,Stoke City,50,0.050141,Open Play,Saved Off Target
3754127,2016-02-06,Stoke City,45,0.023776,Open Play,Off T
3754127,2016-02-06,Stoke City,46,0.032818,Open Play,Blocked
3754127,2016-02-06,Everton,48,0.137736,Open Play,Off T
3754127,2016-02-06,Everton,57,0.144550,Open Play,Saved to Post
3754127,2016-02-06,Everton,62,0.156166,Open Play,Blocked
3754127,2016-02-06,Everton,62,0.170229,Open Play,Saved
3754127,2016-02-06,Everton,62,0.033890,Open Play,Blocked
3754127,2016-02-06,Stoke City,64,0.064388,Open Play,Blocked
3754127,2016-02-06,Everton,64,0.042812,Open Play,Blocked
3754127,2016-02-06,Everton,64,0.041082,Open Play,Off T
3754127,2016-02-06,Stoke City,65,0.022163,Open Play,Saved
3754127,2016-02-06,Everton,67,0.072157,Open Play,Blocked
3754127,2016-02-06,Stoke City,70,0.119472,Open Play,Blocked
3754127,2016-02-06,Everton,76,0.501309,Open Play,Saved
3754127,2016-02-06,Everton,77,0.093672,Open Play,Off T
3754127,2016-02-06,Stoke City,85,0.091243,Open Play,Off T
3754127,2016-02-06,Stoke City,91,0.009247,Open Play,Blocked
3754127,2016-02-06,Stoke City,91,0.051179,Open Play,Saved
3754128,2015-08-08,AFC Bournemouth,19,0.101414,Open Play,Off T
3754128,2015-08-08,AFC Bournemouth,24,0.024277,Open Play,Off T
3754128,2015-08-08,Aston Villa,26,0.031582,Open Play,Off T
3754128,2015-08-08,AFC Bournemouth,28,0.031121,Open Play,Blocked
3754128,2015-08-08,AFC Bournemouth,32,0.024744,Open Play,Off T
3754128,2015-08-08,AFC Bournemouth,36,0.432193,Open Play,Off T
3754128,2015-08-08,AFC Bournemouth,40,0.338033,Open Play,Saved
3754128,2015-08-08,Aston Villa,42,0.090684,Free Kick,Blocked
3754128,2015-08-08,AFC Bournemouth,44,0.050561,Open Play,Off T
3754128,2015-08-08,AFC Bournemouth,46,0.098560,Open Play,Saved
3754128,2015-08-08,Aston Villa,47,0.108680,Open Play,Saved
3754128,2015-08-08,AFC Bournemouth,60,0.029753,Open Play,Blocked
3754128,2015-08-08,Aston Villa,67,0.105431,Open Play,Blocked
3754128,2015-08-08,Aston Villa,67,0.110034,Open Play,Off T
3754128,2015-08-08,Aston Villa,71,0.102998,Open Play,Goal
3754128,2015-08-08,AFC Bournemouth,75,0.032954,Open Play,Off T
3754128,2015-08-08,AFC Bournemouth,76,0.038900,Open Play,Blocked
3754128,2015-08-08,Aston Villa,81,0.102524,Open Play,Saved
3754128,2015-08-08,AFC Bournemouth,82,0.046737,Open Play,Off T
3754129,2015-08-24,Liverpool,1,0.068211,Open Play,Off T
3754129,2015-08-24,Liverpool,2,0.134391,Open Play,Post
3754129,2015-08-24,Arsenal,4,0.231374,Open Play,Off T
3754129,2015-08-24,Arsenal,6,0.357470,Open Play,Saved Off Target
3754129,2015-08-24,Liverpool,8,0.052030,Open Play,Saved
3754129,2015-08-24,Arsenal,10,0.020304,Open Play,Blocked
3754129,2015-08-24,Liverpool,13,0.031532,Open Play,Blocked
3754129,2015-08-24,Liverpool,14,0.045988,Open Play,Blocked
3754129,2015-08-24,Arsenal,17,0.041074,Open Play,Saved
3754129,2015-08-24,Liverpool,23,0.163208,Open Play,Saved
3754129,2015-08-24,Liverpool,25,0.041025,Open Play,Blocked
3754129,2015-08-24,Arsenal,31,0.066318,Open Play,Wayward
3754129,2015-08-24,Liverpool,34,0.055330,Open Play,Blocked
3754129,2015-08-24,Liverpool,38,0.498569,Open Play,Saved
3754129,2015-08-24,Liverpool,38,0.013416,Open Play,Saved
3754129,2015-08-24,Liverpool,39,0.047342,Open Play,Off T
3754129,2015-08-24,Liverpool,43,0.048367,Open Play,Wayward
3754129,2015-08-24,Liverpool,44,0.012143,Open Play,Post
3754129,2015-08-24,Arsenal,49,0.024521,Open Play,Blocked
3754129,2015-08-24,Arsenal,52,0.074721,Open Play,Blocked
3754129,2015-08-24,Arsenal,56,0.048853,Open Play,Off T
3754129,2015-08-24,Arsenal,59,0.237456,Open Play,Post
3754129,2015-08-24,Liverpool,60,0.043658,Open Play,Saved
3754129,2015-08-24,Arsenal,61,0.013303,Open Play,Wayward
3754129,2015-08-24,Arsenal,63,0.057065,Open Play,Blocked
3754129,2015-08-24,Arsenal,63,0.072085,Open Play,Blocked
3754129,2015-08-24,Arsenal,69,0.459379,Open Play,Saved
3754129,2015-08-24,Liverpool,70,0.068609,Open Play,Saved
3754129,2015-08-24,Arsenal,71,0.028381,Open Play,Saved
3754129,2015-08-24,Liverpool,72,0.031123,Open Play,Off T
3754129,2015-08-24,Liverpool,78,0.050696,Open Play,Wayward
3754129,2015-08-24,Liverpool,80,0.047546,Open Play,Saved
3754129,2015-08-24,Arsenal,82,0.022204,Open Play,Saved
3754129,2015-08-24,Arsenal,83,0.102205,Open Play,Wayward
3754129,2015-08-24,Arsenal,84,0.050291,Open Play,Off T
3754129,2015-08-24,Arsenal,85,0.043572,Open Play,Blocked
3754129,2015-08-24,Arsenal,85,0.023948,Open Play,Off T
3754129,2015-08-24,Arsenal,93,0.025292,Open Play,Saved
3754129,2015-08-24,Arsenal,93,0.109084,Open Play,Off T
3754130,2015-12-28,Aston Villa,2,0.023164,Open Play,Saved
3754130,2015-12-28,Norwich City,5,0.090991,Free Kick,Blocked
3754130,2015-12-28,Aston Villa,7,0.018974,Open Play,Off T
3754130,2015-12-28,Aston Villa,15,0.083518,Open Play,Saved
3754130,2015-12-28,Norwich City,16,0.022749,Open Play,Off T
3754130,2015-12-28,Norwich City,23,0.137570,Open Play,Goal
3754130,2015-12-28,Aston Villa,30,0.010249,Open Play,Off T
3754130,2015-12-28,Norwich City,37,0.066114,Open Play,Off T
3754130,2015-12-28,Norwich City,55,0.019005,Open Play,Saved
3754130,2015-12-28,Norwich City,55,0.082381,Open Play,Off T
3754130,2015-12-28,Norwich City,58,0.031909,Open Play,Off T
3754130,2015-12-28,Norwich City,77,0.017124,Free Kick,Saved
3754130,2015-12-28,Aston Villa,78,0.040826,Open Play,Blocked
3754130,2015-12-28,Aston Villa,79,0.093334,Open Play,Off T
3754130,2015-12-28,Norwich City,86,0.113267,Open Play,Goal
3754130,2015-12-28,Aston Villa,96,0.046526,Free Kick,Saved
3754131,2015-08-22,AFC Bournemouth,2,0.010693,Open Play,Blocked
3754131,2015-08-22,AFC Bournemouth,10,0.256078,Open Play,Goal
3754131,2015-08-22,West Ham United,17,0.069411,Open Play,Off T
3754131,2015-08-22,AFC Bournemouth,21,0.043935,Open Play,Blocked
3754131,2015-08-22,AFC Bournemouth,27,0.578007,Open Play,Goal
3754131,2015-08-22,AFC Bournemouth,29,0.020798,Open Play,Off T
3754131,2015-08-22,AFC Bournemouth,31,0.312434,Open Play,Off T
3754131,2015-08-22,AFC Bournemouth,35,0.007998,Open Play,Off T
3754131,2015-08-22,AFC Bournemouth,44,0.030174,Open Play,Blocked
3754131,2015-08-22,West Ham United,45,0.048577,Open Play,Blocked
3754131,2015-08-22,AFC Bournemouth,46,0.013084,Open Play,Off T
3754131,2015-08-22,AFC Bournemouth,47,0.177234,Open Play,Saved
3754131,2015-08-22,West Ham United,47,0.783500,Penalty,Goal
3754131,2015-08-22,West Ham United,51,0.045401,Open Play,Blocked
3754131,2015-08-22,West Ham United,52,0.014065,Open Play,Saved
3754131,2015-08-22,West Ham United,52,0.228430,Open Play,Goal
3754131,2015-08-22,West Ham United,54,0.013220,Open Play,Off T
3754131,2015-08-22,AFC Bournemouth,56,0.005552,Open Play,Off T
3754131,2015-08-22,AFC Bournemouth,61,0.124901,Open Play,Saved
3754131,2015-08-22,AFC Bournemouth,65,0.329293,Open Play,Goal
3754131,2015-08-22,West Ham United,77,0.047296,Open Play,Blocked
3754131,2015-08-22,AFC Bournemouth,78,0.783500,Penalty,Goal
3754131,2015-08-22,West Ham United,81,0.419505,Open Play,Goal
3754131,2015-08-22,AFC Bournemouth,82,0.005989,Open Play,Off T
3754131,2015-08-22,West Ham United,92,0.026341,Open Play,Blocked
3754131,2015-08-22,AFC Bournemouth,94,0.038256,Open Play,Saved
3754132,2016-04-30,Sunderland,9,0.020086,Open Play,Wayward
3754132,2016-04-30,Sunderland,9,0.305974,Open Play,Off T
3754132,2016-04-30,Sunderland,10,0.039235,Open Play,Saved
3754132,2016-04-30,Stoke City,17,0.097839,Open Play,Saved
3754132,2016-04-30,Sunderland,18,0.046944,Open Play,Saved
3754132,2016-04-30,Sunderland,19,0.032851,Open Play,Blocked
3754132,2016-04-30,Stoke City,20,0.026427,Open Play,Blocked
3754132,2016-04-30,Stoke City,25,0.081466,Open Play,Off T
3754132,2016-04-30,Stoke City,31,0.034050,Open Play,Saved Off Target
3754132,2016-04-30,Stoke City,33,0.115640,Open Play,Off T
3754132,2016-04-30,Sunderland,33,0.057239,Open Play,Saved
3754132,2016-04-30,Stoke City,39,0.037075,Open Play,Saved
3754132,2016-04-30,Sunderland,42,0.072608,Open Play,Blocked
3754132,2016-04-30,Sunderland,43,0.087212,Open Play,Off T
3754132,2016-04-30,Sunderland,46,0.015649,Open Play,Saved
3754132,2016-04-30,Stoke City,49,0.195333,Open Play,Goal
3754132,2016-04-30,Sunderland,58,0.066631,Open Play,Off T
3754132,2016-04-30,Stoke City,66,0.007856,Free Kick,Off T
3754132,2016-04-30,Stoke City,74,0.025961,Open Play,Saved
3754132,2016-04-30,Sunderland,76,0.090729,Open Play,Off T
3754132,2016-04-30,Sunderland,80,0.089569,Open Play,Blocked
3754132,2016-04-30,Sunderland,88,0.036568,Free Kick,Saved
3754132,2016-04-30,Stoke City,89,0.022173,Open Play,Off T
3754132,2016-04-30,Stoke City,91,0.081151,Open Play,Off T
3754132,2016-04-30,Sunderland,91,0.058657,Open Play,Blocked
3754132,2016-04-30,Sunderland,93,0.783500,Penalty,Goal
3754133,2015-10-24,West Bromwich Albion,1,0.043170,Open Play,Wayward
3754133,2015-10-24,Norwich City,2,0.061217,Open Play,Off T
3754133,2015-10-24,West Bromwich Albion,5,0.010269,Open Play,Saved
3754133,2015-10-24,Norwich City,7,0.033497,Open Play,Off T
3754133,2015-10-24,Norwich City,15,0.031795,Open Play,Blocked
3754133,2015-10-24,Norwich City,15,0.009111,Open Play,Saved
3754133,2015-10-24,Norwich City,25,0.036221,Open Play,Blocked
3754133,2015-10-24,Norwich City,35,0.155867,Open Play,Off T
3754133,2015-10-24,West Bromwich Albion,39,0.007110,Open Play,Saved
3754133,2015-10-24,West Bromwich Albion,42,0.203859,Open Play,Off T
3754133,2015-10-24,Norwich City,43,0.026149,Open Play,Blocked
3754133,2015-10-24,Norwich City,43,0.028339,Open Play,Saved
3754133,2015-10-24,West Bromwich Albion,44,0.117421,Open Play,Off T
3754133,2015-10-24,West Bromwich Albion,45,0.183868,Open Play,Goal
3754133,2015-10-24,Norwich City,60,0.061987,Open Play,Wayward
3754133,2015-10-24,Norwich City,60,0.020987,Open Play,Off T
3754133,2015-10-24,West Bromwich Albion,63,0.029450,Open Play,Saved
3754133,2015-10-24,Norwich City,72,0.038539,Open Play,Off T
3754133,2015-10-24,Norwich City,80,0.039819,Open Play,Off T
3754133,2015-10-24,Norwich City,82,0.148110,Open Play,Off T
3754133,2015-10-24,Norwich City,84,0.027188,Open Play,Blocked
3754133,2015-10-24,Norwich City,85,0.023944,Open Play,Saved
3754133,2015-10-24,Norwich City,91,0.035392,Open Play,Off T
3754134,2016-05-10,West Ham United,1,0.055114,Open Play,Off T
3754134,2016-05-10,West Ham United,9,0.136590,Open Play,Goal
3754134,2016-05-10,West Ham United,13,0.017527,Open Play,Blocked
3754134,2016-05-10,West Ham United,13,0.062619,Open Play,Off T
3754134,2016-05-10,West Ham United,17,0.075564,Open Play,Saved
3754134,2016-05-10,West Ham United,19,0.386710,Open Play,Saved
3754134,2016-05-10,Manchester United,22,0.021704,Open Play,Off T
3754134,2016-05-10,West Ham United,26,0.046469,Open Play,Off T
3754134,2016-05-10,West Ham United,31,0.111059,Open Play,Off T
3754134,2016-05-10,West Ham United,42,0.044866,Open Play,Blocked
3754134,2016-05-10,West Ham United,42,0.079750,Open Play,Off T
3754134,2016-05-10,West Ham United,49,0.020410,Open Play,Off T
3754134,2016-05-10,Manchester United,50,0.791104,Open Play,Goal
3754134,2016-05-10,West Ham United,54,0.038240,Open Play,Off T
3754134,2016-05-10,West Ham United,55,0.228485,Open Play,Off T
3754134,2016-05-10,West Ham United,66,0.030413,Open Play,Blocked
3754134,2016-05-10,West Ham United,70,0.053458,Free Kick,Off T
3754134,2016-05-10,Manchester United,71,0.017659,Open Play,Goal
3754134,2016-05-10,West Ham United,75,0.027076,Free Kick,Blocked
3754134,2016-05-10,West Ham United,75,0.227306,Open Play,Goal
3754134,2016-05-10,West Ham United,79,0.155719,Open Play,Goal
3754134,2016-05-10,West Ham United,85,0.113482,Open Play,Off T
3754135,2015-12-05,Stoke City,6,0.502521,Open Play,Goal
3754135,2015-12-05,Manchester City,13,0.133118,Open Play,Saved
3754135,2015-12-05,Stoke City,14,0.319729,Open Play,Goal
3754135,2015-12-05,Manchester City,17,0.005712,Open Play,Off T
3754135,2015-12-05,Manchester City,21,0.112329,Open Play,Wayward
3754135,2015-12-05,Manchester City,31,0.034531,Open Play,Off T
3754135,2015-12-05,Stoke City,36,0.091476,Open Play,Off T
3754135,2015-12-05,Manchester City,40,0.053724,Open Play,Saved
3754135,2015-12-05,Stoke City,42,0.340751,Open Play,Post
3754135,2015-12-05,Stoke City,46,0.046840,Open Play,Blocked
3754135,2015-12-05,Stoke City,52,0.065060,Open Play,Saved
3754135,2015-12-05,Stoke City,52,0.125672,Open Play,Off T
3754135,2015-12-05,Manchester City,54,0.004642,Open Play,Off T
3754135,2015-12-05,Stoke City,62,0.036512,Open Play,Saved
3754135,2015-12-05,Manchester City,64,0.023064,Open Play,Off T
3754135,2015-12-05,Manchester City,75,0.024998,Open Play,Off T
3754135,2015-12-05,Manchester City,77,0.015594,Open Play,Blocked
3754135,2015-12-05,Manchester City,82,0.023737,Open Play,Saved
3754135,2015-12-05,Manchester City,88,0.048443,Open Play,Off T
3754136,2015-12-19,Aston Villa,20,0.019967,Open Play,Off T
3754136,2015-12-19,Newcastle United,29,0.084108,Open Play,Saved
3754136,2015-12-19,Newcastle United,36,0.024667,Open Play,Saved
3754136,2015-12-19,Newcastle United,37,0.150364,Open Play,Goal
3754136,2015-12-19,Aston Villa,38,0.043437,Open Play,Saved
3754136,2015-12-19,Aston Villa,45,0.010048,Free Kick,Saved
3754136,2015-12-19,Aston Villa,45,0.023792,Open Play,Saved
3754136,2015-12-19,Newcastle United,45,0.217197,Open Play,Wayward
3754136,2015-12-19,Aston Villa,51,0.053314,Open Play,Off T
3754136,2015-12-19,Newcastle United,56,0.131853,Open Play,Off T
3754136,2015-12-19,Aston Villa,59,0.092802,Open Play,Saved
3754136,2015-12-19,Aston Villa,60,0.037365,Open Play,Goal
3754136,2015-12-19,Aston Villa,64,0.019907,Open Play,Saved
3754136,2015-12-19,Newcastle United,73,0.199248,Open Play,Saved
3754136,2015-12-19,Newcastle United,82,0.066220,Open Play,Off T
3754136,2015-12-19,Aston Villa,87,0.072412,Open Play,Saved
3754136,2015-12-19,Newcastle United,90,0.211605,Open Play,Off T
3754136,2015-12-19,Aston Villa,92,0.007186,Open Play,Off T
3754137,2016-04-16,Southampton,14,0.013565,Open Play,Saved Off Target
3754137,2016-04-16,Everton,17,0.074211,Open Play,Blocked
3754137,2016-04-16,Southampton,19,0.182205,Open Play,Off T
3754137,2016-04-16,Southampton,20,0.052104,Open Play,Off T
3754137,2016-04-16,Southampton,23,0.028820,Open Play,Saved
3754137,2016-04-16,Southampton,30,0.008975,Open Play,Blocked
3754137,2016-04-16,Everton,35,0.043087,Open Play,Blocked
3754137,2016-04-16,Southampton,39,0.061965,Open Play,Off T
3754137,2016-04-16,Southampton,43,0.025749,Free Kick,Saved
3754137,2016-04-16,Southampton,45,0.076827,Open Play,Post
3754137,2016-04-16,Southampton,47,0.014103,Open Play,Blocked
3754137,2016-04-16,Southampton,48,0.080076,Open Play,Off T
3754137,2016-04-16,Southampton,49,0.084786,Open Play,Blocked
3754137,2016-04-16,Everton,62,0.054944,Free Kick,Saved
3754137,2016-04-16,Southampton,62,0.273604,Open Play,Off T
3754137,2016-04-16,Everton,67,0.033718,Open Play,Blocked
3754137,2016-04-16,Everton,67,0.051316,Open Play,Goal
3754137,2016-04-16,Southampton,75,0.308650,Open Play,Goal
3754137,2016-04-16,Southampton,78,0.094732,Open Play,Wayward
3754137,2016-04-16,Southampton,78,0.065051,Open Play,Blocked
3754137,2016-04-16,Southampton,78,0.058153,Open Play,Saved
3754137,2016-04-16,Southampton,79,0.006911,Open Play,Blocked
3754137,2016-04-16,Southampton,79,0.017123,Open Play,Saved
3754137,2016-04-16,Everton,84,0.057784,Open Play,Blocked
3754137,2016-04-16,Everton,85,0.006069,Open Play,Off T
3754138,2015-08-08,Norwich City,1,0.006531,Open Play,Off T
3754138,2015-08-08,Norwich City,7,0.019160,Open Play,Blocked
3754138,2015-08-08,Norwich City,9,0.613193,Open Play,Off T
3754138,2015-08-08,Crystal Palace,12,0.031323,Open Play,Blocked
3754138,2015-08-08,Norwich City,22,0.036571,Free Kick,Blocked
3754138,2015-08-08,Crystal Palace,29,0.031902,Open Play,Blocked
3754138,2015-08-08,Crystal Palace,29,0.583962,Open Play,Saved
3754138,2015-08-08,Crystal Palace,30,0.026574,Open Play,Off T
3754138,2015-08-08,Norwich City,32,0.005801,Open Play,Off T
3754138,2015-08-08,Crystal Palace,37,0.116340,Open Play,Goal
3754138,2015-08-08,Crystal Palace,41,0.100001,Open Play,Saved
3754138,2015-08-08,Norwich City,42,0.054791,Open Play,Off T
3754138,2015-08-08,Norwich City,43,0.037987,Open Play,Saved
3754138,2015-08-08,Norwich City,46,0.031579,Open Play,Off T
3754138,2015-08-08,Crystal Palace,48,0.273396,Open Play,Goal
3754138,2015-08-08,Norwich City,50,0.079074,Open Play,Saved
3754138,2015-08-08,Norwich City,50,0.249395,Open Play,Saved
3754138,2015-08-08,Norwich City,54,0.032319,Open Play,Saved
3754138,2015-08-08,Norwich City,61,0.034361,Open Play,Off T
3754138,2015-08-08,Norwich City,66,0.029894,Open Play,Blocked
3754138,2015-08-08,Norwich City,68,0.023648,Open Play,Goal
3754138,2015-08-08,Norwich City,75,0.033451,Open Play,Blocked
3754138,2015-08-08,Crystal Palace,84,0.029739,Open Play,Saved
3754138,2015-08-08,Crystal Palace,86,0.044998,Open Play,Off T
3754138,2015-08-08,Norwich City,86,0.060413,Open Play,Off T
3754138,2015-08-08,Crystal Palace,87,0.045012,Open Play,Saved
3754138,2015-08-08,Norwich City,90,0.057443,Open Play,Wayward
3754138,2015-08-08,Crystal Palace,93,0.515076,Open Play,Goal
3754139,2016-02-13,Southampton,5,0.089382,Open Play,Saved
3754139,2016-02-13,Swansea City,9,0.036242,Open Play,Saved
3754139,2016-02-13,Southampton,9,0.035105,Open Play,Blocked
3754139,2016-02-13,Southampton,10,0.061769,Open Play,Off T
3754139,2016-02-13,Southampton,14,0.126152,Open Play,Blocked
3754139,2016-02-13,Southampton,19,0.026904,Open Play,Off T
3754139,2016-02-13,Swansea City,21,0.026545,Open Play,Off T
3754139,2016-02-13,Southampton,33,0.009116,Open Play,Off T
3754139,2016-02-13,Swansea City,35,0.019586,Open Play,Off T
3754139,2016-02-13,Swansea City,38,0.014554,Open Play,Blocked
3754139,2016-02-13,Southampton,39,0.010722,Open Play,Blocked
3754139,2016-02-13,Southampton,39,0.067354,Open Play,Blocked
3754139,2016-02-13,Swansea City,43,0.093539,Open Play,Off T
3754139,2016-02-13,Southampton,44,0.090157,Open Play,Saved
3754139,2016-02-13,Southampton,50,0.279651,Open Play,Wayward
3754139,2016-02-13,Southampton,53,0.058880,Open Play,Wayward
3754139,2016-02-13,Swansea City,55,0.027977,Open Play,Off T
3754139,2016-02-13,Swansea City,58,0.005342,Open Play,Blocked
3754139,2016-02-13,Southampton,60,0.022997,Open Play,Blocked
3754139,2016-02-13,Swansea City,63,0.067712,Open Play,Off T
3754139,2016-02-13,Southampton,66,0.043793,Open Play,Saved
3754139,2016-02-13,Southampton,68,0.180376,Open Play,Goal
3754139,2016-02-13,Swansea City,77,0.057620,Open Play,Off T
3754139,2016-02-13,Swansea City,83,0.094962,Open Play,Wayward
3754139,2016-02-13,Swansea City,84,0.016169,Open Play,Blocked
3754139,2016-02-13,Swansea City,84,0.032597,Open Play,Blocked
3754139,2016-02-13,Swansea City,88,0.101146,Open Play,Saved
3754139,2016-02-13,Southampton,89,0.054639,Open Play,Saved
3754140,2016-01-03,Tottenham Hotspur,4,0.022571,Open Play,Blocked
3754140,2016-01-03,Tottenham Hotspur,8,0.015699,Open Play,Blocked
3754140,2016-01-03,Tottenham Hotspur,8,0.009480,Open Play,Post
3754140,2016-01-03,Tottenham Hotspur,11,0.046740,Open Play,Blocked
3754140,2016-01-03,Tottenham Hotspur,15,0.019849,Open Play,Wayward
3754140,2016-01-03,Tottenham Hotspur,17,0.084796,Free Kick,Blocked
3754140,2016-01-03,Everton,21,0.038376,Open Play,Goal
3754140,2016-01-03,Everton,24,0.088847,Open Play,Blocked
3754140,2016-01-03,Tottenham Hotspur,25,0.016146,Open Play,Blocked
3754140,2016-01-03,Tottenham Hotspur,25,0.025210,Open Play,Blocked
3754140,2016-01-03,Tottenham Hotspur,29,0.038702,Open Play,Post
3754140,2016-01-03,Tottenham Hotspur,29,0.011618,Open Play,Blocked
3754140,2016-01-03,Tottenham Hotspur,32,0.017405,Open Play,Saved
3754140,2016-01-03,Everton,36,0.140397,Open Play,Off T
3754140,2016-01-03,Tottenham Hotspur,39,0.114094,Open Play,Wayward
3754140,2016-01-03,Tottenham Hotspur,45,0.100099,Open Play,Goal
3754140,2016-01-03,Everton,47,0.040702,Open Play,Off T
3754140,2016-01-03,Tottenham Hotspur,51,0.126188,Open Play,Off T
3754140,2016-01-03,Tottenham Hotspur,53,0.062147,Open Play,Saved
3754140,2016-01-03,Everton,65,0.023973,Open Play,Blocked
3754140,2016-01-03,Everton,72,0.054763,Open Play,Blocked
3754140,2016-01-03,Tottenham Hotspur,73,0.040578,Open Play,Saved
3754140,2016-01-03,Everton,78,0.040467,Open Play,Saved
3754140,2016-01-03,Everton,78,0.134823,Open Play,Off T
3754140,2016-01-03,Tottenham Hotspur,84,0.018605,Open Play,Blocked
3754140,2016-01-03,Everton,90,0.033151,Open Play,Blocked
3754140,2016-01-03,Tottenham Hotspur,91,0.047777,Open Play,Blocked
3754140,2016-01-03,Everton,91,0.039835,Open Play,Off T
3754140,2016-01-03,Tottenham Hotspur,92,0.009720,Open Play,Blocked
3754140,2016-01-03,Everton,92,0.065362,Open Play,Blocked
3754140,2016-01-03,Everton,93,0.023148,Open Play,Saved
3754141,2015-08-09,Arsenal,7,0.043452,Free Kick,Blocked
3754141,2015-08-09,Arsenal,8,0.024583,Open Play,Off T
3754141,2015-08-09,Arsenal,10,0.043671,Open Play,Off T
3754141,2015-08-09,West Ham United,17,0.024624,Open Play,Blocked
3754141,2015-08-09,Arsenal,25,0.080445,Open Play,Blocked
3754141,2015-08-09,Arsenal,27,0.013116,Open Play,Off T
3754141,2015-08-09,West Ham United,28,0.009055,Open Play,Off T
3754141,2015-08-09,Arsenal,30,0.019384,Open Play,Blocked
3754141,2015-08-09,Arsenal,32,0.094208,Open Play,Saved
3754141,2015-08-09,West Ham United,35,0.040715,Open Play,Blocked
3754141,2015-08-09,West Ham United,35,0.040643,Open Play,Off T
3754141,2015-08-09,Arsenal,38,0.032101,Open Play,Off T
3754141,2015-08-09,West Ham United,42,0.166730,Open Play,Goal
3754141,2015-08-09,Arsenal,44,0.057946,Open Play,Blocked
3754141,2015-08-09,Arsenal,44,0.029353,Open Play,Blocked
3754141,2015-08-09,Arsenal,50,0.024963,Open Play,Blocked
3754141,2015-08-09,Arsenal,54,0.051871,Open Play,Off T
3754141,2015-08-09,Arsenal,55,0.062662,Open Play,Saved
3754141,2015-08-09,West Ham United,56,0.028914,Open Play,Goal
3754141,2015-08-09,Arsenal,64,0.072174,Open Play,Saved
3754141,2015-08-09,Arsenal,70,0.019619,Open Play,Blocked
3754141,2015-08-09,Arsenal,72,0.008065,Open Play,Blocked
3754141,2015-08-09,Arsenal,73,0.075898,Open Play,Blocked
3754141,2015-08-09,West Ham United,80,0.090221,Open Play,Saved
3754141,2015-08-09,Arsenal,80,0.120826,Open Play,Blocked
3754141,2015-08-09,Arsenal,80,0.030951,Open Play,Off T
3754141,2015-08-09,Arsenal,84,0.035297,Open Play,Saved
3754141,2015-08-09,Arsenal,88,0.200286,Open Play,Off T
3754141,2015-08-09,West Ham United,89,0.028975,Open Play,Saved
3754141,2015-08-09,Arsenal,92,0.089063,Open Play,Saved
3754141,2015-08-09,Arsenal,94,0.061646,Open Play,Saved
3754142,2016-01-13,Everton,6,0.035428,Open Play,Saved
3754142,2016-01-13,Manchester City,7,0.079708,Open Play,Off T
3754142,2016-01-13,Manchester City,16,0.061006,Open Play,Saved
3754142,2016-01-13,Everton,17,0.023786,Open Play,Saved
3754142,2016-01-13,Manchester City,19,0.050915,Open Play,Off T
3754142,2016-01-13,Manchester City,25,0.037551,Open Play,Wayward
3754142,2016-01-13,Manchester City,28,0.135628,Open Play,Saved
3754142,2016-01-13,Everton,30,0.082991,Open Play,Off T
3754142,2016-01-13,Everton,33,0.067377,Open Play,Off T
3754142,2016-01-13,Everton,48,0.034920,Open Play,Blocked
3754142,2016-01-13,Manchester City,52,0.045353,Open Play,Blocked
3754142,2016-01-13,Manchester City,52,0.043687,Open Play,Blocked
3754142,2016-01-13,Manchester City,53,0.097645,Open Play,Wayward
3754142,2016-01-13,Manchester City,54,0.104836,Open Play,Blocked
3754142,2016-01-13,Manchester City,60,0.033619,Open Play,Blocked
3754142,2016-01-13,Manchester City,60,0.071141,Open Play,Saved
3754142,2016-01-13,Manchester City,64,0.057152,Open Play,Saved
3754142,2016-01-13,Manchester City,65,0.029904,Open Play,Blocked
3754142,2016-01-13,Manchester City,68,0.272606,Open Play,Saved
3754142,2016-01-13,Manchester City,71,0.019624,Open Play,Blocked
3754142,2016-01-13,Manchester City,72,0.026323,Open Play,Blocked
3754142,2016-01-13,Manchester City,72,0.030552,Open Play,Off T
3754142,2016-01-13,Manchester City,76,0.062996,Open Play,Off T
3754142,2016-01-13,Manchester City,78,0.022995,Open Play,Blocked
3754142,2016-01-13,Manchester City,79,0.037521,Open Play,Blocked
3754142,2016-01-13,Manchester City,80,0.024645,Open Play,Blocked
3754142,2016-01-13,Manchester City,80,0.019619,Open Play,Off T
3754142,2016-01-13,Everton,82,0.067066,Open Play,Blocked
3754142,2016-01-13,Everton,89,0.032111,Open Play,Off T
3754143,2015-12-06,Liverpool,1,0.045703,Open Play,Blocked
3754143,2015-12-06,Liverpool,20,0.583073,Open Play,Off T
3754143,2015-12-06,Liverpool,30,0.006489,Open Play,Blocked
3754143,2015-12-06,Newcastle United,43,0.170029,Open Play,Off T
3754143,2015-12-06,Newcastle United,44,0.025188,Free Kick,Off T
3754143,2015-12-06,Liverpool,45,0.014475,Open Play,Off T
3754143,2015-12-06,Liverpool,45,0.010332,Open Play,Off T
3754143,2015-12-06,Newcastle United,50,0.101714,Open Play,Off T
3754143,2015-12-06,Liverpool,52,0.061428,Open Play,Off T
3754143,2015-12-06,Newcastle United,54,0.037497,Open Play,Blocked
3754143,2015-12-06,Newcastle United,68,0.076859,Open Play,Blocked
3754143,2015-12-06,Liverpool,73,0.020082,Open Play,Off T
3754143,2015-12-06,Liverpool,74,0.140333,Open Play,Off T
3754143,2015-12-06,Liverpool,85,0.167403,Open Play,Off T
3754143,2015-12-06,Liverpool,88,0.067011,Open Play,Saved
3754143,2015-12-06,Newcastle United,92,0.475783,Open Play,Goal
3754144,2016-04-02,AFC Bournemouth,4,0.068217,Open Play,Off T
3754144,2016-04-02,Manchester City,6,0.067476,Open Play,Goal
3754144,2016-04-02,Manchester City,8,0.021147,Open Play,Wayward
3754144,2016-04-02,Manchester City,10,0.007382,Open Play,Saved
3754144,2016-04-02,Manchester City,11,0.088735,Open Play,Goal
3754144,2016-04-02,Manchester City,14,0.026398,Open Play,Off T
3754144,2016-04-02,Manchester City,16,0.095312,Open Play,Off T
3754144,2016-04-02,Manchester City,18,0.134067,Open Play,Goal
3754144,2016-04-02,Manchester City,24,0.036069,Open Play,Post
3754144,2016-04-02,AFC Bournemouth,29,0.038542,Open Play,Blocked
3754144,2016-04-02,AFC Bournemouth,29,0.561474,Open Play,Saved
3754144,2016-04-02,Manchester City,32,0.037671,Open Play,Off T
3754144,2016-04-02,AFC Bournemouth,32,0.114928,Open Play,Off T
3754144,2016-04-02,AFC Bournemouth,34,0.110585,Open Play,Off T
3754144,2016-04-02,Manchester City,36,0.039190,Open Play,Off T
3754144,2016-04-02,Manchester City,37,0.021296,Open Play,Off T
3754144,2016-04-02,AFC Bournemouth,40,0.044775,Open Play,Blocked
3754144,2016-04-02,Manchester City,45,0.048710,Open Play,Saved
3754144,2016-04-02,Manchester City,46,0.035813,Open Play,Off T
3754144,2016-04-02,AFC Bournemouth,68,0.115268,Open Play,Off T
3754144,2016-04-02,Manchester City,74,0.095839,Open Play,Saved
3754144,2016-04-02,AFC Bournemouth,75,0.034528,Open Play,Off T
3754144,2016-04-02,AFC Bournemouth,89,0.027676,Open Play,Blocked
3754144,2016-04-02,AFC Bournemouth,91,0.020097,Open Play,Blocked
3754144,2016-04-02,AFC Bournemouth,91,0.008680,Open Play,Saved
3754144,2016-04-02,Manchester City,92,0.015592,Open Play,Goal
3754145,2015-08-10,Manchester City,3,0.025105,Open Play,Blocked
3754145,2015-08-10,Manchester City,8,0.064762,Open Play,Wayward
3754145,2015-08-10,Manchester City,8,0.040374,Open Play,Blocked
3754145,2015-08-10,Manchester City,8,0.149256,Open Play,Goal
3754145,2015-08-10,Manchester City,10,0.022991,Open Play,Blocked
3754145,2015-08-10,Manchester City,10,0.044422,Open Play,Blocked
3754145,2015-08-10,Manchester City,19,0.132201,Open Play,Blocked
3754145,2015-08-10,Manchester City,23,0.071994,Open Play,Goal
3754145,2015-08-10,West Bromwich Albion,27,0.021854,Free Kick,Off T
3754145,2015-08-10,Manchester City,30,0.078413,Open Play,Blocked
3754145,2015-08-10,Manchester City,40,0.411587,Open Play,Saved
3754145,2015-08-10,Manchester City,42,0.139079,Open Play,Blocked
3754145,2015-08-10,Manchester City,43,0.035577,Open Play,Blocked
3754145,2015-08-10,Manchester City,46,0.109107,Open Play,Saved
3754145,2015-08-10,West Bromwich Albion,48,0.033423,Free Kick,Off T
3754145,2015-08-10,Manchester City,58,0.052862,Open Play,Goal
3754145,2015-08-10,Manchester City,61,0.026109,Free Kick,Off T
3754145,2015-08-10,Manchester City,64,0.078206,Open Play,Blocked
3754145,2015-08-10,West Bromwich Albion,66,0.184534,Open Play,Blocked
3754145,2015-08-10,West Bromwich Albion,68,0.038932,Open Play,Off T
3754145,2015-08-10,West Bromwich Albion,74,0.012998,Open Play,Off T
3754145,2015-08-10,West Bromwich Albion,76,0.090909,Open Play,Saved
3754145,2015-08-10,West Bromwich Albion,81,0.139549,Open Play,Wayward
3754145,2015-08-10,West Bromwich Albion,82,0.118165,Open Play,Off T
3754145,2015-08-10,West Bromwich Albion,86,0.028077,Open Play,Saved
3754145,2015-08-10,Manchester City,87,0.082924,Open Play,Blocked
3754145,2015-08-10,Manchester City,88,0.079628,Open Play,Blocked
3754145,2015-08-10,Manchester City,88,0.105673,Open Play,Saved
3754145,2015-08-10,Manchester City,91,0.009738,Free Kick,Saved
3754146,2015-09-19,Leicester City,9,0.047457,Open Play,Saved
3754146,2015-09-19,Stoke City,10,0.059493,Open Play,Wayward
3754146,2015-09-19,Stoke City,12,0.466867,Open Play,Goal
3754146,2015-09-19,Stoke City,17,0.018788,Open Play,Off T
3754146,2015-09-19,Stoke City,19,0.553493,Open Play,Goal
3754146,2015-09-19,Leicester City,30,0.027663,Open Play,Blocked
3754146,2015-09-19,Leicester City,30,0.107173,Open Play,Wayward
3754146,2015-09-19,Leicester City,31,0.030402,Open Play,Saved
3754146,2015-09-19,Leicester City,35,0.057614,Open Play,Off T
3754146,2015-09-19,Stoke City,40,0.003849,Open Play,Off T
3754146,2015-09-19,Leicester City,41,0.127294,Open Play,Off T
3754146,2015-09-19,Leicester City,50,0.783500,Penalty,Goal
3754146,2015-09-19,Leicester City,52,0.084619,Open Play,Off T
3754146,2015-09-19,Stoke City,54,0.069871,Open Play,Blocked
3754146,2015-09-19,Stoke City,61,0.041610,Open Play,Saved
3754146,2015-09-19,Leicester City,61,0.058197,Open Play,Saved
3754146,2015-09-19,Leicester City,61,0.026870,Open Play,Off T
3754146,2015-09-19,Stoke City,62,0.022614,Open Play,Off T
3754146,2015-09-19,Leicester City,68,0.218477,Open Play,Goal
3754146,2015-09-19,Stoke City,77,0.032022,Open Play,Off T
3754146,2015-09-19,Stoke City,80,0.055452,Free Kick,Saved
3754146,2015-09-19,Leicester City,93,0.041740,Open Play,Off T
3754147,2016-02-14,Manchester City,9,0.173628,Open Play,Off T
3754147,2016-02-14,Manchester City,16,0.057437,Open Play,Wayward
3754147,2016-02-14,Manchester City,23,0.060375,Open Play,Wayward
3754147,2016-02-14,Manchester City,23,0.123118,Open Play,Blocked
3754147,2016-02-14,Tottenham Hotspur,27,0.019610,Open Play,Saved
3754147,2016-02-14,Manchester City,32,0.014340,Open Play,Blocked
3754147,2016-02-14,Tottenham Hotspur,33,0.019661,Open Play,Off T
3754147,2016-02-14,Tottenham Hotspur,41,0.009639,Open Play,Blocked
3754147,2016-02-14,Manchester City,48,0.019291,Open Play,Blocked
3754147,2016-02-14,Manchester City,48,0.276475,Open Play,Off T
3754147,2016-02-14,Tottenham Hotspur,52,0.783500,Penalty,Goal
3754147,2016-02-14,Manchester City,54,0.045642,Open Play,Off T
3754147,2016-02-14,Manchester City,55,0.074052,Free Kick,Post
3754147,2016-02-14,Manchester City,60,0.074809,Open Play,Blocked
3754147,2016-02-14,Manchester City,62,0.050611,Open Play,Blocked
3754147,2016-02-14,Manchester City,62,0.053262,Open Play,Off T
3754147,2016-02-14,Manchester City,73,0.244576,Open Play,Goal
3754147,2016-02-14,Manchester City,77,0.010614,Open Play,Saved
3754147,2016-02-14,Manchester City,81,0.045851,Open Play,Blocked
3754147,2016-02-14,Tottenham Hotspur,82,0.417196,Open Play,Goal
3754147,2016-02-14,Tottenham Hotspur,85,0.006149,Open Play,Off T
3754147,2016-02-14,Manchester City,91,0.066934,Open Play,Wayward
3754147,2016-02-14,Manchester City,93,0.041379,Open Play,Blocked
3754147,2016-02-14,Manchester City,94,0.554411,Open Play,Off T
3754148,2015-09-13,Sunderland,8,0.052557,Open Play,Blocked
3754148,2015-09-13,Sunderland,14,0.006791,Open Play,Saved
3754148,2015-09-13,Tottenham Hotspur,14,0.030365,Open Play,Off T
3754148,2015-09-13,Tottenham Hotspur,18,0.019212,Open Play,Blocked
3754148,2015-09-13,Sunderland,23,0.006652,Open Play,Off T
3754148,2015-09-13,Sunderland,25,0.461837,Open Play,Post
3754148,2015-09-13,Tottenham Hotspur,25,0.048293,Open Play,Blocked
3754148,2015-09-13,Tottenham Hotspur,30,0.012416,Open Play,Blocked
3754148,2015-09-13,Tottenham Hotspur,37,0.033757,Open Play,Off T
3754148,2015-09-13,Sunderland,38,0.081493,Open Play,Saved
3754148,2015-09-13,Sunderland,44,0.027022,Open Play,Blocked
3754148,2015-09-13,Sunderland,45,0.080638,Open Play,Blocked
3754148,2015-09-13,Sunderland,46,0.038423,Open Play,Blocked
3754148,2015-09-13,Tottenham Hotspur,54,0.028066,Open Play,Off T
3754148,2015-09-13,Sunderland,57,0.046535,Open Play,Saved
3754148,2015-09-13,Tottenham Hotspur,59,0.069589,Open Play,Wayward
3754148,2015-09-13,Sunderland,60,0.027686,Open Play,Off T
3754148,2015-09-13,Sunderland,61,0.014000,Open Play,Blocked
3754148,2015-09-13,Tottenham Hotspur,66,0.127109,Open Play,Off T
3754148,2015-09-13,Tottenham Hotspur,75,0.069474,Open Play,Blocked
3754148,2015-09-13,Tottenham Hotspur,76,0.140993,Open Play,Saved
3754148,2015-09-13,Tottenham Hotspur,76,0.040436,Open Play,Blocked
3754148,2015-09-13,Tottenham Hotspur,79,0.075268,Open Play,Saved
3754148,2015-09-13,Tottenham Hotspur,81,0.494345,Open Play,Goal
3754148,2015-09-13,Sunderland,83,0.094699,Open Play,Post
3754148,2015-09-13,Tottenham Hotspur,85,0.138785,Open Play,Saved
3754148,2015-09-13,Tottenham Hotspur,86,0.137779,Open Play,Off T
3754148,2015-09-13,Tottenham Hotspur,90,0.039149,Open Play,Off T
3754148,2015-09-13,Tottenham Hotspur,91,0.093146,Open Play,Off T
3754148,2015-09-13,Sunderland,93,0.136416,Open Play,Off T
3754149,2016-05-15,Manchester City,2,0.454259,Open Play,Saved
3754149,2016-05-15,Manchester City,4,0.303529,Open Play,Saved
3754149,2016-05-15,Manchester City,4,0.657592,Open Play,Goal
3754149,2016-05-15,Manchester City,10,0.047090,Open Play,Off T
3754149,2016-05-15,Manchester City,21,0.034911,Open Play,Off T
3754149,2016-05-15,Manchester City,23,0.049834,Open Play,Saved
3754149,2016-05-15,Manchester City,26,0.139512,Open Play,Saved
3754149,2016-05-15,Manchester City,26,0.026072,Open Play,Off T
3754149,2016-05-15,Manchester City,27,0.010309,Open Play,Off T
3754149,2016-05-15,Manchester City,28,0.065212,Open Play,Off T
3754149,2016-05-15,Manchester City,30,0.117718,Open Play,Blocked
3754149,2016-05-15,Manchester City,32,0.035595,Open Play,Blocked
3754149,2016-05-15,Swansea City,32,0.027078,Open Play,Blocked
3754149,2016-05-15,Manchester City,37,0.127785,Open Play,Off T
3754149,2016-05-15,Swansea City,42,0.028560,Open Play,Off T
3754149,2016-05-15,Swansea City,45,0.048642,Free Kick,Goal
3754149,2016-05-15,Manchester City,46,0.138678,Open Play,Off T
3754149,2016-05-15,Manchester City,53,0.032189,Open Play,Blocked
3754149,2016-05-15,Swansea City,57,0.074813,Open Play,Off T
3754149,2016-05-15,Manchester City,62,0.078863,Open Play,Off T
3754149,2016-05-15,Manchester City,65,0.035082,Open Play,Off T
3754149,2016-05-15,Manchester City,71,0.136402,Open Play,Off T
3754150,2015-11-28,Sunderland,7,0.036318,Open Play,Saved
3754150,2015-11-28,Sunderland,17,0.053133,Open Play,Off T
3754150,2015-11-28,Stoke City,25,0.025032,Open Play,Off T
3754150,2015-11-28,Stoke City,32,0.660857,Open Play,Saved
3754150,2015-11-28,Sunderland,33,0.025801,Open Play,Blocked
3754150,2015-11-28,Sunderland,39,0.040265,Open Play,Blocked
3754150,2015-11-28,Sunderland,42,0.038177,Free Kick,Blocked
3754150,2015-11-28,Stoke City,45,0.064460,Open Play,Off T
3754150,2015-11-28,Sunderland,48,0.067085,Free Kick,Blocked
3754150,2015-11-28,Stoke City,50,0.009533,Free Kick,Off T
3754150,2015-11-28,Sunderland,52,0.053172,Open Play,Off T
3754150,2015-11-28,Sunderland,54,0.093706,Open Play,Saved
3754150,2015-11-28,Sunderland,55,0.037047,Open Play,Blocked
3754150,2015-11-28,Sunderland,55,0.327784,Open Play,Saved
3754150,2015-11-28,Stoke City,58,0.089273,Open Play,Saved
3754150,2015-11-28,Stoke City,59,0.016276,Open Play,Saved
3754150,2015-11-28,Sunderland,63,0.093190,Open Play,Blocked
3754150,2015-11-28,Sunderland,64,0.030413,Open Play,Off T
3754150,2015-11-28,Sunderland,69,0.099234,Open Play,Off T
3754150,2015-11-28,Sunderland,74,0.010583,Open Play,Off T
3754150,2015-11-28,Sunderland,81,0.026955,Open Play,Goal
3754150,2015-11-28,Sunderland,83,0.074993,Open Play,Goal
3754150,2015-11-28,Sunderland,87,0.066405,Open Play,Off T
3754150,2015-11-28,Sunderland,90,0.033816,Open Play,Off T
3754150,2015-11-28,Stoke City,91,0.107614,Open Play,Blocked
3754151,2016-03-05,Swansea City,5,0.030958,Open Play,Wayward
3754151,2016-03-05,Norwich City,5,0.021626,Open Play,Saved
3754151,2016-03-05,Swansea City,23,0.066573,Open Play,Off T
3754151,2016-03-05,Norwich City,43,0.048445,Open Play,Saved
3754151,2016-03-05,Swansea City,47,0.038584,Open Play,Off T
3754151,2016-03-05,Swansea City,57,0.033409,Open Play,Blocked
3754151,2016-03-05,Swansea City,57,0.114077,Open Play,Off T
3754151,2016-03-05,Swansea City,59,0.011187,Open Play,Off T
3754151,2016-03-05,Swansea City,60,0.091034,Open Play,Goal
3754151,2016-03-05,Swansea City,66,0.018006,Open Play,Saved
3754151,2016-03-05,Swansea City,67,0.050488,Open Play,Blocked
3754151,2016-03-05,Norwich City,80,0.059787,Open Play,Off T
3754151,2016-03-05,Swansea City,83,0.024623,Free Kick,Saved
3754151,2016-03-05,Norwich City,87,0.206098,Open Play,Blocked
3754151,2016-03-05,Norwich City,87,0.077213,Open Play,Blocked
3754151,2016-03-05,Norwich City,87,0.087992,Open Play,Off T
3754151,2016-03-05,Norwich City,88,0.137155,Open Play,Saved
3754151,2016-03-05,Norwich City,90,0.058908,Open Play,Off T
3754152,2016-04-10,Leicester City,1,0.040837,Open Play,Off T
3754152,2016-04-10,Leicester City,2,0.014819,Open Play,Saved
3754152,2016-04-10,Leicester City,5,0.016068,Open Play,Blocked
3754152,2016-04-10,Leicester City,11,0.050064,Open Play,Off T
3754152,2016-04-10,Leicester City,14,0.209852,Open Play,Off T
3754152,2016-04-10,Sunderland,14,0.012124,Open Play,Off T
3754152,2016-04-10,Leicester City,26,0.020693,Open Play,Off T
3754152,2016-04-10,Sunderland,34,0.032997,Open Play,Off T
3754152,2016-04-10,Sunderland,37,0.007365,Open Play,Blocked
3754152,2016-04-10,Leicester City,43,0.087743,Open Play,Wayward
3754152,2016-04-10,Leicester City,44,0.066976,Open Play,Blocked
3754152,2016-04-10,Sunderland,46,0.040678,Open Play,Saved
3754152,2016-04-10,Sunderland,46,0.037361,Open Play,Blocked
3754152,2016-04-10,Sunderland,46,0.047827,Open Play,Off T
3754152,2016-04-10,Sunderland,49,0.017704,Open Play,Off T
3754152,2016-04-10,Sunderland,50,0.029499,Open Play,Blocked
3754152,2016-04-10,Sunderland,50,0.055720,Open Play,Off T
3754152,2016-04-10,Leicester City,51,0.072665,Open Play,Off T
3754152,2016-04-10,Sunderland,57,0.026706,Open Play,Blocked
3754152,2016-04-10,Leicester City,58,0.050440,Open Play,Saved Off Target
3754152,2016-04-10,Sunderland,63,0.029027,Open Play,Off T
3754152,2016-04-10,Leicester City,65,0.214135,Open Play,Goal
3754152,2016-04-10,Leicester City,76,0.048480,Open Play,Saved
3754152,2016-04-10,Sunderland,77,0.051514,Open Play,Blocked
3754152,2016-04-10,Sunderland,79,0.043740,Open Play,Off T
3754152,2016-04-10,Sunderland,81,0.027654,Open Play,Wayward
3754152,2016-04-10,Sunderland,81,0.323660,Open Play,Off T
3754152,2016-04-10,Leicester City,82,0.313449,Open Play,Saved
3754152,2016-04-10,Leicester City,89,0.398067,Open Play,Saved
3754152,2016-04-10,Leicester City,92,0.408464,Open Play,Saved
3754152,2016-04-10,Leicester City,94,0.995122,Open Play,Goal
3754153,2015-12-19,Crystal Palace,6,0.070968,Open Play,Off T
3754153,2015-12-19,Stoke City,10,0.056060,Open Play,Off T
3754153,2015-12-19,Stoke City,12,0.012059,Open Play,Off T
3754153,2015-12-19,Stoke City,24,0.046682,Open Play,Blocked
3754153,2015-12-19,Stoke City,24,0.005598,Open Play,Blocked
3754153,2015-12-19,Stoke City,24,0.042258,Open Play,Saved
3754153,2015-12-19,Stoke City,25,0.071126,Open Play,Off T
3754153,2015-12-19,Stoke City,31,0.034170,Open Play,Off T
3754153,2015-12-19,Stoke City,37,0.079622,Open Play,Post
3754153,2015-12-19,Crystal Palace,39,0.006233,Open Play,Off T
3754153,2015-12-19,Crystal Palace,45,0.783500,Penalty,Goal
3754153,2015-12-19,Crystal Palace,45,0.024112,Open Play,Off T
3754153,2015-12-19,Stoke City,48,0.028780,Open Play,Off T
3754153,2015-12-19,Stoke City,49,0.048598,Open Play,Saved
3754153,2015-12-19,Stoke City,49,0.015802,Open Play,Blocked
3754153,2015-12-19,Stoke City,55,0.024669,Free Kick,Off T
3754153,2015-12-19,Crystal Palace,56,0.375305,Open Play,Off T
3754153,2015-12-19,Crystal Palace,57,0.083279,Open Play,Off T
3754153,2015-12-19,Stoke City,59,0.023065,Open Play,Blocked
3754153,2015-12-19,Stoke City,59,0.044860,Open Play,Blocked
3754153,2015-12-19,Crystal Palace,63,0.101525,Open Play,Blocked
3754153,2015-12-19,Crystal Palace,65,0.033700,Open Play,Off T
3754153,2015-12-19,Stoke City,66,0.055245,Open Play,Blocked
3754153,2015-12-19,Stoke City,73,0.443256,Open Play,Saved
3754153,2015-12-19,Stoke City,74,0.075613,Open Play,Blocked
3754153,2015-12-19,Stoke City,75,0.783500,Penalty,Goal
3754153,2015-12-19,Stoke City,77,0.023297,Open Play,Blocked
3754153,2015-12-19,Stoke City,79,0.243734,Open Play,Saved Off Target
3754153,2015-12-19,Stoke City,83,0.035104,Free Kick,Off T
3754153,2015-12-19,Stoke City,85,0.031394,Open Play,Blocked
3754153,2015-12-19,Stoke City,86,0.154360,Open Play,Off T
3754153,2015-12-19,Crystal Palace,87,0.355575,Open Play,Saved
3754153,2015-12-19,Crystal Palace,87,0.084859,Open Play,Blocked
3754153,2015-12-19,Crystal Palace,87,0.034188,Open Play,Goal
3754153,2015-12-19,Stoke City,93,0.060457,Open Play,Blocked
3754153,2015-12-19,Stoke City,93,0.066793,Open Play,Blocked
3754154,2016-04-23,Liverpool,1,0.053044,Open Play,Goal
3754154,2016-04-23,Liverpool,15,0.063549,Open Play,Blocked
3754154,2016-04-23,Liverpool,17,0.022960,Open Play,Off T
3754154,2016-04-23,Liverpool,29,0.040993,Open Play,Goal
3754154,2016-04-23,Newcastle United,32,0.030722,Open Play,Off T
3754154,2016-04-23,Newcastle United,45,0.045149,Open Play,Off T
3754154,2016-04-23,Newcastle United,47,0.108959,Open Play,Goal
3754154,2016-04-23,Newcastle United,51,0.100498,Open Play,Off T
3754154,2016-04-23,Newcastle United,53,0.041261,Open Play,Saved
3754154,2016-04-23,Liverpool,54,0.043896,Open Play,Blocked
3754154,2016-04-23,Liverpool,56,0.026188,Open Play,Blocked
3754154,2016-04-23,Liverpool,57,0.015215,Open Play,Blocked
3754154,2016-04-23,Liverpool,58,0.206402,Open Play,Saved
3754154,2016-04-23,Newcastle United,65,0.068355,Open Play,Goal
3754154,2016-04-23,Liverpool,78,0.026488,Open Play,Blocked
3754154,2016-04-23,Liverpool,79,0.040035,Open Play,Off T
3754154,2016-04-23,Liverpool,80,0.067613,Open Play,Saved
3754154,2016-04-23,Liverpool,84,0.024352,Open Play,Wayward
3754154,2016-04-23,Liverpool,86,0.086951,Open Play,Blocked
3754155,2016-04-16,West Bromwich Albion,12,0.029425,Open Play,Off T
3754155,2016-04-16,Watford,16,0.025806,Open Play,Off T
3754155,2016-04-16,West Bromwich Albion,23,0.008170,Free Kick,Saved
3754155,2016-04-16,West Bromwich Albion,23,0.007147,Open Play,Off T
3754155,2016-04-16,Watford,24,0.019321,Open Play,Saved
3754155,2016-04-16,Watford,26,0.020580,Open Play,Blocked
3754155,2016-04-16,Watford,26,0.042341,Open Play,Goal
3754155,2016-04-16,West Bromwich Albion,30,0.137919,Open Play,Off T
3754155,2016-04-16,West Bromwich Albion,33,0.076779,Free Kick,Blocked
3754155,2016-04-16,Watford,33,0.026877,Open Play,Off T
3754155,2016-04-16,West Bromwich Albion,39,0.106885,Open Play,Off T
3754155,2016-04-16,West Bromwich Albion,40,0.033215,Open Play,Blocked
3754155,2016-04-16,West Bromwich Albion,41,0.027345,Open Play,Blocked
3754155,2016-04-16,West Bromwich Albion,43,0.092760,Open Play,Blocked
3754155,2016-04-16,West Bromwich Albion,49,0.076396,Open Play,Off T
3754155,2016-04-16,West Bromwich Albion,51,0.129096,Open Play,Saved
3754155,2016-04-16,Watford,56,0.113259,Open Play,Saved
3754155,2016-04-16,Watford,57,0.030020,Open Play,Blocked
3754155,2016-04-16,West Bromwich Albion,63,0.044360,Open Play,Blocked
3754155,2016-04-16,West Bromwich Albion,66,0.783500,Penalty,Saved
3754155,2016-04-16,West Bromwich Albion,66,0.072409,Open Play,Off T
3754155,2016-04-16,Watford,71,0.047464,Open Play,Saved
3754155,2016-04-16,West Bromwich Albion,74,0.009613,Open Play,Off T
3754155,2016-04-16,Watford,76,0.047723,Open Play,Off T
3754155,2016-04-16,West Bromwich Albion,86,0.783500,Penalty,Saved
3754155,2016-04-16,Watford,86,0.023270,Open Play,Blocked
3754155,2016-04-16,Watford,89,0.071638,Open Play,Off T
3754155,2016-04-16,West Bromwich Albion,93,0.037755,Open Play,Off T
3754156,2015-11-07,Leicester City,3,0.038251,Open Play,Off T
3754156,2015-11-07,Watford,9,0.031364,Open Play,Saved
3754156,2015-11-07,Leicester City,14,0.047358,Open Play,Saved Off Target
3754156,2015-11-07,Watford,19,0.071069,Open Play,Post
3754156,2015-11-07,Watford,19,0.056099,Open Play,Saved
3754156,2015-11-07,Watford,24,0.006013,Open Play,Off T
3754156,2015-11-07,Leicester City,26,0.032412,Open Play,Saved
3754156,2015-11-07,Leicester City,37,0.124525,Open Play,Saved
3754156,2015-11-07,Watford,43,0.035939,Open Play,Blocked
3754156,2015-11-07,Leicester City,45,0.087511,Open Play,Wayward
3754156,2015-11-07,Leicester City,47,0.082815,Open Play,Saved
3754156,2015-11-07,Leicester City,51,0.063953,Open Play,Goal
3754156,2015-11-07,Watford,58,0.026722,Open Play,Off T
3754156,2015-11-07,Leicester City,60,0.194760,Open Play,Blocked
3754156,2015-11-07,Leicester City,61,0.125894,Open Play,Off T
3754156,2015-11-07,Leicester City,64,0.783500,Penalty,Goal
3754156,2015-11-07,Watford,74,0.783500,Penalty,Goal
3754156,2015-11-07,Leicester City,76,0.152870,Open Play,Saved
3754156,2015-11-07,Leicester City,77,0.109776,Open Play,Off T
3754156,2015-11-07,Watford,80,0.065190,Open Play,Saved
3754156,2015-11-07,Leicester City,82,0.019532,Open Play,Blocked
3754157,2015-11-28,AFC Bournemouth,2,0.055064,Open Play,Off T
3754157,2015-11-28,AFC Bournemouth,6,0.049586,Open Play,Saved
3754157,2015-11-28,AFC Bournemouth,12,0.059482,Open Play,Saved
3754157,2015-11-28,Everton,21,0.053830,Open Play,Saved
3754157,2015-11-28,Everton,22,0.126882,Open Play,Saved
3754157,2015-11-28,Everton,23,0.026786,Open Play,Blocked
3754157,2015-11-28,Everton,23,0.070671,Open Play,Saved
3754157,2015-11-28,Everton,24,0.089535,Open Play,Goal
3754157,2015-11-28,Everton,35,0.114235,Open Play,Goal
3754157,2015-11-28,AFC Bournemouth,38,0.134341,Open Play,Saved
3754157,2015-11-28,AFC Bournemouth,41,0.028122,Open Play,Off T
3754157,2015-11-28,AFC Bournemouth,48,0.135176,Open Play,Blocked
3754157,2015-11-28,AFC Bournemouth,49,0.036651,Open Play,Saved
3754157,2015-11-28,Everton,50,0.016157,Open Play,Wayward
3754157,2015-11-28,Everton,50,0.022540,Open Play,Blocked
3754157,2015-11-28,AFC Bournemouth,54,0.077988,Open Play,Saved
3754157,2015-11-28,AFC Bournemouth,57,0.035584,Open Play,Saved
3754157,2015-11-28,AFC Bournemouth,59,0.046698,Open Play,Blocked
3754157,2015-11-28,AFC Bournemouth,65,0.057667,Open Play,Blocked
3754157,2015-11-28,Everton,65,0.034992,Open Play,Blocked
3754157,2015-11-28,AFC Bournemouth,68,0.086198,Open Play,Saved
3754157,2015-11-28,AFC Bournemouth,69,0.042606,Open Play,Blocked
3754157,2015-11-28,AFC Bournemouth,79,0.018572,Open Play,Goal
3754157,2015-11-28,AFC Bournemouth,84,0.038547,Open Play,Off T
3754157,2015-11-28,AFC Bournemouth,86,0.126195,Open Play,Goal
3754157,2015-11-28,Everton,87,0.029970,Open Play,Blocked
3754157,2015-11-28,AFC Bournemouth,91,0.080077,Open Play,Blocked
3754157,2015-11-28,AFC Bournemouth,91,0.162136,Open Play,Off T
3754157,2015-11-28,Everton,94,0.117323,Open Play,Goal
3754157,2015-11-28,AFC Bournemouth,97,0.157680,Open Play,Goal
3754158,2016-05-07,West Ham United,1,0.009132,Open Play,Saved
3754158,2016-05-07,West Ham United,2,0.121290,Open Play,Saved
3754158,2016-05-07,West Ham United,9,0.045539,Open Play,Off T
3754158,2016-05-07,West Ham United,18,0.057956,Free Kick,Off T
3754158,2016-05-07,West Ham United,21,0.036536,Free Kick,Blocked
3754158,2016-05-07,Swansea City,24,0.653367,Open Play,Goal
3754158,2016-05-07,West Ham United,28,0.140093,Open Play,Off T
3754158,2016-05-07,Swansea City,29,0.055366,Open Play,Saved
3754158,2016-05-07,Swansea City,30,0.513046,Open Play,Goal
3754158,2016-05-07,Swansea City,33,0.026308,Open Play,Off T
3754158,2016-05-07,Swansea City,34,0.183461,Open Play,Blocked
3754158,2016-05-07,West Ham United,35,0.030550,Open Play,Blocked
3754158,2016-05-07,West Ham United,35,0.024395,Open Play,Blocked
3754158,2016-05-07,West Ham United,36,0.075427,Open Play,Off T
3754158,2016-05-07,Swansea City,43,0.074463,Open Play,Off T
3754158,2016-05-07,West Ham United,44,0.025761,Open Play,Saved
3754158,2016-05-07,West Ham United,46,0.156807,Open Play,Wayward
3754158,2016-05-07,West Ham United,46,0.492161,Open Play,Off T
3754158,2016-05-07,Swansea City,47,0.060104,Open Play,Wayward
3754158,2016-05-07,Swansea City,50,0.131637,Open Play,Goal
3754158,2016-05-07,West Ham United,52,0.050751,Open Play,Saved
3754158,2016-05-07,West Ham United,53,0.094196,Open Play,Saved
3754158,2016-05-07,West Ham United,54,0.030834,Open Play,Off T
3754158,2016-05-07,Swansea City,59,0.055918,Open Play,Blocked
3754158,2016-05-07,West Ham United,63,0.084545,Open Play,Wayward
3754158,2016-05-07,West Ham United,64,0.010231,Open Play,Blocked
3754158,2016-05-07,West Ham United,65,0.053953,Open Play,Blocked
3754158,2016-05-07,West Ham United,66,0.026907,Open Play,Blocked
3754158,2016-05-07,West Ham United,67,0.350594,Open Play,Saved
3754158,2016-05-07,West Ham United,67,0.644243,Open Play,Saved
3754158,2016-05-07,West Ham United,68,0.027366,Open Play,Blocked
3754158,2016-05-07,Swansea City,70,0.077709,Open Play,Blocked
3754158,2016-05-07,Swansea City,70,0.087990,Open Play,Blocked
3754158,2016-05-07,West Ham United,72,0.104112,Open Play,Off T
3754158,2016-05-07,Swansea City,75,0.037999,Open Play,Off T
3754158,2016-05-07,West Ham United,76,0.032903,Open Play,Blocked
3754158,2016-05-07,West Ham United,78,0.088087,Open Play,Blocked
3754158,2016-05-07,Swansea City,90,0.041746,Open Play,Saved
3754158,2016-05-07,West Ham United,91,0.025069,Open Play,Blocked
3754158,2016-05-07,Swansea City,92,0.764510,Open Play,Goal
3754159,2016-05-17,Manchester United,11,0.016322,Open Play,Wayward
3754159,2016-05-17,AFC Bournemouth,21,0.040147,Open Play,Blocked
3754159,2016-05-17,AFC Bournemouth,36,0.153464,Open Play,Blocked
3754159,2016-05-17,Manchester United,42,0.494800,Open Play,Goal
3754159,2016-05-17,Manchester United,45,0.047370,Open Play,Blocked
3754159,2016-05-17,AFC Bournemouth,46,0.103985,Open Play,Blocked
3754159,2016-05-17,AFC Bournemouth,47,0.054029,Open Play,Blocked
3754159,2016-05-17,AFC Bournemouth,47,0.056378,Open Play,Off T
3754159,2016-05-17,Manchester United,53,0.022490,Open Play,Blocked
3754159,2016-05-17,Manchester United,58,0.120257,Open Play,Blocked
3754159,2016-05-17,Manchester United,58,0.080705,Open Play,Blocked
3754159,2016-05-17,Manchester United,58,0.007024,Open Play,Saved
3754159,2016-05-17,Manchester United,60,0.050140,Open Play,Off T
3754159,2016-05-17,Manchester United,61,0.078886,Open Play,Saved
3754159,2016-05-17,Manchester United,73,0.068198,Open Play,Goal
3754159,2016-05-17,AFC Bournemouth,85,0.083267,Open Play,Off T
3754159,2016-05-17,Manchester United,86,0.529061,Open Play,Goal
3754159,2016-05-17,Manchester United,89,0.032848,Open Play,Off T
3754159,2016-05-17,AFC Bournemouth,92,0.160180,Open Play,Wayward
3754160,2015-12-05,Sunderland,3,0.135901,Open Play,Saved
3754160,2015-12-05,Arsenal,6,0.039837,Open Play,Off T
3754160,2015-12-05,Sunderland,8,0.152816,Open Play,Off T
3754160,2015-12-05,Sunderland,22,0.020015,Open Play,Off T
3754160,2015-12-05,Arsenal,28,0.025886,Open Play,Blocked
3754160,2015-12-05,Sunderland,30,0.055045,Open Play,Off T
3754160,2015-12-05,Arsenal,32,0.145898,Open Play,Goal
3754160,2015-12-05,Arsenal,46,0.242431,Open Play,Off T
3754160,2015-12-05,Sunderland,47,0.018659,Open Play,Wayward
3754160,2015-12-05,Arsenal,51,0.029070,Open Play,Blocked
3754160,2015-12-05,Arsenal,56,0.012476,Open Play,Blocked
3754160,2015-12-05,Sunderland,56,0.019865,Open Play,Saved
3754160,2015-12-05,Sunderland,57,0.228599,Open Play,Saved
3754160,2015-12-05,Arsenal,60,0.024719,Open Play,Off T
3754160,2015-12-05,Arsenal,62,0.119850,Open Play,Goal
3754160,2015-12-05,Arsenal,64,0.030139,Open Play,Wayward
3754160,2015-12-05,Arsenal,64,0.045087,Open Play,Blocked
3754160,2015-12-05,Arsenal,65,0.071439,Open Play,Blocked
3754160,2015-12-05,Arsenal,70,0.159897,Open Play,Saved
3754160,2015-12-05,Sunderland,71,0.022495,Open Play,Off T
3754160,2015-12-05,Sunderland,74,0.090277,Open Play,Saved
3754160,2015-12-05,Sunderland,88,0.131512,Open Play,Off T
3754160,2015-12-05,Arsenal,90,0.215183,Open Play,Saved
3754160,2015-12-05,Arsenal,92,0.041664,Open Play,Saved
3754160,2015-12-05,Arsenal,92,0.144437,Open Play,Blocked
3754160,2015-12-05,Arsenal,92,0.494511,Open Play,Goal
3754161,2016-01-18,Watford,0,0.067488,Open Play,Blocked
3754161,2016-01-18,Swansea City,4,0.117726,Open Play,Off T
3754161,2016-01-18,Watford,20,0.072696,Open Play,Blocked
3754161,2016-01-18,Swansea City,25,0.035111,Open Play,Saved
3754161,2016-01-18,Swansea City,26,0.080109,Open Play,Goal
3754161,2016-01-18,Swansea City,28,0.008776,Open Play,Blocked
3754161,2016-01-18,Swansea City,29,0.013199,Open Play,Blocked
3754161,2016-01-18,Swansea City,36,0.044609,Open Play,Off T
3754161,2016-01-18,Watford,40,0.049847,Open Play,Off T
3754161,2016-01-18,Swansea City,41,0.024597,Open Play,Blocked
3754161,2016-01-18,Watford,44,0.025454,Open Play,Saved
3754161,2016-01-18,Watford,46,0.009227,Open Play,Off T
3754161,2016-01-18,Watford,50,0.026709,Open Play,Off T
3754161,2016-01-18,Watford,51,0.084041,Open Play,Off T
3754161,2016-01-18,Swansea City,59,0.042509,Open Play,Off T
3754161,2016-01-18,Watford,65,0.136866,Open Play,Off T
3754161,2016-01-18,Swansea City,69,0.011183,Open Play,Blocked
3754161,2016-01-18,Watford,79,0.011056,Free Kick,Blocked
3754161,2016-01-18,Watford,83,0.017852,Open Play,Saved
3754161,2016-01-18,Watford,87,0.048702,Open Play,Off T
3754161,2016-01-18,Swansea City,90,0.112075,Open Play,Post
3754161,2016-01-18,Watford,92,0.038214,Open Play,Off T
3754162,2015-12-12,AFC Bournemouth,1,0.000180,Corner,Goal
3754162,2015-12-12,Manchester United,4,0.383913,Open Play,Saved
3754162,2015-12-12,Manchester United,4,0.066469,Open Play,Saved
3754162,2015-12-12,Manchester United,5,0.083019,Open Play,Off T
3754162,2015-12-12,AFC Bournemouth,13,0.037855,Free Kick,Off T
3754162,2015-12-12,Manchester United,17,0.165605,Open Play,Off T
3754162,2015-12-12,Manchester United,23,0.130404,Open Play,Saved
3754162,2015-12-12,Manchester United,23,0.311306,Open Play,Goal
3754162,2015-12-12,AFC Bournemouth,27,0.032666,Open Play,Saved
3754162,2015-12-12,AFC Bournemouth,32,0.093927,Open Play,Off T
3754162,2015-12-12,AFC Bournemouth,41,0.049157,Open Play,Saved
3754162,2015-12-12,AFC Bournemouth,46,0.036073,Open Play,Off T
3754162,2015-12-12,AFC Bournemouth,53,0.014184,Open Play,Saved
3754162,2015-12-12,AFC Bournemouth,53,0.134529,Open Play,Goal
3754162,2015-12-12,Manchester United,55,0.076481,Open Play,Saved
3754162,2015-12-12,Manchester United,59,0.057882,Open Play,Blocked
3754162,2015-12-12,Manchester United,60,0.142786,Open Play,Blocked
3754162,2015-12-12,AFC Bournemouth,70,0.554920,Open Play,Off T
3754162,2015-12-12,AFC Bournemouth,72,0.124187,Open Play,Off T
3754162,2015-12-12,Manchester United,73,0.064970,Open Play,Blocked
3754162,2015-12-12,Manchester United,76,0.040948,Open Play,Off T
3754162,2015-12-12,AFC Bournemouth,79,0.054197,Open Play,Off T
3754163,2016-01-24,Everton,3,0.071618,Open Play,Post
3754163,2016-01-24,Everton,14,0.021894,Open Play,Saved
3754163,2016-01-24,Swansea City,16,0.783500,Penalty,Goal
3754163,2016-01-24,Everton,18,0.026579,Free Kick,Blocked
3754163,2016-01-24,Swansea City,24,0.038040,Open Play,Off T
3754163,2016-01-24,Everton,25,0.064351,Open Play,Blocked
3754163,2016-01-24,Everton,25,0.048317,Open Play,Blocked
3754163,2016-01-24,Everton,28,0.053939,Open Play,Off T
3754163,2016-01-24,Swansea City,31,0.064874,Open Play,Blocked
3754163,2016-01-24,Swansea City,33,0.041805,Open Play,Goal
3754163,2016-01-24,Everton,34,0.091380,Open Play,Off T
3754163,2016-01-24,Everton,36,0.038027,Open Play,Blocked
3754163,2016-01-24,Swansea City,48,0.196171,Open Play,Saved
3754163,2016-01-24,Everton,53,0.023608,Open Play,Off T
3754163,2016-01-24,Swansea City,58,0.099680,Open Play,Saved
3754163,2016-01-24,Everton,59,0.024608,Open Play,Blocked
3754163,2016-01-24,Everton,60,0.061867,Open Play,Off T
3754163,2016-01-24,Swansea City,64,0.033164,Open Play,Saved
3754163,2016-01-24,Everton,72,0.127561,Open Play,Wayward
3754163,2016-01-24,Everton,77,0.018174,Open Play,Blocked
3754163,2016-01-24,Everton,84,0.028229,Open Play,Blocked
3754163,2016-01-24,Everton,85,0.090503,Open Play,Saved
3754163,2016-01-24,Everton,87,0.090668,Open Play,Off T
3754163,2016-01-24,Everton,90,0.052406,Open Play,Off T
3754163,2016-01-24,Everton,94,0.044308,Open Play,Wayward
3754163,2016-01-24,Everton,94,0.576859,Open Play,Off T
3754164,2016-03-05,Southampton,11,0.005467,Free Kick,Off T
3754164,2016-03-05,Southampton,14,0.093422,Open Play,Off T
3754164,2016-03-05,Sunderland,21,0.027695,Open Play,Blocked
3754164,2016-03-05,Southampton,25,0.058368,Open Play,Saved
3754164,2016-03-05,Sunderland,31,0.063066,Open Play,Off T
3754164,2016-03-05,Southampton,35,0.127214,Open Play,Saved
3754164,2016-03-05,Sunderland,38,0.111148,Open Play,Off T
3754164,2016-03-05,Southampton,38,0.449141,Open Play,Saved
3754164,2016-03-05,Southampton,40,0.098327,Open Play,Blocked
3754164,2016-03-05,Sunderland,50,0.015998,Open Play,Blocked
3754164,2016-03-05,Sunderland,51,0.027427,Open Play,Off T
3754164,2016-03-05,Sunderland,57,0.013413,Open Play,Saved
3754164,2016-03-05,Southampton,57,0.045273,Open Play,Off T
3754164,2016-03-05,Sunderland,59,0.025387,Open Play,Blocked
3754164,2016-03-05,Southampton,66,0.062971,Open Play,Blocked
3754164,2016-03-05,Southampton,68,0.159649,Open Play,Blocked
3754164,2016-03-05,Southampton,68,0.036281,Open Play,Blocked
3754164,2016-03-05,Southampton,77,0.052373,Open Play,Blocked
3754164,2016-03-05,Sunderland,80,0.086353,Free Kick,Saved
3754164,2016-03-05,Sunderland,81,0.026143,Open Play,Blocked
3754164,2016-03-05,Sunderland,82,0.090115,Open Play,Off T
3754164,2016-03-05,Sunderland,84,0.300875,Open Play,Goal
3754164,2016-03-05,Southampton,87,0.092693,Open Play,Blocked
3754164,2016-03-05,Southampton,87,0.082700,Open Play,Blocked
3754164,2016-03-05,Southampton,88,0.082147,Open Play,Saved
3754164,2016-03-05,Southampton,92,0.021231,Open Play,Blocked
3754164,2016-03-05,Southampton,92,0.112865,Open Play,Goal
3754165,2016-05-01,Manchester United,2,0.019676,Open Play,Blocked
3754165,2016-05-01,Manchester United,4,0.041173,Open Play,Blocked
3754165,2016-05-01,Manchester United,7,0.095508,Open Play,Goal
3754165,2016-05-01,Leicester City,11,0.178646,Open Play,Off T
3754165,2016-05-01,Manchester United,13,0.087411,Open Play,Saved
3754165,2016-05-01,Manchester United,13,0.025452,Open Play,Blocked
3754165,2016-05-01,Leicester City,16,0.140176,Open Play,Goal
3754165,2016-05-01,Manchester United,17,0.101816,Open Play,Off T
3754165,2016-05-01,Manchester United,22,0.081894,Free Kick,Blocked
3754165,2016-05-01,Leicester City,29,0.055125,Open Play,Blocked
3754165,2016-05-01,Manchester United,32,0.027953,Open Play,Blocked
3754165,2016-05-01,Manchester United,35,0.117064,Open Play,Saved
3754165,2016-05-01,Leicester City,37,0.089978,Open Play,Off T
3754165,2016-05-01,Leicester City,40,0.109216,Open Play,Off T
3754165,2016-05-01,Manchester United,42,0.034146,Open Play,Blocked
3754165,2016-05-01,Leicester City,46,0.028388,Open Play,Saved
3754165,2016-05-01,Manchester United,47,0.043849,Open Play,Off T
3754165,2016-05-01,Leicester City,50,0.120049,Open Play,Off T
3754165,2016-05-01,Leicester City,53,0.049076,Open Play,Blocked
3754165,2016-05-01,Leicester City,53,0.070022,Open Play,Wayward
3754165,2016-05-01,Manchester United,55,0.030676,Open Play,Saved
3754165,2016-05-01,Manchester United,60,0.032174,Open Play,Off T
3754165,2016-05-01,Manchester United,62,0.023490,Open Play,Blocked
3754165,2016-05-01,Leicester City,63,0.051318,Open Play,Off T
3754165,2016-05-01,Leicester City,64,0.020821,Open Play,Blocked
3754165,2016-05-01,Manchester United,69,0.056107,Open Play,Off T
3754165,2016-05-01,Manchester United,70,0.051139,Open Play,Blocked
3754165,2016-05-01,Leicester City,70,0.058985,Open Play,Saved
3754165,2016-05-01,Leicester City,74,0.044469,Open Play,Blocked
3754165,2016-05-01,Manchester United,77,0.036448,Open Play,Post
3754165,2016-05-01,Leicester City,79,0.115831,Open Play,Wayward
3754165,2016-05-01,Manchester United,80,0.273932,Open Play,Off T
3754165,2016-05-01,Manchester United,88,0.006739,Free Kick,Saved
3754165,2016-05-01,Manchester United,89,0.039669,Free Kick,Blocked
3754165,2016-05-01,Manchester United,89,0.023748,Open Play,Saved
3754166,2015-12-19,Leicester City,9,0.094973,Open Play,Off T
3754166,2015-12-19,Leicester City,20,0.041592,Open Play,Off T
3754166,2015-12-19,Everton,24,0.112989,Open Play,Off T
3754166,2015-12-19,Leicester City,26,0.783500,Penalty,Goal
3754166,2015-12-19,Everton,28,0.102265,Open Play,Off T
3754166,2015-12-19,Everton,30,0.247251,Open Play,Saved
3754166,2015-12-19,Everton,31,0.113818,Open Play,Blocked
3754166,2015-12-19,Everton,31,0.247773,Open Play,Goal
3754166,2015-12-19,Everton,36,0.180445,Open Play,Off T
3754166,2015-12-19,Leicester City,43,0.018810,Open Play,Off T
3754166,2015-12-19,Leicester City,51,0.009486,Open Play,Off T
3754166,2015-12-19,Leicester City,57,0.020013,Open Play,Saved
3754166,2015-12-19,Leicester City,57,0.066739,Open Play,Off T
3754166,2015-12-19,Leicester City,64,0.783500,Penalty,Goal
3754166,2015-12-19,Everton,66,0.083130,Open Play,Wayward
3754166,2015-12-19,Leicester City,68,0.140104,Open Play,Goal
3754166,2015-12-19,Everton,69,0.107474,Open Play,Off T
3754166,2015-12-19,Everton,74,0.047968,Open Play,Blocked
3754166,2015-12-19,Everton,81,0.050897,Free Kick,Off T
3754166,2015-12-19,Everton,88,0.162868,Open Play,Blocked
3754166,2015-12-19,Everton,88,0.093734,Open Play,Goal
3754166,2015-12-19,Everton,91,0.062259,Open Play,Blocked
3754166,2015-12-19,Everton,91,0.078171,Open Play,Saved
3754166,2015-12-19,Leicester City,92,0.412011,Open Play,Saved
3754167,2015-10-31,Manchester City,9,0.054472,Open Play,Saved
3754167,2015-10-31,Manchester City,10,0.039748,Open Play,Blocked
3754167,2015-10-31,Norwich City,13,0.123071,Open Play,Blocked
3754167,2015-10-31,Norwich City,13,0.173499,Open Play,Off T
3754167,2015-10-31,Manchester City,18,0.038812,Open Play,Saved
3754167,2015-10-31,Manchester City,20,0.325092,Open Play,Off T
3754167,2015-10-31,Manchester City,25,0.070955,Open Play,Blocked
3754167,2015-10-31,Manchester City,26,0.051824,Open Play,Off T
3754167,2015-10-31,Norwich City,27,0.133069,Open Play,Saved
3754167,2015-10-31,Manchester City,32,0.045224,Free Kick,Saved
3754167,2015-10-31,Manchester City,40,0.197636,Open Play,Wayward
3754167,2015-10-31,Manchester City,41,0.027689,Open Play,Blocked
3754167,2015-10-31,Manchester City,41,0.174803,Open Play,Off T
3754167,2015-10-31,Manchester City,52,0.104251,Open Play,Off T
3754167,2015-10-31,Manchester City,59,0.020925,Open Play,Off T
3754167,2015-10-31,Manchester City,61,0.022588,Open Play,Wayward
3754167,2015-10-31,Manchester City,66,0.048221,Open Play,Goal
3754167,2015-10-31,Manchester City,70,0.097972,Open Play,Off T
3754167,2015-10-31,Manchester City,78,0.101082,Open Play,Blocked
3754167,2015-10-31,Manchester City,80,0.049241,Open Play,Off T
3754167,2015-10-31,Norwich City,82,0.938525,Open Play,Goal
3754167,2015-10-31,Manchester City,87,0.292715,Open Play,Blocked
3754167,2015-10-31,Manchester City,88,0.783500,Penalty,Goal
3754167,2015-10-31,Manchester City,92,0.071674,Open Play,Blocked
3754167,2015-10-31,Norwich City,93,0.023697,Open Play,Saved
3754167,2015-10-31,Manchester City,96,0.783500,Penalty,Off T
3754168,2016-01-16,Southampton,4,0.010029,Free Kick,Goal
3754168,2016-01-16,West Bromwich Albion,9,0.041602,Open Play,Off T
3754168,2016-01-16,West Bromwich Albion,21,0.058984,Open Play,Off T
3754168,2016-01-16,Southampton,26,0.053166,Open Play,Blocked
3754168,2016-01-16,West Bromwich Albion,28,0.078432,Open Play,Blocked
3754168,2016-01-16,Southampton,29,0.035987,Open Play,Saved
3754168,2016-01-16,Southampton,34,0.783500,Penalty,Goal
3754168,2016-01-16,Southampton,35,0.049719,Open Play,Blocked
3754168,2016-01-16,Southampton,35,0.123649,Open Play,Blocked
3754168,2016-01-16,West Bromwich Albion,45,0.114398,Open Play,Off T
3754168,2016-01-16,West Bromwich Albion,49,0.043382,Open Play,Off T
3754168,2016-01-16,Southampton,51,0.029153,Open Play,Off T
3754168,2016-01-16,West Bromwich Albion,56,0.024799,Open Play,Off T
3754168,2016-01-16,Southampton,58,0.144465,Open Play,Off T
3754168,2016-01-16,West Bromwich Albion,65,0.029514,Open Play,Off T
3754168,2016-01-16,Southampton,71,0.069409,Open Play,Goal
3754168,2016-01-16,West Bromwich Albion,73,0.009002,Open Play,Blocked
3754168,2016-01-16,West Bromwich Albion,85,0.050009,Open Play,Blocked
3754168,2016-01-16,West Bromwich Albion,85,0.019227,Open Play,Off T
3754169,2015-09-19,AFC Bournemouth,3,0.067880,Open Play,Goal
3754169,2015-09-19,AFC Bournemouth,8,0.019833,Open Play,Goal
3754169,2015-09-19,Sunderland,10,0.018790,Open Play,Saved
3754169,2015-09-19,Sunderland,17,0.008466,Free Kick,Saved
3754169,2015-09-19,AFC Bournemouth,23,0.009723,Open Play,Blocked
3754169,2015-09-19,Sunderland,28,0.021393,Open Play,Blocked
3754169,2015-09-19,AFC Bournemouth,32,0.054927,Open Play,Off T
3754169,2015-09-19,Sunderland,35,0.008836,Open Play,Blocked
3754169,2015-09-19,Sunderland,39,0.215234,Open Play,Saved
3754169,2015-09-19,AFC Bournemouth,40,0.025732,Open Play,Saved
3754169,2015-09-19,AFC Bournemouth,43,0.009149,Open Play,Blocked
3754169,2015-09-19,Sunderland,52,0.076180,Open Play,Blocked
3754169,2015-09-19,Sunderland,52,0.032372,Open Play,Blocked
3754169,2015-09-19,Sunderland,59,0.013377,Open Play,Off T
3754169,2015-09-19,AFC Bournemouth,64,0.145050,Open Play,Blocked
3754169,2015-09-19,AFC Bournemouth,69,0.016823,Open Play,Blocked
3754169,2015-09-19,AFC Bournemouth,72,0.020884,Open Play,Off T
3754169,2015-09-19,AFC Bournemouth,75,0.009814,Open Play,Saved
3754169,2015-09-19,AFC Bournemouth,84,0.039307,Open Play,Blocked
3754169,2015-09-19,AFC Bournemouth,85,0.053225,Open Play,Post
3754169,2015-09-19,Sunderland,86,0.029892,Open Play,Off T
3754169,2015-09-19,AFC Bournemouth,91,0.046461,Open Play,Blocked
3754169,2015-09-19,AFC Bournemouth,91,0.010145,Open Play,Saved
3754169,2015-09-19,AFC Bournemouth,92,0.044645,Open Play,Wayward
3754170,2016-04-30,Crystal Palace,7,0.053103,Open Play,Off T
3754170,2016-04-30,Newcastle United,11,0.058930,Open Play,Saved
3754170,2016-04-30,Crystal Palace,26,0.029905,Open Play,Saved
3754170,2016-04-30,Crystal Palace,32,0.020109,Open Play,Off T
3754170,2016-04-30,Newcastle United,36,0.006430,Open Play,Saved
3754170,2016-04-30,Newcastle United,38,0.021405,Open Play,Wayward
3754170,2016-04-30,Crystal Palace,42,0.026300,Open Play,Saved
3754170,2016-04-30,Crystal Palace,42,0.089153,Open Play,Wayward
3754170,2016-04-30,Crystal Palace,42,0.023508,Open Play,Wayward
3754170,2016-04-30,Newcastle United,43,0.083711,Open Play,Off T
3754170,2016-04-30,Newcastle United,49,0.068516,Open Play,Blocked
3754170,2016-04-30,Newcastle United,54,0.023913,Open Play,Saved
3754170,2016-04-30,Newcastle United,57,0.014903,Free Kick,Goal
3754170,2016-04-30,Newcastle United,67,0.044537,Open Play,Blocked
3754170,2016-04-30,Crystal Palace,69,0.783500,Penalty,Saved
3754170,2016-04-30,Crystal Palace,79,0.027349,Open Play,Blocked
3754170,2016-04-30,Newcastle United,80,0.075849,Open Play,Off T
3754170,2016-04-30,Crystal Palace,82,0.015725,Open Play,Off T
3754170,2016-04-30,Newcastle United,84,0.047552,Open Play,Blocked
3754171,2015-10-04,Arsenal,3,0.021023,Open Play,Off T
3754171,2015-10-04,Arsenal,5,0.361957,Open Play,Goal
3754171,2015-10-04,Arsenal,6,0.127810,Open Play,Goal
3754171,2015-10-04,Arsenal,19,0.078730,Open Play,Goal
3754171,2015-10-04,Arsenal,24,0.020407,Open Play,Off T
3754171,2015-10-04,Arsenal,33,0.301459,Open Play,Off T
3754171,2015-10-04,Arsenal,38,0.039489,Open Play,Off T
3754171,2015-10-04,Manchester United,44,0.363635,Open Play,Saved
3754171,2015-10-04,Manchester United,48,0.049110,Open Play,Saved
3754171,2015-10-04,Arsenal,52,0.059426,Free Kick,Blocked
3754171,2015-10-04,Arsenal,52,0.027135,Open Play,Blocked
3754171,2015-10-04,Manchester United,61,0.044761,Open Play,Saved
3754171,2015-10-04,Manchester United,67,0.541135,Open Play,Saved
3754171,2015-10-04,Manchester United,70,0.070312,Open Play,Off T
3754171,2015-10-04,Arsenal,72,0.160580,Open Play,Saved
3754171,2015-10-04,Manchester United,76,0.023918,Open Play,Blocked
3754171,2015-10-04,Manchester United,83,0.034163,Open Play,Wayward
3754171,2015-10-04,Arsenal,85,0.208384,Open Play,Saved
3754171,2015-10-04,Manchester United,85,0.027957,Open Play,Off T
3754171,2015-10-04,Arsenal,91,0.128958,Open Play,Post
3754172,2016-04-16,Norwich City,5,0.064232,Open Play,Blocked
3754172,2016-04-16,Norwich City,5,0.023901,Open Play,Saved
3754172,2016-04-16,Norwich City,12,0.127959,Open Play,Saved
3754172,2016-04-16,Sunderland,17,0.029268,Open Play,Off T
3754172,2016-04-16,Sunderland,18,0.024142,Open Play,Off T
3754172,2016-04-16,Norwich City,25,0.036049,Open Play,Blocked
3754172,2016-04-16,Norwich City,25,0.012009,Open Play,Saved
3754172,2016-04-16,Sunderland,34,0.111585,Open Play,Off T
3754172,2016-04-16,Norwich City,37,0.030243,Open Play,Blocked
3754172,2016-04-16,Sunderland,40,0.783500,Penalty,Goal
3754172,2016-04-16,Sunderland,46,0.044632,Open Play,Off T
3754172,2016-04-16,Norwich City,47,0.019740,Open Play,Blocked
3754172,2016-04-16,Norwich City,47,0.022751,Open Play,Post
3754172,2016-04-16,Norwich City,51,0.006081,Open Play,Off T
3754172,2016-04-16,Sunderland,52,0.339906,Open Play,Goal
3754172,2016-04-16,Norwich City,56,0.348480,Open Play,Wayward
3754172,2016-04-16,Norwich City,62,0.100993,Open Play,Blocked
3754172,2016-04-16,Norwich City,64,0.181786,Open Play,Blocked
3754172,2016-04-16,Norwich City,64,0.062218,Open Play,Saved
3754172,2016-04-16,Sunderland,69,0.019652,Free Kick,Off T
3754172,2016-04-16,Norwich City,80,0.031828,Open Play,Saved
3754172,2016-04-16,Norwich City,81,0.035717,Open Play,Blocked
3754172,2016-04-16,Norwich City,81,0.061773,Open Play,Blocked
3754172,2016-04-16,Norwich City,85,0.048105,Open Play,Off T
3754172,2016-04-16,Norwich City,86,0.051211,Open Play,Off T
3754172,2016-04-16,Sunderland,90,0.424674,Open Play,Goal
3754172,2016-04-16,Norwich City,92,0.009504,Open Play,Off T
3754173,2015-12-28,AFC Bournemouth,4,0.039971,Open Play,Saved
3754173,2015-12-28,AFC Bournemouth,14,0.060235,Open Play,Blocked
3754173,2015-12-28,Arsenal,26,0.143710,Open Play,Goal
3754173,2015-12-28,Arsenal,33,0.013865,Open Play,Blocked
3754173,2015-12-28,Arsenal,33,0.057577,Open Play,Post
3754173,2015-12-28,Arsenal,33,0.536353,Open Play,Off T
3754173,2015-12-28,Arsenal,34,0.206129,Open Play,Saved
3754173,2015-12-28,Arsenal,35,0.062812,Open Play,Off T
3754173,2015-12-28,AFC Bournemouth,55,0.020072,Open Play,Blocked
3754173,2015-12-28,AFC Bournemouth,58,0.019234,Open Play,Blocked
3754173,2015-12-28,Arsenal,62,0.213365,Open Play,Goal
3754173,2015-12-28,Arsenal,65,0.012528,Open Play,Off T
3754173,2015-12-28,Arsenal,69,0.143968,Open Play,Wayward
3754173,2015-12-28,Arsenal,70,0.100592,Open Play,Saved
3754173,2015-12-28,AFC Bournemouth,72,0.029109,Open Play,Saved
3754173,2015-12-28,AFC Bournemouth,75,0.022692,Open Play,Blocked
3754173,2015-12-28,Arsenal,78,0.137739,Open Play,Off T
3754173,2015-12-28,AFC Bournemouth,80,0.039687,Open Play,Off T
3754173,2015-12-28,Arsenal,82,0.098797,Open Play,Blocked
3754173,2015-12-28,AFC Bournemouth,83,0.033406,Open Play,Off T
3754173,2015-12-28,AFC Bournemouth,90,0.057881,Open Play,Saved
3754173,2015-12-28,Arsenal,91,0.024110,Open Play,Saved
3754173,2015-12-28,AFC Bournemouth,91,0.024518,Open Play,Off T
3754174,2015-09-26,Arsenal,6,0.065021,Open Play,Blocked
3754174,2015-09-26,Arsenal,6,0.056177,Open Play,Blocked
3754174,2015-09-26,Leicester City,9,0.028972,Open Play,Saved
3754174,2015-09-26,Leicester City,9,0.058933,Open Play,Blocked
3754174,2015-09-26,Leicester City,12,0.076715,Open Play,Goal
3754174,2015-09-26,Leicester City,13,0.029999,Open Play,Blocked
3754174,2015-09-26,Arsenal,15,0.090523,Open Play,Saved
3754174,2015-09-26,Arsenal,16,0.021842,Open Play,Saved Off Target
3754174,2015-09-26,Leicester City,16,0.043435,Open Play,Blocked
3754174,2015-09-26,Leicester City,17,0.224187,Open Play,Post
3754174,2015-09-26,Arsenal,17,0.429594,Open Play,Goal
3754174,2015-09-26,Arsenal,28,0.061996,Open Play,Blocked
3754174,2015-09-26,Arsenal,32,0.725753,Open Play,Goal
3754174,2015-09-26,Arsenal,38,0.011800,Open Play,Off T
3754174,2015-09-26,Arsenal,41,0.045654,Open Play,Blocked
3754174,2015-09-26,Leicester City,45,0.022694,Open Play,Off T
3754174,2015-09-26,Arsenal,49,0.110622,Open Play,Blocked
3754174,2015-09-26,Arsenal,51,0.052382,Open Play,Blocked
3754174,2015-09-26,Arsenal,52,0.106148,Open Play,Blocked
3754174,2015-09-26,Arsenal,53,0.046680,Open Play,Blocked
3754174,2015-09-26,Leicester City,56,0.032016,Open Play,Saved
3754174,2015-09-26,Arsenal,56,0.318507,Open Play,Goal
3754174,2015-09-26,Arsenal,59,0.111570,Open Play,Saved
3754174,2015-09-26,Arsenal,60,0.036647,Open Play,Off T
3754174,2015-09-26,Arsenal,63,0.176396,Open Play,Blocked
3754174,2015-09-26,Leicester City,65,0.101797,Open Play,Off T
3754174,2015-09-26,Arsenal,66,0.095834,Open Play,Saved
3754174,2015-09-26,Leicester City,66,0.021536,Open Play,Off T
3754174,2015-09-26,Arsenal,70,0.020804,Open Play,Blocked
3754174,2015-09-26,Arsenal,70,0.081414,Open Play,Saved
3754174,2015-09-26,Arsenal,72,0.035183,Open Play,Blocked
3754174,2015-09-26,Arsenal,75,0.085542,Open Play,Blocked
3754174,2015-09-26,Arsenal,75,0.061349,Open Play,Blocked
3754174,2015-09-26,Arsenal,80,0.026168,Open Play,Goal
3754174,2015-09-26,Leicester City,83,0.300482,Open Play,Saved
3754174,2015-09-26,Leicester City,84,0.051520,Open Play,Saved
3754174,2015-09-26,Leicester City,85,0.081116,Open Play,Off T
3754174,2015-09-26,Leicester City,87,0.098957,Open Play,Blocked
3754174,2015-09-26,Leicester City,88,0.361572,Open Play,Saved
3754174,2015-09-26,Leicester City,88,0.061111,Open Play,Goal
3754174,2015-09-26,Arsenal,89,0.197843,Open Play,Saved
3754174,2015-09-26,Arsenal,92,0.213193,Open Play,Goal
3754175,2016-04-02,Sunderland,0,0.024006,Open Play,Wayward
3754175,2016-04-02,West Bromwich Albion,2,0.056358,Open Play,Wayward
3754175,2016-04-02,West Bromwich Albion,4,0.035738,Open Play,Wayward
3754175,2016-04-02,West Bromwich Albion,4,0.014072,Open Play,Off T
3754175,2016-04-02,Sunderland,9,0.043779,Open Play,Saved
3754175,2016-04-02,Sunderland,19,0.136152,Open Play,Off T
3754175,2016-04-02,Sunderland,24,0.053769,Open Play,Blocked
3754175,2016-04-02,Sunderland,25,0.031049,Open Play,Blocked
3754175,2016-04-02,Sunderland,29,0.225200,Open Play,Off T
3754175,2016-04-02,Sunderland,31,0.309688,Open Play,Saved
3754175,2016-04-02,Sunderland,42,0.030244,Open Play,Saved Off Target
3754175,2016-04-02,Sunderland,53,0.275405,Open Play,Saved
3754175,2016-04-02,Sunderland,53,0.026722,Open Play,Blocked
3754175,2016-04-02,Sunderland,53,0.073014,Open Play,Blocked
3754175,2016-04-02,Sunderland,54,0.041212,Open Play,Wayward
3754175,2016-04-02,Sunderland,54,0.153923,Open Play,Blocked
3754175,2016-04-02,Sunderland,56,0.027006,Open Play,Blocked
3754175,2016-04-02,Sunderland,57,0.026687,Open Play,Saved
3754175,2016-04-02,Sunderland,57,0.021642,Open Play,Blocked
3754175,2016-04-02,Sunderland,60,0.108390,Open Play,Off T
3754175,2016-04-02,Sunderland,62,0.021465,Open Play,Off T
3754175,2016-04-02,Sunderland,75,0.030165,Free Kick,Off T
3754175,2016-04-02,Sunderland,84,0.039080,Open Play,Saved
3754175,2016-04-02,West Bromwich Albion,86,0.043190,Open Play,Blocked
3754175,2016-04-02,Sunderland,88,0.200032,Open Play,Saved
3754175,2016-04-02,Sunderland,91,0.118368,Open Play,Blocked
3754175,2016-04-02,Sunderland,92,0.033653,Open Play,Off T
3754175,2016-04-02,Sunderland,93,0.053833,Open Play,Blocked
3754175,2016-04-02,Sunderland,93,0.099001,Open Play,Wayward
3754176,2016-04-02,Crystal Palace,1,0.054721,Open Play,Saved
3754176,2016-04-02,West Ham United,5,0.034965,Open Play,Saved
3754176,2016-04-02,Crystal Palace,14,0.299153,Open Play,Goal
3754176,2016-04-02,West Ham United,17,0.196094,Open Play,Goal
3754176,2016-04-02,Crystal Palace,19,0.035810,Open Play,Off T
3754176,2016-04-02,West Ham United,20,0.172600,Open Play,Saved
3754176,2016-04-02,West Ham United,22,0.024684,Open Play,Saved
3754176,2016-04-02,West Ham United,26,0.026761,Free Kick,Off T
3754176,2016-04-02,Crystal Palace,32,0.309715,Open Play,Off T
3754176,2016-04-02,West Ham United,35,0.131893,Open Play,Blocked
3754176,2016-04-02,West Ham United,37,0.050421,Open Play,Blocked
3754176,2016-04-02,West Ham United,38,0.176426,Open Play,Off T
3754176,2016-04-02,West Ham United,40,0.058429,Free Kick,Goal
3754176,2016-04-02,West Ham United,44,0.109615,Open Play,Wayward
3754176,2016-04-02,West Ham United,56,0.015369,Open Play,Saved
3754176,2016-04-02,West Ham United,63,0.112530,Open Play,Wayward
3754176,2016-04-02,Crystal Palace,65,0.074627,Open Play,Blocked
3754176,2016-04-02,Crystal Palace,71,0.124255,Open Play,Off T
3754176,2016-04-02,Crystal Palace,73,0.051045,Open Play,Blocked
3754176,2016-04-02,Crystal Palace,73,0.047468,Open Play,Saved
3754176,2016-04-02,West Ham United,74,0.029867,Open Play,Blocked
3754176,2016-04-02,Crystal Palace,74,0.358208,Open Play,Goal
3754176,2016-04-02,West Ham United,83,0.148333,Open Play,Blocked
3754176,2016-04-02,West Ham United,84,0.045757,Open Play,Wayward
3754176,2016-04-02,West Ham United,84,0.046492,Open Play,Wayward
3754176,2016-04-02,West Ham United,84,0.049378,Open Play,Blocked
3754176,2016-04-02,Crystal Palace,86,0.095062,Open Play,Blocked
3754176,2016-04-02,West Ham United,88,0.016604,Open Play,Blocked
3754176,2016-04-02,Crystal Palace,92,0.043515,Open Play,Blocked
3754176,2016-04-02,Crystal Palace,92,0.038839,Open Play,Off T
3754177,2016-03-05,Newcastle United,1,0.024176,Open Play,Off T
3754177,2016-03-05,AFC Bournemouth,4,0.019458,Open Play,Blocked
3754177,2016-03-05,AFC Bournemouth,6,0.070495,Open Play,Blocked
3754177,2016-03-05,AFC Bournemouth,6,0.098232,Open Play,Blocked
3754177,2016-03-05,AFC Bournemouth,8,0.078031,Open Play,Off T
3754177,2016-03-05,Newcastle United,11,0.032064,Open Play,Blocked
3754177,2016-03-05,Newcastle United,14,0.058567,Open Play,Off T
3754177,2016-03-05,Newcastle United,22,0.086044,Open Play,Blocked
3754177,2016-03-05,AFC Bournemouth,24,0.073144,Open Play,Saved Off Target
3754177,2016-03-05,Newcastle United,25,0.030200,Open Play,Off T
3754177,2016-03-05,Newcastle United,44,0.063562,Open Play,Blocked
3754177,2016-03-05,Newcastle United,44,0.084667,Open Play,Off T
3754177,2016-03-05,AFC Bournemouth,47,0.027101,Open Play,Off T
3754177,2016-03-05,AFC Bournemouth,49,0.066348,Open Play,Blocked
3754177,2016-03-05,AFC Bournemouth,50,0.010118,Open Play,Saved
3754177,2016-03-05,AFC Bournemouth,51,0.049327,Open Play,Blocked
3754177,2016-03-05,AFC Bournemouth,52,0.084016,Open Play,Blocked
3754177,2016-03-05,Newcastle United,54,0.039715,Open Play,Blocked
3754177,2016-03-05,AFC Bournemouth,55,0.058841,Open Play,Blocked
3754177,2016-03-05,Newcastle United,60,0.044229,Open Play,Off T
3754177,2016-03-05,Newcastle United,63,0.027493,Open Play,Saved
3754177,2016-03-05,Newcastle United,65,0.032418,Open Play,Saved
3754177,2016-03-05,Newcastle United,66,0.089549,Open Play,Blocked
3754177,2016-03-05,AFC Bournemouth,69,0.250858,Open Play,Goal
3754177,2016-03-05,Newcastle United,74,0.052644,Open Play,Blocked
3754177,2016-03-05,Newcastle United,79,0.353445,Open Play,Goal
3754177,2016-03-05,AFC Bournemouth,84,0.038116,Open Play,Saved
3754177,2016-03-05,AFC Bournemouth,85,0.079775,Open Play,Saved
3754177,2016-03-05,AFC Bournemouth,85,0.068297,Open Play,Off T
3754177,2016-03-05,Newcastle United,87,0.069008,Open Play,Blocked
3754177,2016-03-05,AFC Bournemouth,91,0.056389,Open Play,Goal
3754178,2015-11-28,Watford,2,0.050583,Open Play,Off T
3754178,2015-11-28,Aston Villa,9,0.024461,Open Play,Saved
3754178,2015-11-28,Aston Villa,12,0.063930,Open Play,Wayward
3754178,2015-11-28,Watford,16,0.392569,Open Play,Saved
3754178,2015-11-28,Watford,16,0.034045,Open Play,Blocked
3754178,2015-11-28,Watford,16,0.358256,Open Play,Goal
3754178,2015-11-28,Aston Villa,19,0.064111,Open Play,Blocked
3754178,2015-11-28,Aston Villa,19,0.017013,Open Play,Blocked
3754178,2015-11-28,Aston Villa,19,0.519583,Open Play,Off T
3754178,2015-11-28,Watford,23,0.435504,Open Play,Saved
3754178,2015-11-28,Aston Villa,26,0.024495,Open Play,Off T
3754178,2015-11-28,Aston Villa,29,0.035984,Open Play,Saved
3754178,2015-11-28,Aston Villa,33,0.052548,Open Play,Saved
3754178,2015-11-28,Aston Villa,36,0.098278,Open Play,Wayward
3754178,2015-11-28,Aston Villa,36,0.582421,Open Play,Off T
3754178,2015-11-28,Aston Villa,37,0.025589,Open Play,Saved
3754178,2015-11-28,Aston Villa,40,0.264216,Open Play,Goal
3754178,2015-11-28,Watford,43,0.036028,Open Play,Blocked
3754178,2015-11-28,Watford,44,0.021514,Open Play,Blocked
3754178,2015-11-28,Watford,49,0.067817,Open Play,Blocked
3754178,2015-11-28,Aston Villa,72,0.070062,Open Play,Wayward
3754178,2015-11-28,Watford,81,0.044654,Open Play,Off T
3754178,2015-11-28,Watford,84,0.048902,Open Play,Blocked
3754178,2015-11-28,Watford,84,0.066695,Open Play,Goal
3754178,2015-11-28,Aston Villa,88,0.062372,Open Play,Goal
3754178,2015-11-28,Watford,89,0.067832,Open Play,Saved
3754178,2015-11-28,Watford,90,0.017508,Open Play,Saved
3754178,2015-11-28,Watford,91,0.026234,Open Play,Blocked
3754178,2015-11-28,Watford,95,0.041966,Open Play,Blocked
3754179,2016-01-23,Crystal Palace,3,0.064248,Free Kick,Off T
3754179,2016-01-23,Tottenham Hotspur,9,0.011207,Open Play,Off T
3754179,2016-01-23,Tottenham Hotspur,15,0.010069,Open Play,Saved
3754179,2016-01-23,Tottenham Hotspur,16,0.042785,Open Play,Off T
3754179,2016-01-23,Crystal Palace,20,0.108121,Open Play,Blocked
3754179,2016-01-23,Tottenham Hotspur,25,0.008217,Open Play,Blocked
3754179,2016-01-23,Tottenham Hotspur,27,0.090004,Open Play,Saved
3754179,2016-01-23,Tottenham Hotspur,32,0.010556,Open Play,Off T
3754179,2016-01-23,Tottenham Hotspur,32,0.025522,Open Play,Saved
3754179,2016-01-23,Crystal Palace,35,0.031979,Open Play,Blocked
3754179,2016-01-23,Tottenham Hotspur,36,0.010603,Open Play,Blocked
3754179,2016-01-23,Crystal Palace,37,0.042522,Open Play,Off T
3754179,2016-01-23,Tottenham Hotspur,38,0.101149,Open Play,Saved
3754179,2016-01-23,Crystal Palace,40,0.021516,Open Play,Blocked
3754179,2016-01-23,Tottenham Hotspur,47,0.029934,Open Play,Off T
3754179,2016-01-23,Tottenham Hotspur,49,0.009479,Open Play,Off T
3754179,2016-01-23,Tottenham Hotspur,54,0.199366,Open Play,Saved
3754179,2016-01-23,Tottenham Hotspur,55,0.030133,Open Play,Blocked
3754179,2016-01-23,Tottenham Hotspur,61,0.019821,Free Kick,Saved
3754179,2016-01-23,Tottenham Hotspur,62,0.036230,Open Play,Blocked
3754179,2016-01-23,Tottenham Hotspur,62,0.229509,Open Play,Goal
3754179,2016-01-23,Tottenham Hotspur,68,0.011873,Free Kick,Blocked
3754179,2016-01-23,Crystal Palace,69,0.088236,Open Play,Saved
3754179,2016-01-23,Crystal Palace,69,0.031096,Open Play,Saved
3754179,2016-01-23,Crystal Palace,69,0.176581,Open Play,Blocked
3754179,2016-01-23,Crystal Palace,79,0.042640,Open Play,Post
3754179,2016-01-23,Crystal Palace,79,0.174400,Open Play,Blocked
3754179,2016-01-23,Tottenham Hotspur,82,0.040680,Open Play,Blocked
3754179,2016-01-23,Tottenham Hotspur,83,0.042855,Open Play,Goal
3754179,2016-01-23,Tottenham Hotspur,86,0.002912,Open Play,Saved
3754179,2016-01-23,Crystal Palace,88,0.140321,Open Play,Saved
3754179,2016-01-23,Tottenham Hotspur,90,0.025001,Open Play,Blocked
3754179,2016-01-23,Tottenham Hotspur,91,0.380391,Open Play,Post
3754179,2016-01-23,Tottenham Hotspur,93,0.066448,Open Play,Saved
3754179,2016-01-23,Tottenham Hotspur,94,0.028571,Open Play,Goal
3754180,2015-08-22,Swansea City,13,0.024742,Open Play,Off T
3754180,2015-08-22,Sunderland,28,0.005554,Open Play,Blocked
3754180,2015-08-22,Swansea City,29,0.020394,Open Play,Saved
3754180,2015-08-22,Swansea City,33,0.113658,Open Play,Off T
3754180,2015-08-22,Sunderland,35,0.081778,Open Play,Saved
3754180,2015-08-22,Swansea City,40,0.061239,Open Play,Blocked
3754180,2015-08-22,Swansea City,40,0.072540,Open Play,Blocked
3754180,2015-08-22,Swansea City,45,0.052682,Open Play,Blocked
3754180,2015-08-22,Swansea City,47,0.166376,Open Play,Goal
3754180,2015-08-22,Swansea City,47,0.007759,Free Kick,Blocked
3754180,2015-08-22,Swansea City,50,0.195356,Open Play,Post
3754180,2015-08-22,Swansea City,53,0.121287,Open Play,Saved
3754180,2015-08-22,Sunderland,53,0.043697,Open Play,Off T
3754180,2015-08-22,Sunderland,55,0.029687,Open Play,Off T
3754180,2015-08-22,Swansea City,56,0.026773,Open Play,Saved
3754180,2015-08-22,Swansea City,59,0.232457,Open Play,Off T
3754180,2015-08-22,Sunderland,61,0.293192,Open Play,Goal
3754180,2015-08-22,Sunderland,65,0.082864,Open Play,Blocked
3754180,2015-08-22,Swansea City,67,0.035722,Open Play,Saved
3754180,2015-08-22,Swansea City,68,0.053467,Open Play,Saved
3754180,2015-08-22,Swansea City,73,0.126849,Open Play,Saved
3754180,2015-08-22,Swansea City,74,0.041321,Open Play,Off T
3754180,2015-08-22,Sunderland,75,0.042235,Open Play,Off T
3754180,2015-08-22,Swansea City,79,0.034522,Open Play,Blocked
3754180,2015-08-22,Swansea City,79,0.075848,Open Play,Blocked
3754180,2015-08-22,Swansea City,82,0.029792,Open Play,Saved
3754180,2015-08-22,Swansea City,86,0.063468,Open Play,Off T
3754180,2015-08-22,Sunderland,88,0.076597,Free Kick,Blocked
3754180,2015-08-22,Sunderland,88,0.033572,Open Play,Off T
3754180,2015-08-22,Swansea City,88,0.076719,Open Play,Saved
3754180,2015-08-22,Sunderland,90,0.064370,Open Play,Off T
3754180,2015-08-22,Sunderland,94,0.080873,Free Kick,Blocked
3754181,2016-03-19,Crystal Palace,2,0.018624,Open Play,Saved
3754181,2016-03-19,Leicester City,17,0.401044,Open Play,Saved
3754181,2016-03-19,Crystal Palace,26,0.030921,Open Play,Blocked
3754181,2016-03-19,Crystal Palace,27,0.008791,Open Play,Blocked
3754181,2016-03-19,Crystal Palace,29,0.149604,Open Play,Off T
3754181,2016-03-19,Crystal Palace,31,0.031598,Open Play,Off T
3754181,2016-03-19,Leicester City,33,0.385733,Open Play,Goal
3754181,2016-03-19,Crystal Palace,36,0.048445,Open Play,Saved
3754181,2016-03-19,Leicester City,39,0.045091,Open Play,Saved
3754181,2016-03-19,Leicester City,46,0.067240,Open Play,Off T
3754181,2016-03-19,Leicester City,48,0.037552,Open Play,Off T
3754181,2016-03-19,Leicester City,55,0.225305,Open Play,Off T
3754181,2016-03-19,Leicester City,62,0.116767,Open Play,Blocked
3754181,2016-03-19,Crystal Palace,64,0.126448,Open Play,Off T
3754181,2016-03-19,Crystal Palace,73,0.009866,Open Play,Saved
3754181,2016-03-19,Crystal Palace,75,0.005745,Open Play,Blocked
3754181,2016-03-19,Leicester City,79,0.042575,Open Play,Blocked
3754181,2016-03-19,Crystal Palace,81,0.056644,Open Play,Wayward
3754181,2016-03-19,Crystal Palace,82,0.009965,Open Play,Saved
3754181,2016-03-19,Crystal Palace,83,0.041674,Open Play,Blocked
3754181,2016-03-19,Crystal Palace,91,0.073144,Open Play,Post
3754182,2015-12-12,Norwich City,6,0.016254,Open Play,Off T
3754182,2015-12-12,Norwich City,10,0.027124,Open Play,Off T
3754182,2015-12-12,Everton,11,0.068971,Open Play,Off T
3754182,2015-12-12,Everton,14,0.259900,Open Play,Goal
3754182,2015-12-12,Everton,18,0.259030,Open Play,Saved
3754182,2015-12-12,Everton,30,0.552520,Open Play,Off T
3754182,2015-12-12,Everton,38,0.088730,Open Play,Post
3754182,2015-12-12,Everton,40,0.061337,Open Play,Off T
3754182,2015-12-12,Everton,46,0.065636,Open Play,Off T
3754182,2015-12-12,Norwich City,46,0.054050,Open Play,Blocked
3754182,2015-12-12,Norwich City,46,0.756323,Open Play,Goal
3754182,2015-12-12,Everton,48,0.053542,Open Play,Off T
3754182,2015-12-12,Norwich City,57,0.111163,Open Play,Blocked
3754182,2015-12-12,Everton,68,0.152958,Open Play,Blocked
3754182,2015-12-12,Everton,68,0.027224,Open Play,Off T
3754182,2015-12-12,Norwich City,69,0.310966,Open Play,Off T
3754182,2015-12-12,Norwich City,72,0.014893,Open Play,Off T
3754182,2015-12-12,Everton,78,0.189775,Open Play,Saved
3754182,2015-12-12,Everton,81,0.040418,Open Play,Wayward
3754182,2015-12-12,Everton,83,0.015767,Open Play,Off T
3754182,2015-12-12,Norwich City,89,0.019238,Open Play,Off T
3754182,2015-12-12,Everton,90,0.005602,Open Play,Off T
3754182,2015-12-12,Everton,92,0.029337,Open Play,Blocked
3754183,2016-01-13,Southampton,9,0.006844,Open Play,Off T
3754183,2016-01-13,Southampton,15,0.087983,Open Play,Goal
3754183,2016-01-13,Southampton,20,0.217484,Open Play,Saved
3754183,2016-01-13,Southampton,20,0.012416,Open Play,Blocked
3754183,2016-01-13,Southampton,22,0.024053,Open Play,Saved
3754183,2016-01-13,Watford,27,0.070258,Open Play,Blocked
3754183,2016-01-13,Southampton,35,0.408810,Open Play,Post
3754183,2016-01-13,Southampton,39,0.081650,Open Play,Off T
3754183,2016-01-13,Watford,40,0.007424,Open Play,Blocked
3754183,2016-01-13,Southampton,41,0.029509,Open Play,Saved
3754183,2016-01-13,Southampton,46,0.260815,Open Play,Blocked
3754183,2016-01-13,Southampton,56,0.090525,Open Play,Blocked
3754183,2016-01-13,Southampton,66,0.030689,Open Play,Saved
3754183,2016-01-13,Southampton,68,0.234042,Open Play,Off T
3754183,2016-01-13,Southampton,69,0.074903,Open Play,Off T
3754183,2016-01-13,Southampton,72,0.162138,Open Play,Goal
3754183,2016-01-13,Watford,79,0.019603,Open Play,Blocked
3754183,2016-01-13,Watford,84,0.007219,Open Play,Saved
3754183,2016-01-13,Southampton,87,0.063168,Open Play,Off T
3754184,2016-04-30,Norwich City,5,0.094823,Open Play,Saved
3754184,2016-04-30,Norwich City,6,0.064886,Open Play,Off T
3754184,2016-04-30,Norwich City,7,0.030833,Open Play,Off T
3754184,2016-04-30,Arsenal,8,0.014926,Open Play,Off T
3754184,2016-04-30,Arsenal,10,0.198677,Open Play,Blocked
3754184,2016-04-30,Norwich City,13,0.024896,Open Play,Saved
3754184,2016-04-30,Arsenal,19,0.044462,Open Play,Blocked
3754184,2016-04-30,Arsenal,31,0.046920,Open Play,Blocked
3754184,2016-04-30,Arsenal,36,0.067247,Open Play,Off T
3754184,2016-04-30,Arsenal,40,0.024038,Open Play,Blocked
3754184,2016-04-30,Norwich City,41,0.088479,Open Play,Saved
3754184,2016-04-30,Norwich City,43,0.163542,Open Play,Off T
3754184,2016-04-30,Norwich City,45,0.051773,Open Play,Off T
3754184,2016-04-30,Arsenal,47,0.054563,Open Play,Off T
3754184,2016-04-30,Arsenal,56,0.025610,Open Play,Blocked
3754184,2016-04-30,Arsenal,56,0.050408,Open Play,Blocked
3754184,2016-04-30,Arsenal,58,0.072252,Open Play,Goal
3754184,2016-04-30,Arsenal,63,0.032280,Open Play,Off T
3754184,2016-04-30,Norwich City,70,0.039566,Open Play,Blocked
3754184,2016-04-30,Arsenal,70,0.070509,Open Play,Saved
3754184,2016-04-30,Arsenal,72,0.019842,Open Play,Off T
3754184,2016-04-30,Norwich City,78,0.050016,Open Play,Blocked
3754184,2016-04-30,Norwich City,78,0.106629,Open Play,Off T
3754184,2016-04-30,Arsenal,81,0.092949,Open Play,Saved
3754184,2016-04-30,Norwich City,86,0.056943,Free Kick,Blocked
3754184,2016-04-30,Norwich City,90,0.042898,Open Play,Off T
3754185,2015-11-21,Manchester United,3,0.031421,Open Play,Blocked
3754185,2015-11-21,Manchester United,10,0.196552,Open Play,Goal
3754185,2015-11-21,Watford,20,0.082153,Open Play,Off T
3754185,2015-11-21,Manchester United,27,0.062380,Open Play,Off T
3754185,2015-11-21,Watford,35,0.045200,Open Play,Off T
3754185,2015-11-21,Manchester United,38,0.008216,Open Play,Saved
3754185,2015-11-21,Manchester United,46,0.198990,Open Play,Saved
3754185,2015-11-21,Manchester United,48,0.024352,Open Play,Off T
3754185,2015-11-21,Manchester United,50,0.052711,Open Play,Blocked
3754185,2015-11-21,Manchester United,52,0.016060,Open Play,Off T
3754185,2015-11-21,Watford,55,0.089302,Open Play,Saved
3754185,2015-11-21,Watford,58,0.284114,Open Play,Blocked
3754185,2015-11-21,Watford,60,0.027689,Open Play,Blocked
3754185,2015-11-21,Manchester United,66,0.037738,Open Play,Off T
3754185,2015-11-21,Watford,69,0.119451,Open Play,Blocked
3754185,2015-11-21,Watford,70,0.049190,Open Play,Saved
3754185,2015-11-21,Watford,74,0.123434,Open Play,Saved
3754185,2015-11-21,Manchester United,83,0.270378,Open Play,Saved
3754185,2015-11-21,Watford,86,0.783500,Penalty,Goal
3754185,2015-11-21,Manchester United,89,0.086514,Open Play,Saved
3754185,2015-11-21,Manchester United,89,0.069309,Open Play,Saved
3754185,2015-11-21,Manchester United,89,0.119845,Open Play,Blocked
3754185,2015-11-21,Watford,93,0.057180,Open Play,Saved
3754186,2015-11-28,Manchester United,7,0.023647,Open Play,Wayward
3754186,2015-11-28,Manchester United,8,0.032663,Open Play,Saved
3754186,2015-11-28,Leicester City,12,0.035193,Open Play,Blocked
3754186,2015-11-28,Manchester United,16,0.036593,Open Play,Saved Off Target
3754186,2015-11-28,Manchester United,21,0.095145,Open Play,Blocked
3754186,2015-11-28,Manchester United,22,0.065029,Open Play,Wayward
3754186,2015-11-28,Leicester City,23,0.141710,Open Play,Goal
3754186,2015-11-28,Manchester United,26,0.021193,Open Play,Off T
3754186,2015-11-28,Leicester City,30,0.015576,Open Play,Saved
3754186,2015-11-28,Manchester United,38,0.077998,Open Play,Off T
3754186,2015-11-28,Manchester United,45,0.236934,Open Play,Goal
3754186,2015-11-28,Manchester United,48,0.070026,Open Play,Saved
3754186,2015-11-28,Leicester City,65,0.143921,Open Play,Saved
3754186,2015-11-28,Leicester City,68,0.014781,Open Play,Blocked
3754186,2015-11-28,Leicester City,72,0.060664,Open Play,Off T
3754186,2015-11-28,Manchester United,78,0.096641,Open Play,Blocked
3754186,2015-11-28,Manchester United,83,0.097055,Open Play,Off T
3754186,2015-11-28,Leicester City,87,0.027542,Open Play,Off T
3754186,2015-11-28,Manchester United,90,0.025577,Open Play,Off T
3754187,2016-04-18,Tottenham Hotspur,6,0.103787,Open Play,Saved
3754187,2016-04-18,Tottenham Hotspur,8,0.027218,Open Play,Goal
3754187,2016-04-18,Tottenham Hotspur,11,0.071768,Open Play,Blocked
3754187,2016-04-18,Stoke City,13,0.040817,Open Play,Blocked
3754187,2016-04-18,Tottenham Hotspur,21,0.038523,Open Play,Off T
3754187,2016-04-18,Stoke City,26,0.078302,Open Play,Saved
3754187,2016-04-18,Stoke City,27,0.056131,Open Play,Off T
3754187,2016-04-18,Stoke City,28,0.080953,Open Play,Off T
3754187,2016-04-18,Stoke City,29,0.044187,Open Play,Blocked
3754187,2016-04-18,Tottenham Hotspur,32,0.074790,Open Play,Blocked
3754187,2016-04-18,Tottenham Hotspur,33,0.022238,Open Play,Blocked
3754187,2016-04-18,Tottenham Hotspur,33,0.034149,Open Play,Off T
3754187,2016-04-18,Stoke City,39,0.018639,Open Play,Wayward
3754187,2016-04-18,Tottenham Hotspur,41,0.461225,Open Play,Post
3754187,2016-04-18,Tottenham Hotspur,41,0.148599,Open Play,Blocked
3754187,2016-04-18,Tottenham Hotspur,44,0.046457,Open Play,Off T
3754187,2016-04-18,Stoke City,45,0.007818,Open Play,Off T
3754187,2016-04-18,Stoke City,47,0.047183,Open Play,Off T
3754187,2016-04-18,Tottenham Hotspur,53,0.088470,Open Play,Off T
3754187,2016-04-18,Tottenham Hotspur,56,0.051059,Open Play,Saved
3754187,2016-04-18,Tottenham Hotspur,57,0.035059,Open Play,Off T
3754187,2016-04-18,Stoke City,65,0.032084,Open Play,Off T
3754187,2016-04-18,Stoke City,66,0.060934,Open Play,Off T
3754187,2016-04-18,Tottenham Hotspur,66,0.396951,Open Play,Goal
3754187,2016-04-18,Tottenham Hotspur,69,0.755120,Open Play,Post
3754187,2016-04-18,Stoke City,70,0.026721,Open Play,Blocked
3754187,2016-04-18,Tottenham Hotspur,70,0.868197,Open Play,Goal
3754187,2016-04-18,Tottenham Hotspur,76,0.014018,Open Play,Off T
3754187,2016-04-18,Stoke City,77,0.022678,Open Play,Blocked
3754187,2016-04-18,Tottenham Hotspur,81,0.098696,Open Play,Goal
3754187,2016-04-18,Tottenham Hotspur,83,0.024099,Open Play,Off T
3754187,2016-04-18,Tottenham Hotspur,89,0.084164,Open Play,Off T
3754187,2016-04-18,Stoke City,90,0.189794,Open Play,Saved
3754187,2016-04-18,Tottenham Hotspur,91,0.009736,Open Play,Blocked
3754187,2016-04-18,Tottenham Hotspur,91,0.032610,Open Play,Off T
3754188,2015-12-19,Southampton,5,0.063682,Open Play,Blocked
3754188,2015-12-19,Southampton,6,0.027274,Open Play,Blocked
3754188,2015-12-19,Southampton,7,0.123307,Open Play,Saved
3754188,2015-12-19,Tottenham Hotspur,15,0.010451,Open Play,Off T
3754188,2015-12-19,Tottenham Hotspur,20,0.052013,Open Play,Blocked
3754188,2015-12-19,Southampton,23,0.118593,Open Play,Blocked
3754188,2015-12-19,Tottenham Hotspur,26,0.011293,Open Play,Wayward
3754188,2015-12-19,Tottenham Hotspur,27,0.027930,Open Play,Off T
3754188,2015-12-19,Tottenham Hotspur,30,0.025912,Free Kick,Blocked
3754188,2015-12-19,Tottenham Hotspur,30,0.030167,Open Play,Off T
3754188,2015-12-19,Tottenham Hotspur,35,0.036916,Open Play,Saved
3754188,2015-12-19,Tottenham Hotspur,39,0.502350,Open Play,Goal
3754188,2015-12-19,Tottenham Hotspur,42,0.472016,Open Play,Goal
3754188,2015-12-19,Southampton,53,0.037016,Open Play,Blocked
3754188,2015-12-19,Southampton,53,0.064816,Open Play,Saved
3754188,2015-12-19,Southampton,54,0.087238,Open Play,Off T
3754188,2015-12-19,Tottenham Hotspur,65,0.008486,Free Kick,Blocked
3754188,2015-12-19,Southampton,74,0.054518,Open Play,Blocked
3754188,2015-12-19,Tottenham Hotspur,80,0.023388,Open Play,Saved
3754188,2015-12-19,Tottenham Hotspur,83,0.090766,Open Play,Saved
3754188,2015-12-19,Southampton,91,0.212947,Open Play,Saved
3754188,2015-12-19,Southampton,92,0.070097,Open Play,Blocked
3754188,2015-12-19,Southampton,93,0.186042,Open Play,Saved
3754189,2015-08-23,Southampton,1,0.096191,Open Play,Off T
3754189,2015-08-23,Watford,8,0.018391,Open Play,Off T
3754189,2015-08-23,Watford,24,0.021896,Open Play,Blocked
3754189,2015-08-23,Southampton,26,0.118508,Open Play,Saved
3754189,2015-08-23,Watford,29,0.009013,Open Play,Blocked
3754189,2015-08-23,Southampton,33,0.062100,Open Play,Off T
3754189,2015-08-23,Southampton,36,0.117253,Open Play,Saved
3754189,2015-08-23,Watford,48,0.026897,Open Play,Blocked
3754189,2015-08-23,Southampton,49,0.041152,Open Play,Saved
3754189,2015-08-23,Southampton,50,0.055903,Open Play,Off T
3754189,2015-08-23,Southampton,60,0.009798,Open Play,Off T
3754189,2015-08-23,Watford,60,0.022695,Open Play,Blocked
3754189,2015-08-23,Watford,61,0.005593,Open Play,Blocked
3754189,2015-08-23,Watford,65,0.143536,Open Play,Blocked
3754189,2015-08-23,Watford,65,0.441986,Open Play,Off T
3754189,2015-08-23,Watford,67,0.038045,Open Play,Blocked
3754189,2015-08-23,Watford,68,0.022999,Open Play,Off T
3754189,2015-08-23,Southampton,72,0.033440,Open Play,Saved
3754189,2015-08-23,Southampton,73,0.008057,Open Play,Off T
3754189,2015-08-23,Southampton,75,0.111719,Open Play,Off T
3754189,2015-08-23,Southampton,79,0.077719,Open Play,Saved Off Target
3754189,2015-08-23,Watford,80,0.072008,Open Play,Wayward
3754189,2015-08-23,Southampton,81,0.006832,Open Play,Saved
3754189,2015-08-23,Southampton,82,0.018734,Open Play,Off T
3754189,2015-08-23,Southampton,84,0.032456,Open Play,Off T
3754189,2015-08-23,Watford,87,0.034309,Open Play,Off T
3754189,2015-08-23,Southampton,88,0.033651,Open Play,Saved
3754190,2015-08-22,Aston Villa,1,0.038452,Open Play,Blocked
3754190,2015-08-22,Aston Villa,7,0.006619,Open Play,Blocked
3754190,2015-08-22,Crystal Palace,9,0.048113,Open Play,Off T
3754190,2015-08-22,Aston Villa,13,0.517242,Open Play,Saved
3754190,2015-08-22,Aston Villa,20,0.031566,Open Play,Off T
3754190,2015-08-22,Crystal Palace,20,0.135788,Open Play,Wayward
3754190,2015-08-22,Aston Villa,25,0.029122,Open Play,Off T
3754190,2015-08-22,Crystal Palace,28,0.026570,Open Play,Off T
3754190,2015-08-22,Crystal Palace,32,0.045501,Open Play,Blocked
3754190,2015-08-22,Crystal Palace,34,0.059642,Open Play,Off T
3754190,2015-08-22,Aston Villa,37,0.077975,Open Play,Wayward
3754190,2015-08-22,Crystal Palace,37,0.018797,Open Play,Saved
3754190,2015-08-22,Aston Villa,38,0.016089,Open Play,Saved
3754190,2015-08-22,Aston Villa,41,0.036568,Open Play,Off T
3754190,2015-08-22,Crystal Palace,46,0.124054,Open Play,Saved
3754190,2015-08-22,Aston Villa,52,0.052187,Open Play,Off T
3754190,2015-08-22,Crystal Palace,55,0.043904,Free Kick,Blocked
3754190,2015-08-22,Aston Villa,56,0.027964,Open Play,Blocked
3754190,2015-08-22,Aston Villa,57,0.032519,Open Play,Off T
3754190,2015-08-22,Crystal Palace,58,0.062423,Open Play,Blocked
3754190,2015-08-22,Crystal Palace,60,0.032761,Open Play,Blocked
3754190,2015-08-22,Crystal Palace,64,0.075144,Open Play,Off T
3754190,2015-08-22,Crystal Palace,70,0.094656,Open Play,Blocked
3754190,2015-08-22,Crystal Palace,70,0.030235,Open Play,Goal
3754190,2015-08-22,Crystal Palace,73,0.097151,Open Play,Saved
3754190,2015-08-22,Crystal Palace,74,0.028574,Open Play,Off T
3754190,2015-08-22,Crystal Palace,77,0.011871,Open Play,Saved
3754190,2015-08-22,Aston Villa,82,0.032862,Open Play,Off T
3754190,2015-08-22,Crystal Palace,86,0.054275,Open Play,Goal
3754191,2015-11-01,Southampton,6,0.033177,Open Play,Blocked
3754191,2015-11-01,Southampton,11,0.068653,Open Play,Blocked
3754191,2015-11-01,Southampton,12,0.012999,Open Play,Blocked
3754191,2015-11-01,Southampton,14,0.153453,Open Play,Off T
3754191,2015-11-01,Southampton,25,0.084018,Open Play,Blocked
3754191,2015-11-01,Southampton,25,0.022275,Open Play,Blocked
3754191,2015-11-01,Southampton,30,0.327791,Open Play,Goal
3754191,2015-11-01,Southampton,35,0.152735,Open Play,Goal
3754191,2015-11-01,Southampton,38,0.083799,Open Play,Off T
3754191,2015-11-01,AFC Bournemouth,45,0.106256,Open Play,Blocked
3754191,2015-11-01,AFC Bournemouth,45,0.065165,Open Play,Off T
3754191,2015-11-01,AFC Bournemouth,46,0.025183,Open Play,Off T
3754191,2015-11-01,AFC Bournemouth,51,0.009304,Open Play,Blocked
3754191,2015-11-01,Southampton,60,0.037241,Open Play,Off T
3754191,2015-11-01,AFC Bournemouth,65,0.040585,Free Kick,Off T
3754191,2015-11-01,AFC Bournemouth,68,0.106075,Open Play,Blocked
3754191,2015-11-01,AFC Bournemouth,69,0.020625,Open Play,Off T
3754191,2015-11-01,Southampton,73,0.006975,Open Play,Off T
3754191,2015-11-01,AFC Bournemouth,79,0.068951,Free Kick,Blocked
3754191,2015-11-01,AFC Bournemouth,80,0.143197,Open Play,Off T
3754191,2015-11-01,AFC Bournemouth,82,0.027823,Open Play,Blocked
3754191,2015-11-01,AFC Bournemouth,82,0.020774,Open Play,Off T
3754191,2015-11-01,AFC Bournemouth,86,0.075076,Open Play,Saved
3754191,2015-11-01,AFC Bournemouth,87,0.024304,Open Play,Saved
3754191,2015-11-01,AFC Bournemouth,89,0.040822,Open Play,Wayward
3754191,2015-11-01,AFC Bournemouth,89,0.032313,Open Play,Off T
3754191,2015-11-01,AFC Bournemouth,92,0.108190,Open Play,Off T
3754192,2016-04-30,West Bromwich Albion,7,0.122381,Open Play,Blocked
3754192,2016-04-30,West Bromwich Albion,7,0.099583,Open Play,Saved
3754192,2016-04-30,West Bromwich Albion,8,0.037590,Open Play,Wayward
3754192,2016-04-30,West Bromwich Albion,8,0.051374,Open Play,Blocked
3754192,2016-04-30,West Ham United,10,0.021301,Open Play,Wayward
3754192,2016-04-30,West Bromwich Albion,11,0.044739,Open Play,Blocked
3754192,2016-04-30,West Ham United,19,0.079058,Open Play,Off T
3754192,2016-04-30,West Bromwich Albion,22,0.155804,Open Play,Off T
3754192,2016-04-30,West Bromwich Albion,24,0.120818,Open Play,Blocked
3754192,2016-04-30,West Ham United,27,0.048106,Open Play,Blocked
3754192,2016-04-30,West Ham United,33,0.306104,Open Play,Goal
3754192,2016-04-30,West Ham United,43,0.032086,Open Play,Saved
3754192,2016-04-30,West Ham United,46,0.122787,Open Play,Goal
3754192,2016-04-30,West Bromwich Albion,55,0.067477,Open Play,Saved
3754192,2016-04-30,West Bromwich Albion,63,0.110421,Open Play,Off T
3754192,2016-04-30,West Bromwich Albion,69,0.029803,Open Play,Off T
3754192,2016-04-30,West Ham United,78,0.160762,Open Play,Goal
3754192,2016-04-30,West Bromwich Albion,81,0.012972,Open Play,Blocked
3754192,2016-04-30,West Bromwich Albion,81,0.096496,Open Play,Wayward
3754192,2016-04-30,West Bromwich Albion,82,0.012231,Open Play,Off T
3754192,2016-04-30,West Bromwich Albion,87,0.048989,Free Kick,Saved
3754192,2016-04-30,West Ham United,92,0.070303,Open Play,Blocked
3754192,2016-04-30,West Bromwich Albion,93,0.191482,Open Play,Off T
3754193,2015-10-17,AFC Bournemouth,4,0.013556,Open Play,Blocked
3754193,2015-10-17,AFC Bournemouth,4,0.204945,Open Play,Blocked
3754193,2015-10-17,Manchester City,6,0.100672,Open Play,Saved
3754193,2015-10-17,Manchester City,6,0.783161,Open Play,Goal
3754193,2015-10-17,Manchester City,10,0.839838,Open Play,Goal
3754193,2015-10-17,Manchester City,16,0.068444,Open Play,Saved
3754193,2015-10-17,Manchester City,17,0.027826,Open Play,Saved
3754193,2015-10-17,AFC Bournemouth,21,0.107588,Open Play,Goal
3754193,2015-10-17,AFC Bournemouth,22,0.028206,Open Play,Blocked
3754193,2015-10-17,AFC Bournemouth,23,0.083112,Open Play,Off T
3754193,2015-10-17,Manchester City,28,0.212525,Open Play,Goal
3754193,2015-10-17,Manchester City,44,0.047070,Open Play,Saved to Post
3754193,2015-10-17,Manchester City,47,0.393402,Open Play,Saved
3754193,2015-10-17,Manchester City,47,0.099011,Open Play,Goal
3754193,2015-10-17,Manchester City,48,0.010196,Open Play,Saved
3754193,2015-10-17,AFC Bournemouth,55,0.079972,Open Play,Off T
3754193,2015-10-17,Manchester City,56,0.168334,Open Play,Saved
3754193,2015-10-17,AFC Bournemouth,57,0.075583,Open Play,Off T
3754193,2015-10-17,Manchester City,60,0.042612,Open Play,Off T
3754193,2015-10-17,Manchester City,61,0.067821,Open Play,Off T
3754193,2015-10-17,Manchester City,62,0.381150,Open Play,Off T
3754193,2015-10-17,Manchester City,67,0.151439,Open Play,Off T
3754193,2015-10-17,AFC Bournemouth,84,0.014807,Open Play,Off T
3754193,2015-10-17,Manchester City,88,0.285061,Open Play,Goal
3754194,2015-11-07,West Ham United,2,0.149584,Open Play,Off T
3754194,2015-11-07,Everton,12,0.039755,Open Play,Blocked
3754194,2015-11-07,Everton,12,0.074968,Open Play,Off T
3754194,2015-11-07,Everton,14,0.011267,Open Play,Saved
3754194,2015-11-07,West Ham United,16,0.042520,Open Play,Off T
3754194,2015-11-07,West Ham United,17,0.010577,Open Play,Off T
3754194,2015-11-07,Everton,17,0.095564,Open Play,Off T
3754194,2015-11-07,West Ham United,22,0.037866,Open Play,Off T
3754194,2015-11-07,Everton,25,0.022194,Free Kick,Saved
3754194,2015-11-07,Everton,28,0.014010,Open Play,Saved
3754194,2015-11-07,West Ham United,29,0.046747,Open Play,Blocked
3754194,2015-11-07,West Ham United,29,0.062082,Open Play,Goal
3754194,2015-11-07,West Ham United,32,0.050608,Open Play,Off T
3754194,2015-11-07,Everton,37,0.055249,Open Play,Blocked
3754194,2015-11-07,Everton,37,0.091701,Open Play,Off T
3754194,2015-11-07,Everton,41,0.066180,Open Play,Blocked
3754194,2015-11-07,Everton,42,0.837507,Open Play,Goal
3754194,2015-11-07,West Ham United,44,0.018733,Open Play,Off T
3754194,2015-11-07,Everton,48,0.061569,Free Kick,Off T
3754194,2015-11-07,West Ham United,55,0.039404,Open Play,Wayward
3754194,2015-11-07,West Ham United,59,0.044561,Open Play,Saved
3754194,2015-11-07,West Ham United,61,0.060557,Open Play,Blocked
3754194,2015-11-07,West Ham United,62,0.029731,Open Play,Saved
3754194,2015-11-07,West Ham United,72,0.090317,Open Play,Off T
3754194,2015-11-07,Everton,74,0.006433,Open Play,Off T
3754194,2015-11-07,Everton,76,0.006834,Open Play,Blocked
3754194,2015-11-07,West Ham United,83,0.021108,Open Play,Blocked
3754194,2015-11-07,West Ham United,84,0.057915,Open Play,Saved
3754194,2015-11-07,West Ham United,84,0.040878,Open Play,Blocked
3754194,2015-11-07,West Ham United,85,0.014380,Open Play,Saved
3754194,2015-11-07,Everton,85,0.248487,Open Play,Off T
3754194,2015-11-07,West Ham United,88,0.022577,Open Play,Saved
3754194,2015-11-07,Everton,94,0.030101,Open Play,Saved
3754195,2015-12-28,West Bromwich Albion,2,0.093103,Open Play,Blocked
3754195,2015-12-28,West Bromwich Albion,2,0.288305,Open Play,Blocked
3754195,2015-12-28,West Bromwich Albion,8,0.086732,Open Play,Blocked
3754195,2015-12-28,West Bromwich Albion,9,0.185071,Open Play,Blocked
3754195,2015-12-28,West Bromwich Albion,9,0.032918,Open Play,Saved
3754195,2015-12-28,Newcastle United,12,0.097515,Open Play,Saved
3754195,2015-12-28,Newcastle United,18,0.015280,Open Play,Off T
3754195,2015-12-28,Newcastle United,20,0.070792,Open Play,Blocked
3754195,2015-12-28,West Bromwich Albion,21,0.041893,Open Play,Off T
3754195,2015-12-28,West Bromwich Albion,27,0.072046,Open Play,Blocked
3754195,2015-12-28,West Bromwich Albion,30,0.046470,Open Play,Off T
3754195,2015-12-28,West Bromwich Albion,36,0.037831,Open Play,Blocked
3754195,2015-12-28,West Bromwich Albion,39,0.042680,Open Play,Blocked
3754195,2015-12-28,West Bromwich Albion,39,0.043225,Open Play,Off T
3754195,2015-12-28,West Bromwich Albion,42,0.020300,Open Play,Off T
3754195,2015-12-28,West Bromwich Albion,46,0.065221,Free Kick,Blocked
3754195,2015-12-28,West Bromwich Albion,49,0.052085,Open Play,Blocked
3754195,2015-12-28,Newcastle United,54,0.184169,Open Play,Post
3754195,2015-12-28,Newcastle United,60,0.146347,Open Play,Blocked
3754195,2015-12-28,Newcastle United,61,0.014817,Open Play,Off T
3754195,2015-12-28,Newcastle United,64,0.013347,Open Play,Saved
3754195,2015-12-28,West Bromwich Albion,74,0.144415,Open Play,Post
3754195,2015-12-28,West Bromwich Albion,74,0.215795,Open Play,Blocked
3754195,2015-12-28,West Bromwich Albion,74,0.219268,Open Play,Blocked
3754195,2015-12-28,West Bromwich Albion,77,0.024411,Open Play,Blocked
3754195,2015-12-28,West Bromwich Albion,77,0.114849,Open Play,Goal
3754195,2015-12-28,West Bromwich Albion,81,0.193739,Open Play,Saved
3754195,2015-12-28,West Bromwich Albion,86,0.080554,Open Play,Saved
3754195,2015-12-28,West Bromwich Albion,88,0.094245,Open Play,Blocked
3754196,2016-03-12,Stoke City,1,0.021665,Open Play,Off T
3754196,2016-03-12,Stoke City,7,0.087186,Open Play,Blocked
3754196,2016-03-12,Southampton,9,0.044575,Open Play,Saved
3754196,2016-03-12,Southampton,10,0.147276,Open Play,Goal
3754196,2016-03-12,Southampton,13,0.043798,Open Play,Saved
3754196,2016-03-12,Stoke City,20,0.051715,Open Play,Off T
3754196,2016-03-12,Southampton,29,0.046571,Open Play,Goal
3754196,2016-03-12,Stoke City,33,0.038392,Free Kick,Off T
3754196,2016-03-12,Southampton,36,0.021072,Open Play,Off T
3754196,2016-03-12,Stoke City,40,0.019568,Open Play,Off T
3754196,2016-03-12,Stoke City,42,0.035634,Open Play,Blocked
3754196,2016-03-12,Stoke City,51,0.251816,Open Play,Goal
3754196,2016-03-12,Southampton,55,0.015682,Open Play,Off T
3754196,2016-03-12,Stoke City,55,0.017916,Open Play,Off T
3754196,2016-03-12,Stoke City,57,0.094128,Open Play,Saved
3754196,2016-03-12,Stoke City,63,0.019942,Open Play,Off T
3754196,2016-03-12,Stoke City,64,0.034161,Open Play,Blocked
3754196,2016-03-12,Stoke City,64,0.183909,Open Play,Blocked
3754196,2016-03-12,Stoke City,65,0.052969,Open Play,Wayward
3754196,2016-03-12,Stoke City,65,0.033236,Open Play,Blocked
3754196,2016-03-12,Southampton,67,0.075766,Open Play,Off T
3754196,2016-03-12,Southampton,69,0.035425,Open Play,Blocked
3754196,2016-03-12,Southampton,71,0.063332,Open Play,Blocked
3754196,2016-03-12,Southampton,78,0.026216,Free Kick,Off T
3754196,2016-03-12,Southampton,87,0.055150,Free Kick,Post
3754197,2015-09-26,Manchester City,8,0.006646,Open Play,Off T
3754197,2015-09-26,Tottenham Hotspur,10,0.057712,Open Play,Blocked
3754197,2015-09-26,Manchester City,14,0.043265,Open Play,Off T
3754197,2015-09-26,Manchester City,15,0.019402,Open Play,Blocked
3754197,2015-09-26,Manchester City,17,0.035647,Open Play,Saved
3754197,2015-09-26,Manchester City,19,0.114706,Open Play,Blocked
3754197,2015-09-26,Manchester City,24,0.224082,Open Play,Goal
3754197,2015-09-26,Tottenham Hotspur,25,0.026935,Open Play,Saved
3754197,2015-09-26,Manchester City,26,0.049886,Open Play,Blocked
3754197,2015-09-26,Manchester City,26,0.066883,Open Play,Saved
3754197,2015-09-26,Tottenham Hotspur,31,0.061038,Open Play,Off T
3754197,2015-09-26,Manchester City,32,0.010210,Open Play,Saved
3754197,2015-09-26,Tottenham Hotspur,34,0.147971,Open Play,Off T
3754197,2015-09-26,Tottenham Hotspur,40,0.048228,Open Play,Blocked
3754197,2015-09-26,Tottenham Hotspur,40,0.157881,Open Play,Saved
3754197,2015-09-26,Manchester City,42,0.077863,Open Play,Blocked
3754197,2015-09-26,Manchester City,42,0.047598,Open Play,Off T
3754197,2015-09-26,Manchester City,43,0.062066,Open Play,Saved
3754197,2015-09-26,Tottenham Hotspur,44,0.441582,Open Play,Saved
3754197,2015-09-26,Tottenham Hotspur,44,0.035202,Open Play,Goal
3754197,2015-09-26,Manchester City,46,0.066096,Open Play,Saved
3754197,2015-09-26,Tottenham Hotspur,49,0.128816,Open Play,Goal
3754197,2015-09-26,Manchester City,58,0.052629,Open Play,Saved
3754197,2015-09-26,Tottenham Hotspur,60,0.042533,Free Kick,Post
3754197,2015-09-26,Tottenham Hotspur,60,0.238749,Open Play,Goal
3754197,2015-09-26,Manchester City,65,0.006057,Free Kick,Blocked
3754197,2015-09-26,Manchester City,68,0.007766,Open Play,Saved
3754197,2015-09-26,Manchester City,69,0.064463,Open Play,Blocked
3754197,2015-09-26,Manchester City,69,0.087348,Open Play,Off T
3754197,2015-09-26,Tottenham Hotspur,72,0.103140,Open Play,Wayward
3754197,2015-09-26,Tottenham Hotspur,74,0.012356,Open Play,Saved
3754197,2015-09-26,Manchester City,75,0.022374,Open Play,Off T
3754197,2015-09-26,Tottenham Hotspur,78,0.532578,Open Play,Goal
3754197,2015-09-26,Manchester City,79,0.034975,Open Play,Blocked
3754197,2015-09-26,Manchester City,80,0.031913,Open Play,Off T
3754197,2015-09-26,Manchester City,81,0.025915,Open Play,Blocked
3754197,2015-09-26,Manchester City,87,0.015064,Free Kick,Saved
3754197,2015-09-26,Tottenham Hotspur,91,0.039268,Open Play,Blocked
3754198,2015-10-17,Liverpool,5,0.009390,Open Play,Blocked
3754198,2015-10-17,Liverpool,9,0.256901,Open Play,Post
3754198,2015-10-17,Liverpool,13,0.017522,Open Play,Saved
3754198,2015-10-17,Tottenham Hotspur,26,0.053090,Open Play,Blocked
3754198,2015-10-17,Tottenham Hotspur,27,0.150246,Open Play,Saved
3754198,2015-10-17,Tottenham Hotspur,31,0.028451,Open Play,Blocked
3754198,2015-10-17,Tottenham Hotspur,32,0.060626,Open Play,Off T
3754198,2015-10-17,Liverpool,33,0.033451,Open Play,Blocked
3754198,2015-10-17,Tottenham Hotspur,36,0.184201,Open Play,Saved
3754198,2015-10-17,Tottenham Hotspur,36,0.105665,Open Play,Blocked
3754198,2015-10-17,Tottenham Hotspur,40,0.032470,Open Play,Off T
3754198,2015-10-17,Liverpool,42,0.028374,Open Play,Blocked
3754198,2015-10-17,Liverpool,42,0.034350,Open Play,Saved
3754198,2015-10-17,Tottenham Hotspur,44,0.162249,Open Play,Blocked
3754198,2015-10-17,Tottenham Hotspur,44,0.032141,Open Play,Off T
3754198,2015-10-17,Liverpool,46,0.017230,Open Play,Blocked
3754198,2015-10-17,Liverpool,53,0.005134,Open Play,Saved
3754198,2015-10-17,Liverpool,54,0.027675,Open Play,Saved
3754198,2015-10-17,Tottenham Hotspur,55,0.007972,Open Play,Saved
3754198,2015-10-17,Tottenham Hotspur,70,0.020281,Open Play,Blocked
3754198,2015-10-17,Tottenham Hotspur,75,0.014807,Open Play,Off T
3754198,2015-10-17,Liverpool,77,0.059596,Open Play,Saved
3754198,2015-10-17,Tottenham Hotspur,83,0.114611,Open Play,Saved
3754198,2015-10-17,Liverpool,88,0.036652,Open Play,Off T
3754198,2015-10-17,Liverpool,92,0.008906,Free Kick,Blocked
3754199,2016-05-15,West Ham United,0,0.017206,Open Play,Blocked
3754199,2016-05-15,West Ham United,5,0.038557,Open Play,Blocked
3754199,2016-05-15,West Ham United,22,0.086695,Open Play,Goal
3754199,2016-05-15,West Ham United,24,0.074013,Open Play,Blocked
3754199,2016-05-15,West Ham United,25,0.051316,Open Play,Off T
3754199,2016-05-15,West Ham United,26,0.085514,Open Play,Off T
3754199,2016-05-15,West Ham United,31,0.037831,Open Play,Wayward
3754199,2016-05-15,West Ham United,33,0.045491,Open Play,Blocked
3754199,2016-05-15,West Ham United,35,0.152659,Open Play,Saved
3754199,2016-05-15,West Ham United,36,0.059377,Open Play,Blocked
3754199,2016-05-15,Stoke City,38,0.010500,Open Play,Off T
3754199,2016-05-15,West Ham United,50,0.478183,Open Play,Saved
3754199,2016-05-15,Stoke City,54,0.066586,Open Play,Goal
3754199,2016-05-15,West Ham United,55,0.032414,Open Play,Off T
3754199,2016-05-15,Stoke City,57,0.039178,Open Play,Blocked
3754199,2016-05-15,Stoke City,58,0.055066,Open Play,Off T
3754199,2016-05-15,Stoke City,61,0.097364,Open Play,Saved
3754199,2016-05-15,West Ham United,65,0.039034,Open Play,Blocked
3754199,2016-05-15,West Ham United,65,0.070284,Open Play,Saved
3754199,2016-05-15,Stoke City,65,0.044117,Open Play,Saved
3754199,2016-05-15,West Ham United,69,0.290313,Open Play,Off T
3754199,2016-05-15,West Ham United,73,0.007075,Open Play,Blocked
3754199,2016-05-15,West Ham United,75,0.156265,Open Play,Blocked
3754199,2016-05-15,West Ham United,75,0.051436,Open Play,Blocked
3754199,2016-05-15,West Ham United,75,0.258473,Open Play,Saved
3754199,2016-05-15,West Ham United,75,0.328230,Open Play,Saved
3754199,2016-05-15,West Ham United,77,0.032416,Open Play,Wayward
3754199,2016-05-15,West Ham United,77,0.294034,Open Play,Blocked
3754199,2016-05-15,Stoke City,83,0.002945,Open Play,Saved
3754199,2016-05-15,Stoke City,87,0.115096,Open Play,Goal
3754199,2016-05-15,West Ham United,96,0.050556,Open Play,Off T
3754200,2016-01-23,Manchester United,7,0.034973,Open Play,Off T
3754200,2016-01-23,Manchester United,12,0.006681,Open Play,Saved
3754200,2016-01-23,Manchester United,19,0.028478,Open Play,Off T
3754200,2016-01-23,Southampton,23,0.017499,Open Play,Off T
3754200,2016-01-23,Manchester United,29,0.010247,Open Play,Off T
3754200,2016-01-23,Southampton,31,0.145270,Open Play,Off T
3754200,2016-01-23,Manchester United,45,0.029478,Open Play,Blocked
3754200,2016-01-23,Manchester United,54,0.020322,Open Play,Blocked
3754200,2016-01-23,Manchester United,55,0.023457,Open Play,Blocked
3754200,2016-01-23,Southampton,61,0.043972,Open Play,Off T
3754200,2016-01-23,Southampton,67,0.018112,Open Play,Off T
3754200,2016-01-23,Southampton,79,0.135200,Open Play,Off T
3754200,2016-01-23,Southampton,86,0.109610,Open Play,Goal
3754200,2016-01-23,Southampton,90,0.103567,Open Play,Saved
3754200,2016-01-23,Manchester United,94,0.030100,Open Play,Off T
3754201,2016-02-02,Arsenal,11,0.178283,Open Play,Saved
3754201,2016-02-02,Southampton,11,0.016688,Open Play,Saved
3754201,2016-02-02,Southampton,18,0.027010,Open Play,Wayward
3754201,2016-02-02,Arsenal,20,0.062098,Open Play,Wayward
3754201,2016-02-02,Arsenal,20,0.537526,Open Play,Saved
3754201,2016-02-02,Southampton,29,0.042582,Open Play,Saved
3754201,2016-02-02,Southampton,31,0.025479,Open Play,Off T
3754201,2016-02-02,Southampton,40,0.357758,Open Play,Off T
3754201,2016-02-02,Arsenal,42,0.055756,Open Play,Blocked
3754201,2016-02-02,Arsenal,47,0.072173,Open Play,Saved
3754201,2016-02-02,Arsenal,47,0.033005,Open Play,Blocked
3754201,2016-02-02,Arsenal,51,0.024273,Open Play,Off T
3754201,2016-02-02,Southampton,53,0.093408,Open Play,Saved
3754201,2016-02-02,Arsenal,54,0.108705,Open Play,Off T
3754201,2016-02-02,Arsenal,55,0.012852,Open Play,Blocked
3754201,2016-02-02,Arsenal,55,0.066129,Open Play,Saved
3754201,2016-02-02,Southampton,56,0.007709,Open Play,Off T
3754201,2016-02-02,Southampton,59,0.050659,Open Play,Blocked
3754201,2016-02-02,Southampton,59,0.050911,Open Play,Blocked
3754201,2016-02-02,Arsenal,63,0.079698,Open Play,Saved
3754201,2016-02-02,Arsenal,66,0.200725,Open Play,Saved
3754201,2016-02-02,Arsenal,66,0.066857,Open Play,Saved
3754201,2016-02-02,Arsenal,66,0.227388,Open Play,Saved
3754201,2016-02-02,Arsenal,67,0.150896,Open Play,Off T
3754201,2016-02-02,Arsenal,69,0.040869,Open Play,Blocked
3754201,2016-02-02,Arsenal,70,0.060324,Open Play,Blocked
3754201,2016-02-02,Arsenal,70,0.085724,Open Play,Wayward
3754201,2016-02-02,Arsenal,70,0.047633,Open Play,Off T
3754201,2016-02-02,Southampton,71,0.019799,Open Play,Saved
3754201,2016-02-02,Arsenal,71,0.096456,Open Play,Off T
3754201,2016-02-02,Southampton,77,0.080210,Open Play,Blocked
3754201,2016-02-02,Southampton,77,0.092232,Open Play,Blocked
3754201,2016-02-02,Southampton,77,0.037822,Open Play,Blocked
3754201,2016-02-02,Arsenal,79,0.062501,Open Play,Saved
3754201,2016-02-02,Arsenal,84,0.119859,Open Play,Saved
3754201,2016-02-02,Arsenal,89,0.044237,Open Play,Saved
3754201,2016-02-02,Southampton,92,0.086225,Open Play,Blocked
3754202,2016-01-17,Stoke City,9,0.046242,Open Play,Off T
3754202,2016-01-17,Stoke City,11,0.024588,Open Play,Blocked
3754202,2016-01-17,Stoke City,19,0.056006,Open Play,Off T
3754202,2016-01-17,Arsenal,20,0.188163,Open Play,Saved
3754202,2016-01-17,Arsenal,27,0.054194,Open Play,Blocked
3754202,2016-01-17,Arsenal,28,0.051539,Open Play,Saved
3754202,2016-01-17,Arsenal,29,0.051268,Open Play,Blocked
3754202,2016-01-17,Stoke City,34,0.062088,Open Play,Saved
3754202,2016-01-17,Stoke City,35,0.034330,Open Play,Off T
3754202,2016-01-17,Arsenal,46,0.062728,Open Play,Saved
3754202,2016-01-17,Stoke City,53,0.033688,Open Play,Blocked
3754202,2016-01-17,Stoke City,55,0.248070,Open Play,Saved
3754202,2016-01-17,Stoke City,56,0.154914,Open Play,Saved
3754202,2016-01-17,Stoke City,64,0.060158,Open Play,Saved
3754202,2016-01-17,Arsenal,66,0.028579,Open Play,Blocked
3754202,2016-01-17,Arsenal,72,0.018862,Open Play,Blocked
3754202,2016-01-17,Arsenal,84,0.036848,Open Play,Off T
3754202,2016-01-17,Stoke City,88,0.019148,Open Play,Blocked
3754202,2016-01-17,Stoke City,88,0.014254,Open Play,Blocked
3754202,2016-01-17,Stoke City,89,0.069721,Open Play,Blocked
3754202,2016-01-17,Stoke City,89,0.068948,Open Play,Saved
3754202,2016-01-17,Stoke City,89,0.031548,Open Play,Blocked
3754203,2015-08-15,West Ham United,16,0.031003,Open Play,Blocked
3754203,2015-08-15,West Ham United,21,0.032602,Open Play,Off T
3754203,2015-08-15,Leicester City,25,0.114898,Open Play,Saved
3754203,2015-08-15,Leicester City,25,0.049861,Open Play,Saved
3754203,2015-08-15,Leicester City,26,0.174389,Open Play,Saved
3754203,2015-08-15,Leicester City,26,0.435982,Open Play,Goal
3754203,2015-08-15,Leicester City,30,0.039366,Open Play,Blocked
3754203,2015-08-15,Leicester City,37,0.137629,Open Play,Goal
3754203,2015-08-15,West Ham United,42,0.148139,Open Play,Off T
3754203,2015-08-15,West Ham United,49,0.044324,Open Play,Blocked
3754203,2015-08-15,West Ham United,54,0.072715,Open Play,Blocked
3754203,2015-08-15,West Ham United,54,0.099776,Open Play,Goal
3754203,2015-08-15,West Ham United,59,0.128252,Open Play,Saved
3754203,2015-08-15,West Ham United,61,0.045209,Open Play,Blocked
3754203,2015-08-15,Leicester City,71,0.039205,Free Kick,Off T
3754203,2015-08-15,Leicester City,72,0.025895,Open Play,Blocked
3754203,2015-08-15,Leicester City,73,0.047493,Open Play,Off T
3754203,2015-08-15,Leicester City,74,0.150395,Open Play,Off T
3754203,2015-08-15,West Ham United,80,0.204352,Open Play,Saved
3754204,2015-08-29,Sunderland,7,0.050506,Free Kick,Goal
3754204,2015-08-29,Aston Villa,11,0.783500,Penalty,Goal
3754204,2015-08-29,Aston Villa,16,0.149276,Open Play,Blocked
3754204,2015-08-29,Aston Villa,16,0.059644,Open Play,Off T
3754204,2015-08-29,Aston Villa,19,0.073749,Open Play,Blocked
3754204,2015-08-29,Aston Villa,24,0.072214,Open Play,Off T
3754204,2015-08-29,Aston Villa,35,0.050909,Open Play,Off T
3754204,2015-08-29,Aston Villa,37,0.034541,Open Play,Off T
3754204,2015-08-29,Aston Villa,38,0.059613,Open Play,Saved
3754204,2015-08-29,Aston Villa,40,0.729563,Open Play,Goal
3754204,2015-08-29,Aston Villa,45,0.022683,Open Play,Blocked
3754204,2015-08-29,Sunderland,48,0.060790,Open Play,Saved
3754204,2015-08-29,Sunderland,50,0.021233,Open Play,Off T
3754204,2015-08-29,Sunderland,51,0.364838,Open Play,Goal
3754204,2015-08-29,Sunderland,54,0.043575,Open Play,Blocked
3754204,2015-08-29,Sunderland,55,0.090882,Open Play,Off T
3754204,2015-08-29,Aston Villa,57,0.052056,Open Play,Off T
3754204,2015-08-29,Aston Villa,58,0.700784,Open Play,Saved Off Target
3754204,2015-08-29,Aston Villa,59,0.030616,Open Play,Saved
3754204,2015-08-29,Aston Villa,62,0.019974,Open Play,Blocked
3754204,2015-08-29,Aston Villa,69,0.011948,Open Play,Off T
3754204,2015-08-29,Aston Villa,75,0.046658,Open Play,Off T
3754204,2015-08-29,Aston Villa,80,0.022474,Open Play,Wayward
3754204,2015-08-29,Aston Villa,80,0.119479,Open Play,Saved
3754204,2015-08-29,Aston Villa,82,0.038037,Open Play,Saved
3754204,2015-08-29,Aston Villa,84,0.088920,Open Play,Off T
3754204,2015-08-29,Aston Villa,86,0.089027,Open Play,Blocked
3754204,2015-08-29,Aston Villa,89,0.043080,Open Play,Off T
3754204,2015-08-29,Sunderland,93,0.025848,Open Play,Blocked
3754205,2015-08-29,Arsenal,5,0.012977,Open Play,Blocked
3754205,2015-08-29,Arsenal,8,0.188662,Open Play,Saved
3754205,2015-08-29,Newcastle United,12,0.042864,Open Play,Off T
3754205,2015-08-29,Arsenal,17,0.002979,Open Play,Saved
3754205,2015-08-29,Arsenal,20,0.034568,Free Kick,Blocked
3754205,2015-08-29,Arsenal,31,0.026377,Open Play,Saved
3754205,2015-08-29,Arsenal,31,0.447302,Open Play,Off T
3754205,2015-08-29,Arsenal,36,0.041477,Open Play,Blocked
3754205,2015-08-29,Arsenal,37,0.024668,Open Play,Blocked
3754205,2015-08-29,Arsenal,38,0.196245,Open Play,Off T
3754205,2015-08-29,Arsenal,44,0.044986,Open Play,Blocked
3754205,2015-08-29,Arsenal,51,0.060129,Open Play,Blocked
3754205,2015-08-29,Arsenal,51,0.046321,Open Play,Saved
3754205,2015-08-29,Arsenal,51,0.046688,Open Play,Blocked
3754205,2015-08-29,Arsenal,57,0.091152,Open Play,Saved
3754205,2015-08-29,Arsenal,65,0.041100,Open Play,Saved
3754205,2015-08-29,Arsenal,71,0.009694,Open Play,Off T
3754205,2015-08-29,Arsenal,75,0.069032,Open Play,Blocked
3754205,2015-08-29,Arsenal,76,0.096712,Open Play,Saved
3754205,2015-08-29,Arsenal,86,0.028832,Free Kick,Saved
3754205,2015-08-29,Arsenal,88,0.046618,Open Play,Blocked
3754205,2015-08-29,Arsenal,89,0.043830,Open Play,Saved
3754205,2015-08-29,Arsenal,93,0.290064,Open Play,Saved
3754206,2016-04-19,Newcastle United,3,0.047958,Open Play,Off T
3754206,2016-04-19,Manchester City,13,0.114655,Open Play,Goal
3754206,2016-04-19,Manchester City,22,0.093390,Open Play,Off T
3754206,2016-04-19,Newcastle United,28,0.178237,Open Play,Saved
3754206,2016-04-19,Newcastle United,30,0.048729,Open Play,Goal
3754206,2016-04-19,Manchester City,51,0.040245,Open Play,Blocked
3754206,2016-04-19,Manchester City,53,0.053750,Open Play,Saved
3754206,2016-04-19,Manchester City,54,0.036275,Open Play,Off T
3754206,2016-04-19,Manchester City,62,0.182390,Open Play,Saved
3754206,2016-04-19,Manchester City,73,0.023503,Open Play,Saved
3754206,2016-04-19,Manchester City,77,0.061592,Open Play,Wayward
3754206,2016-04-19,Manchester City,86,0.053505,Open Play,Saved
3754206,2016-04-19,Manchester City,86,0.019085,Open Play,Off T
3754206,2016-04-19,Newcastle United,87,0.302487,Open Play,Saved
3754206,2016-04-19,Newcastle United,87,0.025039,Open Play,Off T
3754207,2016-05-11,Watford,6,0.027584,Open Play,Saved
3754207,2016-05-11,Watford,10,0.222032,Open Play,Saved
3754207,2016-05-11,Watford,10,0.525982,Open Play,Goal
3754207,2016-05-11,Norwich City,14,0.071168,Open Play,Goal
3754207,2016-05-11,Norwich City,17,0.041063,Open Play,Post
3754207,2016-05-11,Norwich City,17,0.828526,Open Play,Goal
3754207,2016-05-11,Norwich City,19,0.022007,Open Play,Off T
3754207,2016-05-11,Norwich City,25,0.264160,Open Play,Post
3754207,2016-05-11,Norwich City,25,0.029073,Open Play,Saved
3754207,2016-05-11,Norwich City,26,0.054703,Open Play,Off T
3754207,2016-05-11,Norwich City,33,0.042533,Open Play,Blocked
3754207,2016-05-11,Watford,39,0.261801,Open Play,Saved
3754207,2016-05-11,Norwich City,41,0.031112,Open Play,Blocked
3754207,2016-05-11,Norwich City,42,0.240433,Open Play,Saved
3754207,2016-05-11,Norwich City,43,0.026191,Open Play,Saved
3754207,2016-05-11,Watford,47,0.024756,Open Play,Saved
3754207,2016-05-11,Watford,50,0.684803,Open Play,Goal
3754207,2016-05-11,Norwich City,54,0.034306,Open Play,Blocked
3754207,2016-05-11,Norwich City,56,0.411245,Open Play,Goal
3754207,2016-05-11,Watford,61,0.046102,Open Play,Off T
3754207,2016-05-11,Norwich City,62,0.043188,Open Play,Off T
3754207,2016-05-11,Norwich City,76,0.146867,Open Play,Blocked
3754207,2016-05-11,Watford,76,0.035291,Open Play,Blocked
3754207,2016-05-11,Watford,76,0.071243,Open Play,Saved
3754207,2016-05-11,Watford,88,0.051733,Free Kick,Off T
3754207,2016-05-11,Watford,89,0.054411,Open Play,Blocked
3754207,2016-05-11,Norwich City,91,0.033835,Open Play,Off T
3754207,2016-05-11,Watford,92,0.043226,Open Play,Blocked
3754207,2016-05-11,Norwich City,92,0.045211,Open Play,Saved Off Target
3754207,2016-05-11,Watford,93,0.044414,Open Play,Saved
3754207,2016-05-11,Norwich City,94,0.049771,Free Kick,Blocked
3754208,2015-11-21,Manchester City,3,0.021971,Open Play,Blocked
3754208,2015-11-21,Liverpool,18,0.046289,Open Play,Off T
3754208,2015-11-21,Liverpool,22,0.538512,Open Play,Goal
3754208,2015-11-21,Liverpool,31,0.026748,Open Play,Saved
3754208,2015-11-21,Liverpool,31,0.891693,Open Play,Goal
3754208,2015-11-21,Liverpool,34,0.357147,Open Play,Saved
3754208,2015-11-21,Liverpool,35,0.093179,Open Play,Off T
3754208,2015-11-21,Manchester City,43,0.057846,Open Play,Goal
3754208,2015-11-21,Manchester City,45,0.035554,Open Play,Wayward
3754208,2015-11-21,Liverpool,50,0.020429,Open Play,Blocked
3754208,2015-11-21,Liverpool,50,0.031086,Open Play,Blocked
3754208,2015-11-21,Manchester City,54,0.006868,Open Play,Off T
3754208,2015-11-21,Manchester City,58,0.064155,Open Play,Blocked
3754208,2015-11-21,Liverpool,59,0.495948,Open Play,Saved
3754208,2015-11-21,Liverpool,60,0.056336,Open Play,Saved
3754208,2015-11-21,Manchester City,63,0.115302,Open Play,Saved
3754208,2015-11-21,Manchester City,64,0.369744,Open Play,Off T
3754208,2015-11-21,Manchester City,65,0.006463,Open Play,Off T
3754208,2015-11-21,Liverpool,70,0.350109,Open Play,Saved
3754208,2015-11-21,Manchester City,74,0.046789,Open Play,Blocked
3754208,2015-11-21,Manchester City,76,0.062230,Open Play,Off T
3754208,2015-11-21,Liverpool,79,0.244118,Open Play,Saved
3754208,2015-11-21,Liverpool,80,0.059916,Open Play,Goal
3754208,2015-11-21,Manchester City,84,0.027956,Open Play,Saved
3754208,2015-11-21,Manchester City,88,0.088409,Open Play,Off T
3754208,2015-11-21,Liverpool,93,0.033639,Open Play,Blocked
3754209,2016-04-10,Manchester United,4,0.089513,Open Play,Blocked
3754209,2016-04-10,Manchester United,10,0.031552,Open Play,Blocked
3754209,2016-04-10,Manchester United,11,0.146101,Open Play,Blocked
3754209,2016-04-10,Tottenham Hotspur,18,0.007120,Open Play,Off T
3754209,2016-04-10,Tottenham Hotspur,25,0.019772,Open Play,Off T
3754209,2016-04-10,Tottenham Hotspur,27,0.200768,Open Play,Off T
3754209,2016-04-10,Tottenham Hotspur,28,0.091815,Open Play,Blocked
3754209,2016-04-10,Tottenham Hotspur,50,0.008432,Open Play,Saved
3754209,2016-04-10,Tottenham Hotspur,50,0.035014,Open Play,Saved
3754209,2016-04-10,Tottenham Hotspur,53,0.018685,Open Play,Saved
3754209,2016-04-10,Manchester United,58,0.043569,Open Play,Off T
3754209,2016-04-10,Manchester United,61,0.175082,Open Play,Saved
3754209,2016-04-10,Tottenham Hotspur,66,0.022012,Open Play,Off T
3754209,2016-04-10,Tottenham Hotspur,69,0.459818,Open Play,Goal
3754209,2016-04-10,Tottenham Hotspur,73,0.069315,Open Play,Goal
3754209,2016-04-10,Tottenham Hotspur,75,0.133411,Open Play,Goal
3754209,2016-04-10,Tottenham Hotspur,78,0.045722,Open Play,Saved
3754209,2016-04-10,Tottenham Hotspur,78,0.189665,Open Play,Saved
3754209,2016-04-10,Tottenham Hotspur,78,0.020617,Open Play,Off T
3754209,2016-04-10,Manchester United,79,0.022237,Open Play,Blocked
3754209,2016-04-10,Tottenham Hotspur,80,0.084913,Open Play,Off T
3754209,2016-04-10,Tottenham Hotspur,91,0.406308,Open Play,Blocked
3754210,2016-05-07,Norwich City,3,0.083817,Open Play,Blocked
3754210,2016-05-07,Norwich City,3,0.199610,Open Play,Saved
3754210,2016-05-07,Manchester United,9,0.015976,Open Play,Blocked
3754210,2016-05-07,Manchester United,25,0.022691,Open Play,Blocked
3754210,2016-05-07,Norwich City,26,0.031726,Open Play,Blocked
3754210,2016-05-07,Manchester United,28,0.161938,Open Play,Off T
3754210,2016-05-07,Manchester United,29,0.045772,Open Play,Saved
3754210,2016-05-07,Manchester United,34,0.066287,Open Play,Blocked
3754210,2016-05-07,Manchester United,36,0.054945,Free Kick,Blocked
3754210,2016-05-07,Manchester United,38,0.048900,Open Play,Blocked
3754210,2016-05-07,Manchester United,42,0.029544,Open Play,Blocked
3754210,2016-05-07,Norwich City,46,0.053899,Open Play,Blocked
3754210,2016-05-07,Manchester United,47,0.095614,Open Play,Off T
3754210,2016-05-07,Manchester United,61,0.028997,Open Play,Blocked
3754210,2016-05-07,Manchester United,64,0.055608,Open Play,Off T
3754210,2016-05-07,Norwich City,65,0.031227,Open Play,Blocked
3754210,2016-05-07,Norwich City,65,0.049237,Open Play,Off T
3754210,2016-05-07,Norwich City,68,0.100091,Open Play,Saved
3754210,2016-05-07,Manchester United,71,0.381622,Open Play,Goal
3754210,2016-05-07,Norwich City,73,0.136811,Open Play,Off T
3754210,2016-05-07,Norwich City,79,0.070923,Open Play,Off T
3754210,2016-05-07,Manchester United,84,0.177927,Open Play,Off T
3754210,2016-05-07,Manchester United,92,0.030853,Free Kick,Off T
3754210,2016-05-07,Manchester United,95,0.096488,Open Play,Off T
3754211,2015-11-21,Leicester City,5,0.126918,Open Play,Blocked
3754211,2015-11-21,Newcastle United,7,0.063930,Open Play,Blocked
3754211,2015-11-21,Leicester City,7,0.437552,Open Play,Blocked
3754211,2015-11-21,Leicester City,7,0.030989,Open Play,Saved
3754211,2015-11-21,Newcastle United,9,0.019138,Open Play,Blocked
3754211,2015-11-21,Newcastle United,20,0.075589,Open Play,Off T
3754211,2015-11-21,Leicester City,29,0.026904,Open Play,Blocked
3754211,2015-11-21,Leicester City,30,0.037534,Open Play,Blocked
3754211,2015-11-21,Newcastle United,40,0.034992,Open Play,Blocked
3754211,2015-11-21,Leicester City,40,0.297507,Open Play,Saved
3754211,2015-11-21,Leicester City,41,0.045915,Open Play,Off T
3754211,2015-11-21,Leicester City,45,0.129608,Open Play,Goal
3754211,2015-11-21,Leicester City,58,0.128105,Open Play,Blocked
3754211,2015-11-21,Leicester City,59,0.160338,Open Play,Post
3754211,2015-11-21,Leicester City,61,0.173189,Open Play,Goal
3754211,2015-11-21,Newcastle United,65,0.020884,Open Play,Off T
3754211,2015-11-21,Newcastle United,67,0.038657,Open Play,Blocked
3754211,2015-11-21,Leicester City,67,0.036536,Open Play,Off T
3754211,2015-11-21,Leicester City,69,0.053685,Open Play,Blocked
3754211,2015-11-21,Newcastle United,69,0.063421,Open Play,Blocked
3754211,2015-11-21,Newcastle United,70,0.091432,Open Play,Saved
3754211,2015-11-21,Leicester City,74,0.054894,Open Play,Off T
3754211,2015-11-21,Leicester City,79,0.087832,Free Kick,Blocked
3754211,2015-11-21,Leicester City,79,0.500430,Open Play,Off T
3754211,2015-11-21,Leicester City,82,0.085843,Open Play,Saved
3754211,2015-11-21,Leicester City,82,0.759340,Open Play,Goal
3754211,2015-11-21,Newcastle United,90,0.022006,Open Play,Off T
3754212,2015-09-26,Liverpool,1,0.055437,Open Play,Goal
3754212,2015-09-26,Liverpool,4,0.042545,Open Play,Saved
3754212,2015-09-26,Aston Villa,6,0.144107,Open Play,Off T
3754212,2015-09-26,Liverpool,7,0.075808,Open Play,Saved
3754212,2015-09-26,Liverpool,8,0.091303,Open Play,Off T
3754212,2015-09-26,Liverpool,19,0.007733,Open Play,Off T
3754212,2015-09-26,Aston Villa,21,0.084507,Open Play,Off T
3754212,2015-09-26,Liverpool,36,0.020087,Open Play,Blocked
3754212,2015-09-26,Aston Villa,40,0.078904,Open Play,Blocked
3754212,2015-09-26,Aston Villa,41,0.039614,Open Play,Off T
3754212,2015-09-26,Aston Villa,42,0.026548,Open Play,Saved
3754212,2015-09-26,Liverpool,48,0.065021,Open Play,Blocked
3754212,2015-09-26,Aston Villa,50,0.072071,Open Play,Off T
3754212,2015-09-26,Liverpool,51,0.086330,Open Play,Saved
3754212,2015-09-26,Liverpool,51,0.217152,Open Play,Blocked
3754212,2015-09-26,Liverpool,51,0.026084,Open Play,Blocked
3754212,2015-09-26,Liverpool,53,0.051334,Free Kick,Saved
3754212,2015-09-26,Liverpool,58,0.097984,Open Play,Goal
3754212,2015-09-26,Liverpool,61,0.137390,Open Play,Blocked
3754212,2015-09-26,Liverpool,63,0.145141,Open Play,Saved
3754212,2015-09-26,Aston Villa,65,0.526032,Open Play,Goal
3754212,2015-09-26,Liverpool,66,0.151284,Open Play,Goal
3754212,2015-09-26,Aston Villa,70,0.061699,Open Play,Goal
3754212,2015-09-26,Liverpool,73,0.038958,Free Kick,Saved
3754212,2015-09-26,Liverpool,76,0.082351,Open Play,Saved
3754212,2015-09-26,Aston Villa,77,0.051429,Open Play,Off T
3754212,2015-09-26,Aston Villa,80,0.023489,Open Play,Saved
3754212,2015-09-26,Liverpool,83,0.104271,Open Play,Blocked
3754212,2015-09-26,Liverpool,84,0.088001,Open Play,Blocked
3754212,2015-09-26,Liverpool,85,0.170930,Open Play,Saved
3754213,2015-09-12,Watford,10,0.052825,Open Play,Off T
3754213,2015-09-12,Watford,16,0.044802,Open Play,Blocked
3754213,2015-09-12,Watford,17,0.055022,Open Play,Blocked
3754213,2015-09-12,Swansea City,20,0.078014,Open Play,Saved
3754213,2015-09-12,Watford,21,0.025959,Open Play,Off T
3754213,2015-09-12,Watford,22,0.014861,Open Play,Blocked
3754213,2015-09-12,Watford,22,0.040253,Open Play,Off T
3754213,2015-09-12,Swansea City,32,0.030911,Open Play,Blocked
3754213,2015-09-12,Swansea City,38,0.497850,Open Play,Saved
3754213,2015-09-12,Watford,41,0.014694,Open Play,Saved
3754213,2015-09-12,Watford,53,0.026673,Open Play,Saved
3754213,2015-09-12,Watford,56,0.054714,Open Play,Wayward
3754213,2015-09-12,Watford,57,0.054383,Open Play,Off T
3754213,2015-09-12,Watford,58,0.267409,Open Play,Goal
3754213,2015-09-12,Watford,69,0.038438,Open Play,Blocked
3754213,2015-09-12,Watford,69,0.075182,Open Play,Off T
3754213,2015-09-12,Swansea City,75,0.015071,Open Play,Off T
3754213,2015-09-12,Watford,79,0.010243,Open Play,Saved
3754213,2015-09-12,Swansea City,79,0.032698,Open Play,Off T
3754213,2015-09-12,Watford,83,0.010607,Open Play,Off T
3754213,2015-09-12,Swansea City,88,0.026195,Open Play,Saved
3754213,2015-09-12,Watford,91,0.293314,Open Play,Saved
3754213,2015-09-12,Watford,91,0.073709,Open Play,Saved
3754213,2015-09-12,Swansea City,92,0.072007,Open Play,Wayward
3754213,2015-09-12,Swansea City,94,0.069375,Open Play,Off T
3754214,2016-02-14,Liverpool,15,0.263053,Open Play,Goal
3754214,2016-02-14,Aston Villa,22,0.022865,Open Play,Off T
3754214,2016-02-14,Liverpool,24,0.007140,Free Kick,Goal
3754214,2016-02-14,Liverpool,29,0.400036,Open Play,Blocked
3754214,2016-02-14,Liverpool,32,0.115221,Open Play,Saved
3754214,2016-02-14,Liverpool,33,0.025823,Free Kick,Off T
3754214,2016-02-14,Aston Villa,40,0.009399,Open Play,Wayward
3754214,2016-02-14,Liverpool,43,0.079597,Open Play,Saved
3754214,2016-02-14,Aston Villa,46,0.011375,Open Play,Saved
3754214,2016-02-14,Liverpool,51,0.036929,Open Play,Wayward
3754214,2016-02-14,Liverpool,57,0.077425,Open Play,Goal
3754214,2016-02-14,Liverpool,62,0.350768,Open Play,Goal
3754214,2016-02-14,Liverpool,64,0.308016,Open Play,Saved
3754214,2016-02-14,Liverpool,64,0.903943,Open Play,Goal
3754214,2016-02-14,Liverpool,70,0.080417,Open Play,Goal
3754214,2016-02-14,Aston Villa,79,0.039306,Open Play,Post
3754214,2016-02-14,Aston Villa,82,0.075233,Open Play,Wayward
3754214,2016-02-14,Aston Villa,89,0.068356,Open Play,Blocked
3754215,2015-12-05,West Bromwich Albion,2,0.010189,Open Play,Blocked
3754215,2015-12-05,West Bromwich Albion,5,0.107651,Open Play,Off T
3754215,2015-12-05,Tottenham Hotspur,7,0.018676,Open Play,Blocked
3754215,2015-12-05,Tottenham Hotspur,14,0.172796,Open Play,Goal
3754215,2015-12-05,West Bromwich Albion,33,0.010218,Free Kick,Blocked
3754215,2015-12-05,West Bromwich Albion,38,0.215770,Open Play,Goal
3754215,2015-12-05,Tottenham Hotspur,46,0.025410,Open Play,Off T
3754215,2015-12-05,Tottenham Hotspur,49,0.331002,Open Play,Blocked
3754215,2015-12-05,West Bromwich Albion,51,0.054736,Open Play,Blocked
3754215,2015-12-05,West Bromwich Albion,51,0.053823,Open Play,Blocked
3754215,2015-12-05,Tottenham Hotspur,52,0.050661,Open Play,Saved
3754215,2015-12-05,West Bromwich Albion,53,0.030267,Open Play,Blocked
3754215,2015-12-05,Tottenham Hotspur,54,0.039989,Open Play,Blocked
3754215,2015-12-05,Tottenham Hotspur,56,0.015019,Open Play,Off T
3754215,2015-12-05,Tottenham Hotspur,60,0.021506,Open Play,Blocked
3754215,2015-12-05,West Bromwich Albion,63,0.008567,Free Kick,Off T
3754215,2015-12-05,Tottenham Hotspur,63,0.032343,Open Play,Saved
3754215,2015-12-05,West Bromwich Albion,69,0.043893,Open Play,Saved
3754215,2015-12-05,West Bromwich Albion,72,0.335729,Open Play,Saved
3754215,2015-12-05,West Bromwich Albion,77,0.034655,Open Play,Saved
3754215,2015-12-05,West Bromwich Albion,81,0.083398,Open Play,Off T
3754215,2015-12-05,West Bromwich Albion,92,0.003982,Open Play,Wayward
3754216,2016-04-17,Liverpool,1,0.076419,Open Play,Saved
3754216,2016-04-17,Liverpool,2,0.073844,Open Play,Blocked
3754216,2016-04-17,AFC Bournemouth,5,0.292903,Open Play,Off T
3754216,2016-04-17,Liverpool,6,0.026148,Open Play,Off T
3754216,2016-04-17,AFC Bournemouth,12,0.010208,Open Play,Off T
3754216,2016-04-17,AFC Bournemouth,19,0.097644,Open Play,Saved
3754216,2016-04-17,Liverpool,23,0.063398,Open Play,Blocked
3754216,2016-04-17,Liverpool,23,0.044824,Open Play,Blocked
3754216,2016-04-17,Liverpool,23,0.081768,Open Play,Saved
3754216,2016-04-17,Liverpool,26,0.022671,Open Play,Blocked
3754216,2016-04-17,AFC Bournemouth,32,0.035007,Open Play,Blocked
3754216,2016-04-17,AFC Bournemouth,36,0.011313,Open Play,Blocked
3754216,2016-04-17,Liverpool,40,0.194107,Open Play,Saved
3754216,2016-04-17,Liverpool,40,0.548804,Open Play,Goal
3754216,2016-04-17,AFC Bournemouth,41,0.023341,Open Play,Blocked
3754216,2016-04-17,Liverpool,44,0.023777,Open Play,Off T
3754216,2016-04-17,Liverpool,46,0.088753,Open Play,Goal
3754216,2016-04-17,Liverpool,46,0.122266,Open Play,Off T
3754216,2016-04-17,Liverpool,52,0.185422,Open Play,Post
3754216,2016-04-17,Liverpool,54,0.032458,Open Play,Off T
3754216,2016-04-17,Liverpool,58,0.030144,Open Play,Saved
3754216,2016-04-17,AFC Bournemouth,62,0.052996,Open Play,Wayward
3754216,2016-04-17,AFC Bournemouth,64,0.123446,Open Play,Saved
3754216,2016-04-17,AFC Bournemouth,67,0.119406,Open Play,Saved
3754216,2016-04-17,AFC Bournemouth,68,0.071080,Open Play,Off T
3754216,2016-04-17,Liverpool,74,0.004107,Open Play,Off T
3754216,2016-04-17,AFC Bournemouth,77,0.076348,Open Play,Blocked
3754216,2016-04-17,AFC Bournemouth,77,0.028910,Open Play,Saved
3754216,2016-04-17,AFC Bournemouth,80,0.023546,Open Play,Blocked
3754216,2016-04-17,AFC Bournemouth,81,0.156298,Open Play,Saved
3754216,2016-04-17,Liverpool,82,0.072659,Open Play,Post
3754216,2016-04-17,AFC Bournemouth,84,0.041839,Open Play,Blocked
3754216,2016-04-17,Liverpool,87,0.118228,Open Play,Off T
3754216,2016-04-17,Liverpool,90,0.006944,Open Play,Saved Off Target
3754216,2016-04-17,AFC Bournemouth,92,0.102080,Open Play,Wayward
3754216,2016-04-17,AFC Bournemouth,92,0.164662,Open Play,Blocked
3754216,2016-04-17,AFC Bournemouth,92,0.077728,Open Play,Goal
3754216,2016-04-17,AFC Bournemouth,93,0.103296,Open Play,Off T
3754217,2015-09-19,Arsenal,1,0.038832,Open Play,Blocked
3754217,2015-09-19,Chelsea,5,0.031541,Open Play,Saved
3754217,2015-09-19,Arsenal,11,0.006660,Open Play,Off T
3754217,2015-09-19,Chelsea,23,0.022902,Open Play,Saved
3754217,2015-09-19,Arsenal,28,0.049741,Open Play,Saved
3754217,2015-09-19,Chelsea,31,0.400975,Open Play,Saved
3754217,2015-09-19,Arsenal,34,0.023207,Open Play,Off T
3754217,2015-09-19,Chelsea,36,0.020538,Open Play,Off T
3754217,2015-09-19,Chelsea,37,0.033888,Open Play,Off T
3754217,2015-09-19,Chelsea,38,0.026702,Open Play,Blocked
3754217,2015-09-19,Chelsea,39,0.070368,Open Play,Wayward
3754217,2015-09-19,Chelsea,42,0.023067,Open Play,Blocked
3754217,2015-09-19,Chelsea,42,0.051289,Open Play,Saved
3754217,2015-09-19,Chelsea,45,0.047127,Open Play,Off T
3754217,2015-09-19,Arsenal,49,0.078176,Free Kick,Blocked
3754217,2015-09-19,Chelsea,51,0.009548,Open Play,Blocked
3754217,2015-09-19,Chelsea,52,0.197446,Open Play,Goal
3754217,2015-09-19,Chelsea,57,0.030608,Open Play,Saved
3754217,2015-09-19,Arsenal,59,0.097416,Open Play,Off T
3754217,2015-09-19,Arsenal,63,0.011942,Open Play,Off T
3754217,2015-09-19,Chelsea,64,0.042088,Open Play,Off T
3754217,2015-09-19,Chelsea,66,0.087953,Open Play,Wayward
3754217,2015-09-19,Chelsea,67,0.039970,Open Play,Blocked
3754217,2015-09-19,Chelsea,67,0.070070,Open Play,Off T
3754217,2015-09-19,Arsenal,77,0.025205,Open Play,Blocked
3754217,2015-09-19,Chelsea,80,0.033090,Open Play,Blocked
3754217,2015-09-19,Chelsea,87,0.080226,Free Kick,Blocked
3754217,2015-09-19,Chelsea,90,0.093800,Open Play,Blocked
3754217,2015-09-19,Chelsea,90,0.149413,Open Play,Blocked
3754217,2015-09-19,Arsenal,91,0.338819,Open Play,Wayward
3754217,2015-09-19,Arsenal,92,0.167530,Open Play,Saved
3754217,2015-09-19,Chelsea,92,0.076219,Open Play,Blocked
3754217,2015-09-19,Chelsea,94,0.006107,Open Play,Blocked
3754218,2015-12-12,Southampton,14,0.020462,Open Play,Blocked
3754218,2015-12-12,Crystal Palace,19,0.005580,Open Play,Saved
3754218,2015-12-12,Crystal Palace,20,0.047923,Open Play,Saved
3754218,2015-12-12,Crystal Palace,21,0.048170,Open Play,Off T
3754218,2015-12-12,Southampton,24,0.069985,Open Play,Off T
3754218,2015-12-12,Southampton,31,0.157150,Open Play,Saved
3754218,2015-12-12,Southampton,32,0.026599,Open Play,Blocked
3754218,2015-12-12,Southampton,34,0.056678,Open Play,Off T
3754218,2015-12-12,Crystal Palace,37,0.658271,Open Play,Goal
3754218,2015-12-12,Southampton,40,0.043229,Open Play,Blocked
3754218,2015-12-12,Southampton,42,0.032683,Open Play,Off T
3754218,2015-12-12,Southampton,45,0.023914,Open Play,Off T
3754218,2015-12-12,Crystal Palace,47,0.049761,Open Play,Blocked
3754218,2015-12-12,Crystal Palace,47,0.080502,Open Play,Blocked
3754218,2015-12-12,Southampton,54,0.065584,Open Play,Off T
3754218,2015-12-12,Southampton,56,0.017250,Open Play,Off T
3754218,2015-12-12,Southampton,61,0.031426,Open Play,Saved
3754218,2015-12-12,Crystal Palace,63,0.028034,Open Play,Blocked
3754218,2015-12-12,Southampton,68,0.018455,Open Play,Off T
3754218,2015-12-12,Crystal Palace,74,0.019272,Open Play,Blocked
3754218,2015-12-12,Crystal Palace,74,0.037682,Open Play,Blocked
3754218,2015-12-12,Crystal Palace,77,0.119362,Open Play,Off T
3754218,2015-12-12,Crystal Palace,86,0.027952,Open Play,Saved
3754218,2015-12-12,Crystal Palace,86,0.042253,Open Play,Saved
3754218,2015-12-12,Crystal Palace,87,0.039196,Open Play,Saved
3754218,2015-12-12,Southampton,89,0.035389,Open Play,Blocked
3754218,2015-12-12,Southampton,92,0.271847,Open Play,Saved
3754218,2015-12-12,Southampton,93,0.070787,Open Play,Off T
3754219,2015-12-19,AFC Bournemouth,1,0.018472,Open Play,Saved
3754219,2015-12-19,West Bromwich Albion,3,0.007068,Open Play,Off T
3754219,2015-12-19,AFC Bournemouth,8,0.028338,Open Play,Blocked
3754219,2015-12-19,AFC Bournemouth,12,0.025458,Open Play,Blocked
3754219,2015-12-19,AFC Bournemouth,37,0.025704,Open Play,Blocked
3754219,2015-12-19,AFC Bournemouth,37,0.037298,Open Play,Off T
3754219,2015-12-19,AFC Bournemouth,43,0.099408,Open Play,Saved
3754219,2015-12-19,AFC Bournemouth,44,0.266450,Open Play,Off T
3754219,2015-12-19,West Bromwich Albion,46,0.026699,Open Play,Blocked
3754219,2015-12-19,West Bromwich Albion,48,0.078314,Open Play,Saved
3754219,2015-12-19,AFC Bournemouth,51,0.046198,Open Play,Goal
3754219,2015-12-19,AFC Bournemouth,55,0.024074,Open Play,Blocked
3754219,2015-12-19,AFC Bournemouth,67,0.011637,Open Play,Saved to Post
3754219,2015-12-19,AFC Bournemouth,70,0.087685,Open Play,Blocked
3754219,2015-12-19,West Bromwich Albion,78,0.063590,Open Play,Goal
3754219,2015-12-19,AFC Bournemouth,79,0.021335,Open Play,Off T
3754219,2015-12-19,AFC Bournemouth,81,0.019718,Open Play,Blocked
3754219,2015-12-19,AFC Bournemouth,82,0.020206,Open Play,Blocked
3754219,2015-12-19,West Bromwich Albion,83,0.042696,Open Play,Off T
3754219,2015-12-19,AFC Bournemouth,86,0.783500,Penalty,Goal
3754219,2015-12-19,AFC Bournemouth,89,0.239822,Open Play,Saved
3754219,2015-12-19,AFC Bournemouth,91,0.030697,Open Play,Saved
3754219,2015-12-19,West Bromwich Albion,91,0.132046,Open Play,Blocked
3754220,2016-03-06,Crystal Palace,6,0.435168,Open Play,Saved
3754220,2016-03-06,Liverpool,8,0.040028,Open Play,Blocked
3754220,2016-03-06,Crystal Palace,9,0.010090,Open Play,Saved
3754220,2016-03-06,Crystal Palace,10,0.121761,Open Play,Post
3754220,2016-03-06,Crystal Palace,24,0.067234,Open Play,Off T
3754220,2016-03-06,Crystal Palace,28,0.060085,Open Play,Off T
3754220,2016-03-06,Liverpool,29,0.025661,Open Play,Off T
3754220,2016-03-06,Liverpool,32,0.074276,Free Kick,Blocked
3754220,2016-03-06,Liverpool,33,0.057615,Open Play,Wayward
3754220,2016-03-06,Crystal Palace,36,0.043027,Open Play,Saved
3754220,2016-03-06,Liverpool,42,0.029029,Open Play,Blocked
3754220,2016-03-06,Crystal Palace,44,0.010682,Open Play,Wayward
3754220,2016-03-06,Crystal Palace,44,0.100845,Open Play,Off T
3754220,2016-03-06,Crystal Palace,47,0.036501,Open Play,Blocked
3754220,2016-03-06,Crystal Palace,47,0.105417,Open Play,Blocked
3754220,2016-03-06,Crystal Palace,47,0.063435,Open Play,Goal
3754220,2016-03-06,Liverpool,49,0.109864,Open Play,Off T
3754220,2016-03-06,Crystal Palace,51,0.026667,Open Play,Wayward
3754220,2016-03-06,Liverpool,54,0.022149,Open Play,Blocked
3754220,2016-03-06,Liverpool,54,0.031939,Open Play,Blocked
3754220,2016-03-06,Liverpool,55,0.015999,Open Play,Blocked
3754220,2016-03-06,Liverpool,60,0.026862,Open Play,Blocked
3754220,2016-03-06,Liverpool,64,0.030324,Open Play,Saved
3754220,2016-03-06,Crystal Palace,65,0.021041,Open Play,Blocked
3754220,2016-03-06,Liverpool,71,0.322776,Open Play,Goal
3754220,2016-03-06,Liverpool,74,0.005611,Open Play,Off T
3754220,2016-03-06,Crystal Palace,75,0.042725,Open Play,Off T
3754220,2016-03-06,Liverpool,79,0.099467,Open Play,Saved
3754220,2016-03-06,Crystal Palace,80,0.030467,Open Play,Blocked
3754220,2016-03-06,Liverpool,86,0.009075,Open Play,Post
3754220,2016-03-06,Liverpool,88,0.026168,Open Play,Blocked
3754220,2016-03-06,Liverpool,92,0.088285,Open Play,Saved
3754220,2016-03-06,Liverpool,95,0.783500,Penalty,Goal
3754221,2015-08-30,Manchester United,0,0.032604,Open Play,Blocked
3754221,2015-08-30,Manchester United,1,0.069717,Free Kick,Saved
3754221,2015-08-30,Manchester United,2,0.055183,Open Play,Off T
3754221,2015-08-30,Manchester United,20,0.136382,Open Play,Off T
3754221,2015-08-30,Swansea City,22,0.052501,Open Play,Off T
3754221,2015-08-30,Swansea City,24,0.340732,Open Play,Off T
3754221,2015-08-30,Swansea City,25,0.026048,Open Play,Saved
3754221,2015-08-30,Swansea City,26,0.134203,Open Play,Post
3754221,2015-08-30,Manchester United,29,0.122486,Open Play,Off T
3754221,2015-08-30,Manchester United,33,0.083858,Open Play,Saved
3754221,2015-08-30,Manchester United,35,0.046580,Open Play,Off T
3754221,2015-08-30,Swansea City,37,0.064368,Open Play,Blocked
3754221,2015-08-30,Swansea City,47,0.006881,Free Kick,Saved
3754221,2015-08-30,Manchester United,47,0.113633,Open Play,Goal
3754221,2015-08-30,Manchester United,53,0.062230,Open Play,Wayward
3754221,2015-08-30,Manchester United,59,0.090154,Open Play,Saved
3754221,2015-08-30,Swansea City,60,0.189307,Open Play,Goal
3754221,2015-08-30,Swansea City,62,0.019795,Open Play,Off T
3754221,2015-08-30,Swansea City,65,0.101076,Open Play,Goal
3754221,2015-08-30,Manchester United,73,0.089987,Open Play,Wayward
3754222,2015-09-20,Tottenham Hotspur,2,0.022740,Open Play,Blocked
3754222,2015-09-20,Tottenham Hotspur,2,0.091639,Open Play,Off T
3754222,2015-09-20,Tottenham Hotspur,8,0.028654,Open Play,Blocked
3754222,2015-09-20,Tottenham Hotspur,11,0.050585,Open Play,Blocked
3754222,2015-09-20,Tottenham Hotspur,16,0.035767,Open Play,Saved
3754222,2015-09-20,Crystal Palace,21,0.040436,Open Play,Saved
3754222,2015-09-20,Tottenham Hotspur,21,0.058368,Open Play,Saved
3754222,2015-09-20,Crystal Palace,24,0.023619,Open Play,Blocked
3754222,2015-09-20,Tottenham Hotspur,26,0.041644,Open Play,Blocked
3754222,2015-09-20,Tottenham Hotspur,29,0.018214,Open Play,Off T
3754222,2015-09-20,Tottenham Hotspur,31,0.050721,Open Play,Saved
3754222,2015-09-20,Tottenham Hotspur,31,0.033559,Open Play,Wayward
3754222,2015-09-20,Tottenham Hotspur,31,0.042587,Open Play,Off T
3754222,2015-09-20,Crystal Palace,34,0.029153,Open Play,Saved
3754222,2015-09-20,Tottenham Hotspur,34,0.049187,Open Play,Off T
3754222,2015-09-20,Crystal Palace,37,0.054458,Free Kick,Saved
3754222,2015-09-20,Crystal Palace,37,0.022589,Open Play,Blocked
3754222,2015-09-20,Crystal Palace,44,0.048020,Open Play,Post
3754222,2015-09-20,Tottenham Hotspur,52,0.072172,Free Kick,Saved
3754222,2015-09-20,Tottenham Hotspur,53,0.050443,Open Play,Blocked
3754222,2015-09-20,Tottenham Hotspur,57,0.038018,Open Play,Saved
3754222,2015-09-20,Crystal Palace,64,0.045956,Open Play,Saved to Post
3754222,2015-09-20,Crystal Palace,64,0.081393,Open Play,Blocked
3754222,2015-09-20,Crystal Palace,64,0.231596,Open Play,Off T
3754222,2015-09-20,Crystal Palace,66,0.019187,Open Play,Blocked
3754222,2015-09-20,Tottenham Hotspur,67,0.092534,Open Play,Goal
3754222,2015-09-20,Tottenham Hotspur,72,0.017547,Free Kick,Off T
3754222,2015-09-20,Tottenham Hotspur,74,0.048342,Open Play,Blocked
3754222,2015-09-20,Tottenham Hotspur,76,0.052737,Open Play,Off T
3754222,2015-09-20,Tottenham Hotspur,77,0.020111,Open Play,Blocked
3754222,2015-09-20,Tottenham Hotspur,80,0.020638,Open Play,Blocked
3754222,2015-09-20,Tottenham Hotspur,81,0.017865,Open Play,Blocked
3754222,2015-09-20,Crystal Palace,90,0.007447,Open Play,Off T
3754223,2015-10-31,Crystal Palace,0,0.079857,Open Play,Saved
3754223,2015-10-31,Crystal Palace,10,0.020526,Open Play,Saved to Post
3754223,2015-10-31,Crystal Palace,10,0.054295,Open Play,Saved
3754223,2015-10-31,Crystal Palace,11,0.085470,Open Play,Blocked
3754223,2015-10-31,Manchester United,24,0.069980,Free Kick,Saved
3754223,2015-10-31,Crystal Palace,39,0.147515,Open Play,Saved
3754223,2015-10-31,Manchester United,45,0.240608,Open Play,Wayward
3754223,2015-10-31,Crystal Palace,62,0.025893,Open Play,Blocked
3754223,2015-10-31,Crystal Palace,71,0.198036,Open Play,Off T
3754223,2015-10-31,Crystal Palace,75,0.050764,Open Play,Off T
3754223,2015-10-31,Crystal Palace,75,0.074510,Open Play,Saved
3754223,2015-10-31,Crystal Palace,75,0.041646,Open Play,Off T
3754223,2015-10-31,Manchester United,80,0.021885,Open Play,Off T
3754223,2015-10-31,Manchester United,88,0.164556,Open Play,Blocked
3754223,2015-10-31,Crystal Palace,90,0.097761,Open Play,Off T
3754223,2015-10-31,Manchester United,91,0.081665,Open Play,Blocked
3754224,2016-03-19,Aston Villa,2,0.060518,Open Play,Off T
3754224,2016-03-19,Aston Villa,7,0.105833,Open Play,Off T
3754224,2016-03-19,Swansea City,12,0.064649,Open Play,Off T
3754224,2016-03-19,Aston Villa,17,0.039809,Open Play,Blocked
3754224,2016-03-19,Aston Villa,19,0.117840,Open Play,Blocked
3754224,2016-03-19,Aston Villa,21,0.247573,Open Play,Off T
3754224,2016-03-19,Swansea City,25,0.018163,Open Play,Blocked
3754224,2016-03-19,Swansea City,28,0.045198,Free Kick,Off T
3754224,2016-03-19,Aston Villa,32,0.032802,Open Play,Blocked
3754224,2016-03-19,Aston Villa,32,0.101572,Open Play,Saved
3754224,2016-03-19,Swansea City,34,0.122308,Open Play,Blocked
3754224,2016-03-19,Swansea City,34,0.015958,Open Play,Off T
3754224,2016-03-19,Swansea City,38,0.050876,Open Play,Off T
3754224,2016-03-19,Aston Villa,41,0.065543,Open Play,Blocked
3754224,2016-03-19,Aston Villa,42,0.064271,Open Play,Off T
3754224,2016-03-19,Swansea City,52,0.159346,Open Play,Goal
3754224,2016-03-19,Swansea City,58,0.025578,Open Play,Wayward
3754224,2016-03-19,Swansea City,58,0.051230,Open Play,Blocked
3754224,2016-03-19,Aston Villa,72,0.077182,Open Play,Saved
3754224,2016-03-19,Aston Villa,74,0.052053,Open Play,Blocked
3754224,2016-03-19,Aston Villa,89,0.106741,Open Play,Blocked
3754224,2016-03-19,Swansea City,93,0.037749,Open Play,Off T
3754225,2016-05-07,West Bromwich Albion,1,0.026742,Open Play,Blocked
3754225,2016-05-07,West Bromwich Albion,1,0.329439,Open Play,Off T
3754225,2016-05-07,AFC Bournemouth,6,0.036934,Open Play,Saved
3754225,2016-05-07,West Bromwich Albion,14,0.005907,Open Play,Off T
3754225,2016-05-07,West Bromwich Albion,14,0.179356,Open Play,Goal
3754225,2016-05-07,AFC Bournemouth,18,0.034516,Open Play,Blocked
3754225,2016-05-07,AFC Bournemouth,25,0.006095,Open Play,Off T
3754225,2016-05-07,West Bromwich Albion,27,0.064444,Open Play,Saved
3754225,2016-05-07,West Bromwich Albion,42,0.783500,Penalty,Saved to Post
3754225,2016-05-07,AFC Bournemouth,46,0.025720,Open Play,Blocked
3754225,2016-05-07,AFC Bournemouth,46,0.083161,Open Play,Off T
3754225,2016-05-07,AFC Bournemouth,57,0.031181,Open Play,Saved
3754225,2016-05-07,West Bromwich Albion,59,0.026556,Open Play,Off T
3754225,2016-05-07,AFC Bournemouth,63,0.057269,Free Kick,Saved
3754225,2016-05-07,West Bromwich Albion,64,0.025814,Open Play,Off T
3754225,2016-05-07,AFC Bournemouth,66,0.044298,Open Play,Off T
3754225,2016-05-07,West Bromwich Albion,72,0.051944,Open Play,Off T
3754225,2016-05-07,West Bromwich Albion,75,0.097096,Open Play,Blocked
3754225,2016-05-07,AFC Bournemouth,79,0.052701,Open Play,Blocked
3754225,2016-05-07,AFC Bournemouth,81,0.496876,Open Play,Goal
3754225,2016-05-07,AFC Bournemouth,83,0.008297,Open Play,Saved
3754225,2016-05-07,AFC Bournemouth,84,0.099350,Open Play,Blocked
3754225,2016-05-07,West Bromwich Albion,86,0.052326,Open Play,Post
3754225,2016-05-07,West Bromwich Albion,89,0.044622,Open Play,Saved
3754225,2016-05-07,AFC Bournemouth,91,0.005272,Open Play,Off T
3754226,2015-12-30,Liverpool,4,0.053054,Open Play,Blocked
3754226,2015-12-30,Liverpool,4,0.006472,Open Play,Saved
3754226,2015-12-30,Sunderland,10,0.015892,Open Play,Blocked
3754226,2015-12-30,Liverpool,12,0.033801,Open Play,Off T
3754226,2015-12-30,Sunderland,15,0.080148,Open Play,Saved
3754226,2015-12-30,Liverpool,16,0.044824,Free Kick,Off T
3754226,2015-12-30,Liverpool,24,0.018316,Open Play,Saved to Post
3754226,2015-12-30,Liverpool,25,0.074834,Open Play,Off T
3754226,2015-12-30,Sunderland,32,0.067979,Open Play,Off T
3754226,2015-12-30,Liverpool,35,0.140708,Open Play,Saved
3754226,2015-12-30,Liverpool,36,0.042229,Open Play,Blocked
3754226,2015-12-30,Sunderland,39,0.080616,Free Kick,Off T
3754226,2015-12-30,Liverpool,42,0.063832,Open Play,Blocked
3754226,2015-12-30,Sunderland,43,0.023098,Open Play,Off T
3754226,2015-12-30,Liverpool,45,0.377745,Open Play,Goal
3754226,2015-12-30,Sunderland,49,0.038601,Open Play,Blocked
3754226,2015-12-30,Sunderland,53,0.109032,Open Play,Saved
3754226,2015-12-30,Liverpool,61,0.087189,Open Play,Blocked
3754226,2015-12-30,Liverpool,61,0.068994,Open Play,Off T
3754226,2015-12-30,Liverpool,70,0.032087,Open Play,Saved
3754226,2015-12-30,Liverpool,73,0.063959,Open Play,Off T
3754226,2015-12-30,Liverpool,74,0.020023,Open Play,Off T
3754226,2015-12-30,Sunderland,77,0.120590,Open Play,Saved
3754226,2015-12-30,Liverpool,87,0.147524,Open Play,Off T
3754226,2015-12-30,Liverpool,91,0.514974,Open Play,Saved
3754227,2016-04-17,West Ham United,1,0.062416,Open Play,Saved to Post
3754227,2016-04-17,West Ham United,2,0.034719,Open Play,Off T
3754227,2016-04-17,West Ham United,6,0.047962,Open Play,Off T
3754227,2016-04-17,Leicester City,9,0.106525,Open Play,Off T
3754227,2016-04-17,Leicester City,10,0.035935,Open Play,Off T
3754227,2016-04-17,West Ham United,17,0.077475,Open Play,Wayward
3754227,2016-04-17,Leicester City,17,0.190817,Open Play,Goal
3754227,2016-04-17,West Ham United,25,0.038881,Open Play,Blocked
3754227,2016-04-17,West Ham United,43,0.053888,Open Play,Wayward
3754227,2016-04-17,West Ham United,44,0.046986,Open Play,Off T
3754227,2016-04-17,West Ham United,48,0.024924,Open Play,Blocked
3754227,2016-04-17,West Ham United,49,0.115219,Open Play,Off T
3754227,2016-04-17,West Ham United,51,0.040895,Open Play,Saved
3754227,2016-04-17,Leicester City,52,0.136535,Open Play,Off T
3754227,2016-04-17,West Ham United,55,0.010761,Open Play,Blocked
3754227,2016-04-17,West Ham United,61,0.105868,Open Play,Off T
3754227,2016-04-17,West Ham United,66,0.008212,Open Play,Off T
3754227,2016-04-17,West Ham United,72,0.028182,Open Play,Off T
3754227,2016-04-17,West Ham United,78,0.056373,Free Kick,Off T
3754227,2016-04-17,West Ham United,80,0.080443,Open Play,Wayward
3754227,2016-04-17,West Ham United,81,0.070717,Open Play,Wayward
3754227,2016-04-17,West Ham United,83,0.783500,Penalty,Goal
3754227,2016-04-17,West Ham United,85,0.022777,Open Play,Goal
3754227,2016-04-17,Leicester City,88,0.046803,Open Play,Off T
3754227,2016-04-17,West Ham United,90,0.093947,Open Play,Off T
3754227,2016-04-17,Leicester City,94,0.783500,Penalty,Goal
3754228,2016-04-24,Leicester City,9,0.107531,Open Play,Goal
3754228,2016-04-24,Swansea City,16,0.026362,Open Play,Blocked
3754228,2016-04-24,Leicester City,25,0.015551,Open Play,Blocked
3754228,2016-04-24,Leicester City,26,0.183174,Open Play,Saved
3754228,2016-04-24,Leicester City,27,0.026137,Open Play,Blocked
3754228,2016-04-24,Leicester City,29,0.151515,Open Play,Goal
3754228,2016-04-24,Swansea City,32,0.108403,Open Play,Off T
3754228,2016-04-24,Leicester City,33,0.010608,Open Play,Saved
3754228,2016-04-24,Swansea City,41,0.007226,Free Kick,Saved Off Target
3754228,2016-04-24,Swansea City,43,0.015222,Open Play,Blocked
3754228,2016-04-24,Swansea City,47,0.058117,Open Play,Saved
3754228,2016-04-24,Swansea City,48,0.028567,Open Play,Blocked
3754228,2016-04-24,Leicester City,59,0.580956,Open Play,Goal
3754228,2016-04-24,Leicester City,63,0.044540,Free Kick,Off T
3754228,2016-04-24,Leicester City,65,0.016076,Open Play,Blocked
3754228,2016-04-24,Leicester City,66,0.049554,Open Play,Saved
3754228,2016-04-24,Leicester City,67,0.109428,Open Play,Off T
3754228,2016-04-24,Leicester City,69,0.082996,Open Play,Off T
3754228,2016-04-24,Leicester City,70,0.046297,Open Play,Blocked
3754228,2016-04-24,Swansea City,77,0.138769,Open Play,Off T
3754228,2016-04-24,Leicester City,79,0.036348,Open Play,Off T
3754228,2016-04-24,Leicester City,80,0.208053,Open Play,Saved
3754228,2016-04-24,Leicester City,80,0.098385,Open Play,Off T
3754228,2016-04-24,Leicester City,84,0.195612,Open Play,Wayward
3754228,2016-04-24,Leicester City,84,0.020407,Open Play,Saved
3754228,2016-04-24,Leicester City,84,0.525487,Open Play,Goal
3754228,2016-04-24,Swansea City,86,0.035891,Open Play,Blocked
3754228,2016-04-24,Swansea City,92,0.021273,Open Play,Off T
3754229,2016-05-15,Chelsea,1,0.010139,Open Play,Blocked
3754229,2016-05-15,Chelsea,6,0.054289,Open Play,Off T
3754229,2016-05-15,Chelsea,11,0.044718,Free Kick,Blocked
3754229,2016-05-15,Leicester City,12,0.055113,Open Play,Off T
3754229,2016-05-15,Leicester City,15,0.008804,Open Play,Off T
3754229,2016-05-15,Leicester City,21,0.493784,Open Play,Off T
3754229,2016-05-15,Leicester City,23,0.018160,Open Play,Blocked
3754229,2016-05-15,Leicester City,24,0.041782,Open Play,Saved
3754229,2016-05-15,Chelsea,25,0.101216,Open Play,Blocked
3754229,2016-05-15,Chelsea,27,0.209777,Open Play,Off T
3754229,2016-05-15,Chelsea,29,0.034382,Open Play,Off T
3754229,2016-05-15,Chelsea,31,0.045284,Open Play,Saved
3754229,2016-05-15,Leicester City,32,0.132647,Open Play,Blocked
3754229,2016-05-15,Leicester City,32,0.059756,Open Play,Blocked
3754229,2016-05-15,Chelsea,35,0.043085,Open Play,Blocked
3754229,2016-05-15,Chelsea,35,0.009736,Open Play,Blocked
3754229,2016-05-15,Chelsea,38,0.097657,Open Play,Saved
3754229,2016-05-15,Chelsea,39,0.033988,Open Play,Blocked
3754229,2016-05-15,Chelsea,43,0.035811,Open Play,Saved
3754229,2016-05-15,Chelsea,43,0.045178,Open Play,Saved
3754229,2016-05-15,Leicester City,47,0.047165,Open Play,Blocked
3754229,2016-05-15,Leicester City,48,0.053993,Open Play,Blocked
3754229,2016-05-15,Leicester City,57,0.093258,Open Play,Blocked
3754229,2016-05-15,Leicester City,58,0.313584,Open Play,Saved
3754229,2016-05-15,Chelsea,61,0.084696,Open Play,Wayward
3754229,2016-05-15,Chelsea,61,0.091479,Open Play,Blocked
3754229,2016-05-15,Leicester City,63,0.024010,Open Play,Off T
3754229,2016-05-15,Chelsea,64,0.122972,Open Play,Blocked
3754229,2016-05-15,Chelsea,65,0.783500,Penalty,Goal
3754229,2016-05-15,Leicester City,68,0.191842,Open Play,Wayward
3754229,2016-05-15,Leicester City,76,0.052166,Open Play,Saved
3754229,2016-05-15,Leicester City,78,0.009398,Open Play,Off T
3754229,2016-05-15,Leicester City,81,0.014852,Open Play,Goal
3754229,2016-05-15,Leicester City,83,0.060306,Open Play,Blocked
3754229,2016-05-15,Leicester City,84,0.016610,Open Play,Off T
3754229,2016-05-15,Leicester City,87,0.039534,Open Play,Saved
3754229,2016-05-15,Chelsea,89,0.048037,Open Play,Off T
3754230,2015-10-25,Liverpool,3,0.053581,Open Play,Blocked
3754230,2015-10-25,Liverpool,3,0.065954,Open Play,Off T
3754230,2015-10-25,Liverpool,7,0.025795,Open Play,Saved
3754230,2015-10-25,Southampton,11,0.107574,Open Play,Off T
3754230,2015-10-25,Southampton,13,0.062943,Open Play,Blocked
3754230,2015-10-25,Liverpool,14,0.016172,Open Play,Blocked
3754230,2015-10-25,Southampton,19,0.129350,Open Play,Saved
3754230,2015-10-25,Liverpool,23,0.007351,Open Play,Off T
3754230,2015-10-25,Liverpool,28,0.016972,Open Play,Blocked
3754230,2015-10-25,Liverpool,29,0.054743,Open Play,Off T
3754230,2015-10-25,Liverpool,31,0.044369,Open Play,Blocked
3754230,2015-10-25,Southampton,38,0.152043,Open Play,Saved
3754230,2015-10-25,Liverpool,40,0.060288,Open Play,Off T
3754230,2015-10-25,Liverpool,47,0.092142,Open Play,Wayward
3754230,2015-10-25,Southampton,59,0.062898,Open Play,Blocked
3754230,2015-10-25,Liverpool,62,0.091746,Open Play,Off T
3754230,2015-10-25,Liverpool,67,0.041118,Open Play,Off T
3754230,2015-10-25,Liverpool,69,0.017431,Open Play,Off T
3754230,2015-10-25,Southampton,75,0.040730,Open Play,Off T
3754230,2015-10-25,Liverpool,76,0.063260,Open Play,Goal
3754230,2015-10-25,Southampton,80,0.044502,Open Play,Off T
3754230,2015-10-25,Southampton,85,0.062349,Open Play,Saved
3754230,2015-10-25,Southampton,85,0.828459,Open Play,Goal
3754231,2016-03-01,Leicester City,2,0.017477,Open Play,Blocked
3754231,2016-03-01,Leicester City,9,0.050669,Open Play,Off T
3754231,2016-03-01,West Bromwich Albion,10,0.303912,Open Play,Goal
3754231,2016-03-01,Leicester City,13,0.021198,Open Play,Blocked
3754231,2016-03-01,Leicester City,13,0.388948,Open Play,Off T
3754231,2016-03-01,Leicester City,19,0.046215,Open Play,Off T
3754231,2016-03-01,Leicester City,25,0.034615,Open Play,Blocked
3754231,2016-03-01,Leicester City,25,0.018691,Open Play,Blocked
3754231,2016-03-01,Leicester City,26,0.234434,Open Play,Saved
3754231,2016-03-01,Leicester City,30,0.025888,Open Play,Wayward
3754231,2016-03-01,Leicester City,36,0.175851,Open Play,Post
3754231,2016-03-01,West Bromwich Albion,39,0.086287,Open Play,Blocked
3754231,2016-03-01,Leicester City,40,0.072482,Open Play,Off T
3754231,2016-03-01,Leicester City,45,0.243011,Open Play,Goal
3754231,2016-03-01,West Bromwich Albion,47,0.025673,Open Play,Blocked
3754231,2016-03-01,West Bromwich Albion,49,0.067200,Free Kick,Goal
3754231,2016-03-01,Leicester City,50,0.008236,Open Play,Saved
3754231,2016-03-01,West Bromwich Albion,55,0.006376,Open Play,Off T
3754231,2016-03-01,Leicester City,56,0.139144,Open Play,Post
3754231,2016-03-01,West Bromwich Albion,62,0.087041,Open Play,Off T
3754231,2016-03-01,Leicester City,64,0.055401,Open Play,Saved
3754231,2016-03-01,West Bromwich Albion,65,0.182625,Open Play,Saved
3754231,2016-03-01,West Bromwich Albion,65,0.054256,Open Play,Wayward
3754231,2016-03-01,West Bromwich Albion,65,0.294832,Open Play,Off T
3754231,2016-03-01,Leicester City,67,0.097541,Open Play,Blocked
3754231,2016-03-01,Leicester City,67,0.024121,Open Play,Off T
3754231,2016-03-01,Leicester City,70,0.156158,Open Play,Saved
3754231,2016-03-01,Leicester City,70,0.064953,Open Play,Off T
3754231,2016-03-01,West Bromwich Albion,72,0.016297,Open Play,Off T
3754231,2016-03-01,West Bromwich Albion,74,0.023144,Open Play,Off T
3754231,2016-03-01,Leicester City,79,0.106681,Open Play,Blocked
3754231,2016-03-01,Leicester City,85,0.145360,Open Play,Saved
3754231,2016-03-01,Leicester City,90,0.041868,Open Play,Blocked
3754231,2016-03-01,Leicester City,91,0.014032,Open Play,Off T
3754232,2016-03-02,Manchester United,8,0.125883,Open Play,Off T
3754232,2016-03-02,Watford,11,0.048857,Open Play,Blocked
3754232,2016-03-02,Manchester United,15,0.038260,Open Play,Wayward
3754232,2016-03-02,Watford,17,0.083318,Open Play,Saved
3754232,2016-03-02,Manchester United,18,0.025372,Open Play,Off T
3754232,2016-03-02,Manchester United,20,0.011848,Open Play,Off T
3754232,2016-03-02,Watford,23,0.054870,Open Play,Blocked
3754232,2016-03-02,Watford,23,0.056228,Open Play,Off T
3754232,2016-03-02,Watford,26,0.195132,Open Play,Off T
3754232,2016-03-02,Manchester United,27,0.063002,Open Play,Saved
3754232,2016-03-02,Watford,34,0.031748,Open Play,Off T
3754232,2016-03-02,Watford,36,0.258479,Open Play,Saved
3754232,2016-03-02,Watford,41,0.532946,Open Play,Saved
3754232,2016-03-02,Watford,47,0.015217,Open Play,Off T
3754232,2016-03-02,Watford,50,0.081517,Open Play,Blocked
3754232,2016-03-02,Watford,50,0.133100,Open Play,Blocked
3754232,2016-03-02,Watford,53,0.064195,Open Play,Off T
3754232,2016-03-02,Manchester United,60,0.052442,Open Play,Saved
3754232,2016-03-02,Manchester United,61,0.081582,Free Kick,Blocked
3754232,2016-03-02,Manchester United,62,0.021842,Open Play,Blocked
3754232,2016-03-02,Manchester United,62,0.062619,Open Play,Blocked
3754232,2016-03-02,Manchester United,63,0.055126,Open Play,Blocked
3754232,2016-03-02,Manchester United,65,0.060459,Open Play,Wayward
3754232,2016-03-02,Manchester United,66,0.045892,Open Play,Blocked
3754232,2016-03-02,Watford,78,0.127904,Open Play,Blocked
3754232,2016-03-02,Watford,78,0.174602,Open Play,Off T
3754232,2016-03-02,Manchester United,82,0.072628,Free Kick,Goal
3754233,2015-08-23,Manchester City,1,0.060210,Open Play,Blocked
3754233,2015-08-23,Manchester City,1,0.106316,Open Play,Saved
3754233,2015-08-23,Manchester City,9,0.096604,Open Play,Saved
3754233,2015-08-23,Manchester City,13,0.025781,Open Play,Saved
3754233,2015-08-23,Everton,18,0.033496,Open Play,Saved
3754233,2015-08-23,Manchester City,19,0.012624,Open Play,Off T
3754233,2015-08-23,Manchester City,23,0.016661,Open Play,Saved
3754233,2015-08-23,Everton,25,0.038153,Open Play,Off T
3754233,2015-08-23,Manchester City,27,0.026306,Open Play,Saved
3754233,2015-08-23,Manchester City,28,0.057580,Open Play,Blocked
3754233,2015-08-23,Manchester City,28,0.073049,Open Play,Blocked
3754233,2015-08-23,Everton,31,0.020649,Open Play,Off T
3754233,2015-08-23,Everton,42,0.082612,Free Kick,Off T
3754233,2015-08-23,Everton,48,0.084518,Free Kick,Off T
3754233,2015-08-23,Manchester City,46,0.084297,Open Play,Post
3754233,2015-08-23,Manchester City,59,0.013251,Open Play,Goal
3754233,2015-08-23,Everton,61,0.067928,Open Play,Blocked
3754233,2015-08-23,Manchester City,62,0.289266,Open Play,Saved
3754233,2015-08-23,Everton,65,0.017322,Open Play,Blocked
3754233,2015-08-23,Everton,66,0.056427,Open Play,Blocked
3754233,2015-08-23,Everton,78,0.072032,Open Play,Blocked
3754233,2015-08-23,Manchester City,78,0.024668,Open Play,Blocked
3754233,2015-08-23,Manchester City,79,0.040531,Open Play,Off T
3754233,2015-08-23,Manchester City,87,0.090746,Open Play,Saved
3754233,2015-08-23,Manchester City,87,0.154629,Open Play,Goal
3754233,2015-08-23,Everton,93,0.116159,Open Play,Blocked
3754234,2015-10-25,AFC Bournemouth,0,0.068196,Open Play,Goal
3754234,2015-10-25,Tottenham Hotspur,8,0.783500,Penalty,Goal
3754234,2015-10-25,AFC Bournemouth,12,0.054610,Open Play,Off T
3754234,2015-10-25,Tottenham Hotspur,16,0.017415,Open Play,Blocked
3754234,2015-10-25,Tottenham Hotspur,16,0.530513,Open Play,Goal
3754234,2015-10-25,Tottenham Hotspur,23,0.044270,Open Play,Saved
3754234,2015-10-25,Tottenham Hotspur,28,0.488172,Open Play,Goal
3754234,2015-10-25,Tottenham Hotspur,39,0.024394,Open Play,Off T
3754234,2015-10-25,AFC Bournemouth,45,0.154484,Open Play,Blocked
3754234,2015-10-25,AFC Bournemouth,45,0.100425,Open Play,Post
3754234,2015-10-25,AFC Bournemouth,45,0.034447,Open Play,Off T
3754234,2015-10-25,AFC Bournemouth,47,0.059049,Open Play,Blocked
3754234,2015-10-25,AFC Bournemouth,46,0.023499,Open Play,Blocked
3754234,2015-10-25,Tottenham Hotspur,55,0.302164,Open Play,Goal
3754234,2015-10-25,Tottenham Hotspur,59,0.006726,Open Play,Blocked
3754234,2015-10-25,Tottenham Hotspur,62,0.037911,Open Play,Saved
3754234,2015-10-25,Tottenham Hotspur,62,0.073155,Open Play,Saved
3754234,2015-10-25,Tottenham Hotspur,62,0.404750,Open Play,Goal
3754234,2015-10-25,AFC Bournemouth,64,0.019585,Open Play,Saved
3754234,2015-10-25,AFC Bournemouth,66,0.033355,Open Play,Blocked
3754234,2015-10-25,Tottenham Hotspur,66,0.018781,Open Play,Post
3754234,2015-10-25,AFC Bournemouth,69,0.009070,Open Play,Off T
3754234,2015-10-25,AFC Bournemouth,80,0.063194,Open Play,Off T
3754234,2015-10-25,Tottenham Hotspur,84,0.158520,Open Play,Saved
3754234,2015-10-25,Tottenham Hotspur,87,0.025285,Open Play,Blocked
3754235,2015-11-29,West Ham United,8,0.077691,Open Play,Off T
3754235,2015-11-29,West Bromwich Albion,12,0.027061,Open Play,Off T
3754235,2015-11-29,West Ham United,16,0.055168,Free Kick,Goal
3754235,2015-11-29,West Ham United,22,0.195701,Open Play,Off T
3754235,2015-11-29,West Ham United,23,0.046269,Open Play,Saved
3754235,2015-11-29,West Ham United,28,0.075247,Open Play,Saved
3754235,2015-11-29,West Bromwich Albion,37,0.040609,Open Play,Wayward
3754235,2015-11-29,West Ham United,42,0.101795,Open Play,Wayward
3754235,2015-11-29,West Ham United,43,0.114928,Open Play,Blocked
3754235,2015-11-29,West Ham United,44,0.023215,Open Play,Off T
3754235,2015-11-29,West Bromwich Albion,49,0.030019,Open Play,Blocked
3754235,2015-11-29,West Bromwich Albion,59,0.040644,Free Kick,Saved
3754235,2015-11-29,West Bromwich Albion,60,0.398035,Open Play,Saved
3754235,2015-11-29,West Bromwich Albion,60,0.057054,Open Play,Off T
3754235,2015-11-29,West Ham United,62,0.057693,Free Kick,Saved
3754235,2015-11-29,West Ham United,63,0.395730,Open Play,Off T
3754235,2015-11-29,West Ham United,71,0.199725,Open Play,Blocked
3754235,2015-11-29,West Ham United,73,0.041202,Open Play,Off T
3754235,2015-11-29,West Ham United,75,0.018792,Open Play,Saved
3754235,2015-11-29,West Ham United,81,0.108903,Open Play,Blocked
3754235,2015-11-29,West Ham United,82,0.047361,Open Play,Off T
3754235,2015-11-29,West Ham United,88,0.094384,Open Play,Off T
3754235,2015-11-29,West Bromwich Albion,90,0.127898,Open Play,Saved
3754235,2015-11-29,West Ham United,93,0.063969,Free Kick,Blocked
3754236,2016-02-27,West Bromwich Albion,11,0.088471,Open Play,Saved
3754236,2016-02-27,West Bromwich Albion,11,0.639037,Open Play,Goal
3754236,2016-02-27,West Bromwich Albion,14,0.015066,Open Play,Wayward
3754236,2016-02-27,West Bromwich Albion,14,0.008415,Open Play,Off T
3754236,2016-02-27,Crystal Palace,17,0.036382,Open Play,Off T
3754236,2016-02-27,West Bromwich Albion,19,0.078451,Open Play,Goal
3754236,2016-02-27,West Bromwich Albion,24,0.009959,Open Play,Off T
3754236,2016-02-27,West Bromwich Albion,30,0.147654,Open Play,Goal
3754236,2016-02-27,Crystal Palace,38,0.031451,Open Play,Off T
3754236,2016-02-27,West Bromwich Albion,47,0.008064,Free Kick,Blocked
3754236,2016-02-27,Crystal Palace,49,0.011094,Open Play,Blocked
3754236,2016-02-27,Crystal Palace,49,0.068071,Open Play,Blocked
3754236,2016-02-27,Crystal Palace,49,0.060703,Open Play,Blocked
3754236,2016-02-27,West Bromwich Albion,47,0.068555,Open Play,Off T
3754236,2016-02-27,Crystal Palace,48,0.649579,Open Play,Goal
3754236,2016-02-27,Crystal Palace,49,0.128569,Open Play,Blocked
3754236,2016-02-27,West Bromwich Albion,50,0.044071,Open Play,Post
3754236,2016-02-27,Crystal Palace,56,0.008176,Open Play,Blocked
3754236,2016-02-27,West Bromwich Albion,70,0.051606,Open Play,Saved
3754236,2016-02-27,Crystal Palace,72,0.019612,Open Play,Off T
3754236,2016-02-27,Crystal Palace,75,0.036558,Open Play,Blocked
3754236,2016-02-27,Crystal Palace,76,0.057809,Open Play,Off T
3754236,2016-02-27,Crystal Palace,79,0.046680,Open Play,Goal
3754236,2016-02-27,Crystal Palace,81,0.067483,Open Play,Off T
3754236,2016-02-27,Crystal Palace,82,0.061920,Open Play,Blocked
3754236,2016-02-27,Crystal Palace,85,0.020570,Open Play,Off T
3754236,2016-02-27,Crystal Palace,89,0.023138,Free Kick,Off T
3754237,2015-08-08,Sunderland,5,0.221117,Open Play,Blocked
3754237,2015-08-08,Sunderland,5,0.088600,Open Play,Saved
3754237,2015-08-08,Sunderland,5,0.106615,Open Play,Saved
3754237,2015-08-08,Leicester City,8,0.009481,Open Play,Blocked
3754237,2015-08-08,Leicester City,10,0.012147,Open Play,Goal
3754237,2015-08-08,Leicester City,12,0.183810,Open Play,Blocked
3754237,2015-08-08,Leicester City,17,0.164360,Open Play,Goal
3754237,2015-08-08,Sunderland,21,0.012364,Open Play,Off T
3754237,2015-08-08,Leicester City,24,0.783500,Penalty,Goal
3754237,2015-08-08,Leicester City,26,0.184973,Open Play,Saved
3754237,2015-08-08,Leicester City,28,0.059196,Open Play,Off T
3754237,2015-08-08,Leicester City,39,0.138305,Open Play,Off T
3754237,2015-08-08,Leicester City,45,0.029784,Open Play,Saved
3754237,2015-08-08,Leicester City,50,0.103027,Open Play,Off T
3754237,2015-08-08,Leicester City,55,0.054189,Open Play,Post
3754237,2015-08-08,Leicester City,56,0.095743,Open Play,Saved
3754237,2015-08-08,Leicester City,57,0.056640,Open Play,Blocked
3754237,2015-08-08,Leicester City,58,0.079861,Open Play,Saved
3754237,2015-08-08,Sunderland,59,0.362541,Open Play,Goal
3754237,2015-08-08,Leicester City,61,0.054481,Open Play,Off T
3754237,2015-08-08,Sunderland,62,0.100867,Open Play,Saved
3754237,2015-08-08,Leicester City,65,0.058176,Open Play,Goal
3754237,2015-08-08,Sunderland,68,0.057677,Open Play,Off T
3754237,2015-08-08,Sunderland,70,0.397341,Open Play,Goal
3754237,2015-08-08,Leicester City,72,0.050900,Open Play,Off T
3754237,2015-08-08,Leicester City,77,0.034102,Open Play,Off T
3754237,2015-08-08,Sunderland,80,0.020598,Open Play,Blocked
3754237,2015-08-08,Leicester City,86,0.108438,Open Play,Blocked
3754238,2015-11-07,AFC Bournemouth,3,0.038369,Open Play,Saved
3754238,2015-11-07,AFC Bournemouth,4,0.023519,Open Play,Off T
3754238,2015-11-07,AFC Bournemouth,7,0.109165,Open Play,Blocked
3754238,2015-11-07,AFC Bournemouth,10,0.020792,Open Play,Blocked
3754238,2015-11-07,AFC Bournemouth,20,0.111452,Open Play,Saved
3754238,2015-11-07,AFC Bournemouth,25,0.043123,Open Play,Blocked
3754238,2015-11-07,Newcastle United,26,0.137059,Open Play,Goal
3754238,2015-11-07,AFC Bournemouth,28,0.023665,Open Play,Off T
3754238,2015-11-07,AFC Bournemouth,34,0.069145,Open Play,Saved
3754238,2015-11-07,AFC Bournemouth,34,0.018291,Open Play,Blocked
3754238,2015-11-07,AFC Bournemouth,34,0.009371,Open Play,Blocked
3754238,2015-11-07,AFC Bournemouth,35,0.043637,Open Play,Off T
3754238,2015-11-07,AFC Bournemouth,38,0.128244,Open Play,Saved
3754238,2015-11-07,AFC Bournemouth,39,0.051931,Open Play,Off T
3754238,2015-11-07,AFC Bournemouth,45,0.049360,Open Play,Saved
3754238,2015-11-07,AFC Bournemouth,47,0.062471,Open Play,Off T
3754238,2015-11-07,AFC Bournemouth,48,0.049397,Open Play,Blocked
3754238,2015-11-07,AFC Bournemouth,50,0.111922,Open Play,Off T
3754238,2015-11-07,AFC Bournemouth,55,0.024372,Open Play,Blocked
3754238,2015-11-07,AFC Bournemouth,68,0.008932,Open Play,Blocked
3754238,2015-11-07,AFC Bournemouth,79,0.033116,Open Play,Blocked
3754238,2015-11-07,Newcastle United,82,0.100010,Open Play,Off T
3754238,2015-11-07,AFC Bournemouth,88,0.019945,Open Play,Off T
3754238,2015-11-07,AFC Bournemouth,95,0.025174,Open Play,Off T
3754239,2016-02-28,Arsenal,0,0.064987,Open Play,Saved Off Target
3754239,2016-02-28,Arsenal,6,0.317639,Open Play,Saved
3754239,2016-02-28,Arsenal,9,0.030854,Open Play,Wayward
3754239,2016-02-28,Manchester United,13,0.008820,Free Kick,Saved
3754239,2016-02-28,Arsenal,18,0.047879,Open Play,Off T
3754239,2016-02-28,Manchester United,28,0.054620,Open Play,Goal
3754239,2016-02-28,Manchester United,31,0.196016,Open Play,Goal
3754239,2016-02-28,Manchester United,34,0.026704,Open Play,Off T
3754239,2016-02-28,Arsenal,39,0.101323,Open Play,Goal
3754239,2016-02-28,Arsenal,45,0.064196,Free Kick,Blocked
3754239,2016-02-28,Arsenal,45,0.036060,Open Play,Blocked
3754239,2016-02-28,Arsenal,46,0.081675,Open Play,Wayward
3754239,2016-02-28,Arsenal,51,0.078060,Open Play,Blocked
3754239,2016-02-28,Manchester United,55,0.099733,Open Play,Blocked
3754239,2016-02-28,Manchester United,60,0.011978,Open Play,Saved
3754239,2016-02-28,Manchester United,64,0.047446,Open Play,Goal
3754239,2016-02-28,Arsenal,68,0.306436,Open Play,Saved
3754239,2016-02-28,Arsenal,68,0.133247,Open Play,Goal
3754239,2016-02-28,Arsenal,79,0.083093,Open Play,Off T
3754239,2016-02-28,Arsenal,85,0.088562,Open Play,Saved
3754240,2015-09-12,Arsenal,2,0.163128,Open Play,Saved to Post
3754240,2015-09-12,Arsenal,2,0.522315,Open Play,Off T
3754240,2015-09-12,Arsenal,5,0.033814,Free Kick,Saved
3754240,2015-09-12,Arsenal,6,0.176617,Open Play,Saved
3754240,2015-09-12,Arsenal,7,0.037855,Open Play,Post
3754240,2015-09-12,Arsenal,7,0.218433,Open Play,Off T
3754240,2015-09-12,Arsenal,9,0.067108,Open Play,Blocked
3754240,2015-09-12,Arsenal,11,0.106266,Open Play,Saved
3754240,2015-09-12,Arsenal,23,0.007405,Open Play,Saved
3754240,2015-09-12,Arsenal,24,0.070110,Open Play,Saved
3754240,2015-09-12,Arsenal,29,0.018820,Open Play,Blocked
3754240,2015-09-12,Arsenal,30,0.289384,Open Play,Goal
3754240,2015-09-12,Arsenal,32,0.096607,Open Play,Off T
3754240,2015-09-12,Stoke City,32,0.039238,Open Play,Saved
3754240,2015-09-12,Stoke City,33,0.064518,Open Play,Wayward
3754240,2015-09-12,Stoke City,34,0.008731,Open Play,Blocked
3754240,2015-09-12,Arsenal,36,0.024314,Open Play,Off T
3754240,2015-09-12,Arsenal,53,0.041608,Open Play,Blocked
3754240,2015-09-12,Arsenal,54,0.053045,Open Play,Off T
3754240,2015-09-12,Stoke City,56,0.010219,Open Play,Saved
3754240,2015-09-12,Stoke City,60,0.073514,Open Play,Blocked
3754240,2015-09-12,Stoke City,60,0.043291,Open Play,Blocked
3754240,2015-09-12,Stoke City,62,0.006860,Open Play,Saved
3754240,2015-09-12,Arsenal,65,0.167607,Open Play,Saved
3754240,2015-09-12,Arsenal,67,0.008298,Open Play,Blocked
3754240,2015-09-12,Arsenal,67,0.046280,Open Play,Off T
3754240,2015-09-12,Arsenal,68,0.093343,Open Play,Saved
3754240,2015-09-12,Arsenal,68,0.016250,Open Play,Blocked
3754240,2015-09-12,Arsenal,69,0.345858,Open Play,Saved
3754240,2015-09-12,Stoke City,70,0.009791,Open Play,Off T
3754240,2015-09-12,Arsenal,72,0.027981,Open Play,Blocked
3754240,2015-09-12,Arsenal,72,0.037063,Open Play,Blocked
3754240,2015-09-12,Arsenal,73,0.138447,Open Play,Saved
3754240,2015-09-12,Arsenal,75,0.022023,Open Play,Blocked
3754240,2015-09-12,Arsenal,75,0.536493,Open Play,Off T
3754240,2015-09-12,Arsenal,77,0.078746,Open Play,Off T
3754240,2015-09-12,Arsenal,84,0.153022,Open Play,Goal
3754240,2015-09-12,Stoke City,86,0.026715,Open Play,Off T
3754240,2015-09-12,Arsenal,88,0.103273,Open Play,Saved
3754241,2016-04-09,West Ham United,0,0.035148,Open Play,Wayward
3754241,2016-04-09,Arsenal,10,0.041713,Open Play,Blocked
3754241,2016-04-09,West Ham United,13,0.054138,Open Play,Wayward
3754241,2016-04-09,Arsenal,17,0.278182,Open Play,Goal
3754241,2016-04-09,Arsenal,19,0.123309,Open Play,Off T
3754241,2016-04-09,Arsenal,25,0.139586,Open Play,Saved
3754241,2016-04-09,Arsenal,29,0.051231,Open Play,Saved
3754241,2016-04-09,West Ham United,30,0.043872,Open Play,Off T
3754241,2016-04-09,Arsenal,34,0.331082,Open Play,Goal
3754241,2016-04-09,West Ham United,38,0.062632,Open Play,Saved
3754241,2016-04-09,West Ham United,42,0.028012,Open Play,Saved
3754241,2016-04-09,West Ham United,43,0.070177,Open Play,Goal
3754241,2016-04-09,Arsenal,45,0.190613,Open Play,Saved
3754241,2016-04-09,West Ham United,46,0.097359,Open Play,Blocked
3754241,2016-04-09,West Ham United,46,0.100186,Open Play,Goal
3754241,2016-04-09,West Ham United,51,0.087599,Open Play,Goal
3754241,2016-04-09,West Ham United,56,0.250783,Open Play,Off T
3754241,2016-04-09,West Ham United,60,0.009156,Open Play,Blocked
3754241,2016-04-09,Arsenal,67,0.063036,Open Play,Blocked
3754241,2016-04-09,Arsenal,67,0.049991,Open Play,Off T
3754241,2016-04-09,Arsenal,69,0.520114,Open Play,Goal
3754241,2016-04-09,West Ham United,73,0.029041,Open Play,Saved
3754241,2016-04-09,Arsenal,76,0.054177,Open Play,Off T
3754241,2016-04-09,West Ham United,76,0.031164,Open Play,Saved
3754241,2016-04-09,West Ham United,77,0.172634,Open Play,Off T
3754241,2016-04-09,West Ham United,88,0.080594,Open Play,Blocked
3754241,2016-04-09,West Ham United,89,0.077126,Open Play,Off T
3754241,2016-04-09,West Ham United,90,0.028133,Open Play,Blocked
3754242,2016-04-23,Chelsea,4,0.297340,Open Play,Goal
3754242,2016-04-23,Chelsea,10,0.093008,Open Play,Blocked
3754242,2016-04-23,Chelsea,12,0.025130,Open Play,Blocked
3754242,2016-04-23,AFC Bournemouth,16,0.085971,Open Play,Off T
3754242,2016-04-23,Chelsea,25,0.035129,Free Kick,Blocked
3754242,2016-04-23,AFC Bournemouth,26,0.067314,Open Play,Off T
3754242,2016-04-23,AFC Bournemouth,29,0.010183,Open Play,Saved
3754242,2016-04-23,AFC Bournemouth,29,0.105961,Open Play,Saved
3754242,2016-04-23,AFC Bournemouth,32,0.077657,Open Play,Off T
3754242,2016-04-23,Chelsea,33,0.045206,Open Play,Goal
3754242,2016-04-23,AFC Bournemouth,35,0.070489,Open Play,Goal
3754242,2016-04-23,Chelsea,37,0.022122,Open Play,Off T
3754242,2016-04-23,AFC Bournemouth,37,0.093772,Open Play,Saved
3754242,2016-04-23,Chelsea,39,0.032235,Open Play,Off T
3754242,2016-04-23,AFC Bournemouth,42,0.069409,Open Play,Off T
3754242,2016-04-23,Chelsea,44,0.083747,Open Play,Off T
3754242,2016-04-23,AFC Bournemouth,48,0.018808,Open Play,Off T
3754242,2016-04-23,Chelsea,53,0.031564,Open Play,Blocked
3754242,2016-04-23,Chelsea,53,0.024331,Open Play,Blocked
3754242,2016-04-23,Chelsea,58,0.041238,Open Play,Blocked
3754242,2016-04-23,Chelsea,60,0.020645,Open Play,Blocked
3754242,2016-04-23,AFC Bournemouth,65,0.042395,Open Play,Off T
3754242,2016-04-23,Chelsea,67,0.009356,Open Play,Blocked
3754242,2016-04-23,Chelsea,70,0.363863,Open Play,Goal
3754242,2016-04-23,Chelsea,75,0.029180,Open Play,Off T
3754242,2016-04-23,AFC Bournemouth,77,0.017228,Open Play,Blocked
3754242,2016-04-23,AFC Bournemouth,78,0.076455,Open Play,Blocked
3754242,2016-04-23,AFC Bournemouth,80,0.013777,Open Play,Blocked
3754242,2016-04-23,Chelsea,90,0.130981,Open Play,Goal
3754243,2016-04-02,Newcastle United,8,0.044846,Open Play,Off T
3754243,2016-04-02,Norwich City,10,0.034386,Open Play,Saved
3754243,2016-04-02,Norwich City,29,0.076852,Open Play,Saved
3754243,2016-04-02,Norwich City,32,0.454463,Open Play,Saved
3754243,2016-04-02,Norwich City,32,0.214986,Open Play,Off T
3754243,2016-04-02,Newcastle United,42,0.032449,Open Play,Off T
3754243,2016-04-02,Norwich City,46,0.216083,Open Play,Goal
3754243,2016-04-02,Newcastle United,48,0.007408,Open Play,Off T
3754243,2016-04-02,Newcastle United,50,0.052886,Open Play,Saved
3754243,2016-04-02,Norwich City,52,0.091696,Open Play,Off T
3754243,2016-04-02,Norwich City,52,0.019473,Open Play,Wayward
3754243,2016-04-02,Newcastle United,63,0.053281,Open Play,Blocked
3754243,2016-04-02,Norwich City,65,0.088302,Open Play,Off T
3754243,2016-04-02,Newcastle United,66,0.077526,Open Play,Saved
3754243,2016-04-02,Newcastle United,70,0.051456,Open Play,Goal
3754243,2016-04-02,Norwich City,72,0.113017,Open Play,Blocked
3754243,2016-04-02,Norwich City,73,0.046063,Open Play,Goal
3754243,2016-04-02,Newcastle United,76,0.130087,Open Play,Off T
3754243,2016-04-02,Newcastle United,79,0.126165,Open Play,Blocked
3754243,2016-04-02,Norwich City,79,0.043061,Open Play,Off T
3754243,2016-04-02,Newcastle United,85,0.783500,Penalty,Goal
3754243,2016-04-02,Norwich City,86,0.054563,Open Play,Blocked
3754243,2016-04-02,Newcastle United,88,0.059487,Open Play,Off T
3754243,2016-04-02,Newcastle United,90,0.543202,Open Play,Saved
3754243,2016-04-02,Newcastle United,91,0.108721,Open Play,Off T
3754243,2016-04-02,Norwich City,92,0.074653,Open Play,Goal
3754244,2016-02-13,Norwich City,0,0.025077,Open Play,Off T
3754244,2016-02-13,West Ham United,10,0.015411,Open Play,Off T
3754244,2016-02-13,West Ham United,17,0.010720,Open Play,Saved
3754244,2016-02-13,West Ham United,19,0.028926,Open Play,Off T
3754244,2016-02-13,Norwich City,23,0.071199,Free Kick,Off T
3754244,2016-02-13,Norwich City,31,0.032347,Open Play,Off T
3754244,2016-02-13,West Ham United,33,0.070831,Open Play,Off T
3754244,2016-02-13,Norwich City,35,0.077046,Open Play,Off T
3754244,2016-02-13,Norwich City,46,0.033601,Open Play,Off T
3754244,2016-02-13,Norwich City,45,0.014868,Open Play,Off T
3754244,2016-02-13,Norwich City,53,0.064437,Open Play,Goal
3754244,2016-02-13,Norwich City,64,0.054453,Open Play,Blocked
3754244,2016-02-13,Norwich City,64,0.445414,Open Play,Goal
3754244,2016-02-13,West Ham United,68,0.123772,Open Play,Saved
3754244,2016-02-13,West Ham United,73,0.132560,Open Play,Saved
3754244,2016-02-13,West Ham United,73,0.483531,Open Play,Goal
3754244,2016-02-13,West Ham United,75,0.083078,Open Play,Goal
3754244,2016-02-13,Norwich City,82,0.060804,Free Kick,Off T
3754244,2016-02-13,West Ham United,83,0.052098,Open Play,Off T
3754244,2016-02-13,West Ham United,87,0.136037,Open Play,Off T
3754244,2016-02-13,West Ham United,89,0.499365,Open Play,Wayward
3754244,2016-02-13,West Ham United,92,0.034753,Free Kick,Saved
3754244,2016-02-13,Norwich City,94,0.022813,Open Play,Saved
3754244,2016-02-13,Norwich City,95,0.079235,Open Play,Blocked
3754244,2016-02-13,Norwich City,95,0.224988,Open Play,Blocked
3754245,2015-10-17,Sunderland,10,0.047938,Open Play,Blocked
3754245,2015-10-17,Sunderland,10,0.183384,Open Play,Blocked
3754245,2015-10-17,Sunderland,11,0.068253,Open Play,Blocked
3754245,2015-10-17,Sunderland,11,0.215643,Open Play,Saved
3754245,2015-10-17,Sunderland,19,0.010784,Open Play,Blocked
3754245,2015-10-17,West Bromwich Albion,21,0.051627,Open Play,Off T
3754245,2015-10-17,West Bromwich Albion,23,0.030730,Open Play,Off T
3754245,2015-10-17,Sunderland,30,0.013546,Open Play,Blocked
3754245,2015-10-17,West Bromwich Albion,36,0.006657,Open Play,Off T
3754245,2015-10-17,West Bromwich Albion,42,0.111664,Open Play,Saved
3754245,2015-10-17,West Bromwich Albion,47,0.021192,Open Play,Blocked
3754245,2015-10-17,West Bromwich Albion,47,0.073376,Open Play,Blocked
3754245,2015-10-17,West Bromwich Albion,53,0.954031,Open Play,Goal
3754245,2015-10-17,West Bromwich Albion,60,0.214914,Open Play,Blocked
3754245,2015-10-17,West Bromwich Albion,72,0.012262,Open Play,Saved Off Target
3754245,2015-10-17,Sunderland,73,0.014408,Open Play,Blocked
3754245,2015-10-17,Sunderland,75,0.023835,Open Play,Blocked
3754245,2015-10-17,Sunderland,77,0.024777,Open Play,Saved
3754245,2015-10-17,Sunderland,86,0.067784,Open Play,Off T
3754246,2015-08-29,Manchester City,8,0.052965,Open Play,Blocked
3754246,2015-08-29,Watford,13,0.093781,Open Play,Blocked
3754246,2015-08-29,Watford,13,0.103343,Open Play,Blocked
3754246,2015-08-29,Manchester City,20,0.009758,Free Kick,Off T
3754246,2015-08-29,Manchester City,23,0.105118,Open Play,Blocked
3754246,2015-08-29,Manchester City,26,0.041819,Open Play,Saved
3754246,2015-08-29,Manchester City,26,0.094480,Open Play,Saved
3754246,2015-08-29,Manchester City,33,0.033408,Open Play,Blocked
3754246,2015-08-29,Manchester City,38,0.050184,Open Play,Off T
3754246,2015-08-29,Manchester City,43,0.012547,Open Play,Wayward
3754246,2015-08-29,Manchester City,46,0.349175,Open Play,Goal
3754246,2015-08-29,Manchester City,55,0.064182,Free Kick,Blocked
3754246,2015-08-29,Manchester City,55,0.065252,Open Play,Goal
3754246,2015-08-29,Manchester City,57,0.131895,Open Play,Wayward
3754246,2015-08-29,Manchester City,60,0.005694,Open Play,Off T
3754246,2015-08-29,Manchester City,63,0.056988,Free Kick,Off T
3754246,2015-08-29,Watford,66,0.093649,Open Play,Blocked
3754246,2015-08-29,Manchester City,67,0.044263,Open Play,Off T
3754246,2015-08-29,Watford,72,0.006124,Open Play,Blocked
3754246,2015-08-29,Manchester City,75,0.078155,Open Play,Off T
3754246,2015-08-29,Manchester City,86,0.024358,Open Play,Blocked
3754246,2015-08-29,Manchester City,87,0.014797,Open Play,Saved
3754246,2015-08-29,Watford,87,0.035965,Open Play,Off T
3754246,2015-08-29,Watford,90,0.027113,Open Play,Blocked
3754246,2015-08-29,Watford,91,0.044349,Free Kick,Blocked
3754247,2015-11-21,Southampton,5,0.082349,Open Play,Off T
3754247,2015-11-21,Stoke City,8,0.029861,Open Play,Saved
3754247,2015-11-21,Stoke City,9,0.367707,Open Play,Goal
3754247,2015-11-21,Stoke City,11,0.047786,Open Play,Off T
3754247,2015-11-21,Southampton,12,0.072554,Open Play,Off T
3754247,2015-11-21,Stoke City,14,0.021954,Open Play,Blocked
3754247,2015-11-21,Stoke City,16,0.217795,Open Play,Saved
3754247,2015-11-21,Stoke City,16,0.022474,Open Play,Off T
3754247,2015-11-21,Southampton,18,0.020212,Open Play,Off T
3754247,2015-11-21,Southampton,21,0.085433,Open Play,Off T
3754247,2015-11-21,Southampton,27,0.018647,Open Play,Off T
3754247,2015-11-21,Stoke City,33,0.021477,Open Play,Off T
3754247,2015-11-21,Southampton,34,0.217497,Open Play,Off T
3754247,2015-11-21,Southampton,36,0.109827,Open Play,Off T
3754247,2015-11-21,Southampton,40,0.016961,Open Play,Off T
3754247,2015-11-21,Stoke City,45,0.085437,Open Play,Off T
3754247,2015-11-21,Stoke City,48,0.036630,Open Play,Off T
3754247,2015-11-21,Southampton,51,0.100589,Open Play,Wayward
3754247,2015-11-21,Southampton,53,0.135054,Open Play,Wayward
3754247,2015-11-21,Southampton,59,0.030604,Open Play,Off T
3754247,2015-11-21,Southampton,69,0.050315,Open Play,Saved
3754247,2015-11-21,Stoke City,72,0.034374,Open Play,Off T
3754247,2015-11-21,Stoke City,76,0.204711,Open Play,Off T
3754247,2015-11-21,Southampton,78,0.059080,Open Play,Off T
3754247,2015-11-21,Stoke City,79,0.026804,Open Play,Off T
3754247,2015-11-21,Stoke City,80,0.031592,Open Play,Off T
3754247,2015-11-21,Southampton,81,0.059221,Open Play,Blocked
3754247,2015-11-21,Stoke City,85,0.060690,Open Play,Off T
3754247,2015-11-21,Southampton,87,0.055883,Open Play,Off T
3754247,2015-11-21,Stoke City,87,0.175947,Open Play,Saved
3754247,2015-11-21,Southampton,89,0.037506,Open Play,Off T
3754247,2015-11-21,Stoke City,91,0.027196,Open Play,Off T
3754248,2015-12-26,Crystal Palace,1,0.121336,Open Play,Off T
3754248,2015-12-26,Crystal Palace,8,0.091312,Open Play,Blocked
3754248,2015-12-26,AFC Bournemouth,13,0.034406,Open Play,Saved
3754248,2015-12-26,Crystal Palace,15,0.071241,Open Play,Off T
3754248,2015-12-26,AFC Bournemouth,22,0.139471,Open Play,Off T
3754248,2015-12-26,AFC Bournemouth,32,0.059068,Open Play,Saved
3754248,2015-12-26,AFC Bournemouth,33,0.187960,Open Play,Off T
3754248,2015-12-26,AFC Bournemouth,39,0.091776,Open Play,Off T
3754248,2015-12-26,Crystal Palace,44,0.098124,Open Play,Off T
3754248,2015-12-26,AFC Bournemouth,50,0.078335,Open Play,Saved
3754248,2015-12-26,AFC Bournemouth,54,0.095085,Open Play,Saved
3754248,2015-12-26,Crystal Palace,58,0.039222,Open Play,Blocked
3754248,2015-12-26,Crystal Palace,58,0.052510,Open Play,Blocked
3754248,2015-12-26,AFC Bournemouth,60,0.022136,Open Play,Blocked
3754248,2015-12-26,AFC Bournemouth,62,0.006391,Free Kick,Off T
3754248,2015-12-26,Crystal Palace,64,0.089545,Open Play,Blocked
3754248,2015-12-26,AFC Bournemouth,78,0.115571,Open Play,Blocked
3754249,2016-03-05,Manchester City,10,0.026250,Open Play,Blocked
3754249,2016-03-05,Manchester City,10,0.169090,Open Play,Saved
3754249,2016-03-05,Manchester City,10,0.045360,Open Play,Off T
3754249,2016-03-05,Manchester City,13,0.174289,Open Play,Off T
3754249,2016-03-05,Manchester City,17,0.121083,Open Play,Saved
3754249,2016-03-05,Manchester City,18,0.023016,Open Play,Blocked
3754249,2016-03-05,Manchester City,19,0.023870,Open Play,Off T
3754249,2016-03-05,Manchester City,23,0.119449,Open Play,Off T
3754249,2016-03-05,Aston Villa,25,0.021133,Open Play,Wayward
3754249,2016-03-05,Aston Villa,25,0.282855,Open Play,Saved
3754249,2016-03-05,Manchester City,31,0.095505,Open Play,Wayward
3754249,2016-03-05,Manchester City,32,0.054794,Open Play,Off T
3754249,2016-03-05,Manchester City,35,0.060305,Open Play,Saved
3754249,2016-03-05,Manchester City,38,0.036187,Open Play,Saved
3754249,2016-03-05,Manchester City,45,0.109904,Open Play,Off T
3754249,2016-03-05,Manchester City,47,0.104109,Open Play,Goal
3754249,2016-03-05,Manchester City,49,0.615184,Open Play,Goal
3754249,2016-03-05,Manchester City,58,0.052773,Open Play,Blocked
3754249,2016-03-05,Manchester City,59,0.176200,Open Play,Goal
3754249,2016-03-05,Manchester City,61,0.078292,Open Play,Saved
3754249,2016-03-05,Manchester City,65,0.344711,Open Play,Goal
3754249,2016-03-05,Manchester City,72,0.783500,Penalty,Post
3754249,2016-03-05,Manchester City,75,0.015336,Open Play,Off T
3754249,2016-03-05,Manchester City,81,0.030731,Open Play,Off T
3754249,2016-03-05,Aston Villa,84,0.148076,Open Play,Blocked
3754250,2016-01-16,Aston Villa,2,0.007322,Open Play,Blocked
3754250,2016-01-16,Leicester City,12,0.033174,Open Play,Off T
3754250,2016-01-16,Leicester City,14,0.008557,Free Kick,Saved
3754250,2016-01-16,Leicester City,16,0.038088,Open Play,Blocked
3754250,2016-01-16,Aston Villa,19,0.142332,Open Play,Saved
3754250,2016-01-16,Aston Villa,27,0.108506,Open Play,Off T
3754250,2016-01-16,Leicester City,27,0.117790,Open Play,Saved
3754250,2016-01-16,Leicester City,27,0.707874,Open Play,Goal
3754250,2016-01-16,Leicester City,31,0.149372,Open Play,Blocked
3754250,2016-01-16,Leicester City,32,0.783500,Penalty,Saved
3754250,2016-01-16,Aston Villa,39,0.008725,Open Play,Saved
3754250,2016-01-16,Aston Villa,43,0.049086,Open Play,Off T
3754250,2016-01-16,Leicester City,45,0.021338,Open Play,Off T
3754250,2016-01-16,Aston Villa,51,0.039859,Open Play,Saved
3754250,2016-01-16,Aston Villa,51,0.043348,Open Play,Blocked
3754250,2016-01-16,Aston Villa,52,0.019116,Open Play,Blocked
3754250,2016-01-16,Aston Villa,55,0.043488,Open Play,Blocked
3754250,2016-01-16,Leicester City,57,0.040395,Open Play,Saved
3754250,2016-01-16,Aston Villa,65,0.092674,Open Play,Saved
3754250,2016-01-16,Leicester City,66,0.183050,Open Play,Off T
3754250,2016-01-16,Aston Villa,67,0.192252,Open Play,Off T
3754250,2016-01-16,Aston Villa,74,0.078066,Open Play,Goal
3754250,2016-01-16,Leicester City,79,0.023355,Open Play,Blocked
3754250,2016-01-16,Aston Villa,82,0.021357,Open Play,Blocked
3754250,2016-01-16,Aston Villa,85,0.202089,Open Play,Off T
3754250,2016-01-16,Leicester City,90,0.123834,Open Play,Off T
3754251,2016-01-02,Liverpool,3,0.044952,Open Play,Off T
3754251,2016-01-02,West Ham United,7,0.024285,Open Play,Off T
3754251,2016-01-02,West Ham United,9,0.289960,Open Play,Goal
3754251,2016-01-02,West Ham United,12,0.118123,Open Play,Saved
3754251,2016-01-02,West Ham United,16,0.010073,Open Play,Post
3754251,2016-01-02,West Ham United,16,0.160640,Open Play,Off T
3754251,2016-01-02,West Ham United,19,0.117256,Open Play,Blocked
3754251,2016-01-02,West Ham United,20,0.142257,Open Play,Saved
3754251,2016-01-02,Liverpool,25,0.032567,Open Play,Blocked
3754251,2016-01-02,West Ham United,29,0.171497,Open Play,Wayward
3754251,2016-01-02,Liverpool,29,0.018514,Open Play,Blocked
3754251,2016-01-02,Liverpool,32,0.029763,Open Play,Blocked
3754251,2016-01-02,Liverpool,33,0.053674,Open Play,Blocked
3754251,2016-01-02,Liverpool,33,0.591804,Open Play,Saved
3754251,2016-01-02,Liverpool,36,0.039558,Open Play,Off T
3754251,2016-01-02,Liverpool,39,0.005986,Open Play,Blocked
3754251,2016-01-02,West Ham United,41,0.054824,Open Play,Blocked
3754251,2016-01-02,Liverpool,44,0.027527,Open Play,Blocked
3754251,2016-01-02,Liverpool,46,0.041475,Open Play,Post
3754251,2016-01-02,Liverpool,49,0.020404,Open Play,Blocked
3754251,2016-01-02,Liverpool,47,0.023984,Open Play,Off T
3754251,2016-01-02,Liverpool,50,0.093787,Open Play,Wayward
3754251,2016-01-02,West Ham United,53,0.067020,Open Play,Saved
3754251,2016-01-02,West Ham United,54,0.065294,Open Play,Goal
3754251,2016-01-02,Liverpool,56,0.036280,Open Play,Blocked
3754251,2016-01-02,Liverpool,57,0.111931,Open Play,Off T
3754251,2016-01-02,Liverpool,61,0.020832,Free Kick,Blocked
3754251,2016-01-02,Liverpool,66,0.007734,Open Play,Off T
3754251,2016-01-02,West Ham United,68,0.101805,Open Play,Saved
3754251,2016-01-02,West Ham United,68,0.515440,Open Play,Saved
3754251,2016-01-02,West Ham United,70,0.041240,Open Play,Off T
3754251,2016-01-02,West Ham United,74,0.101361,Open Play,Saved
3754251,2016-01-02,Liverpool,75,0.141610,Open Play,Off T
3754251,2016-01-02,Liverpool,77,0.254034,Open Play,Blocked
3754251,2016-01-02,Liverpool,77,0.026967,Open Play,Blocked
3754251,2016-01-02,Liverpool,78,0.046790,Open Play,Blocked
3754251,2016-01-02,Liverpool,80,0.045668,Open Play,Blocked
3754251,2016-01-02,West Ham United,84,0.046584,Open Play,Saved
3754251,2016-01-02,West Ham United,89,0.134312,Open Play,Saved
3754251,2016-01-02,Liverpool,89,0.100122,Open Play,Off T
3754252,2016-02-03,Everton,4,0.046542,Open Play,Saved
3754252,2016-02-03,Everton,21,0.055526,Free Kick,Off T
3754252,2016-02-03,Everton,22,0.065018,Open Play,Goal
3754252,2016-02-03,Newcastle United,25,0.034857,Open Play,Blocked
3754252,2016-02-03,Newcastle United,33,0.022792,Open Play,Wayward
3754252,2016-02-03,Everton,35,0.024100,Open Play,Off T
3754252,2016-02-03,Everton,38,0.007575,Free Kick,Off T
3754252,2016-02-03,Everton,40,0.019206,Open Play,Wayward
3754252,2016-02-03,Everton,41,0.213980,Open Play,Blocked
3754252,2016-02-03,Everton,41,0.084172,Open Play,Off T
3754252,2016-02-03,Newcastle United,49,0.021358,Open Play,Saved
3754252,2016-02-03,Everton,50,0.254939,Open Play,Saved
3754252,2016-02-03,Everton,50,0.091727,Open Play,Off T
3754252,2016-02-03,Everton,51,0.015447,Open Play,Off T
3754252,2016-02-03,Everton,55,0.050077,Open Play,Saved to Post
3754252,2016-02-03,Everton,56,0.086617,Open Play,Off T
3754252,2016-02-03,Everton,60,0.008933,Free Kick,Saved to Post
3754252,2016-02-03,Everton,61,0.013672,Open Play,Wayward
3754252,2016-02-03,Newcastle United,62,0.257576,Open Play,Saved
3754252,2016-02-03,Newcastle United,65,0.197601,Open Play,Off T
3754252,2016-02-03,Newcastle United,75,0.063100,Open Play,Saved
3754252,2016-02-03,Everton,78,0.074616,Open Play,Blocked
3754252,2016-02-03,Newcastle United,81,0.024824,Open Play,Blocked
3754252,2016-02-03,Everton,87,0.783500,Penalty,Goal
3754252,2016-02-03,Everton,89,0.064223,Open Play,Blocked
3754252,2016-02-03,Everton,90,0.363697,Open Play,Off T
3754252,2016-02-03,Everton,93,0.783500,Penalty,Goal
3754253,2016-02-07,Arsenal,5,0.007314,Open Play,Blocked
3754253,2016-02-07,AFC Bournemouth,8,0.017780,Open Play,Blocked
3754253,2016-02-07,Arsenal,12,0.067246,Open Play,Off T
3754253,2016-02-07,AFC Bournemouth,16,0.034356,Open Play,Blocked
3754253,2016-02-07,AFC Bournemouth,16,0.026635,Open Play,Blocked
3754253,2016-02-07,Arsenal,19,0.035157,Open Play,Blocked
3754253,2016-02-07,Arsenal,22,0.113543,Open Play,Goal
3754253,2016-02-07,Arsenal,23,0.212383,Open Play,Goal
3754253,2016-02-07,AFC Bournemouth,26,0.010351,Open Play,Saved
3754253,2016-02-07,Arsenal,35,0.013954,Open Play,Blocked
3754253,2016-02-07,AFC Bournemouth,38,0.093362,Open Play,Off T
3754253,2016-02-07,AFC Bournemouth,39,0.006268,Open Play,Blocked
3754253,2016-02-07,AFC Bournemouth,49,0.015694,Open Play,Off T
3754253,2016-02-07,AFC Bournemouth,50,0.056943,Open Play,Off T
3754253,2016-02-07,AFC Bournemouth,53,0.061171,Open Play,Wayward
3754253,2016-02-07,Arsenal,54,0.057645,Open Play,Saved
3754253,2016-02-07,Arsenal,54,0.069111,Open Play,Saved
3754253,2016-02-07,AFC Bournemouth,63,0.028300,Open Play,Off T
3754253,2016-02-07,AFC Bournemouth,64,0.034870,Open Play,Off T
3754253,2016-02-07,AFC Bournemouth,66,0.025602,Open Play,Blocked
3754253,2016-02-07,Arsenal,70,0.010083,Open Play,Off T
3754253,2016-02-07,AFC Bournemouth,82,0.026192,Open Play,Blocked
3754253,2016-02-07,AFC Bournemouth,87,0.027081,Open Play,Off T
3754253,2016-02-07,AFC Bournemouth,88,0.054554,Open Play,Saved
3754253,2016-02-07,Arsenal,89,0.170100,Open Play,Saved
3754253,2016-02-07,AFC Bournemouth,89,0.010987,Open Play,Blocked
3754253,2016-02-07,AFC Bournemouth,90,0.103387,Open Play,Saved
3754253,2016-02-07,AFC Bournemouth,90,0.031643,Open Play,Saved
3754254,2015-08-22,Manchester United,2,0.026509,Open Play,Saved
3754254,2015-08-22,Manchester United,5,0.019837,Open Play,Saved
3754254,2015-08-22,Manchester United,11,0.047051,Free Kick,Saved
3754254,2015-08-22,Manchester United,14,0.031769,Open Play,Blocked
3754254,2015-08-22,Manchester United,14,0.057659,Open Play,Saved
3754254,2015-08-22,Manchester United,15,0.045687,Open Play,Saved
3754254,2015-08-22,Manchester United,21,0.016562,Open Play,Saved
3754254,2015-08-22,Newcastle United,22,0.023139,Open Play,Post
3754254,2015-08-22,Manchester United,24,0.044142,Open Play,Blocked
3754254,2015-08-22,Newcastle United,26,0.056311,Open Play,Off T
3754254,2015-08-22,Manchester United,31,0.015555,Open Play,Blocked
3754254,2015-08-22,Newcastle United,34,0.044570,Open Play,Blocked
3754254,2015-08-22,Newcastle United,41,0.057349,Open Play,Saved
3754254,2015-08-22,Newcastle United,42,0.123070,Open Play,Blocked
3754254,2015-08-22,Manchester United,57,0.039907,Free Kick,Blocked
3754254,2015-08-22,Manchester United,62,0.038015,Open Play,Blocked
3754254,2015-08-22,Manchester United,71,0.055653,Open Play,Blocked
3754254,2015-08-22,Manchester United,72,0.069910,Open Play,Off T
3754254,2015-08-22,Manchester United,74,0.033526,Open Play,Blocked
3754254,2015-08-22,Manchester United,75,0.092071,Open Play,Saved
3754254,2015-08-22,Manchester United,79,0.054857,Open Play,Blocked
3754254,2015-08-22,Manchester United,79,0.509478,Open Play,Saved
3754254,2015-08-22,Manchester United,84,0.096411,Open Play,Blocked
3754254,2015-08-22,Manchester United,90,0.147457,Open Play,Post
3754254,2015-08-22,Newcastle United,90,0.068375,Open Play,Off T
3754254,2015-08-22,Manchester United,92,0.064299,Open Play,Blocked
3754255,2015-12-13,Liverpool,9,0.022312,Open Play,Blocked
3754255,2015-12-13,Liverpool,9,0.016670,Open Play,Wayward
3754255,2015-12-13,Liverpool,10,0.096570,Open Play,Saved
3754255,2015-12-13,Liverpool,13,0.133253,Open Play,Off T
3754255,2015-12-13,Liverpool,16,0.261958,Open Play,Wayward
3754255,2015-12-13,Liverpool,20,0.428860,Open Play,Goal
3754255,2015-12-13,Liverpool,25,0.024117,Open Play,Blocked
3754255,2015-12-13,Liverpool,27,0.032960,Open Play,Saved
3754255,2015-12-13,West Bromwich Albion,27,0.056133,Open Play,Wayward
3754255,2015-12-13,West Bromwich Albion,29,0.097151,Open Play,Goal
3754255,2015-12-13,Liverpool,33,0.027584,Open Play,Saved
3754255,2015-12-13,Liverpool,37,0.073460,Open Play,Off T
3754255,2015-12-13,Liverpool,39,0.035775,Open Play,Saved
3754255,2015-12-13,Liverpool,42,0.039305,Open Play,Off T
3754255,2015-12-13,Liverpool,43,0.063842,Open Play,Off T
3754255,2015-12-13,Liverpool,50,0.034978,Open Play,Off T
3754255,2015-12-13,Liverpool,51,0.142473,Open Play,Off T
3754255,2015-12-13,Liverpool,53,0.073362,Open Play,Blocked
3754255,2015-12-13,Liverpool,58,0.031988,Open Play,Off T
3754255,2015-12-13,Liverpool,60,0.092989,Open Play,Off T
3754255,2015-12-13,Liverpool,61,0.035521,Open Play,Blocked
3754255,2015-12-13,West Bromwich Albion,72,0.191663,Open Play,Goal
3754255,2015-12-13,Liverpool,79,0.406470,Open Play,Saved
3754255,2015-12-13,Liverpool,82,0.048553,Open Play,Blocked
3754255,2015-12-13,Liverpool,83,0.024272,Open Play,Blocked
3754255,2015-12-13,Liverpool,85,0.037456,Open Play,Blocked
3754255,2015-12-13,West Bromwich Albion,86,0.134880,Open Play,Off T
3754255,2015-12-13,Liverpool,88,0.053865,Open Play,Saved
3754255,2015-12-13,Liverpool,88,0.037843,Open Play,Off T
3754255,2015-12-13,Liverpool,92,0.010287,Open Play,Blocked
3754255,2015-12-13,Liverpool,95,0.018696,Open Play,Goal
3754255,2015-12-13,Liverpool,98,0.019095,Open Play,Blocked
3754256,2015-10-17,Everton,2,0.027232,Open Play,Blocked
3754256,2015-10-17,Manchester United,10,0.021731,Open Play,Off T
3754256,2015-10-17,Everton,11,0.044204,Open Play,Blocked
3754256,2015-10-17,Everton,12,0.058047,Free Kick,Blocked
3754256,2015-10-17,Manchester United,17,0.037246,Open Play,Saved
3754256,2015-10-17,Manchester United,17,0.400811,Open Play,Goal
3754256,2015-10-17,Manchester United,21,0.100289,Open Play,Goal
3754256,2015-10-17,Manchester United,23,0.021315,Open Play,Blocked
3754256,2015-10-17,Everton,29,0.300584,Open Play,Wayward
3754256,2015-10-17,Everton,40,0.020024,Open Play,Off T
3754256,2015-10-17,Manchester United,41,0.164451,Open Play,Blocked
3754256,2015-10-17,Everton,43,0.079821,Open Play,Blocked
3754256,2015-10-17,Everton,44,0.014087,Open Play,Saved
3754256,2015-10-17,Everton,46,0.186835,Open Play,Off T
3754256,2015-10-17,Everton,50,0.104250,Open Play,Blocked
3754256,2015-10-17,Everton,53,0.051057,Open Play,Wayward
3754256,2015-10-17,Everton,54,0.091829,Open Play,Saved
3754256,2015-10-17,Manchester United,61,0.177787,Open Play,Goal
3754256,2015-10-17,Everton,66,0.014825,Open Play,Blocked
3754256,2015-10-17,Everton,67,0.028807,Open Play,Saved
3754256,2015-10-17,Manchester United,68,0.236360,Open Play,Saved
3754256,2015-10-17,Manchester United,76,0.074714,Open Play,Off T
3754256,2015-10-17,Manchester United,78,0.090200,Open Play,Saved
3754256,2015-10-17,Everton,80,0.046973,Free Kick,Off T
3754256,2015-10-17,Everton,92,0.072915,Open Play,Off T
3754257,2015-09-12,Crystal Palace,1,0.061654,Open Play,Off T
3754257,2015-09-12,Crystal Palace,3,0.010315,Open Play,Blocked
3754257,2015-09-12,Crystal Palace,3,0.019016,Open Play,Blocked
3754257,2015-09-12,Manchester City,4,0.038654,Open Play,Saved
3754257,2015-09-12,Manchester City,5,0.178218,Open Play,Saved
3754257,2015-09-12,Crystal Palace,6,0.018610,Open Play,Saved
3754257,2015-09-12,Crystal Palace,10,0.011253,Open Play,Off T
3754257,2015-09-12,Manchester City,30,0.010604,Open Play,Blocked
3754257,2015-09-12,Manchester City,31,0.281515,Open Play,Saved
3754257,2015-09-12,Manchester City,31,0.227303,Open Play,Blocked
3754257,2015-09-12,Manchester City,37,0.031556,Open Play,Off T
3754257,2015-09-12,Crystal Palace,44,0.020478,Open Play,Off T
3754257,2015-09-12,Manchester City,46,0.069028,Open Play,Saved
3754257,2015-09-12,Crystal Palace,47,0.043852,Open Play,Off T
3754257,2015-09-12,Manchester City,48,0.048592,Open Play,Off T
3754257,2015-09-12,Manchester City,50,0.953960,Open Play,Off T
3754257,2015-09-12,Manchester City,53,0.039836,Open Play,Blocked
3754257,2015-09-12,Manchester City,53,0.030309,Open Play,Saved
3754257,2015-09-12,Manchester City,55,0.077114,Open Play,Off T
3754257,2015-09-12,Manchester City,62,0.007984,Open Play,Blocked
3754257,2015-09-12,Manchester City,63,0.044803,Open Play,Saved
3754257,2015-09-12,Manchester City,64,0.040480,Open Play,Off T
3754257,2015-09-12,Manchester City,66,0.033656,Open Play,Off T
3754257,2015-09-12,Crystal Palace,69,0.122344,Open Play,Saved
3754257,2015-09-12,Manchester City,73,0.040584,Open Play,Off T
3754257,2015-09-12,Crystal Palace,88,0.223841,Open Play,Off T
3754257,2015-09-12,Manchester City,89,0.027091,Open Play,Saved
3754257,2015-09-12,Manchester City,89,0.655144,Open Play,Goal
3754257,2015-09-12,Crystal Palace,92,0.004212,Open Play,Saved
3754257,2015-09-12,Manchester City,94,0.049163,Open Play,Blocked
3754257,2015-09-12,Manchester City,94,0.675301,Open Play,Off T
3754258,2015-11-08,Aston Villa,13,0.038776,Open Play,Off T
3754258,2015-11-08,Manchester City,16,0.042441,Open Play,Saved
3754258,2015-11-08,Manchester City,16,0.113047,Open Play,Off T
3754258,2015-11-08,Aston Villa,40,0.062481,Free Kick,Off T
3754258,2015-11-08,Manchester City,51,0.008444,Free Kick,Saved
3754258,2015-11-08,Manchester City,52,0.433231,Open Play,Saved
3754258,2015-11-08,Manchester City,58,0.131407,Open Play,Blocked
3754258,2015-11-08,Manchester City,59,0.045405,Open Play,Off T
3754258,2015-11-08,Manchester City,63,0.040063,Open Play,Blocked
3754258,2015-11-08,Manchester City,65,0.606713,Open Play,Wayward
3754258,2015-11-08,Manchester City,66,0.029122,Open Play,Off T
3754258,2015-11-08,Aston Villa,87,0.067257,Open Play,Off T
3754258,2015-11-08,Manchester City,91,0.271488,Open Play,Post
3754258,2015-11-08,Manchester City,91,0.045374,Open Play,Blocked
3754258,2015-11-08,Manchester City,91,0.036281,Open Play,Off T
3754258,2015-11-08,Manchester City,93,0.043417,Open Play,Blocked
3754259,2015-12-20,Swansea City,4,0.022783,Open Play,Off T
3754259,2015-12-20,Swansea City,6,0.036259,Open Play,Blocked
3754259,2015-12-20,Swansea City,6,0.054541,Open Play,Blocked
3754259,2015-12-20,Swansea City,8,0.103742,Open Play,Off T
3754259,2015-12-20,West Ham United,14,0.009756,Open Play,Saved
3754259,2015-12-20,Swansea City,24,0.089393,Open Play,Saved
3754259,2015-12-20,West Ham United,25,0.057022,Open Play,Off T
3754259,2015-12-20,West Ham United,28,0.033689,Open Play,Off T
3754259,2015-12-20,West Ham United,31,0.009138,Open Play,Saved
3754259,2015-12-20,West Ham United,33,0.061643,Open Play,Blocked
3754259,2015-12-20,Swansea City,37,0.025055,Open Play,Blocked
3754259,2015-12-20,Swansea City,40,0.041277,Open Play,Wayward
3754259,2015-12-20,Swansea City,40,0.067395,Open Play,Off T
3754259,2015-12-20,West Ham United,56,0.024129,Open Play,Blocked
3754259,2015-12-20,Swansea City,57,0.049818,Open Play,Blocked
3754259,2015-12-20,Swansea City,57,0.016660,Open Play,Blocked
3754259,2015-12-20,Swansea City,59,0.023214,Open Play,Saved
3754259,2015-12-20,Swansea City,60,0.041700,Open Play,Blocked
3754259,2015-12-20,Swansea City,60,0.072089,Open Play,Off T
3754259,2015-12-20,Swansea City,61,0.112800,Open Play,Blocked
3754259,2015-12-20,Swansea City,62,0.032845,Open Play,Blocked
3754259,2015-12-20,Swansea City,62,0.015474,Open Play,Off T
3754259,2015-12-20,Swansea City,69,0.027449,Open Play,Wayward
3754259,2015-12-20,Swansea City,74,0.022433,Open Play,Off T
3754259,2015-12-20,West Ham United,75,0.028658,Open Play,Saved
3754259,2015-12-20,West Ham United,76,0.026920,Open Play,Blocked
3754259,2015-12-20,Swansea City,77,0.041797,Open Play,Blocked
3754259,2015-12-20,Swansea City,78,0.108582,Open Play,Off T
3754259,2015-12-20,Swansea City,80,0.026325,Open Play,Blocked
3754259,2015-12-20,West Ham United,83,0.077733,Open Play,Blocked
3754259,2015-12-20,West Ham United,84,0.076705,Open Play,Off T
3754259,2015-12-20,West Ham United,90,0.022768,Open Play,Off T
3754259,2015-12-20,Swansea City,93,0.039527,Open Play,Blocked
3754260,2016-01-16,Crystal Palace,1,0.128403,Open Play,Saved
3754260,2016-01-16,Manchester City,11,0.023471,Open Play,Blocked
3754260,2016-01-16,Crystal Palace,14,0.058389,Open Play,Wayward
3754260,2016-01-16,Crystal Palace,14,0.112070,Open Play,Off T
3754260,2016-01-16,Manchester City,15,0.010338,Open Play,Blocked
3754260,2016-01-16,Manchester City,19,0.005959,Open Play,Off T
3754260,2016-01-16,Manchester City,21,0.013601,Open Play,Goal
3754260,2016-01-16,Crystal Palace,23,0.021956,Open Play,Saved
3754260,2016-01-16,Crystal Palace,23,0.470199,Open Play,Off T
3754260,2016-01-16,Manchester City,25,0.010568,Open Play,Off T
3754260,2016-01-16,Manchester City,28,0.024234,Open Play,Blocked
3754260,2016-01-16,Crystal Palace,32,0.045950,Free Kick,Saved
3754260,2016-01-16,Manchester City,37,0.075123,Open Play,Off T
3754260,2016-01-16,Manchester City,40,0.022690,Open Play,Goal
3754260,2016-01-16,Manchester City,44,0.099072,Open Play,Blocked
3754260,2016-01-16,Manchester City,44,0.065782,Open Play,Blocked
3754260,2016-01-16,Manchester City,44,0.026659,Open Play,Blocked
3754260,2016-01-16,Manchester City,45,0.065617,Open Play,Wayward
3754260,2016-01-16,Manchester City,45,0.032729,Open Play,Off T
3754260,2016-01-16,Crystal Palace,58,0.035158,Open Play,Blocked
3754260,2016-01-16,Crystal Palace,63,0.052909,Open Play,Off T
3754260,2016-01-16,Manchester City,67,0.641386,Open Play,Goal
3754260,2016-01-16,Manchester City,72,0.034323,Open Play,Off T
3754260,2016-01-16,Crystal Palace,76,0.012637,Open Play,Off T
3754260,2016-01-16,Manchester City,81,0.047377,Free Kick,Blocked
3754260,2016-01-16,Manchester City,83,0.673075,Open Play,Goal
3754261,2016-02-14,Arsenal,1,0.147931,Open Play,Off T
3754261,2016-02-14,Leicester City,15,0.182065,Open Play,Saved
3754261,2016-02-14,Leicester City,23,0.030439,Open Play,Off T
3754261,2016-02-14,Arsenal,24,0.096823,Open Play,Blocked
3754261,2016-02-14,Arsenal,25,0.121432,Open Play,Off T
3754261,2016-02-14,Arsenal,36,0.092235,Open Play,Blocked
3754261,2016-02-14,Leicester City,38,0.008434,Open Play,Saved
3754261,2016-02-14,Leicester City,39,0.053314,Open Play,Wayward
3754261,2016-02-14,Leicester City,44,0.783500,Penalty,Goal
3754261,2016-02-14,Arsenal,45,0.045873,Open Play,Blocked
3754261,2016-02-14,Arsenal,45,0.053783,Open Play,Off T
3754261,2016-02-14,Arsenal,52,0.085870,Open Play,Off T
3754261,2016-02-14,Arsenal,54,0.050883,Open Play,Blocked
3754261,2016-02-14,Arsenal,59,0.073448,Open Play,Off T
3754261,2016-02-14,Leicester City,64,0.021540,Open Play,Saved
3754261,2016-02-14,Arsenal,65,0.025033,Open Play,Blocked
3754261,2016-02-14,Arsenal,69,0.132957,Open Play,Goal
3754261,2016-02-14,Arsenal,73,0.084658,Open Play,Blocked
3754261,2016-02-14,Arsenal,73,0.122962,Open Play,Off T
3754261,2016-02-14,Arsenal,75,0.101921,Open Play,Off T
3754261,2016-02-14,Leicester City,76,0.021656,Open Play,Off T
3754261,2016-02-14,Arsenal,78,0.125473,Open Play,Wayward
3754261,2016-02-14,Arsenal,79,0.023425,Open Play,Off T
3754261,2016-02-14,Arsenal,83,0.056168,Open Play,Saved
3754261,2016-02-14,Arsenal,84,0.129137,Open Play,Blocked
3754261,2016-02-14,Arsenal,84,0.151389,Open Play,Off T
3754261,2016-02-14,Arsenal,86,0.373921,Open Play,Saved
3754261,2016-02-14,Arsenal,86,0.110553,Open Play,Saved
3754261,2016-02-14,Arsenal,87,0.117976,Open Play,Saved
3754261,2016-02-14,Arsenal,87,0.079599,Open Play,Off T
3754261,2016-02-14,Arsenal,88,0.147067,Open Play,Off T
3754261,2016-02-14,Arsenal,94,0.195569,Open Play,Goal
3754262,2016-04-09,Aston Villa,2,0.105283,Open Play,Off T
3754262,2016-04-09,AFC Bournemouth,4,0.075886,Open Play,Saved
3754262,2016-04-09,AFC Bournemouth,5,0.031075,Open Play,Blocked
3754262,2016-04-09,AFC Bournemouth,10,0.048393,Open Play,Blocked
3754262,2016-04-09,Aston Villa,14,0.026320,Open Play,Off T
3754262,2016-04-09,AFC Bournemouth,19,0.045352,Open Play,Off T
3754262,2016-04-09,Aston Villa,27,0.036156,Open Play,Off T
3754262,2016-04-09,AFC Bournemouth,37,0.047770,Open Play,Blocked
3754262,2016-04-09,AFC Bournemouth,39,0.064619,Open Play,Wayward
3754262,2016-04-09,AFC Bournemouth,46,0.168097,Open Play,Goal
3754262,2016-04-09,Aston Villa,48,0.031582,Open Play,Off T
3754262,2016-04-09,AFC Bournemouth,60,0.067205,Open Play,Off T
3754262,2016-04-09,AFC Bournemouth,66,0.072144,Free Kick,Blocked
3754262,2016-04-09,AFC Bournemouth,66,0.034105,Open Play,Wayward
3754262,2016-04-09,AFC Bournemouth,73,0.254822,Open Play,Goal
3754262,2016-04-09,Aston Villa,75,0.094327,Open Play,Off T
3754262,2016-04-09,AFC Bournemouth,80,0.108289,Open Play,Off T
3754262,2016-04-09,Aston Villa,84,0.108731,Open Play,Goal
3754262,2016-04-09,Aston Villa,90,0.040830,Open Play,Blocked
3754263,2015-10-24,Leicester City,6,0.034827,Open Play,Post
3754263,2015-10-24,Leicester City,7,0.148933,Open Play,Off T
3754263,2015-10-24,Leicester City,9,0.058654,Free Kick,Blocked
3754263,2015-10-24,Leicester City,9,0.019678,Open Play,Saved
3754263,2015-10-24,Leicester City,14,0.046865,Open Play,Blocked
3754263,2015-10-24,Leicester City,14,0.011671,Open Play,Off T
3754263,2015-10-24,Leicester City,16,0.034521,Open Play,Saved
3754263,2015-10-24,Crystal Palace,22,0.020724,Open Play,Blocked
3754263,2015-10-24,Crystal Palace,36,0.019429,Open Play,Saved
3754263,2015-10-24,Crystal Palace,46,0.039717,Open Play,Off T
3754263,2015-10-24,Leicester City,56,0.034532,Open Play,Off T
3754263,2015-10-24,Leicester City,58,0.810396,Open Play,Goal
3754263,2015-10-24,Crystal Palace,69,0.009285,Open Play,Saved
3754263,2015-10-24,Leicester City,69,0.049173,Open Play,Blocked
3754263,2015-10-24,Leicester City,73,0.033866,Open Play,Off T
3754263,2015-10-24,Crystal Palace,76,0.016311,Open Play,Blocked
3754263,2015-10-24,Crystal Palace,77,0.071644,Open Play,Saved
3754263,2015-10-24,Crystal Palace,82,0.080086,Open Play,Saved
3754263,2015-10-24,Crystal Palace,85,0.044194,Open Play,Wayward
3754263,2015-10-24,Crystal Palace,88,0.025210,Open Play,Off T
3754263,2015-10-24,Crystal Palace,91,0.044066,Open Play,Off T
3754263,2015-10-24,Leicester City,93,0.046285,Open Play,Blocked
3754264,2016-02-13,Chelsea,1,0.025695,Open Play,Off T
3754264,2016-02-13,Chelsea,4,0.110899,Open Play,Goal
3754264,2016-02-13,Chelsea,8,0.211970,Open Play,Goal
3754264,2016-02-13,Newcastle United,10,0.028058,Open Play,Blocked
3754264,2016-02-13,Newcastle United,11,0.037344,Open Play,Saved
3754264,2016-02-13,Newcastle United,14,0.037312,Open Play,Saved Off Target
3754264,2016-02-13,Chelsea,16,0.358649,Open Play,Goal
3754264,2016-02-13,Chelsea,24,0.157460,Open Play,Blocked
3754264,2016-02-13,Chelsea,25,0.054829,Open Play,Wayward
3754264,2016-02-13,Chelsea,31,0.064096,Open Play,Blocked
3754264,2016-02-13,Newcastle United,34,0.115670,Open Play,Saved
3754264,2016-02-13,Chelsea,36,0.295575,Open Play,Saved
3754264,2016-02-13,Newcastle United,44,0.022937,Open Play,Blocked
3754264,2016-02-13,Chelsea,46,0.039039,Free Kick,Saved
3754264,2016-02-13,Newcastle United,51,0.104287,Open Play,Blocked
3754264,2016-02-13,Newcastle United,51,0.122204,Open Play,Blocked
3754264,2016-02-13,Newcastle United,56,0.054111,Open Play,Blocked
3754264,2016-02-13,Newcastle United,57,0.045412,Open Play,Off T
3754264,2016-02-13,Chelsea,58,0.352099,Open Play,Goal
3754264,2016-02-13,Chelsea,78,0.051649,Open Play,Blocked
3754264,2016-02-13,Chelsea,78,0.046509,Open Play,Blocked
3754264,2016-02-13,Chelsea,78,0.033305,Open Play,Off T
3754264,2016-02-13,Chelsea,82,0.439030,Open Play,Goal
3754264,2016-02-13,Newcastle United,89,0.084426,Open Play,Goal
3754265,2015-11-08,Arsenal,15,0.081239,Open Play,Blocked
3754265,2015-11-08,Tottenham Hotspur,18,0.032361,Open Play,Blocked
3754265,2015-11-08,Tottenham Hotspur,19,0.009533,Open Play,Off T
3754265,2015-11-08,Tottenham Hotspur,24,0.096769,Open Play,Off T
3754265,2015-11-08,Tottenham Hotspur,27,0.069553,Open Play,Off T
3754265,2015-11-08,Tottenham Hotspur,31,0.264826,Open Play,Goal
3754265,2015-11-08,Arsenal,38,0.399326,Open Play,Saved
3754265,2015-11-08,Tottenham Hotspur,44,0.013357,Open Play,Saved
3754265,2015-11-08,Arsenal,47,0.034040,Open Play,Saved
3754265,2015-11-08,Tottenham Hotspur,50,0.012131,Open Play,Blocked
3754265,2015-11-08,Arsenal,53,0.285109,Open Play,Post
3754265,2015-11-08,Arsenal,57,0.025914,Open Play,Off T
3754265,2015-11-08,Arsenal,59,0.218261,Open Play,Off T
3754265,2015-11-08,Tottenham Hotspur,63,0.068001,Open Play,Saved
3754265,2015-11-08,Tottenham Hotspur,63,0.046273,Open Play,Off T
3754265,2015-11-08,Tottenham Hotspur,63,0.058418,Open Play,Off T
3754265,2015-11-08,Tottenham Hotspur,64,0.073572,Open Play,Off T
3754265,2015-11-08,Tottenham Hotspur,68,0.061972,Open Play,Blocked
3754265,2015-11-08,Tottenham Hotspur,69,0.155293,Open Play,Saved
3754265,2015-11-08,Tottenham Hotspur,71,0.065383,Open Play,Off T
3754265,2015-11-08,Arsenal,76,0.311264,Open Play,Goal
3754265,2015-11-08,Arsenal,78,0.107787,Open Play,Saved Off Target
3754265,2015-11-08,Arsenal,78,0.061986,Open Play,Off T
3754265,2015-11-08,Arsenal,83,0.049249,Open Play,Saved
3754265,2015-11-08,Tottenham Hotspur,89,0.049685,Open Play,Off T
3754265,2015-11-08,Tottenham Hotspur,93,0.009744,Open Play,Blocked
3754266,2015-09-27,Crystal Palace,0,0.055283,Open Play,Wayward
3754266,2015-09-27,Watford,2,0.006930,Open Play,Off T
3754266,2015-09-27,Watford,4,0.272064,Open Play,Off T
3754266,2015-09-27,Watford,11,0.011204,Open Play,Saved
3754266,2015-09-27,Crystal Palace,12,0.313765,Open Play,Saved
3754266,2015-09-27,Crystal Palace,17,0.036709,Free Kick,Blocked
3754266,2015-09-27,Crystal Palace,17,0.014900,Open Play,Off T
3754266,2015-09-27,Watford,21,0.120692,Open Play,Wayward
3754266,2015-09-27,Watford,25,0.046745,Open Play,Blocked
3754266,2015-09-27,Watford,27,0.047835,Open Play,Wayward
3754266,2015-09-27,Watford,29,0.163824,Open Play,Off T
3754266,2015-09-27,Crystal Palace,32,0.010658,Open Play,Blocked
3754266,2015-09-27,Crystal Palace,43,0.008810,Open Play,Blocked
3754266,2015-09-27,Crystal Palace,44,0.070847,Open Play,Blocked
3754266,2015-09-27,Watford,45,0.058508,Free Kick,Blocked
3754266,2015-09-27,Watford,46,0.057796,Free Kick,Post
3754266,2015-09-27,Watford,46,0.073594,Open Play,Off T
3754266,2015-09-27,Watford,53,0.048126,Open Play,Saved
3754266,2015-09-27,Crystal Palace,57,0.037926,Free Kick,Saved
3754266,2015-09-27,Crystal Palace,58,0.016309,Open Play,Blocked
3754266,2015-09-27,Crystal Palace,59,0.240735,Open Play,Post
3754266,2015-09-27,Watford,60,0.012254,Open Play,Off T
3754266,2015-09-27,Crystal Palace,61,0.007097,Open Play,Saved
3754266,2015-09-27,Crystal Palace,70,0.783500,Penalty,Goal
3754266,2015-09-27,Watford,71,0.122081,Open Play,Blocked
3754266,2015-09-27,Crystal Palace,74,0.003678,Open Play,Wayward
3754266,2015-09-27,Crystal Palace,77,0.176048,Open Play,Off T
3754266,2015-09-27,Crystal Palace,79,0.079299,Free Kick,Saved
3754266,2015-09-27,Crystal Palace,83,0.059591,Open Play,Off T
3754266,2015-09-27,Crystal Palace,90,0.030199,Open Play,Off T
3754266,2015-09-27,Watford,93,0.049106,Open Play,Blocked
3754267,2015-08-15,Watford,2,0.012685,Open Play,Saved
3754267,2015-08-15,Watford,5,0.082409,Open Play,Off T
3754267,2015-08-15,Watford,9,0.097192,Open Play,Blocked
3754267,2015-08-15,West Bromwich Albion,13,0.021753,Open Play,Blocked
3754267,2015-08-15,Watford,14,0.011558,Open Play,Saved
3754267,2015-08-15,Watford,19,0.097159,Open Play,Off T
3754267,2015-08-15,West Bromwich Albion,27,0.210119,Open Play,Wayward
3754267,2015-08-15,West Bromwich Albion,27,0.164223,Open Play,Off T
3754267,2015-08-15,Watford,28,0.049259,Open Play,Saved
3754267,2015-08-15,Watford,31,0.057273,Free Kick,Off T
3754267,2015-08-15,Watford,43,0.067553,Open Play,Off T
3754267,2015-08-15,Watford,46,0.024418,Open Play,Off T
3754267,2015-08-15,Watford,50,0.020597,Open Play,Saved
3754267,2015-08-15,Watford,59,0.083005,Open Play,Blocked
3754267,2015-08-15,West Bromwich Albion,62,0.075795,Open Play,Off T
3754267,2015-08-15,Watford,67,0.030354,Open Play,Blocked
3754267,2015-08-15,Watford,67,0.200057,Open Play,Off T
3754267,2015-08-15,Watford,69,0.005995,Open Play,Saved Off Target
3754267,2015-08-15,Watford,73,0.020335,Open Play,Off T
3754267,2015-08-15,West Bromwich Albion,79,0.419495,Open Play,Off T
3754267,2015-08-15,West Bromwich Albion,84,0.040000,Free Kick,Off T
3754267,2015-08-15,Watford,89,0.040626,Open Play,Saved
3754268,2015-08-29,Tottenham Hotspur,4,0.021996,Open Play,Blocked
3754268,2015-08-29,Tottenham Hotspur,9,0.040472,Open Play,Off T
3754268,2015-08-29,Tottenham Hotspur,13,0.061100,Open Play,Off T
3754268,2015-08-29,Everton,15,0.074045,Open Play,Saved
3754268,2015-08-29,Tottenham Hotspur,17,0.097962,Open Play,Blocked
3754268,2015-08-29,Tottenham Hotspur,19,0.021344,Open Play,Off T
3754268,2015-08-29,Everton,20,0.025922,Open Play,Off T
3754268,2015-08-29,Tottenham Hotspur,22,0.446388,Open Play,Saved
3754268,2015-08-29,Tottenham Hotspur,27,0.270409,Open Play,Saved
3754268,2015-08-29,Tottenham Hotspur,29,0.007229,Open Play,Saved
3754268,2015-08-29,Tottenham Hotspur,32,0.079057,Open Play,Saved
3754268,2015-08-29,Everton,39,0.032951,Open Play,Saved
3754268,2015-08-29,Tottenham Hotspur,45,0.053055,Open Play,Blocked
3754268,2015-08-29,Tottenham Hotspur,49,0.054715,Open Play,Off T
3754268,2015-08-29,Tottenham Hotspur,54,0.390972,Open Play,Saved
3754268,2015-08-29,Tottenham Hotspur,57,0.111720,Open Play,Saved
3754268,2015-08-29,Tottenham Hotspur,64,0.029862,Open Play,Blocked
3754268,2015-08-29,Tottenham Hotspur,65,0.072546,Open Play,Blocked
3754268,2015-08-29,Tottenham Hotspur,65,0.232739,Open Play,Off T
3754268,2015-08-29,Tottenham Hotspur,69,0.096640,Open Play,Off T
3754268,2015-08-29,Everton,72,0.096703,Open Play,Off T
3754268,2015-08-29,Tottenham Hotspur,78,0.029698,Open Play,Off T
3754268,2015-08-29,Everton,80,0.039069,Free Kick,Off T
3754268,2015-08-29,Everton,82,0.029275,Open Play,Off T
3754268,2015-08-29,Everton,93,0.030330,Open Play,Saved
3754269,2015-10-19,Stoke City,3,0.783500,Penalty,Goal
3754269,2015-10-19,Swansea City,13,0.025015,Free Kick,Off T
3754269,2015-10-19,Swansea City,15,0.073967,Open Play,Off T
3754269,2015-10-19,Swansea City,18,0.015487,Open Play,Saved
3754269,2015-10-19,Swansea City,20,0.006683,Free Kick,Blocked
3754269,2015-10-19,Stoke City,27,0.025046,Open Play,Off T
3754269,2015-10-19,Stoke City,34,0.126000,Open Play,Off T
3754269,2015-10-19,Stoke City,36,0.043634,Open Play,Off T
3754269,2015-10-19,Stoke City,44,0.056801,Open Play,Blocked
3754269,2015-10-19,Stoke City,46,0.050193,Open Play,Off T
3754269,2015-10-19,Stoke City,49,0.023751,Open Play,Off T
3754269,2015-10-19,Swansea City,49,0.031694,Open Play,Saved
3754269,2015-10-19,Swansea City,50,0.029913,Open Play,Off T
3754269,2015-10-19,Swansea City,51,0.042603,Open Play,Off T
3754269,2015-10-19,Swansea City,57,0.019242,Open Play,Post
3754269,2015-10-19,Swansea City,62,0.012417,Open Play,Off T
3754269,2015-10-19,Swansea City,65,0.024560,Open Play,Blocked
3754269,2015-10-19,Swansea City,66,0.052525,Open Play,Blocked
3754269,2015-10-19,Stoke City,67,0.200821,Open Play,Off T
3754269,2015-10-19,Swansea City,68,0.026144,Open Play,Off T
3754269,2015-10-19,Stoke City,79,0.032686,Open Play,Saved
3754269,2015-10-19,Swansea City,85,0.031822,Open Play,Off T
3754269,2015-10-19,Swansea City,88,0.154741,Open Play,Off T
3754270,2015-08-15,Stoke City,4,0.024618,Open Play,Blocked
3754270,2015-08-15,Tottenham Hotspur,5,0.078866,Open Play,Saved
3754270,2015-08-15,Tottenham Hotspur,8,0.078923,Free Kick,Saved
3754270,2015-08-15,Stoke City,11,0.020092,Open Play,Saved
3754270,2015-08-15,Stoke City,11,0.073516,Open Play,Blocked
3754270,2015-08-15,Tottenham Hotspur,17,0.027764,Open Play,Blocked
3754270,2015-08-15,Tottenham Hotspur,18,0.086283,Open Play,Goal
3754270,2015-08-15,Stoke City,43,0.025990,Open Play,Wayward
3754270,2015-08-15,Stoke City,43,0.279655,Open Play,Saved
3754270,2015-08-15,Tottenham Hotspur,45,0.341475,Open Play,Saved
3754270,2015-08-15,Tottenham Hotspur,46,0.118716,Open Play,Goal
3754270,2015-08-15,Tottenham Hotspur,45,0.020311,Open Play,Off T
3754270,2015-08-15,Tottenham Hotspur,51,0.416566,Open Play,Saved
3754270,2015-08-15,Stoke City,53,0.106553,Open Play,Off T
3754270,2015-08-15,Tottenham Hotspur,54,0.095257,Open Play,Off T
3754270,2015-08-15,Stoke City,60,0.044537,Open Play,Saved
3754270,2015-08-15,Stoke City,61,0.140704,Open Play,Saved
3754270,2015-08-15,Stoke City,64,0.023819,Open Play,Off T
3754270,2015-08-15,Stoke City,68,0.008550,Free Kick,Off T
3754270,2015-08-15,Tottenham Hotspur,69,0.033915,Open Play,Saved
3754270,2015-08-15,Tottenham Hotspur,69,0.046541,Open Play,Blocked
3754270,2015-08-15,Tottenham Hotspur,70,0.045976,Open Play,Blocked
3754270,2015-08-15,Stoke City,76,0.033451,Open Play,Off T
3754270,2015-08-15,Stoke City,77,0.783500,Penalty,Goal
3754270,2015-08-15,Tottenham Hotspur,80,0.025537,Open Play,Blocked
3754270,2015-08-15,Stoke City,82,0.727465,Open Play,Goal
3754270,2015-08-15,Stoke City,86,0.217322,Open Play,Off T
3754270,2015-08-15,Stoke City,88,0.086957,Open Play,Saved
3754271,2016-01-23,Newcastle United,2,0.115529,Open Play,Blocked
3754271,2016-01-23,Newcastle United,2,0.081944,Open Play,Off T
3754271,2016-01-23,Watford,5,0.072377,Open Play,Wayward
3754271,2016-01-23,Newcastle United,7,0.051978,Open Play,Wayward
3754271,2016-01-23,Watford,15,0.077029,Open Play,Blocked
3754271,2016-01-23,Watford,16,0.061254,Open Play,Saved
3754271,2016-01-23,Watford,16,0.256440,Open Play,Saved
3754271,2016-01-23,Watford,22,0.009517,Open Play,Off T
3754271,2016-01-23,Newcastle United,22,0.163987,Open Play,Saved
3754271,2016-01-23,Watford,34,0.036568,Open Play,Off T
3754271,2016-01-23,Watford,45,0.747596,Open Play,Goal
3754271,2016-01-23,Newcastle United,47,0.059858,Open Play,Off T
3754271,2016-01-23,Watford,49,0.034258,Open Play,Off T
3754271,2016-01-23,Watford,57,0.308902,Open Play,Goal
3754271,2016-01-23,Newcastle United,60,0.097005,Open Play,Off T
3754271,2016-01-23,Newcastle United,63,0.112979,Open Play,Off T
3754271,2016-01-23,Watford,67,0.285587,Open Play,Wayward
3754271,2016-01-23,Newcastle United,67,0.023178,Open Play,Off T
3754271,2016-01-23,Newcastle United,70,0.060336,Open Play,Goal
3754271,2016-01-23,Newcastle United,74,0.015500,Open Play,Off T
3754271,2016-01-23,Watford,77,0.012497,Open Play,Saved
3754271,2016-01-23,Watford,83,0.027863,Open Play,Off T
3754271,2016-01-23,Watford,85,0.192631,Open Play,Off T
3754271,2016-01-23,Newcastle United,90,0.039080,Open Play,Off T
3754271,2016-01-23,Newcastle United,92,0.054151,Open Play,Off T
3754272,2016-04-02,Swansea City,3,0.031077,Open Play,Off T
3754272,2016-04-02,Swansea City,7,0.028708,Open Play,Blocked
3754272,2016-04-02,Stoke City,9,0.021414,Open Play,Blocked
3754272,2016-04-02,Stoke City,12,0.301993,Open Play,Goal
3754272,2016-04-02,Swansea City,15,0.068298,Open Play,Blocked
3754272,2016-04-02,Stoke City,26,0.063964,Open Play,Saved
3754272,2016-04-02,Stoke City,33,0.073140,Open Play,Off T
3754272,2016-04-02,Swansea City,35,0.028964,Open Play,Off T
3754272,2016-04-02,Swansea City,38,0.028620,Open Play,Off T
3754272,2016-04-02,Stoke City,39,0.019304,Open Play,Blocked
3754272,2016-04-02,Swansea City,43,0.054253,Open Play,Saved
3754272,2016-04-02,Stoke City,45,0.063156,Open Play,Off T
3754272,2016-04-02,Stoke City,52,0.090676,Open Play,Goal
3754272,2016-04-02,Stoke City,55,0.038617,Open Play,Saved
3754272,2016-04-02,Swansea City,56,0.026536,Open Play,Blocked
3754272,2016-04-02,Swansea City,59,0.034441,Open Play,Blocked
3754272,2016-04-02,Swansea City,67,0.035086,Open Play,Goal
3754272,2016-04-02,Swansea City,76,0.051217,Open Play,Blocked
3754272,2016-04-02,Swansea City,78,0.049479,Open Play,Goal
3754272,2016-04-02,Stoke City,83,0.046987,Free Kick,Off T
3754272,2016-04-02,Stoke City,84,0.092136,Open Play,Off T
3754272,2016-04-02,Stoke City,88,0.022692,Open Play,Off T
3754272,2016-04-02,Swansea City,89,0.057989,Open Play,Off T
3754272,2016-04-02,Stoke City,91,0.038863,Open Play,Saved
3754273,2015-10-31,West Ham United,3,0.028711,Open Play,Saved
3754273,2015-10-31,Watford,7,0.028120,Open Play,Saved
3754273,2015-10-31,Watford,9,0.062162,Open Play,Saved
3754273,2015-10-31,Watford,9,0.111038,Open Play,Blocked
3754273,2015-10-31,Watford,9,0.076857,Open Play,Blocked
3754273,2015-10-31,Watford,9,0.124890,Open Play,Blocked
3754273,2015-10-31,West Ham United,23,0.020669,Open Play,Wayward
3754273,2015-10-31,Watford,23,0.013649,Open Play,Blocked
3754273,2015-10-31,Watford,24,0.059996,Open Play,Off T
3754273,2015-10-31,Watford,27,0.063895,Open Play,Off T
3754273,2015-10-31,Watford,33,0.020547,Open Play,Saved
3754273,2015-10-31,Watford,33,0.057884,Open Play,Blocked
3754273,2015-10-31,Watford,38,0.604522,Open Play,Goal
3754273,2015-10-31,West Ham United,43,0.054711,Open Play,Saved
3754273,2015-10-31,Watford,45,0.036084,Open Play,Blocked
3754273,2015-10-31,Watford,47,0.134207,Open Play,Goal
3754273,2015-10-31,Watford,48,0.095397,Open Play,Saved
3754273,2015-10-31,Watford,49,0.067028,Open Play,Off T
3754273,2015-10-31,Watford,51,0.044226,Open Play,Blocked
3754273,2015-10-31,Watford,52,0.039581,Open Play,Blocked
3754273,2015-10-31,Watford,53,0.025702,Open Play,Off T
3754273,2015-10-31,Watford,58,0.012495,Open Play,Off T
3754273,2015-10-31,West Ham United,60,0.124190,Open Play,Off T
3754273,2015-10-31,West Ham United,68,0.539454,Open Play,Post
3754273,2015-10-31,Watford,69,0.037392,Open Play,Off T
3754273,2015-10-31,West Ham United,73,0.072047,Open Play,Saved
3754273,2015-10-31,West Ham United,74,0.022340,Open Play,Off T
3754273,2015-10-31,West Ham United,90,0.004590,Open Play,Off T
3754273,2015-10-31,Watford,94,0.131256,Open Play,Blocked
3754274,2016-02-13,Stoke City,8,0.023866,Open Play,Goal
3754274,2016-02-13,Stoke City,17,0.028607,Open Play,Off T
3754274,2016-02-13,Stoke City,22,0.029597,Open Play,Saved
3754274,2016-02-13,AFC Bournemouth,26,0.005076,Open Play,Blocked
3754274,2016-02-13,AFC Bournemouth,27,0.049838,Open Play,Blocked
3754274,2016-02-13,Stoke City,33,0.012995,Open Play,Saved
3754274,2016-02-13,Stoke City,36,0.067626,Open Play,Blocked
3754274,2016-02-13,Stoke City,36,0.083241,Open Play,Off T
3754274,2016-02-13,AFC Bournemouth,46,0.270335,Open Play,Saved
3754274,2016-02-13,AFC Bournemouth,46,0.081582,Open Play,Blocked
3754274,2016-02-13,Stoke City,50,0.043185,Open Play,Off T
3754274,2016-02-13,Stoke City,51,0.096950,Open Play,Goal
3754274,2016-02-13,Stoke City,54,0.120253,Open Play,Goal
3754274,2016-02-13,AFC Bournemouth,56,0.062373,Open Play,Goal
3754274,2016-02-13,AFC Bournemouth,60,0.163823,Open Play,Off T
3754274,2016-02-13,AFC Bournemouth,65,0.429842,Open Play,Wayward
3754274,2016-02-13,AFC Bournemouth,66,0.023526,Open Play,Blocked
3754274,2016-02-13,AFC Bournemouth,70,0.090037,Open Play,Off T
3754274,2016-02-13,AFC Bournemouth,79,0.013156,Open Play,Off T
3754274,2016-02-13,AFC Bournemouth,90,0.042535,Open Play,Blocked
3754274,2016-02-13,Stoke City,93,0.161888,Open Play,Saved
3754274,2016-02-13,Stoke City,94,0.003650,Open Play,Wayward
3754275,2016-02-02,Leicester City,1,0.064389,Open Play,Off T
3754275,2016-02-02,Liverpool,3,0.022772,Open Play,Off T
3754275,2016-02-02,Leicester City,7,0.355643,Open Play,Saved
3754275,2016-02-02,Leicester City,13,0.025878,Open Play,Saved
3754275,2016-02-02,Liverpool,19,0.025373,Open Play,Blocked
3754275,2016-02-02,Liverpool,22,0.016336,Open Play,Blocked
3754275,2016-02-02,Leicester City,23,0.028990,Open Play,Blocked
3754275,2016-02-02,Leicester City,25,0.022558,Free Kick,Saved
3754275,2016-02-02,Leicester City,28,0.074618,Open Play,Off T
3754275,2016-02-02,Leicester City,30,0.056241,Free Kick,Blocked
3754275,2016-02-02,Liverpool,33,0.065131,Open Play,Blocked
3754275,2016-02-02,Leicester City,34,0.018920,Open Play,Saved
3754275,2016-02-02,Liverpool,38,0.017051,Open Play,Off T
3754275,2016-02-02,Liverpool,43,0.036998,Open Play,Blocked
3754275,2016-02-02,Liverpool,44,0.028260,Open Play,Blocked
3754275,2016-02-02,Liverpool,47,0.044087,Open Play,Blocked
3754275,2016-02-02,Leicester City,50,0.049055,Open Play,Off T
3754275,2016-02-02,Liverpool,54,0.024546,Open Play,Off T
3754275,2016-02-02,Liverpool,57,0.047357,Open Play,Off T
3754275,2016-02-02,Leicester City,59,0.015000,Open Play,Goal
3754275,2016-02-02,Liverpool,68,0.051646,Open Play,Saved
3754275,2016-02-02,Leicester City,70,0.019615,Open Play,Blocked
3754275,2016-02-02,Leicester City,70,0.447394,Open Play,Goal
3754275,2016-02-02,Liverpool,73,0.026200,Open Play,Off T
3754275,2016-02-02,Liverpool,76,0.023418,Open Play,Blocked
3754275,2016-02-02,Liverpool,80,0.025981,Open Play,Blocked
3754275,2016-02-02,Leicester City,83,0.029881,Open Play,Blocked
3754276,2015-12-13,Tottenham Hotspur,0,0.022714,Open Play,Saved
3754276,2015-12-13,Newcastle United,4,0.067115,Open Play,Blocked
3754276,2015-12-13,Tottenham Hotspur,8,0.036998,Open Play,Blocked
3754276,2015-12-13,Tottenham Hotspur,9,0.031706,Open Play,Off T
3754276,2015-12-13,Tottenham Hotspur,16,0.026242,Open Play,Blocked
3754276,2015-12-13,Tottenham Hotspur,16,0.019641,Open Play,Off T
3754276,2015-12-13,Tottenham Hotspur,20,0.021076,Open Play,Saved
3754276,2015-12-13,Newcastle United,32,0.030746,Open Play,Off T
3754276,2015-12-13,Tottenham Hotspur,35,0.069362,Open Play,Saved
3754276,2015-12-13,Tottenham Hotspur,37,0.226051,Open Play,Saved
3754276,2015-12-13,Tottenham Hotspur,38,0.057387,Open Play,Goal
3754276,2015-12-13,Tottenham Hotspur,43,0.036167,Open Play,Blocked
3754276,2015-12-13,Tottenham Hotspur,43,0.100440,Open Play,Wayward
3754276,2015-12-13,Tottenham Hotspur,49,0.097165,Free Kick,Blocked
3754276,2015-12-13,Newcastle United,50,0.052833,Open Play,Blocked
3754276,2015-12-13,Newcastle United,51,0.124424,Open Play,Off T
3754276,2015-12-13,Tottenham Hotspur,52,0.018786,Open Play,Saved
3754276,2015-12-13,Tottenham Hotspur,52,0.108873,Open Play,Off T
3754276,2015-12-13,Newcastle United,61,0.042492,Open Play,Saved
3754276,2015-12-13,Tottenham Hotspur,69,0.009362,Free Kick,Saved
3754276,2015-12-13,Tottenham Hotspur,71,0.027916,Open Play,Saved
3754276,2015-12-13,Newcastle United,73,0.301209,Open Play,Saved
3754276,2015-12-13,Newcastle United,73,0.777134,Open Play,Goal
3754276,2015-12-13,Tottenham Hotspur,75,0.075542,Open Play,Off T
3754276,2015-12-13,Tottenham Hotspur,82,0.057649,Open Play,Blocked
3754276,2015-12-13,Tottenham Hotspur,82,0.050646,Open Play,Off T
3754276,2015-12-13,Tottenham Hotspur,89,0.016657,Open Play,Saved
3754276,2015-12-13,Newcastle United,92,0.053113,Open Play,Goal
3754277,2016-03-05,Everton,4,0.032559,Open Play,Saved
3754277,2016-03-05,Everton,5,0.086177,Open Play,Blocked
3754277,2016-03-05,West Ham United,10,0.053274,Open Play,Off T
3754277,2016-03-05,Everton,12,0.050392,Open Play,Goal
3754277,2016-03-05,West Ham United,15,0.026233,Open Play,Blocked
3754277,2016-03-05,West Ham United,16,0.034577,Open Play,Saved
3754277,2016-03-05,West Ham United,19,0.049655,Open Play,Wayward
3754277,2016-03-05,Everton,22,0.040567,Open Play,Blocked
3754277,2016-03-05,West Ham United,23,0.036001,Open Play,Off T
3754277,2016-03-05,Everton,24,0.036776,Open Play,Wayward
3754277,2016-03-05,Everton,24,0.025423,Open Play,Saved
3754277,2016-03-05,Everton,24,0.044888,Open Play,Blocked
3754277,2016-03-05,West Ham United,29,0.204829,Open Play,Off T
3754277,2016-03-05,Everton,30,0.048304,Open Play,Saved
3754277,2016-03-05,West Ham United,41,0.242136,Open Play,Saved
3754277,2016-03-05,West Ham United,42,0.020964,Open Play,Blocked
3754277,2016-03-05,West Ham United,45,0.078435,Free Kick,Off T
3754277,2016-03-05,Everton,45,0.058087,Open Play,Blocked
3754277,2016-03-05,West Ham United,48,0.101987,Open Play,Off T
3754277,2016-03-05,Everton,50,0.006688,Open Play,Blocked
3754277,2016-03-05,Everton,55,0.207814,Open Play,Goal
3754277,2016-03-05,West Ham United,64,0.057735,Open Play,Off T
3754277,2016-03-05,Everton,68,0.783500,Penalty,Saved
3754277,2016-03-05,Everton,71,0.232121,Open Play,Saved
3754277,2016-03-05,West Ham United,77,0.021515,Open Play,Blocked
3754277,2016-03-05,West Ham United,77,0.011002,Open Play,Blocked
3754277,2016-03-05,West Ham United,77,0.243874,Open Play,Goal
3754277,2016-03-05,Everton,80,0.028355,Free Kick,Saved
3754277,2016-03-05,West Ham United,80,0.165027,Open Play,Goal
3754277,2016-03-05,Everton,83,0.033321,Open Play,Blocked
3754277,2016-03-05,West Ham United,87,0.119638,Open Play,Blocked
3754277,2016-03-05,West Ham United,89,0.218813,Open Play,Goal
3754278,2015-10-03,AFC Bournemouth,4,0.163809,Open Play,Off T
3754278,2015-10-03,Watford,11,0.038027,Open Play,Blocked
3754278,2015-10-03,AFC Bournemouth,12,0.052409,Open Play,Blocked
3754278,2015-10-03,Watford,25,0.030605,Open Play,Blocked
3754278,2015-10-03,AFC Bournemouth,26,0.032616,Open Play,Saved Off Target
3754278,2015-10-03,AFC Bournemouth,27,0.123020,Open Play,Goal
3754278,2015-10-03,Watford,43,0.009539,Open Play,Off T
3754278,2015-10-03,Watford,44,0.491496,Open Play,Goal
3754278,2015-10-03,Watford,51,0.052303,Open Play,Blocked
3754278,2015-10-03,Watford,51,0.076465,Open Play,Post
3754278,2015-10-03,Watford,55,0.056502,Open Play,Off T
3754278,2015-10-03,Watford,63,0.032086,Open Play,Blocked
3754278,2015-10-03,Watford,67,0.334691,Open Play,Saved
3754278,2015-10-03,AFC Bournemouth,68,0.022776,Open Play,Saved
3754278,2015-10-03,AFC Bournemouth,72,0.022098,Open Play,Blocked
3754278,2015-10-03,Watford,76,0.031878,Open Play,Off T
3754278,2015-10-03,AFC Bournemouth,79,0.077777,Open Play,Off T
3754278,2015-10-03,AFC Bournemouth,81,0.022427,Open Play,Saved
3754278,2015-10-03,AFC Bournemouth,84,0.783500,Penalty,Saved
3754278,2015-10-03,AFC Bournemouth,84,0.029087,Open Play,Off T
3754278,2015-10-03,AFC Bournemouth,89,0.051760,Open Play,Saved
3754278,2015-10-03,Watford,90,0.013518,Free Kick,Off T
3754279,2015-12-26,Swansea City,8,0.050290,Open Play,Post
3754279,2015-12-26,Swansea City,8,0.725987,Open Play,Goal
3754279,2015-12-26,Swansea City,11,0.063108,Open Play,Saved
3754279,2015-12-26,West Bromwich Albion,17,0.068360,Free Kick,Blocked
3754279,2015-12-26,West Bromwich Albion,27,0.056438,Open Play,Blocked
3754279,2015-12-26,West Bromwich Albion,32,0.008576,Open Play,Off T
3754279,2015-12-26,Swansea City,41,0.043756,Open Play,Blocked
3754279,2015-12-26,Swansea City,41,0.038439,Open Play,Off T
3754279,2015-12-26,West Bromwich Albion,47,0.061862,Open Play,Saved
3754279,2015-12-26,West Bromwich Albion,51,0.062142,Open Play,Saved
3754279,2015-12-26,Swansea City,64,0.007090,Open Play,Blocked
3754279,2015-12-26,West Bromwich Albion,72,0.124523,Open Play,Off T
3754279,2015-12-26,Swansea City,77,0.048876,Open Play,Blocked
3754279,2015-12-26,West Bromwich Albion,78,0.062064,Open Play,Blocked
3754279,2015-12-26,West Bromwich Albion,78,0.073529,Open Play,Blocked
3754279,2015-12-26,West Bromwich Albion,79,0.101752,Open Play,Saved
3754280,2016-03-01,Chelsea,0,0.056259,Open Play,Goal
3754280,2016-03-01,Chelsea,6,0.033155,Open Play,Blocked
3754280,2016-03-01,Norwich City,7,0.044461,Open Play,Blocked
3754280,2016-03-01,Norwich City,16,0.059721,Open Play,Off T
3754280,2016-03-01,Chelsea,26,0.039093,Open Play,Blocked
3754280,2016-03-01,Chelsea,34,0.084008,Open Play,Off T
3754280,2016-03-01,Chelsea,37,0.086090,Open Play,Blocked
3754280,2016-03-01,Chelsea,45,0.363980,Open Play,Goal
3754280,2016-03-01,Norwich City,48,0.114567,Open Play,Off T
3754280,2016-03-01,Norwich City,52,0.308426,Open Play,Post
3754280,2016-03-01,Chelsea,53,0.036709,Open Play,Blocked
3754280,2016-03-01,Chelsea,56,0.018806,Open Play,Off T
3754280,2016-03-01,Norwich City,57,0.007782,Open Play,Blocked
3754280,2016-03-01,Norwich City,60,0.124684,Open Play,Off T
3754280,2016-03-01,Norwich City,67,0.093135,Open Play,Goal
3754280,2016-03-01,Norwich City,73,0.016840,Open Play,Wayward
3754280,2016-03-01,Norwich City,73,0.155208,Open Play,Saved
3754280,2016-03-01,Norwich City,76,0.024063,Open Play,Blocked
3754280,2016-03-01,Chelsea,86,0.097603,Open Play,Off T
3754280,2016-03-01,Norwich City,87,0.039382,Open Play,Off T
3754280,2016-03-01,Chelsea,90,0.174147,Open Play,Off T
3754280,2016-03-01,Norwich City,93,0.060606,Open Play,Blocked
3754280,2016-03-01,Norwich City,95,0.033219,Open Play,Off T
3754281,2016-02-07,Manchester United,7,0.018528,Open Play,Saved
3754281,2016-02-07,Manchester United,12,0.020916,Open Play,Saved
3754281,2016-02-07,Chelsea,15,0.051434,Open Play,Blocked
3754281,2016-02-07,Manchester United,17,0.010422,Open Play,Saved
3754281,2016-02-07,Manchester United,22,0.036785,Open Play,Blocked
3754281,2016-02-07,Manchester United,23,0.045382,Open Play,Blocked
3754281,2016-02-07,Chelsea,25,0.086520,Open Play,Blocked
3754281,2016-02-07,Chelsea,28,0.047902,Open Play,Saved
3754281,2016-02-07,Chelsea,31,0.114265,Open Play,Off T
3754281,2016-02-07,Chelsea,32,0.072062,Open Play,Off T
3754281,2016-02-07,Manchester United,39,0.118394,Open Play,Off T
3754281,2016-02-07,Manchester United,44,0.039740,Open Play,Blocked
3754281,2016-02-07,Chelsea,45,0.302227,Open Play,Blocked
3754281,2016-02-07,Manchester United,46,0.194805,Open Play,Wayward
3754281,2016-02-07,Chelsea,47,0.017790,Open Play,Blocked
3754281,2016-02-07,Chelsea,47,0.018374,Open Play,Off T
3754281,2016-02-07,Manchester United,48,0.026790,Open Play,Saved
3754281,2016-02-07,Manchester United,49,0.058774,Open Play,Off T
3754281,2016-02-07,Manchester United,50,0.016549,Open Play,Blocked
3754281,2016-02-07,Manchester United,52,0.055455,Open Play,Saved
3754281,2016-02-07,Manchester United,60,0.081079,Open Play,Goal
3754281,2016-02-07,Manchester United,64,0.010627,Open Play,Off T
3754281,2016-02-07,Chelsea,67,0.054197,Open Play,Wayward
3754281,2016-02-07,Chelsea,67,0.065017,Open Play,Saved
3754281,2016-02-07,Chelsea,71,0.088183,Open Play,Saved
3754281,2016-02-07,Chelsea,71,0.050566,Open Play,Blocked
3754281,2016-02-07,Manchester United,73,0.060225,Open Play,Off T
3754281,2016-02-07,Chelsea,85,0.023501,Open Play,Blocked
3754281,2016-02-07,Chelsea,88,0.130882,Open Play,Off T
3754281,2016-02-07,Chelsea,90,0.140116,Open Play,Blocked
3754281,2016-02-07,Chelsea,90,0.442645,Open Play,Goal
3754281,2016-02-07,Manchester United,93,0.012706,Open Play,Off T
3754281,2016-02-07,Chelsea,95,0.153609,Open Play,Saved
3754282,2016-04-23,Southampton,1,0.314340,Open Play,Post
3754282,2016-04-23,Southampton,1,0.062406,Open Play,Off T
3754282,2016-04-23,Aston Villa,6,0.071890,Free Kick,Blocked
3754282,2016-04-23,Aston Villa,7,0.073920,Open Play,Saved
3754282,2016-04-23,Southampton,8,0.084568,Open Play,Off T
3754282,2016-04-23,Aston Villa,11,0.015145,Open Play,Off T
3754282,2016-04-23,Southampton,14,0.237121,Open Play,Goal
3754282,2016-04-23,Southampton,16,0.008952,Open Play,Blocked
3754282,2016-04-23,Aston Villa,20,0.089964,Open Play,Off T
3754282,2016-04-23,Southampton,22,0.034111,Open Play,Saved
3754282,2016-04-23,Southampton,25,0.035070,Open Play,Blocked
3754282,2016-04-23,Southampton,29,0.079378,Open Play,Blocked
3754282,2016-04-23,Southampton,29,0.069201,Open Play,Post
3754282,2016-04-23,Aston Villa,34,0.022274,Open Play,Off T
3754282,2016-04-23,Aston Villa,37,0.367723,Open Play,Saved
3754282,2016-04-23,Southampton,38,0.542770,Open Play,Goal
3754282,2016-04-23,Aston Villa,41,0.110916,Open Play,Off T
3754282,2016-04-23,Aston Villa,45,0.061658,Open Play,Blocked
3754282,2016-04-23,Aston Villa,45,0.081109,Open Play,Goal
3754282,2016-04-23,Southampton,55,0.354754,Open Play,Blocked
3754282,2016-04-23,Southampton,56,0.404892,Open Play,Saved
3754282,2016-04-23,Southampton,58,0.007471,Free Kick,Saved
3754282,2016-04-23,Aston Villa,59,0.034326,Open Play,Saved
3754282,2016-04-23,Southampton,60,0.042225,Open Play,Saved
3754282,2016-04-23,Aston Villa,65,0.113689,Open Play,Off T
3754282,2016-04-23,Southampton,70,0.068014,Open Play,Goal
3754282,2016-04-23,Southampton,77,0.070422,Open Play,Blocked
3754282,2016-04-23,Southampton,79,0.286865,Open Play,Off T
3754282,2016-04-23,Aston Villa,83,0.013861,Open Play,Saved
3754282,2016-04-23,Aston Villa,84,0.100810,Open Play,Goal
3754282,2016-04-23,Southampton,87,0.165500,Open Play,Off T
3754282,2016-04-23,Southampton,93,0.146970,Open Play,Goal
3754282,2016-04-23,Aston Villa,94,0.130777,Open Play,Saved
3754282,2016-04-23,Aston Villa,95,0.078223,Open Play,Blocked
3754282,2016-04-23,Aston Villa,95,0.021652,Open Play,Off T
3754283,2015-11-21,Everton,16,0.058185,Open Play,Saved
3754283,2015-11-21,Everton,16,0.562106,Open Play,Goal
3754283,2015-11-21,Everton,25,0.190587,Open Play,Saved
3754283,2015-11-21,Aston Villa,26,0.023849,Open Play,Off T
3754283,2015-11-21,Everton,27,0.080882,Open Play,Blocked
3754283,2015-11-21,Everton,27,0.097524,Open Play,Goal
3754283,2015-11-21,Aston Villa,37,0.029424,Open Play,Blocked
3754283,2015-11-21,Everton,41,0.209445,Open Play,Saved
3754283,2015-11-21,Everton,41,0.315527,Open Play,Goal
3754283,2015-11-21,Aston Villa,44,0.064892,Open Play,Off T
3754283,2015-11-21,Aston Villa,45,0.049072,Open Play,Blocked
3754283,2015-11-21,Aston Villa,48,0.628342,Open Play,Saved
3754283,2015-11-21,Aston Villa,57,0.013691,Open Play,Saved
3754283,2015-11-21,Everton,58,0.276039,Open Play,Goal
3754283,2015-11-21,Everton,60,0.024013,Open Play,Saved
3754283,2015-11-21,Aston Villa,61,0.039677,Open Play,Blocked
3754283,2015-11-21,Aston Villa,62,0.056423,Open Play,Saved
3754283,2015-11-21,Aston Villa,63,0.145392,Open Play,Saved
3754283,2015-11-21,Everton,64,0.019999,Open Play,Off T
3754283,2015-11-21,Aston Villa,65,0.024310,Open Play,Blocked
3754283,2015-11-21,Aston Villa,68,0.029626,Open Play,Off T
3754283,2015-11-21,Everton,76,0.310160,Open Play,Blocked
3754283,2015-11-21,Everton,79,0.021097,Free Kick,Saved Off Target
3754283,2015-11-21,Everton,86,0.057701,Open Play,Off T
3754283,2015-11-21,Everton,90,0.042899,Open Play,Saved
3754283,2015-11-21,Everton,92,0.037603,Open Play,Blocked
3754283,2015-11-21,Everton,92,0.017678,Open Play,Off T
3754284,2016-04-21,Arsenal,5,0.046171,Open Play,Goal
3754284,2016-04-21,Arsenal,8,0.192121,Open Play,Blocked
3754284,2016-04-21,Arsenal,8,0.042196,Open Play,Off T
3754284,2016-04-21,Arsenal,23,0.013343,Open Play,Off T
3754284,2016-04-21,West Bromwich Albion,25,0.077529,Open Play,Blocked
3754284,2016-04-21,West Bromwich Albion,28,0.103253,Open Play,Post
3754284,2016-04-21,Arsenal,30,0.043530,Open Play,Off T
3754284,2016-04-21,Arsenal,32,0.057354,Open Play,Saved
3754284,2016-04-21,Arsenal,32,0.026225,Open Play,Off T
3754284,2016-04-21,Arsenal,37,0.079467,Free Kick,Goal
3754284,2016-04-21,Arsenal,47,0.052077,Open Play,Saved
3754284,2016-04-21,West Bromwich Albion,48,0.016826,Open Play,Blocked
3754284,2016-04-21,West Bromwich Albion,50,0.066696,Open Play,Saved
3754284,2016-04-21,Arsenal,63,0.067693,Open Play,Blocked
3754284,2016-04-21,Arsenal,67,0.195759,Open Play,Saved
3754284,2016-04-21,Arsenal,67,0.061450,Open Play,Blocked
3754284,2016-04-21,Arsenal,68,0.046313,Open Play,Saved
3754284,2016-04-21,West Bromwich Albion,72,0.418069,Open Play,Wayward
3754284,2016-04-21,West Bromwich Albion,72,0.014739,Open Play,Off T
3754284,2016-04-21,West Bromwich Albion,78,0.023112,Open Play,Blocked
3754284,2016-04-21,West Bromwich Albion,84,0.013882,Open Play,Off T
3754284,2016-04-21,Arsenal,85,0.066007,Open Play,Off T
3754284,2016-04-21,Arsenal,87,0.218560,Open Play,Saved
3754284,2016-04-21,Arsenal,87,0.110308,Open Play,Wayward
3754285,2015-12-26,West Ham United,3,0.068736,Open Play,Off T
3754285,2015-12-26,Aston Villa,17,0.067970,Open Play,Off T
3754285,2015-12-26,West Ham United,24,0.054547,Open Play,Saved
3754285,2015-12-26,Aston Villa,27,0.036008,Open Play,Saved
3754285,2015-12-26,Aston Villa,27,0.112937,Open Play,Saved
3754285,2015-12-26,Aston Villa,38,0.023531,Open Play,Saved
3754285,2015-12-26,West Ham United,42,0.034275,Open Play,Off T
3754285,2015-12-26,Aston Villa,43,0.009125,Open Play,Off T
3754285,2015-12-26,West Ham United,45,0.058875,Open Play,Blocked
3754285,2015-12-26,West Ham United,45,0.220318,Open Play,Post
3754285,2015-12-26,West Ham United,46,0.029923,Open Play,Goal
3754285,2015-12-26,Aston Villa,49,0.163311,Open Play,Off T
3754285,2015-12-26,Aston Villa,52,0.029623,Open Play,Saved
3754285,2015-12-26,Aston Villa,53,0.037117,Open Play,Saved
3754285,2015-12-26,Aston Villa,54,0.024234,Open Play,Off T
3754285,2015-12-26,West Ham United,56,0.082593,Open Play,Off T
3754285,2015-12-26,Aston Villa,58,0.059176,Open Play,Saved
3754285,2015-12-26,Aston Villa,58,0.014251,Open Play,Blocked
3754285,2015-12-26,Aston Villa,61,0.783500,Penalty,Goal
3754285,2015-12-26,Aston Villa,64,0.042751,Open Play,Blocked
3754285,2015-12-26,West Ham United,69,0.077057,Open Play,Blocked
3754285,2015-12-26,Aston Villa,70,0.053461,Open Play,Off T
3754285,2015-12-26,Aston Villa,73,0.099863,Open Play,Blocked
3754285,2015-12-26,West Ham United,78,0.024562,Open Play,Saved
3754285,2015-12-26,West Ham United,94,0.039447,Free Kick,Saved
3754286,2015-12-05,Norwich City,9,0.135593,Open Play,Wayward
3754286,2015-12-05,Watford,13,0.031943,Open Play,Blocked
3754286,2015-12-05,Watford,17,0.019946,Open Play,Blocked
3754286,2015-12-05,Watford,29,0.783500,Penalty,Goal
3754286,2015-12-05,Watford,38,0.010395,Open Play,Off T
3754286,2015-12-05,Watford,43,0.056222,Open Play,Saved
3754286,2015-12-05,Norwich City,46,0.074438,Open Play,Off T
3754286,2015-12-05,Norwich City,46,0.132211,Open Play,Off T
3754286,2015-12-05,Norwich City,49,0.028822,Open Play,Saved
3754286,2015-12-05,Watford,54,0.024235,Open Play,Saved
3754286,2015-12-05,Watford,56,0.007373,Open Play,Off T
3754286,2015-12-05,Watford,65,0.046801,Open Play,Saved
3754286,2015-12-05,Watford,72,0.056845,Open Play,Off T
3754286,2015-12-05,Watford,76,0.283230,Open Play,Saved
3754286,2015-12-05,Watford,78,0.360119,Open Play,Saved
3754286,2015-12-05,Norwich City,79,0.022908,Open Play,Off T
3754286,2015-12-05,Norwich City,85,0.064413,Open Play,Blocked
3754286,2015-12-05,Norwich City,87,0.022771,Open Play,Saved
3754286,2015-12-05,Norwich City,88,0.049302,Open Play,Saved
3754286,2015-12-05,Norwich City,90,0.004156,Open Play,Off T
3754286,2015-12-05,Watford,90,0.466290,Open Play,Goal
3754286,2015-12-05,Watford,95,0.014714,Open Play,Off T
3754287,2015-12-26,Chelsea,3,0.173609,Open Play,Off T
3754287,2015-12-26,Chelsea,5,0.026392,Open Play,Blocked
3754287,2015-12-26,Chelsea,6,0.023613,Open Play,Blocked
3754287,2015-12-26,Chelsea,7,0.039258,Open Play,Blocked
3754287,2015-12-26,Watford,12,0.007919,Open Play,Blocked
3754287,2015-12-26,Watford,17,0.019831,Open Play,Wayward
3754287,2015-12-26,Watford,17,0.250704,Open Play,Off T
3754287,2015-12-26,Watford,22,0.101681,Open Play,Off T
3754287,2015-12-26,Watford,26,0.061429,Open Play,Blocked
3754287,2015-12-26,Watford,27,0.028076,Open Play,Off T
3754287,2015-12-26,Chelsea,31,0.080301,Open Play,Blocked
3754287,2015-12-26,Chelsea,31,0.189604,Open Play,Goal
3754287,2015-12-26,Chelsea,38,0.093484,Open Play,Off T
3754287,2015-12-26,Watford,40,0.061778,Free Kick,Blocked
3754287,2015-12-26,Watford,41,0.783500,Penalty,Goal
3754287,2015-12-26,Chelsea,44,0.044690,Free Kick,Off T
3754287,2015-12-26,Chelsea,48,0.016332,Open Play,Blocked
3754287,2015-12-26,Watford,55,0.041204,Open Play,Saved
3754287,2015-12-26,Watford,55,0.101704,Open Play,Blocked
3754287,2015-12-26,Watford,55,0.032976,Open Play,Blocked
3754287,2015-12-26,Chelsea,59,0.023067,Open Play,Blocked
3754287,2015-12-26,Chelsea,61,0.073124,Open Play,Blocked
3754287,2015-12-26,Chelsea,64,0.305715,Open Play,Goal
3754287,2015-12-26,Chelsea,67,0.202821,Open Play,Saved
3754287,2015-12-26,Chelsea,76,0.076495,Free Kick,Off T
3754287,2015-12-26,Chelsea,79,0.783500,Penalty,Off T
3754287,2015-12-26,Watford,87,0.046670,Open Play,Blocked
3754287,2015-12-26,Watford,87,0.071144,Open Play,Blocked
3754287,2015-12-26,Chelsea,90,0.039221,Open Play,Blocked
3754287,2015-12-26,Chelsea,93,0.025181,Open Play,Off T
3754288,2015-10-24,West Ham United,4,0.011732,Open Play,Off T
3754288,2015-10-24,Chelsea,8,0.076270,Open Play,Off T
3754288,2015-10-24,Chelsea,13,0.148501,Open Play,Off T
3754288,2015-10-24,West Ham United,16,0.030420,Free Kick,Saved
3754288,2015-10-24,West Ham United,16,0.041722,Open Play,Goal
3754288,2015-10-24,West Ham United,20,0.005952,Open Play,Blocked
3754288,2015-10-24,Chelsea,24,0.027154,Open Play,Off T
3754288,2015-10-24,Chelsea,32,0.066168,Free Kick,Saved
3754288,2015-10-24,Chelsea,34,0.115939,Open Play,Blocked
3754288,2015-10-24,West Ham United,35,0.055910,Open Play,Saved
3754288,2015-10-24,West Ham United,38,0.355017,Open Play,Off T
3754288,2015-10-24,Chelsea,55,0.094494,Open Play,Goal
3754288,2015-10-24,West Ham United,59,0.059144,Open Play,Saved
3754288,2015-10-24,Chelsea,64,0.108236,Open Play,Off T
3754288,2015-10-24,West Ham United,67,0.065683,Open Play,Blocked
3754288,2015-10-24,West Ham United,69,0.007096,Open Play,Wayward
3754288,2015-10-24,Chelsea,77,0.122019,Open Play,Wayward
3754288,2015-10-24,West Ham United,77,0.033790,Open Play,Blocked
3754288,2015-10-24,West Ham United,78,0.102457,Open Play,Goal
3754288,2015-10-24,Chelsea,79,0.003671,Open Play,Off T
3754288,2015-10-24,West Ham United,87,0.016061,Open Play,Off T
3754289,2016-03-05,Watford,0,0.040557,Open Play,Saved
3754289,2016-03-05,Leicester City,2,0.029594,Open Play,Blocked
3754289,2016-03-05,Leicester City,3,0.054414,Open Play,Saved
3754289,2016-03-05,Watford,10,0.159918,Open Play,Post
3754289,2016-03-05,Leicester City,13,0.018499,Open Play,Off T
3754289,2016-03-05,Leicester City,22,0.608101,Open Play,Off T
3754289,2016-03-05,Watford,26,0.078118,Open Play,Blocked
3754289,2016-03-05,Watford,26,0.087148,Open Play,Saved
3754289,2016-03-05,Leicester City,40,0.033981,Open Play,Saved
3754289,2016-03-05,Leicester City,41,0.078355,Open Play,Saved
3754289,2016-03-05,Watford,42,0.043834,Open Play,Off T
3754289,2016-03-05,Watford,48,0.033550,Open Play,Saved
3754289,2016-03-05,Leicester City,54,0.035716,Open Play,Off T
3754289,2016-03-05,Leicester City,55,0.054878,Open Play,Goal
3754289,2016-03-05,Watford,56,0.042902,Open Play,Blocked
3754289,2016-03-05,Leicester City,58,0.215264,Open Play,Saved
3754289,2016-03-05,Watford,62,0.034878,Open Play,Saved
3754289,2016-03-05,Leicester City,67,0.065921,Open Play,Saved
3754289,2016-03-05,Leicester City,71,0.061137,Open Play,Off T
3754289,2016-03-05,Leicester City,77,0.188350,Open Play,Off T
3754289,2016-03-05,Watford,79,0.387265,Open Play,Saved
3754289,2016-03-05,Watford,82,0.037539,Open Play,Off T
3754289,2016-03-05,Leicester City,85,0.060556,Open Play,Off T
3754289,2016-03-05,Watford,88,0.012436,Open Play,Off T
3754289,2016-03-05,Leicester City,93,0.032592,Open Play,Off T
3754290,2016-02-06,Leicester City,2,0.136856,Open Play,Goal
3754290,2016-02-06,Leicester City,7,0.254670,Open Play,Saved
3754290,2016-02-06,Leicester City,10,0.036671,Open Play,Saved
3754290,2016-02-06,Leicester City,10,0.107521,Open Play,Wayward
3754290,2016-02-06,Manchester City,14,0.086795,Open Play,Off T
3754290,2016-02-06,Leicester City,21,0.258522,Open Play,Off T
3754290,2016-02-06,Manchester City,24,0.009466,Free Kick,Blocked
3754290,2016-02-06,Manchester City,28,0.102942,Open Play,Off T
3754290,2016-02-06,Manchester City,31,0.027349,Open Play,Saved
3754290,2016-02-06,Manchester City,33,0.010467,Open Play,Off T
3754290,2016-02-06,Leicester City,35,0.009397,Open Play,Saved
3754290,2016-02-06,Manchester City,44,0.030711,Open Play,Blocked
3754290,2016-02-06,Manchester City,45,0.010436,Open Play,Off T
3754290,2016-02-06,Manchester City,47,0.047441,Open Play,Wayward
3754290,2016-02-06,Leicester City,47,0.316863,Open Play,Goal
3754290,2016-02-06,Manchester City,49,0.048688,Open Play,Off T
3754290,2016-02-06,Manchester City,53,0.244565,Open Play,Saved
3754290,2016-02-06,Manchester City,53,0.013868,Open Play,Off T
3754290,2016-02-06,Manchester City,56,0.075460,Open Play,Off T
3754290,2016-02-06,Leicester City,59,0.049994,Open Play,Goal
3754290,2016-02-06,Manchester City,65,0.044990,Open Play,Blocked
3754290,2016-02-06,Leicester City,66,0.232238,Open Play,Saved
3754290,2016-02-06,Leicester City,72,0.071107,Open Play,Wayward
3754290,2016-02-06,Manchester City,75,0.080974,Open Play,Blocked
3754290,2016-02-06,Manchester City,75,0.020133,Open Play,Saved
3754290,2016-02-06,Leicester City,80,0.158586,Open Play,Off T
3754290,2016-02-06,Leicester City,84,0.007954,Open Play,Wayward
3754290,2016-02-06,Manchester City,86,0.077201,Open Play,Goal
3754290,2016-02-06,Manchester City,88,0.048969,Open Play,Off T
3754290,2016-02-06,Manchester City,90,0.021896,Open Play,Off T
3754290,2016-02-06,Manchester City,93,0.057589,Open Play,Blocked
3754290,2016-02-06,Manchester City,94,0.034212,Open Play,Off T
3754291,2015-12-28,Watford,15,0.021393,Open Play,Off T
3754291,2015-12-28,Watford,15,0.018766,Open Play,Off T
3754291,2015-12-28,Tottenham Hotspur,16,0.083004,Open Play,Goal
3754291,2015-12-28,Tottenham Hotspur,18,0.057613,Open Play,Off T
3754291,2015-12-28,Watford,24,0.107754,Open Play,Off T
3754291,2015-12-28,Tottenham Hotspur,26,0.037175,Open Play,Off T
3754291,2015-12-28,Tottenham Hotspur,34,0.024885,Open Play,Off T
3754291,2015-12-28,Watford,35,0.020537,Open Play,Saved Off Target
3754291,2015-12-28,Watford,40,0.028787,Open Play,Blocked
3754291,2015-12-28,Watford,40,0.657340,Open Play,Goal
3754291,2015-12-28,Tottenham Hotspur,43,0.017030,Open Play,Off T
3754291,2015-12-28,Tottenham Hotspur,54,0.041664,Open Play,Saved
3754291,2015-12-28,Tottenham Hotspur,57,0.112413,Open Play,Off T
3754291,2015-12-28,Tottenham Hotspur,64,0.008828,Open Play,Blocked
3754291,2015-12-28,Watford,81,0.053227,Open Play,Blocked
3754291,2015-12-28,Watford,81,0.111432,Open Play,Blocked
3754291,2015-12-28,Tottenham Hotspur,88,0.150070,Open Play,Goal
3754291,2015-12-28,Watford,92,0.085300,Open Play,Blocked
3754292,2016-02-06,Newcastle United,3,0.026914,Open Play,Blocked
3754292,2016-02-06,Newcastle United,3,0.040206,Open Play,Blocked
3754292,2016-02-06,Newcastle United,4,0.038465,Open Play,Saved
3754292,2016-02-06,Newcastle United,5,0.152324,Open Play,Saved
3754292,2016-02-06,West Bromwich Albion,16,0.073995,Free Kick,Blocked
3754292,2016-02-06,Newcastle United,23,0.021414,Open Play,Saved
3754292,2016-02-06,Newcastle United,28,0.006123,Open Play,Blocked
3754292,2016-02-06,Newcastle United,28,0.018634,Open Play,Wayward
3754292,2016-02-06,Newcastle United,31,0.147336,Open Play,Goal
3754292,2016-02-06,Newcastle United,38,0.027235,Open Play,Blocked
3754292,2016-02-06,West Bromwich Albion,42,0.101867,Open Play,Blocked
3754292,2016-02-06,West Bromwich Albion,43,0.017585,Open Play,Blocked
3754292,2016-02-06,Newcastle United,48,0.092060,Open Play,Blocked
3754292,2016-02-06,Newcastle United,48,0.194051,Open Play,Off T
3754292,2016-02-06,Newcastle United,51,0.029088,Open Play,Blocked
3754292,2016-02-06,Newcastle United,51,0.032842,Open Play,Blocked
3754292,2016-02-06,West Bromwich Albion,57,0.043080,Open Play,Off T
3754292,2016-02-06,West Bromwich Albion,61,0.191887,Open Play,Blocked
3754292,2016-02-06,Newcastle United,65,0.284384,Open Play,Off T
3754292,2016-02-06,Newcastle United,66,0.033788,Open Play,Saved
3754292,2016-02-06,Newcastle United,67,0.070588,Open Play,Post
3754292,2016-02-06,Newcastle United,69,0.103371,Open Play,Off T
3754292,2016-02-06,Newcastle United,73,0.031598,Open Play,Saved
3754292,2016-02-06,Newcastle United,75,0.048895,Open Play,Off T
3754292,2016-02-06,West Bromwich Albion,80,0.050282,Free Kick,Off T
3754292,2016-02-06,Newcastle United,83,0.127071,Open Play,Saved
3754292,2016-02-06,West Bromwich Albion,87,0.011378,Open Play,Off T
3754293,2015-11-07,Stoke City,0,0.102794,Open Play,Off T
3754293,2015-11-07,Chelsea,3,0.031337,Open Play,Off T
3754293,2015-11-07,Chelsea,13,0.079519,Open Play,Off T
3754293,2015-11-07,Stoke City,16,0.096817,Open Play,Saved
3754293,2015-11-07,Chelsea,21,0.025473,Open Play,Saved
3754293,2015-11-07,Stoke City,27,0.022686,Open Play,Blocked
3754293,2015-11-07,Stoke City,27,0.087546,Open Play,Off T
3754293,2015-11-07,Chelsea,32,0.061593,Open Play,Blocked
3754293,2015-11-07,Chelsea,32,0.020030,Open Play,Blocked
3754293,2015-11-07,Chelsea,35,0.022615,Open Play,Blocked
3754293,2015-11-07,Chelsea,39,0.084908,Open Play,Saved
3754293,2015-11-07,Stoke City,52,0.221766,Open Play,Goal
3754293,2015-11-07,Chelsea,54,0.006508,Open Play,Blocked
3754293,2015-11-07,Chelsea,55,0.010360,Open Play,Saved
3754293,2015-11-07,Chelsea,60,0.030558,Open Play,Off T
3754293,2015-11-07,Stoke City,63,0.030714,Open Play,Off T
3754293,2015-11-07,Stoke City,64,0.084059,Open Play,Off T
3754293,2015-11-07,Chelsea,66,0.059816,Open Play,Post
3754293,2015-11-07,Chelsea,71,0.031262,Open Play,Wayward
3754293,2015-11-07,Chelsea,75,0.020247,Open Play,Off T
3754293,2015-11-07,Chelsea,77,0.018970,Open Play,Blocked
3754293,2015-11-07,Chelsea,79,0.028176,Open Play,Blocked
3754293,2015-11-07,Chelsea,80,0.122256,Open Play,Blocked
3754293,2015-11-07,Stoke City,83,0.100531,Open Play,Off T
3754293,2015-11-07,Chelsea,84,0.149506,Open Play,Off T
3754293,2015-11-07,Chelsea,90,0.050163,Open Play,Saved
3754294,2016-04-20,Liverpool,5,0.372830,Open Play,Saved
3754294,2016-04-20,Liverpool,5,0.042820,Open Play,Blocked
3754294,2016-04-20,Everton,11,0.054437,Open Play,Off T
3754294,2016-04-20,Everton,18,0.041290,Open Play,Off T
3754294,2016-04-20,Liverpool,20,0.028223,Open Play,Off T
3754294,2016-04-20,Liverpool,22,0.041945,Open Play,Blocked
3754294,2016-04-20,Liverpool,23,0.032409,Open Play,Saved
3754294,2016-04-20,Liverpool,23,0.070350,Open Play,Off T
3754294,2016-04-20,Liverpool,26,0.075062,Free Kick,Off T
3754294,2016-04-20,Liverpool,27,0.053041,Open Play,Wayward
3754294,2016-04-20,Liverpool,28,0.008364,Open Play,Off T
3754294,2016-04-20,Liverpool,29,0.165603,Open Play,Saved
3754294,2016-04-20,Everton,30,0.027545,Open Play,Blocked
3754294,2016-04-20,Liverpool,31,0.041671,Open Play,Blocked
3754294,2016-04-20,Liverpool,31,0.008566,Open Play,Blocked
3754294,2016-04-20,Liverpool,32,0.049831,Open Play,Blocked
3754294,2016-04-20,Liverpool,32,0.027650,Open Play,Blocked
3754294,2016-04-20,Liverpool,38,0.048487,Open Play,Saved
3754294,2016-04-20,Liverpool,42,0.034737,Open Play,Blocked
3754294,2016-04-20,Liverpool,42,0.142685,Open Play,Goal
3754294,2016-04-20,Liverpool,46,0.387478,Open Play,Goal
3754294,2016-04-20,Liverpool,59,0.006676,Open Play,Saved
3754294,2016-04-20,Liverpool,60,0.547076,Open Play,Goal
3754294,2016-04-20,Liverpool,64,0.119678,Open Play,Blocked
3754294,2016-04-20,Liverpool,68,0.056477,Open Play,Blocked
3754294,2016-04-20,Liverpool,68,0.008877,Open Play,Saved
3754294,2016-04-20,Liverpool,69,0.033380,Open Play,Off T
3754294,2016-04-20,Liverpool,71,0.031833,Open Play,Wayward
3754294,2016-04-20,Liverpool,71,0.225112,Open Play,Blocked
3754294,2016-04-20,Liverpool,72,0.185964,Open Play,Blocked
3754294,2016-04-20,Liverpool,73,0.052567,Open Play,Off T
3754294,2016-04-20,Liverpool,74,0.077352,Open Play,Off T
3754294,2016-04-20,Liverpool,75,0.059334,Open Play,Goal
3754294,2016-04-20,Liverpool,77,0.059381,Open Play,Saved
3754294,2016-04-20,Liverpool,83,0.040219,Open Play,Off T
3754294,2016-04-20,Liverpool,85,0.027890,Open Play,Off T
3754294,2016-04-20,Liverpool,90,0.037485,Open Play,Saved
3754294,2016-04-20,Liverpool,91,0.269845,Open Play,Off T
3754294,2016-04-20,Liverpool,92,0.029146,Open Play,Off T
3754294,2016-04-20,Liverpool,96,0.029031,Open Play,Saved
3754295,2016-04-16,Aston Villa,5,0.023874,Open Play,Off T
3754295,2016-04-16,Manchester United,8,0.079739,Open Play,Wayward
3754295,2016-04-16,Manchester United,8,0.076141,Open Play,Off T
3754295,2016-04-16,Manchester United,16,0.094942,Open Play,Off T
3754295,2016-04-16,Manchester United,19,0.064888,Open Play,Blocked
3754295,2016-04-16,Manchester United,22,0.082106,Open Play,Wayward
3754295,2016-04-16,Aston Villa,28,0.028275,Open Play,Off T
3754295,2016-04-16,Manchester United,31,0.215573,Open Play,Goal
3754295,2016-04-16,Manchester United,34,0.024920,Open Play,Saved
3754295,2016-04-16,Manchester United,39,0.008094,Free Kick,Blocked
3754295,2016-04-16,Aston Villa,44,0.096241,Open Play,Blocked
3754295,2016-04-16,Manchester United,47,0.284678,Open Play,Off T
3754295,2016-04-16,Manchester United,57,0.022710,Open Play,Off T
3754295,2016-04-16,Manchester United,62,0.063020,Open Play,Saved
3754295,2016-04-16,Manchester United,65,0.024382,Free Kick,Off T
3754295,2016-04-16,Manchester United,78,0.017343,Open Play,Wayward
3754295,2016-04-16,Aston Villa,82,0.056994,Open Play,Blocked
3754295,2016-04-16,Aston Villa,83,0.064111,Open Play,Post
3754295,2016-04-16,Aston Villa,83,0.035064,Open Play,Saved
3754295,2016-04-16,Aston Villa,89,0.042579,Open Play,Off T
3754295,2016-04-16,Manchester United,90,0.290616,Open Play,Saved to Post
3754296,2015-12-21,Manchester City,6,0.041050,Open Play,Off T
3754296,2015-12-21,Manchester City,9,0.020904,Open Play,Off T
3754296,2015-12-21,Manchester City,12,0.059302,Open Play,Blocked
3754296,2015-12-21,Manchester City,18,0.008412,Open Play,Blocked
3754296,2015-12-21,Manchester City,22,0.027812,Open Play,Saved
3754296,2015-12-21,Manchester City,31,0.133416,Open Play,Off T
3754296,2015-12-21,Arsenal,32,0.034853,Open Play,Goal
3754296,2015-12-21,Manchester City,38,0.044301,Open Play,Wayward
3754296,2015-12-21,Arsenal,45,0.103572,Open Play,Goal
3754296,2015-12-21,Manchester City,51,0.012818,Open Play,Blocked
3754296,2015-12-21,Manchester City,51,0.131879,Open Play,Saved
3754296,2015-12-21,Arsenal,52,0.214126,Open Play,Off T
3754296,2015-12-21,Manchester City,54,0.034099,Open Play,Saved
3754296,2015-12-21,Arsenal,55,0.071731,Open Play,Saved
3754296,2015-12-21,Arsenal,59,0.495885,Open Play,Saved
3754296,2015-12-21,Manchester City,66,0.077065,Open Play,Wayward
3754296,2015-12-21,Manchester City,67,0.006918,Open Play,Blocked
3754296,2015-12-21,Arsenal,68,0.091119,Open Play,Off T
3754296,2015-12-21,Manchester City,72,0.024466,Open Play,Saved
3754296,2015-12-21,Manchester City,74,0.046849,Open Play,Saved
3754296,2015-12-21,Arsenal,78,0.041459,Open Play,Saved
3754296,2015-12-21,Manchester City,81,0.044218,Open Play,Goal
3754296,2015-12-21,Arsenal,82,0.301230,Open Play,Off T
3754296,2015-12-21,Manchester City,83,0.110959,Open Play,Blocked
3754296,2015-12-21,Manchester City,85,0.056249,Open Play,Off T
3754296,2015-12-21,Manchester City,86,0.350934,Open Play,Off T
3754296,2015-12-21,Manchester City,89,0.018215,Open Play,Blocked
3754297,2015-11-07,Manchester United,11,0.027987,Open Play,Off T
3754297,2015-11-07,Manchester United,15,0.067376,Open Play,Off T
3754297,2015-11-07,West Bromwich Albion,19,0.075411,Open Play,Wayward
3754297,2015-11-07,Manchester United,28,0.060069,Open Play,Off T
3754297,2015-11-07,Manchester United,30,0.027071,Open Play,Blocked
3754297,2015-11-07,Manchester United,40,0.245568,Open Play,Blocked
3754297,2015-11-07,Manchester United,40,0.008418,Open Play,Blocked
3754297,2015-11-07,Manchester United,43,0.105618,Open Play,Saved
3754297,2015-11-07,West Bromwich Albion,47,0.036236,Free Kick,Blocked
3754297,2015-11-07,Manchester United,51,0.032354,Open Play,Goal
3754297,2015-11-07,Manchester United,66,0.022606,Open Play,Blocked
3754297,2015-11-07,West Bromwich Albion,71,0.030197,Open Play,Off T
3754297,2015-11-07,Manchester United,72,0.010942,Open Play,Off T
3754297,2015-11-07,West Bromwich Albion,73,0.272212,Open Play,Off T
3754297,2015-11-07,Manchester United,76,0.032272,Open Play,Blocked
3754297,2015-11-07,Manchester United,85,0.039934,Open Play,Off T
3754297,2015-11-07,Manchester United,90,0.783500,Penalty,Goal
3754298,2015-09-19,Everton,13,0.073163,Free Kick,Blocked
3754298,2015-09-19,Everton,14,0.040873,Open Play,Off T
3754298,2015-09-19,Swansea City,16,0.046742,Open Play,Saved
3754298,2015-09-19,Swansea City,17,0.192781,Open Play,Off T
3754298,2015-09-19,Swansea City,19,0.035896,Open Play,Wayward
3754298,2015-09-19,Everton,19,0.212831,Open Play,Blocked
3754298,2015-09-19,Everton,29,0.024161,Open Play,Wayward
3754298,2015-09-19,Everton,29,0.308300,Open Play,Saved
3754298,2015-09-19,Everton,35,0.025335,Open Play,Off T
3754298,2015-09-19,Everton,37,0.047821,Open Play,Blocked
3754298,2015-09-19,Swansea City,41,0.021741,Open Play,Blocked
3754298,2015-09-19,Swansea City,45,0.073683,Open Play,Blocked
3754298,2015-09-19,Swansea City,45,0.143376,Open Play,Off T
3754298,2015-09-19,Everton,48,0.018525,Open Play,Off T
3754298,2015-09-19,Everton,49,0.094960,Open Play,Off T
3754298,2015-09-19,Everton,52,0.276882,Open Play,Off T
3754298,2015-09-19,Swansea City,56,0.010442,Free Kick,Off T
3754298,2015-09-19,Everton,57,0.046403,Open Play,Blocked
3754298,2015-09-19,Everton,57,0.158030,Open Play,Blocked
3754298,2015-09-19,Swansea City,61,0.009972,Open Play,Saved
3754298,2015-09-19,Swansea City,64,0.033697,Open Play,Blocked
3754298,2015-09-19,Swansea City,67,0.063546,Open Play,Saved
3754298,2015-09-19,Everton,70,0.054476,Open Play,Wayward
3754298,2015-09-19,Everton,71,0.059016,Open Play,Blocked
3754298,2015-09-19,Everton,71,0.025848,Open Play,Blocked
3754298,2015-09-19,Everton,75,0.139362,Open Play,Blocked
3754298,2015-09-19,Everton,82,0.049530,Open Play,Off T
3754298,2015-09-19,Swansea City,88,0.051788,Open Play,Off T
3754298,2015-09-19,Swansea City,93,0.065698,Open Play,Off T
3754299,2016-04-03,Manchester United,7,0.042505,Open Play,Blocked
3754299,2016-04-03,Manchester United,16,0.035378,Open Play,Off T
3754299,2016-04-03,Everton,21,0.037474,Free Kick,Blocked
3754299,2016-04-03,Manchester United,24,0.007574,Open Play,Off T
3754299,2016-04-03,Manchester United,27,0.128094,Open Play,Blocked
3754299,2016-04-03,Manchester United,34,0.038210,Open Play,Blocked
3754299,2016-04-03,Manchester United,35,0.024716,Open Play,Off T
3754299,2016-04-03,Manchester United,37,0.026122,Open Play,Blocked
3754299,2016-04-03,Everton,48,0.098773,Open Play,Blocked
3754299,2016-04-03,Everton,51,0.039188,Open Play,Blocked
3754299,2016-04-03,Manchester United,53,0.471821,Open Play,Goal
3754299,2016-04-03,Everton,55,0.193550,Open Play,Post
3754299,2016-04-03,Everton,68,0.024925,Open Play,Blocked
3754299,2016-04-03,Everton,82,0.120735,Open Play,Saved
3754299,2016-04-03,Everton,83,0.060308,Open Play,Blocked
3754299,2016-04-03,Manchester United,87,0.059369,Open Play,Saved
3754299,2016-04-03,Manchester United,90,0.030362,Open Play,Blocked
3754300,2015-08-08,Watford,12,0.085717,Open Play,Blocked
3754300,2015-08-08,Watford,12,0.023742,Open Play,Blocked
3754300,2015-08-08,Watford,12,0.148063,Open Play,Goal
3754300,2015-08-08,Everton,18,0.074549,Open Play,Saved
3754300,2015-08-08,Everton,23,0.036574,Open Play,Blocked
3754300,2015-08-08,Everton,29,0.025186,Open Play,Off T
3754300,2015-08-08,Everton,30,0.010464,Open Play,Saved
3754300,2015-08-08,Watford,40,0.025481,Open Play,Saved
3754300,2015-08-08,Watford,45,0.017718,Open Play,Off T
3754300,2015-08-08,Everton,49,0.236356,Open Play,Off T
3754300,2015-08-08,Everton,55,0.023141,Open Play,Blocked
3754300,2015-08-08,Watford,64,0.049700,Open Play,Blocked
3754300,2015-08-08,Watford,66,0.008582,Open Play,Saved
3754300,2015-08-08,Watford,66,0.037197,Open Play,Off T
3754300,2015-08-08,Everton,67,0.215925,Open Play,Off T
3754300,2015-08-08,Everton,75,0.036634,Open Play,Goal
3754300,2015-08-08,Watford,76,0.073322,Open Play,Saved
3754300,2015-08-08,Watford,82,0.121127,Open Play,Goal
3754300,2015-08-08,Everton,84,0.015234,Open Play,Off T
3754300,2015-08-08,Everton,85,0.071732,Open Play,Goal
3754300,2015-08-08,Watford,86,0.029266,Open Play,Off T
3754300,2015-08-08,Everton,88,0.034905,Open Play,Saved
3754301,2015-11-21,Arsenal,14,0.048978,Free Kick,Saved
3754301,2015-11-21,Arsenal,18,0.009428,Open Play,Off T
3754301,2015-11-21,Arsenal,27,0.113309,Open Play,Goal
3754301,2015-11-21,Arsenal,29,0.072068,Open Play,Off T
3754301,2015-11-21,West Bromwich Albion,31,0.058681,Free Kick,Blocked
3754301,2015-11-21,West Bromwich Albion,34,0.082131,Open Play,Goal
3754301,2015-11-21,Arsenal,47,0.086163,Open Play,Post
3754301,2015-11-21,Arsenal,52,0.179839,Open Play,Blocked
3754301,2015-11-21,Arsenal,52,0.066991,Open Play,Off T
3754301,2015-11-21,West Bromwich Albion,53,0.038243,Open Play,Off T
3754301,2015-11-21,Arsenal,55,0.041588,Open Play,Blocked
3754301,2015-11-21,Arsenal,58,0.025307,Open Play,Off T
3754301,2015-11-21,Arsenal,66,0.236433,Open Play,Off T
3754301,2015-11-21,West Bromwich Albion,71,0.239614,Open Play,Post
3754301,2015-11-21,Arsenal,83,0.783500,Penalty,Wayward
3754301,2015-11-21,Arsenal,90,0.076126,Open Play,Blocked
3754301,2015-11-21,Arsenal,93,0.040550,Open Play,Saved
3754302,2015-10-17,Leicester City,4,0.177604,Open Play,Off T
3754302,2015-10-17,Leicester City,6,0.015070,Open Play,Wayward
3754302,2015-10-17,Leicester City,6,0.134429,Open Play,Blocked
3754302,2015-10-17,Southampton,10,0.164565,Open Play,Blocked
3754302,2015-10-17,Southampton,10,0.047929,Open Play,Off T
3754302,2015-10-17,Southampton,11,0.037062,Open Play,Off T
3754302,2015-10-17,Southampton,17,0.008238,Open Play,Blocked
3754302,2015-10-17,Southampton,20,0.041064,Open Play,Goal
3754302,2015-10-17,Leicester City,22,0.058374,Open Play,Saved
3754302,2015-10-17,Leicester City,22,0.081456,Open Play,Blocked
3754302,2015-10-17,Southampton,35,0.048639,Open Play,Saved
3754302,2015-10-17,Southampton,36,0.104615,Open Play,Post
3754302,2015-10-17,Southampton,36,0.730166,Open Play,Goal
3754302,2015-10-17,Leicester City,37,0.014271,Open Play,Off T
3754302,2015-10-17,Leicester City,41,0.020723,Open Play,Saved
3754302,2015-10-17,Leicester City,42,0.155197,Open Play,Off T
3754302,2015-10-17,Southampton,47,0.039423,Open Play,Saved
3754302,2015-10-17,Leicester City,48,0.089398,Open Play,Blocked
3754302,2015-10-17,Leicester City,49,0.020829,Open Play,Saved
3754302,2015-10-17,Leicester City,49,0.028505,Open Play,Blocked
3754302,2015-10-17,Southampton,50,0.052115,Open Play,Off T
3754302,2015-10-17,Leicester City,52,0.049371,Open Play,Off T
3754302,2015-10-17,Leicester City,53,0.015904,Open Play,Blocked
3754302,2015-10-17,Leicester City,54,0.015159,Open Play,Off T
3754302,2015-10-17,Leicester City,60,0.065598,Open Play,Blocked
3754302,2015-10-17,Leicester City,60,0.030810,Open Play,Off T
3754302,2015-10-17,Southampton,63,0.064956,Open Play,Off T
3754302,2015-10-17,Leicester City,64,0.011615,Free Kick,Blocked
3754302,2015-10-17,Leicester City,65,0.125937,Open Play,Goal
3754302,2015-10-17,Leicester City,66,0.042864,Open Play,Off T
3754302,2015-10-17,Leicester City,70,0.028853,Open Play,Off T
3754302,2015-10-17,Southampton,78,0.020309,Open Play,Saved
3754302,2015-10-17,Leicester City,80,0.041712,Open Play,Blocked
3754302,2015-10-17,Leicester City,80,0.226609,Open Play,Off T
3754302,2015-10-17,Leicester City,81,0.042401,Open Play,Blocked
3754302,2015-10-17,Southampton,82,0.004988,Open Play,Off T
3754302,2015-10-17,Leicester City,87,0.132912,Open Play,Saved
3754302,2015-10-17,Leicester City,90,0.028843,Open Play,Saved
3754302,2015-10-17,Leicester City,90,0.404010,Open Play,Goal
3754302,2015-10-17,Leicester City,93,0.053309,Open Play,Off T
3754303,2016-02-06,Crystal Palace,3,0.025674,Open Play,Off T
3754303,2016-02-06,Crystal Palace,4,0.031540,Open Play,Blocked
3754303,2016-02-06,Swansea City,11,0.099806,Open Play,Blocked
3754303,2016-02-06,Swansea City,12,0.074465,Free Kick,Goal
3754303,2016-02-06,Swansea City,14,0.135467,Open Play,Blocked
3754303,2016-02-06,Crystal Palace,18,0.088457,Open Play,Off T
3754303,2016-02-06,Swansea City,31,0.235214,Open Play,Off T
3754303,2016-02-06,Swansea City,34,0.071046,Open Play,Off T
3754303,2016-02-06,Crystal Palace,42,0.070010,Open Play,Blocked
3754303,2016-02-06,Crystal Palace,42,0.020986,Open Play,Off T
3754303,2016-02-06,Crystal Palace,44,0.049461,Open Play,Off T
3754303,2016-02-06,Crystal Palace,46,0.076239,Open Play,Blocked
3754303,2016-02-06,Crystal Palace,46,0.291751,Open Play,Goal
3754303,2016-02-06,Crystal Palace,50,0.053375,Open Play,Off T
3754303,2016-02-06,Crystal Palace,54,0.068603,Open Play,Saved
3754303,2016-02-06,Swansea City,56,0.046809,Free Kick,Off T
3754303,2016-02-06,Swansea City,58,0.063762,Open Play,Blocked
3754303,2016-02-06,Swansea City,61,0.030246,Open Play,Wayward
3754303,2016-02-06,Swansea City,63,0.006797,Open Play,Blocked
3754303,2016-02-06,Swansea City,63,0.114379,Open Play,Off T
3754303,2016-02-06,Swansea City,67,0.465681,Open Play,Saved
3754303,2016-02-06,Swansea City,68,0.034417,Open Play,Blocked
3754303,2016-02-06,Swansea City,68,0.053758,Open Play,Saved
3754303,2016-02-06,Swansea City,72,0.055790,Open Play,Off T
3754303,2016-02-06,Crystal Palace,75,0.038746,Open Play,Blocked
3754303,2016-02-06,Crystal Palace,77,0.077682,Open Play,Wayward
3754303,2016-02-06,Swansea City,81,0.057910,Open Play,Blocked
3754303,2016-02-06,Swansea City,82,0.078487,Free Kick,Saved
3754303,2016-02-06,Swansea City,83,0.082739,Open Play,Off T
3754303,2016-02-06,Swansea City,87,0.069420,Open Play,Blocked
3754303,2016-02-06,Swansea City,92,0.051094,Open Play,Blocked
3754304,2015-11-28,Newcastle United,9,0.286676,Open Play,Goal
3754304,2015-11-28,Newcastle United,10,0.132560,Open Play,Blocked
3754304,2015-11-28,Newcastle United,10,0.071271,Open Play,Blocked
3754304,2015-11-28,Newcastle United,10,0.015522,Open Play,Saved
3754304,2015-11-28,Crystal Palace,13,0.070892,Open Play,Goal
3754304,2015-11-28,Crystal Palace,15,0.065912,Open Play,Off T
3754304,2015-11-28,Crystal Palace,16,0.083733,Open Play,Goal
3754304,2015-11-28,Crystal Palace,18,0.036751,Open Play,Blocked
3754304,2015-11-28,Crystal Palace,28,0.055285,Open Play,Blocked
3754304,2015-11-28,Crystal Palace,40,0.074302,Open Play,Goal
3754304,2015-11-28,Newcastle United,45,0.176821,Open Play,Off T
3754304,2015-11-28,Crystal Palace,46,0.446412,Open Play,Goal
3754304,2015-11-28,Crystal Palace,51,0.149920,Open Play,Blocked
3754304,2015-11-28,Crystal Palace,52,0.009183,Open Play,Blocked
3754304,2015-11-28,Crystal Palace,53,0.075233,Open Play,Off T
3754304,2015-11-28,Crystal Palace,57,0.165597,Open Play,Off T
3754304,2015-11-28,Crystal Palace,65,0.021143,Open Play,Saved
3754304,2015-11-28,Crystal Palace,70,0.024059,Open Play,Off T
3754304,2015-11-28,Newcastle United,71,0.084665,Open Play,Blocked
3754304,2015-11-28,Newcastle United,72,0.021070,Open Play,Blocked
3754304,2015-11-28,Crystal Palace,76,0.026574,Open Play,Saved
3754304,2015-11-28,Crystal Palace,82,0.028253,Open Play,Saved
3754304,2015-11-28,Crystal Palace,84,0.046809,Open Play,Off T
3754304,2015-11-28,Crystal Palace,87,0.039664,Open Play,Saved
3754304,2015-11-28,Crystal Palace,88,0.110134,Open Play,Off T
3754304,2015-11-28,Crystal Palace,92,0.060060,Open Play,Goal
3754305,2016-01-13,Liverpool,6,0.020008,Open Play,Blocked
3754305,2016-01-13,Liverpool,9,0.025309,Open Play,Saved
3754305,2016-01-13,Liverpool,9,0.167037,Open Play,Goal
3754305,2016-01-13,Arsenal,13,0.092175,Open Play,Goal
3754305,2016-01-13,Liverpool,18,0.052990,Open Play,Goal
3754305,2016-01-13,Liverpool,23,0.146213,Open Play,Saved
3754305,2016-01-13,Arsenal,24,0.185073,Open Play,Blocked
3754305,2016-01-13,Arsenal,24,0.080968,Open Play,Goal
3754305,2016-01-13,Arsenal,27,0.757955,Open Play,Wayward
3754305,2016-01-13,Arsenal,28,0.054296,Open Play,Saved
3754305,2016-01-13,Liverpool,29,0.058626,Open Play,Off T
3754305,2016-01-13,Arsenal,32,0.012089,Open Play,Blocked
3754305,2016-01-13,Arsenal,42,0.066744,Open Play,Blocked
3754305,2016-01-13,Liverpool,45,0.028769,Open Play,Saved
3754305,2016-01-13,Liverpool,46,0.095934,Open Play,Post
3754305,2016-01-13,Arsenal,45,0.143325,Open Play,Off T
3754305,2016-01-13,Liverpool,47,0.067593,Open Play,Off T
3754305,2016-01-13,Arsenal,50,0.040260,Open Play,Off T
3754305,2016-01-13,Arsenal,53,0.031499,Open Play,Off T
3754305,2016-01-13,Arsenal,54,0.130481,Open Play,Goal
3754305,2016-01-13,Arsenal,57,0.039013,Free Kick,Blocked
3754305,2016-01-13,Arsenal,57,0.090501,Open Play,Wayward
3754305,2016-01-13,Liverpool,59,0.032417,Open Play,Blocked
3754305,2016-01-13,Liverpool,60,0.011644,Open Play,Blocked
3754305,2016-01-13,Arsenal,62,0.042897,Open Play,Blocked
3754305,2016-01-13,Liverpool,65,0.029846,Open Play,Off T
3754305,2016-01-13,Liverpool,67,0.062444,Open Play,Blocked
3754305,2016-01-13,Liverpool,68,0.014141,Open Play,Blocked
3754305,2016-01-13,Liverpool,68,0.040247,Open Play,Off T
3754305,2016-01-13,Liverpool,70,0.030412,Open Play,Blocked
3754305,2016-01-13,Liverpool,73,0.011442,Open Play,Saved
3754305,2016-01-13,Liverpool,74,0.014345,Open Play,Off T
3754305,2016-01-13,Liverpool,75,0.055269,Open Play,Blocked
3754305,2016-01-13,Liverpool,79,0.051825,Open Play,Blocked
3754305,2016-01-13,Liverpool,85,0.038595,Open Play,Blocked
3754305,2016-01-13,Liverpool,89,0.049465,Free Kick,Blocked
3754305,2016-01-13,Liverpool,89,0.085321,Open Play,Goal
3754306,2016-02-06,Aston Villa,9,0.073491,Open Play,Blocked
3754306,2016-02-06,Aston Villa,9,0.016421,Open Play,Blocked
3754306,2016-02-06,Aston Villa,10,0.214474,Open Play,Off T
3754306,2016-02-06,Norwich City,19,0.020716,Open Play,Saved
3754306,2016-02-06,Norwich City,22,0.028967,Open Play,Off T
3754306,2016-02-06,Norwich City,28,0.125559,Open Play,Off T
3754306,2016-02-06,Aston Villa,31,0.035918,Free Kick,Off T
3754306,2016-02-06,Norwich City,33,0.009506,Open Play,Saved
3754306,2016-02-06,Aston Villa,44,0.024657,Open Play,Goal
3754306,2016-02-06,Aston Villa,50,0.066560,Open Play,Saved
3754306,2016-02-06,Aston Villa,50,0.051978,Open Play,Goal
3754306,2016-02-06,Aston Villa,55,0.053032,Open Play,Off T
3754306,2016-02-06,Aston Villa,62,0.050336,Open Play,Blocked
3754306,2016-02-06,Norwich City,62,0.196709,Open Play,Off T
3754306,2016-02-06,Aston Villa,69,0.154581,Open Play,Off T
3754306,2016-02-06,Norwich City,73,0.022495,Open Play,Off T
3754306,2016-02-06,Norwich City,80,0.039532,Open Play,Blocked
3754306,2016-02-06,Norwich City,80,0.044330,Open Play,Blocked
3754306,2016-02-06,Norwich City,82,0.042082,Open Play,Saved
3754306,2016-02-06,Norwich City,88,0.136112,Open Play,Blocked
3754306,2016-02-06,Norwich City,88,0.198114,Open Play,Blocked
3754306,2016-02-06,Norwich City,92,0.035845,Open Play,Blocked
3754306,2016-02-06,Norwich City,93,0.246357,Open Play,Off T
3754307,2016-04-23,Manchester City,6,0.060191,Open Play,Off T
3754307,2016-04-23,Stoke City,14,0.007530,Free Kick,Saved
3754307,2016-04-23,Stoke City,15,0.194567,Open Play,Off T
3754307,2016-04-23,Manchester City,22,0.038653,Open Play,Blocked
3754307,2016-04-23,Stoke City,27,0.026799,Open Play,Off T
3754307,2016-04-23,Stoke City,29,0.170883,Open Play,Off T
3754307,2016-04-23,Stoke City,32,0.017946,Open Play,Off T
3754307,2016-04-23,Manchester City,34,0.133371,Open Play,Goal
3754307,2016-04-23,Manchester City,42,0.783500,Penalty,Goal
3754307,2016-04-23,Stoke City,44,0.036525,Open Play,Off T
3754307,2016-04-23,Manchester City,46,0.005448,Open Play,Off T
3754307,2016-04-23,Stoke City,47,0.034277,Free Kick,Off T
3754307,2016-04-23,Stoke City,48,0.246287,Open Play,Off T
3754307,2016-04-23,Manchester City,50,0.025420,Open Play,Saved
3754307,2016-04-23,Stoke City,53,0.067594,Open Play,Off T
3754307,2016-04-23,Manchester City,57,0.141555,Open Play,Saved
3754307,2016-04-23,Stoke City,58,0.129329,Open Play,Saved
3754307,2016-04-23,Manchester City,60,0.308334,Open Play,Wayward
3754307,2016-04-23,Manchester City,63,0.513026,Open Play,Goal
3754307,2016-04-23,Stoke City,66,0.009877,Open Play,Off T
3754307,2016-04-23,Manchester City,70,0.035460,Open Play,Blocked
3754307,2016-04-23,Manchester City,73,0.929620,Open Play,Goal
3754307,2016-04-23,Stoke City,79,0.036468,Free Kick,Off T
3754307,2016-04-23,Stoke City,88,0.025464,Open Play,Wayward
3754307,2016-04-23,Stoke City,88,0.019718,Open Play,Blocked
3754308,2016-05-15,Watford,5,0.125761,Open Play,Off T
3754308,2016-05-15,Watford,9,0.029305,Open Play,Blocked
3754308,2016-05-15,Watford,17,0.045672,Open Play,Off T
3754308,2016-05-15,Watford,22,0.065710,Open Play,Wayward
3754308,2016-05-15,Watford,22,0.038951,Open Play,Wayward
3754308,2016-05-15,Watford,22,0.051370,Open Play,Saved
3754308,2016-05-15,Watford,24,0.046006,Open Play,Blocked
3754308,2016-05-15,Watford,26,0.026630,Open Play,Saved
3754308,2016-05-15,Watford,32,0.093671,Open Play,Off T
3754308,2016-05-15,Watford,35,0.066835,Open Play,Blocked
3754308,2016-05-15,Watford,35,0.040802,Open Play,Saved
3754308,2016-05-15,Sunderland,36,0.024360,Open Play,Off T
3754308,2016-05-15,Sunderland,38,0.156523,Open Play,Saved
3754308,2016-05-15,Sunderland,38,0.330895,Open Play,Goal
3754308,2016-05-15,Sunderland,42,0.076617,Open Play,Blocked
3754308,2016-05-15,Watford,47,0.079875,Open Play,Goal
3754308,2016-05-15,Sunderland,50,0.331183,Open Play,Goal
3754308,2016-05-15,Watford,53,0.042180,Open Play,Saved
3754308,2016-05-15,Watford,53,0.069949,Open Play,Off T
3754308,2016-05-15,Watford,55,0.033224,Open Play,Off T
3754308,2016-05-15,Watford,56,0.046786,Open Play,Off T
3754308,2016-05-15,Watford,60,0.783500,Penalty,Goal
3754308,2016-05-15,Watford,81,0.016859,Open Play,Off T
3754308,2016-05-15,Sunderland,86,0.143697,Open Play,Saved
3754308,2016-05-15,Watford,87,0.158453,Open Play,Blocked
3754308,2016-05-15,Watford,87,0.018939,Open Play,Blocked
3754308,2016-05-15,Watford,93,0.140643,Open Play,Wayward
3754308,2016-05-15,Watford,93,0.012650,Open Play,Off T
3754309,2015-12-26,Arsenal,1,0.037151,Open Play,Off T
3754309,2015-12-26,Southampton,12,0.023513,Open Play,Blocked
3754309,2015-12-26,Arsenal,16,0.054492,Open Play,Blocked
3754309,2015-12-26,Arsenal,16,0.090159,Open Play,Saved
3754309,2015-12-26,Southampton,18,0.015031,Open Play,Goal
3754309,2015-12-26,Southampton,24,0.096939,Open Play,Off T
3754309,2015-12-26,Southampton,26,0.037446,Open Play,Off T
3754309,2015-12-26,Southampton,28,0.114633,Open Play,Wayward
3754309,2015-12-26,Arsenal,36,0.090618,Open Play,Saved
3754309,2015-12-26,Arsenal,38,0.051248,Open Play,Off T
3754309,2015-12-26,Southampton,42,0.274972,Open Play,Off T
3754309,2015-12-26,Southampton,54,0.577293,Open Play,Goal
3754309,2015-12-26,Arsenal,59,0.033079,Open Play,Saved
3754309,2015-12-26,Southampton,68,0.206718,Open Play,Goal
3754309,2015-12-26,Southampton,74,0.026508,Open Play,Saved
3754309,2015-12-26,Arsenal,79,0.385861,Open Play,Saved
3754309,2015-12-26,Arsenal,83,0.049359,Open Play,Saved
3754309,2015-12-26,Southampton,88,0.109385,Open Play,Post
3754309,2015-12-26,Southampton,88,0.064382,Open Play,Blocked
3754309,2015-12-26,Southampton,89,0.043508,Open Play,Blocked
3754309,2015-12-26,Southampton,91,0.204787,Open Play,Goal
3754309,2015-12-26,Southampton,93,0.113582,Open Play,Blocked
3754310,2016-04-20,Manchester United,8,0.043723,Open Play,Saved
3754310,2016-04-20,Crystal Palace,8,0.123029,Open Play,Off T
3754310,2016-04-20,Manchester United,10,0.042594,Open Play,Blocked
3754310,2016-04-20,Manchester United,21,0.034274,Open Play,Saved
3754310,2016-04-20,Manchester United,24,0.045340,Open Play,Saved
3754310,2016-04-20,Manchester United,38,0.063403,Open Play,Saved
3754310,2016-04-20,Manchester United,38,0.060497,Open Play,Saved
3754310,2016-04-20,Manchester United,39,0.120337,Open Play,Saved
3754310,2016-04-20,Crystal Palace,42,0.037295,Open Play,Blocked
3754310,2016-04-20,Manchester United,45,0.087387,Open Play,Blocked
3754310,2016-04-20,Manchester United,53,0.116423,Open Play,Saved
3754310,2016-04-20,Manchester United,54,0.047036,Open Play,Goal
3754310,2016-04-20,Manchester United,58,0.021051,Open Play,Off T
3754310,2016-04-20,Manchester United,61,0.398889,Open Play,Saved
3754310,2016-04-20,Manchester United,61,0.158657,Open Play,Saved
3754310,2016-04-20,Crystal Palace,62,0.020029,Free Kick,Blocked
3754310,2016-04-20,Manchester United,71,0.090526,Open Play,Off T
3754310,2016-04-20,Manchester United,80,0.033249,Open Play,Blocked
3754310,2016-04-20,Crystal Palace,81,0.026161,Open Play,Blocked
3754310,2016-04-20,Crystal Palace,84,0.014421,Open Play,Blocked
3754310,2016-04-20,Manchester United,86,0.027477,Open Play,Off T
3754311,2015-11-07,Norwich City,0,0.006335,Open Play,Off T
3754311,2015-11-07,Swansea City,1,0.013902,Open Play,Off T
3754311,2015-11-07,Norwich City,8,0.261956,Open Play,Off T
3754311,2015-11-07,Norwich City,11,0.022905,Open Play,Saved
3754311,2015-11-07,Swansea City,30,0.089569,Open Play,Off T
3754311,2015-11-07,Swansea City,39,0.042430,Open Play,Blocked
3754311,2015-11-07,Norwich City,47,0.070197,Open Play,Saved
3754311,2015-11-07,Swansea City,65,0.088830,Open Play,Post
3754311,2015-11-07,Swansea City,67,0.083593,Open Play,Off T
3754311,2015-11-07,Norwich City,68,0.031160,Open Play,Off T
3754311,2015-11-07,Norwich City,69,0.076087,Open Play,Saved
3754311,2015-11-07,Norwich City,69,0.509213,Open Play,Goal
3754311,2015-11-07,Norwich City,74,0.054851,Open Play,Saved
3754311,2015-11-07,Norwich City,75,0.062824,Open Play,Off T
3754311,2015-11-07,Swansea City,80,0.103822,Open Play,Off T
3754311,2015-11-07,Swansea City,81,0.058687,Open Play,Blocked
3754311,2015-11-07,Swansea City,82,0.007457,Open Play,Off T
3754312,2015-08-16,Arsenal,4,0.113114,Open Play,Blocked
3754312,2015-08-16,Arsenal,4,0.020477,Open Play,Blocked
3754312,2015-08-16,Crystal Palace,5,0.023999,Open Play,Blocked
3754312,2015-08-16,Arsenal,6,0.179151,Open Play,Blocked
3754312,2015-08-16,Arsenal,6,0.182597,Open Play,Blocked
3754312,2015-08-16,Arsenal,8,0.006972,Open Play,Saved
3754312,2015-08-16,Arsenal,9,0.117391,Open Play,Blocked
3754312,2015-08-16,Arsenal,12,0.043048,Open Play,Blocked
3754312,2015-08-16,Crystal Palace,14,0.022152,Open Play,Saved
3754312,2015-08-16,Arsenal,15,0.106834,Open Play,Goal
3754312,2015-08-16,Arsenal,22,0.013819,Open Play,Saved
3754312,2015-08-16,Arsenal,25,0.113167,Open Play,Off T
3754312,2015-08-16,Crystal Palace,27,0.032634,Open Play,Goal
3754312,2015-08-16,Arsenal,31,0.076930,Open Play,Wayward
3754312,2015-08-16,Arsenal,31,0.031962,Open Play,Off T
3754312,2015-08-16,Arsenal,34,0.053702,Open Play,Off T
3754312,2015-08-16,Crystal Palace,36,0.034209,Open Play,Blocked
3754312,2015-08-16,Crystal Palace,47,0.238503,Open Play,Post
3754312,2015-08-16,Crystal Palace,47,0.107918,Open Play,Off T
3754312,2015-08-16,Arsenal,52,0.184751,Open Play,Saved
3754312,2015-08-16,Arsenal,53,0.101064,Open Play,Blocked
3754312,2015-08-16,Arsenal,54,0.067449,Open Play,Blocked
3754312,2015-08-16,Crystal Palace,57,0.131305,Open Play,Saved
3754312,2015-08-16,Arsenal,67,0.128240,Open Play,Off T
3754312,2015-08-16,Arsenal,71,0.053228,Open Play,Blocked
3754312,2015-08-16,Crystal Palace,73,0.055325,Open Play,Off T
3754312,2015-08-16,Crystal Palace,86,0.499613,Open Play,Off T
3754312,2015-08-16,Crystal Palace,88,0.086778,Open Play,Saved
3754312,2015-08-16,Arsenal,89,0.058958,Open Play,Saved
3754312,2015-08-16,Crystal Palace,90,0.042041,Open Play,Blocked
3754312,2015-08-16,Arsenal,93,0.125055,Open Play,Saved
3754313,2016-03-12,Manchester City,3,0.081252,Open Play,Saved
3754313,2016-03-12,Manchester City,5,0.043330,Open Play,Blocked
3754313,2016-03-12,Norwich City,8,0.012004,Open Play,Off T
3754313,2016-03-12,Manchester City,10,0.030862,Open Play,Blocked
3754313,2016-03-12,Manchester City,14,0.046557,Free Kick,Saved
3754313,2016-03-12,Manchester City,15,0.024976,Open Play,Blocked
3754313,2016-03-12,Manchester City,18,0.036612,Open Play,Off T
3754313,2016-03-12,Manchester City,19,0.041729,Open Play,Blocked
3754313,2016-03-12,Manchester City,28,0.040407,Open Play,Saved
3754313,2016-03-12,Norwich City,37,0.064565,Open Play,Wayward
3754313,2016-03-12,Norwich City,38,0.021491,Open Play,Post
3754313,2016-03-12,Norwich City,46,0.033100,Open Play,Off T
3754313,2016-03-12,Manchester City,48,0.040292,Open Play,Off T
3754313,2016-03-12,Manchester City,64,0.074012,Free Kick,Blocked
3754313,2016-03-12,Manchester City,69,0.033140,Open Play,Off T
3754313,2016-03-12,Manchester City,74,0.039933,Open Play,Blocked
3754313,2016-03-12,Manchester City,74,0.139309,Open Play,Blocked
3754313,2016-03-12,Norwich City,84,0.086577,Open Play,Off T
3754313,2016-03-12,Manchester City,87,0.056546,Open Play,Blocked
3754313,2016-03-12,Manchester City,88,0.046900,Open Play,Off T
3754314,2016-05-08,Manchester City,7,0.047356,Open Play,Goal
3754314,2016-05-08,Arsenal,9,0.198832,Open Play,Goal
3754314,2016-05-08,Manchester City,15,0.083616,Open Play,Blocked
3754314,2016-05-08,Manchester City,19,0.027651,Open Play,Blocked
3754314,2016-05-08,Manchester City,26,0.030466,Open Play,Off T
3754314,2016-05-08,Manchester City,32,0.077732,Open Play,Off T
3754314,2016-05-08,Manchester City,45,0.009188,Open Play,Off T
3754314,2016-05-08,Manchester City,48,0.079485,Open Play,Off T
3754314,2016-05-08,Manchester City,50,0.057107,Open Play,Goal
3754314,2016-05-08,Arsenal,52,0.021356,Open Play,Blocked
3754314,2016-05-08,Manchester City,53,0.058795,Open Play,Off T
3754314,2016-05-08,Arsenal,60,0.048511,Open Play,Off T
3754314,2016-05-08,Arsenal,66,0.326544,Open Play,Off T
3754314,2016-05-08,Arsenal,67,0.292200,Open Play,Goal
3754314,2016-05-08,Manchester City,71,0.009488,Free Kick,Saved
3754314,2016-05-08,Manchester City,72,0.098293,Open Play,Off T
3754314,2016-05-08,Manchester City,73,0.064779,Open Play,Off T
3754314,2016-05-08,Manchester City,87,0.061779,Open Play,Post
3754314,2016-05-08,Manchester City,87,0.032557,Open Play,Off T
3754315,2015-09-12,AFC Bournemouth,6,0.049492,Open Play,Blocked
3754315,2015-09-12,Norwich City,11,0.161120,Open Play,Wayward
3754315,2015-09-12,Norwich City,11,0.020291,Open Play,Off T
3754315,2015-09-12,Norwich City,30,0.127305,Open Play,Off T
3754315,2015-09-12,Norwich City,34,0.441492,Open Play,Goal
3754315,2015-09-12,AFC Bournemouth,45,0.388881,Open Play,Post
3754315,2015-09-12,AFC Bournemouth,46,0.070305,Open Play,Off T
3754315,2015-09-12,Norwich City,48,0.030345,Open Play,Off T
3754315,2015-09-12,Norwich City,50,0.008401,Open Play,Off T
3754315,2015-09-12,Norwich City,51,0.148145,Open Play,Goal
3754315,2015-09-12,AFC Bournemouth,59,0.026124,Open Play,Blocked
3754315,2015-09-12,Norwich City,62,0.030437,Open Play,Blocked
3754315,2015-09-12,Norwich City,63,0.069204,Open Play,Post
3754315,2015-09-12,Norwich City,66,0.224742,Open Play,Goal
3754315,2015-09-12,AFC Bournemouth,70,0.044263,Open Play,Blocked
3754315,2015-09-12,AFC Bournemouth,76,0.083952,Open Play,Off T
3754315,2015-09-12,AFC Bournemouth,80,0.035954,Open Play,Goal
3754315,2015-09-12,Norwich City,81,0.043514,Open Play,Blocked
3754315,2015-09-12,AFC Bournemouth,87,0.077701,Open Play,Off T
3754315,2015-09-12,Norwich City,92,0.014565,Open Play,Saved
3754316,2016-02-06,Sunderland,7,0.024561,Open Play,Off T
3754316,2016-02-06,Liverpool,19,0.118386,Open Play,Saved
3754316,2016-02-06,Liverpool,20,0.042300,Open Play,Blocked
3754316,2016-02-06,Liverpool,29,0.016603,Open Play,Off T
3754316,2016-02-06,Liverpool,37,0.021161,Open Play,Blocked
3754316,2016-02-06,Liverpool,43,0.030899,Open Play,Off T
3754316,2016-02-06,Liverpool,44,0.250368,Open Play,Off T
3754316,2016-02-06,Sunderland,47,0.019288,Open Play,Off T
3754316,2016-02-06,Liverpool,46,0.027834,Open Play,Blocked
3754316,2016-02-06,Liverpool,50,0.036914,Open Play,Blocked
3754316,2016-02-06,Liverpool,53,0.045271,Open Play,Off T
3754316,2016-02-06,Sunderland,56,0.085011,Open Play,Off T
3754316,2016-02-06,Liverpool,58,0.135302,Open Play,Goal
3754316,2016-02-06,Liverpool,61,0.063632,Open Play,Blocked
3754316,2016-02-06,Liverpool,63,0.072764,Open Play,Saved
3754316,2016-02-06,Liverpool,63,0.012028,Open Play,Saved
3754316,2016-02-06,Liverpool,65,0.020291,Open Play,Off T
3754316,2016-02-06,Sunderland,66,0.145613,Open Play,Off T
3754316,2016-02-06,Liverpool,69,0.867709,Open Play,Goal
3754316,2016-02-06,Liverpool,77,0.033220,Open Play,Blocked
3754316,2016-02-06,Liverpool,79,0.017000,Open Play,Off T
3754316,2016-02-06,Sunderland,81,0.032642,Free Kick,Goal
3754316,2016-02-06,Sunderland,88,0.182138,Open Play,Goal
3754316,2016-02-06,Liverpool,90,0.009626,Open Play,Off T
3754316,2016-02-06,Sunderland,92,0.051838,Open Play,Blocked
3754317,2016-02-02,Tottenham Hotspur,1,0.045446,Open Play,Blocked
3754317,2016-02-02,Tottenham Hotspur,1,0.064351,Open Play,Saved to Post
3754317,2016-02-02,Tottenham Hotspur,1,0.586231,Open Play,Goal
3754317,2016-02-02,Tottenham Hotspur,3,0.058619,Open Play,Off T
3754317,2016-02-02,Norwich City,5,0.052935,Open Play,Off T
3754317,2016-02-02,Tottenham Hotspur,9,0.073523,Open Play,Off T
3754317,2016-02-02,Tottenham Hotspur,10,0.038223,Open Play,Blocked
3754317,2016-02-02,Norwich City,13,0.042222,Open Play,Saved
3754317,2016-02-02,Tottenham Hotspur,15,0.027149,Open Play,Off T
3754317,2016-02-02,Tottenham Hotspur,16,0.073423,Open Play,Off T
3754317,2016-02-02,Norwich City,17,0.045120,Open Play,Off T
3754317,2016-02-02,Tottenham Hotspur,28,0.128879,Open Play,Saved
3754317,2016-02-02,Tottenham Hotspur,29,0.783500,Penalty,Goal
3754317,2016-02-02,Tottenham Hotspur,33,0.016606,Open Play,Post
3754317,2016-02-02,Tottenham Hotspur,39,0.076741,Open Play,Off T
3754317,2016-02-02,Tottenham Hotspur,39,0.010840,Open Play,Saved
3754317,2016-02-02,Norwich City,41,0.025321,Open Play,Off T
3754317,2016-02-02,Norwich City,51,0.044500,Open Play,Off T
3754317,2016-02-02,Tottenham Hotspur,52,0.062994,Open Play,Off T
3754317,2016-02-02,Norwich City,54,0.464782,Open Play,Saved
3754317,2016-02-02,Norwich City,54,0.274925,Open Play,Blocked
3754317,2016-02-02,Tottenham Hotspur,56,0.010549,Open Play,Wayward
3754317,2016-02-02,Norwich City,63,0.008305,Open Play,Off T
3754317,2016-02-02,Norwich City,64,0.090666,Open Play,Blocked
3754317,2016-02-02,Norwich City,70,0.063993,Open Play,Blocked
3754317,2016-02-02,Tottenham Hotspur,81,0.117349,Open Play,Post
3754317,2016-02-02,Norwich City,84,0.062369,Open Play,Off T
3754317,2016-02-02,Tottenham Hotspur,89,0.343370,Open Play,Goal
3754318,2016-03-05,Tottenham Hotspur,4,0.020598,Open Play,Saved
3754318,2016-03-05,Tottenham Hotspur,5,0.010146,Open Play,Saved
3754318,2016-03-05,Tottenham Hotspur,5,0.020380,Open Play,Blocked
3754318,2016-03-05,Tottenham Hotspur,12,0.027627,Open Play,Blocked
3754318,2016-03-05,Arsenal,12,0.021511,Open Play,Blocked
3754318,2016-03-05,Tottenham Hotspur,14,0.008786,Free Kick,Blocked
3754318,2016-03-05,Tottenham Hotspur,20,0.015875,Open Play,Blocked
3754318,2016-03-05,Tottenham Hotspur,25,0.223864,Open Play,Saved
3754318,2016-03-05,Tottenham Hotspur,26,0.007246,Free Kick,Saved
3754318,2016-03-05,Arsenal,32,0.004752,Open Play,Wayward
3754318,2016-03-05,Arsenal,33,0.009300,Open Play,Blocked
3754318,2016-03-05,Arsenal,38,0.294958,Open Play,Goal
3754318,2016-03-05,Arsenal,41,0.097183,Open Play,Saved
3754318,2016-03-05,Tottenham Hotspur,44,0.007023,Open Play,Off T
3754318,2016-03-05,Tottenham Hotspur,49,0.044322,Open Play,Saved
3754318,2016-03-05,Tottenham Hotspur,55,0.022841,Open Play,Blocked
3754318,2016-03-05,Tottenham Hotspur,56,0.046998,Open Play,Blocked
3754318,2016-03-05,Tottenham Hotspur,56,0.106787,Open Play,Saved
3754318,2016-03-05,Tottenham Hotspur,56,0.044527,Open Play,Saved Off Target
3754318,2016-03-05,Tottenham Hotspur,59,0.263753,Open Play,Goal
3754318,2016-03-05,Tottenham Hotspur,61,0.008061,Open Play,Goal
3754318,2016-03-05,Arsenal,63,0.030254,Open Play,Blocked
3754318,2016-03-05,Tottenham Hotspur,63,0.044398,Open Play,Saved
3754318,2016-03-05,Arsenal,69,0.005949,Open Play,Off T
3754318,2016-03-05,Tottenham Hotspur,70,0.022369,Open Play,Off T
3754318,2016-03-05,Tottenham Hotspur,71,0.069955,Open Play,Off T
3754318,2016-03-05,Tottenham Hotspur,73,0.045008,Open Play,Off T
3754318,2016-03-05,Arsenal,74,0.023782,Open Play,Blocked
3754318,2016-03-05,Arsenal,75,0.092867,Open Play,Goal
3754318,2016-03-05,Tottenham Hotspur,79,0.059446,Open Play,Saved
3754318,2016-03-05,Tottenham Hotspur,82,0.029517,Open Play,Blocked
3754318,2016-03-05,Tottenham Hotspur,84,0.015024,Open Play,Saved
3754318,2016-03-05,Arsenal,87,0.035678,Free Kick,Saved
3754318,2016-03-05,Tottenham Hotspur,88,0.036440,Open Play,Off T
3754318,2016-03-05,Arsenal,92,0.116528,Open Play,Blocked
3754318,2016-03-05,Tottenham Hotspur,93,0.047730,Open Play,Off T
3754319,2016-01-02,Manchester United,0,0.150645,Open Play,Blocked
3754319,2016-01-02,Manchester United,4,0.050904,Open Play,Blocked
3754319,2016-01-02,Manchester United,19,0.044477,Free Kick,Blocked
3754319,2016-01-02,Manchester United,20,0.039853,Open Play,Off T
3754319,2016-01-02,Swansea City,28,0.054329,Open Play,Saved
3754319,2016-01-02,Swansea City,31,0.080319,Open Play,Blocked
3754319,2016-01-02,Manchester United,32,0.125365,Open Play,Blocked
3754319,2016-01-02,Manchester United,32,0.114393,Open Play,Saved
3754319,2016-01-02,Swansea City,34,0.015527,Open Play,Off T
3754319,2016-01-02,Manchester United,35,0.068931,Open Play,Blocked
3754319,2016-01-02,Manchester United,41,0.060092,Open Play,Saved
3754319,2016-01-02,Manchester United,45,0.063212,Open Play,Saved
3754319,2016-01-02,Manchester United,45,0.091961,Open Play,Blocked
3754319,2016-01-02,Manchester United,46,0.114213,Open Play,Goal
3754319,2016-01-02,Manchester United,56,0.051131,Open Play,Saved
3754319,2016-01-02,Manchester United,57,0.044920,Open Play,Wayward
3754319,2016-01-02,Manchester United,59,0.055105,Open Play,Blocked
3754319,2016-01-02,Manchester United,60,0.061498,Open Play,Off T
3754319,2016-01-02,Swansea City,63,0.130941,Open Play,Post
3754319,2016-01-02,Manchester United,64,0.015006,Open Play,Off T
3754319,2016-01-02,Manchester United,68,0.112078,Open Play,Off T
3754319,2016-01-02,Swansea City,69,0.056863,Open Play,Goal
3754319,2016-01-02,Swansea City,72,0.100014,Open Play,Blocked
3754319,2016-01-02,Manchester United,74,0.020794,Open Play,Blocked
3754319,2016-01-02,Manchester United,76,0.226422,Open Play,Goal
3754319,2016-01-02,Swansea City,80,0.044763,Open Play,Saved
3754319,2016-01-02,Swansea City,91,0.035232,Open Play,Saved
3754319,2016-01-02,Swansea City,94,0.104197,Open Play,Off T
3754320,2016-05-01,Southampton,1,0.069555,Open Play,Saved
3754320,2016-05-01,Southampton,10,0.054033,Open Play,Off T
3754320,2016-05-01,Southampton,17,0.048293,Open Play,Off T
3754320,2016-05-01,Southampton,18,0.024292,Open Play,Off T
3754320,2016-05-01,Manchester City,19,0.314834,Open Play,Saved
3754320,2016-05-01,Southampton,24,0.190215,Open Play,Goal
3754320,2016-05-01,Southampton,27,0.150106,Open Play,Goal
3754320,2016-05-01,Southampton,31,0.051682,Open Play,Off T
3754320,2016-05-01,Manchester City,34,0.029082,Open Play,Saved
3754320,2016-05-01,Southampton,35,0.068529,Open Play,Blocked
3754320,2016-05-01,Southampton,36,0.126741,Open Play,Off T
3754320,2016-05-01,Manchester City,43,0.194563,Open Play,Goal
3754320,2016-05-01,Manchester City,49,0.115837,Open Play,Saved
3754320,2016-05-01,Southampton,56,0.108151,Open Play,Saved to Post
3754320,2016-05-01,Southampton,56,0.892503,Open Play,Wayward
3754320,2016-05-01,Southampton,56,0.808949,Open Play,Goal
3754320,2016-05-01,Southampton,66,0.066160,Open Play,Saved
3754320,2016-05-01,Southampton,67,0.330719,Open Play,Goal
3754320,2016-05-01,Manchester City,75,0.038918,Open Play,Off T
3754320,2016-05-01,Manchester City,77,0.062627,Open Play,Goal
3754320,2016-05-01,Southampton,83,0.043920,Open Play,Blocked
3754321,2016-02-27,Stoke City,6,0.048812,Open Play,Blocked
3754321,2016-02-27,Stoke City,6,0.070122,Open Play,Off T
3754321,2016-02-27,Stoke City,8,0.037826,Free Kick,Off T
3754321,2016-02-27,Aston Villa,14,0.022711,Open Play,Off T
3754321,2016-02-27,Stoke City,18,0.076770,Open Play,Off T
3754321,2016-02-27,Aston Villa,26,0.016163,Open Play,Off T
3754321,2016-02-27,Aston Villa,45,0.045351,Open Play,Off T
3754321,2016-02-27,Stoke City,49,0.062743,Open Play,Blocked
3754321,2016-02-27,Stoke City,50,0.783500,Penalty,Goal
3754321,2016-02-27,Stoke City,55,0.633319,Open Play,Goal
3754321,2016-02-27,Stoke City,62,0.810422,Open Play,Off T
3754321,2016-02-27,Stoke City,65,0.038379,Open Play,Wayward
3754321,2016-02-27,Stoke City,69,0.021848,Open Play,Off T
3754321,2016-02-27,Stoke City,75,0.006512,Open Play,Saved
3754321,2016-02-27,Aston Villa,78,0.066350,Open Play,Goal
3754321,2016-02-27,Aston Villa,88,0.032032,Open Play,Off T
3754322,2016-04-16,Manchester City,2,0.189599,Open Play,Blocked
3754322,2016-04-16,Chelsea,5,0.085660,Open Play,Blocked
3754322,2016-04-16,Manchester City,5,0.051550,Open Play,Saved
3754322,2016-04-16,Chelsea,16,0.029880,Open Play,Blocked
3754322,2016-04-16,Chelsea,18,0.022765,Open Play,Saved
3754322,2016-04-16,Chelsea,21,0.065853,Open Play,Blocked
3754322,2016-04-16,Manchester City,22,0.146740,Open Play,Saved
3754322,2016-04-16,Manchester City,26,0.403503,Open Play,Saved
3754322,2016-04-16,Chelsea,27,0.047430,Open Play,Blocked
3754322,2016-04-16,Manchester City,32,0.061697,Open Play,Goal
3754322,2016-04-16,Manchester City,36,0.083659,Open Play,Wayward
3754322,2016-04-16,Chelsea,45,0.061128,Free Kick,Off T
3754322,2016-04-16,Chelsea,47,0.389532,Open Play,Wayward
3754322,2016-04-16,Chelsea,49,0.077858,Open Play,Off T
3754322,2016-04-16,Manchester City,53,0.224839,Open Play,Goal
3754322,2016-04-16,Manchester City,55,0.049845,Open Play,Blocked
3754322,2016-04-16,Manchester City,62,0.043295,Free Kick,Blocked
3754322,2016-04-16,Manchester City,63,0.217039,Open Play,Saved
3754322,2016-04-16,Chelsea,76,0.063552,Open Play,Blocked
3754322,2016-04-16,Manchester City,79,0.783500,Penalty,Goal
3754322,2016-04-16,Chelsea,81,0.030078,Open Play,Saved
3754322,2016-04-16,Chelsea,83,0.032797,Open Play,Saved
3754322,2016-04-16,Manchester City,83,0.070739,Open Play,Off T
3754322,2016-04-16,Chelsea,89,0.078620,Open Play,Saved
3754323,2015-09-26,Norwich City,0,0.077074,Open Play,Saved
3754323,2015-09-26,West Ham United,1,0.031823,Open Play,Blocked
3754323,2015-09-26,West Ham United,4,0.164191,Open Play,Saved
3754323,2015-09-26,Norwich City,8,0.418795,Open Play,Goal
3754323,2015-09-26,Norwich City,14,0.068784,Open Play,Blocked
3754323,2015-09-26,Norwich City,18,0.077025,Open Play,Off T
3754323,2015-09-26,West Ham United,20,0.005576,Open Play,Off T
3754323,2015-09-26,Norwich City,23,0.114585,Open Play,Off T
3754323,2015-09-26,West Ham United,29,0.032859,Open Play,Off T
3754323,2015-09-26,West Ham United,32,0.525056,Open Play,Goal
3754323,2015-09-26,West Ham United,35,0.045412,Free Kick,Off T
3754323,2015-09-26,West Ham United,37,0.012698,Open Play,Blocked
3754323,2015-09-26,West Ham United,38,0.223563,Open Play,Off T
3754323,2015-09-26,West Ham United,39,0.070725,Open Play,Saved
3754323,2015-09-26,Norwich City,41,0.105014,Open Play,Off T
3754323,2015-09-26,Norwich City,46,0.015273,Open Play,Saved
3754323,2015-09-26,Norwich City,49,0.049810,Open Play,Saved
3754323,2015-09-26,West Ham United,52,0.024327,Open Play,Off T
3754323,2015-09-26,West Ham United,55,0.264080,Open Play,Saved
3754323,2015-09-26,West Ham United,55,0.061657,Open Play,Wayward
3754323,2015-09-26,West Ham United,58,0.201014,Open Play,Saved
3754323,2015-09-26,West Ham United,59,0.076100,Open Play,Off T
3754323,2015-09-26,Norwich City,61,0.116432,Open Play,Saved
3754323,2015-09-26,West Ham United,69,0.030898,Open Play,Off T
3754323,2015-09-26,Norwich City,70,0.025054,Open Play,Blocked
3754323,2015-09-26,Norwich City,71,0.011599,Open Play,Blocked
3754323,2015-09-26,Norwich City,76,0.089151,Open Play,Off T
3754323,2015-09-26,Norwich City,82,0.037403,Free Kick,Saved Off Target
3754323,2015-09-26,Norwich City,82,0.045383,Open Play,Goal
3754323,2015-09-26,Norwich City,86,0.021391,Open Play,Saved
3754323,2015-09-26,West Ham United,89,0.211127,Open Play,Saved
3754323,2015-09-26,West Ham United,89,0.052656,Open Play,Blocked
3754323,2015-09-26,West Ham United,92,0.225013,Open Play,Goal
3754323,2015-09-26,Norwich City,93,0.028949,Open Play,Blocked
3754323,2015-09-26,West Ham United,94,0.023611,Open Play,Blocked
3754324,2016-02-28,Swansea City,2,0.362951,Open Play,Saved
3754324,2016-02-28,Tottenham Hotspur,4,0.148236,Open Play,Off T
3754324,2016-02-28,Tottenham Hotspur,7,0.051359,Open Play,Blocked
3754324,2016-02-28,Tottenham Hotspur,10,0.318764,Open Play,Saved
3754324,2016-02-28,Swansea City,14,0.114022,Open Play,Blocked
3754324,2016-02-28,Swansea City,18,0.035569,Open Play,Blocked
3754324,2016-02-28,Swansea City,18,0.512996,Open Play,Goal
3754324,2016-02-28,Tottenham Hotspur,23,0.071577,Open Play,Off T
3754324,2016-02-28,Tottenham Hotspur,29,0.036597,Free Kick,Saved
3754324,2016-02-28,Tottenham Hotspur,30,0.073354,Open Play,Saved
3754324,2016-02-28,Tottenham Hotspur,31,0.050073,Open Play,Saved
3754324,2016-02-28,Tottenham Hotspur,33,0.166142,Open Play,Saved
3754324,2016-02-28,Swansea City,35,0.030036,Free Kick,Off T
3754324,2016-02-28,Swansea City,37,0.169603,Open Play,Blocked
3754324,2016-02-28,Tottenham Hotspur,41,0.205485,Open Play,Wayward
3754324,2016-02-28,Tottenham Hotspur,45,0.503306,Open Play,Saved
3754324,2016-02-28,Tottenham Hotspur,45,0.273016,Open Play,Off T
3754324,2016-02-28,Tottenham Hotspur,49,0.054012,Open Play,Saved
3754324,2016-02-28,Tottenham Hotspur,52,0.010923,Free Kick,Saved
3754324,2016-02-28,Tottenham Hotspur,53,0.008413,Open Play,Saved
3754324,2016-02-28,Tottenham Hotspur,54,0.069274,Open Play,Saved
3754324,2016-02-28,Tottenham Hotspur,57,0.034279,Open Play,Blocked
3754324,2016-02-28,Tottenham Hotspur,58,0.058414,Free Kick,Off T
3754324,2016-02-28,Tottenham Hotspur,62,0.041973,Open Play,Saved
3754324,2016-02-28,Tottenham Hotspur,63,0.022863,Open Play,Off T
3754324,2016-02-28,Tottenham Hotspur,65,0.085545,Open Play,Blocked
3754324,2016-02-28,Tottenham Hotspur,65,0.021200,Open Play,Blocked
3754324,2016-02-28,Tottenham Hotspur,66,0.024330,Open Play,Blocked
3754324,2016-02-28,Tottenham Hotspur,67,0.025230,Open Play,Off T
3754324,2016-02-28,Tottenham Hotspur,68,0.005456,Open Play,Saved
3754324,2016-02-28,Tottenham Hotspur,69,0.044634,Open Play,Wayward
3754324,2016-02-28,Tottenham Hotspur,69,0.238833,Open Play,Goal
3754324,2016-02-28,Swansea City,70,0.023559,Open Play,Blocked
3754324,2016-02-28,Swansea City,71,0.042654,Open Play,Wayward
3754324,2016-02-28,Tottenham Hotspur,71,0.006076,Open Play,Saved
3754324,2016-02-28,Tottenham Hotspur,74,0.070754,Open Play,Blocked
3754324,2016-02-28,Tottenham Hotspur,74,0.277823,Open Play,Off T
3754324,2016-02-28,Tottenham Hotspur,75,0.090668,Open Play,Wayward
3754324,2016-02-28,Tottenham Hotspur,76,0.046572,Open Play,Goal
3754324,2016-02-28,Swansea City,78,0.033935,Open Play,Saved
3754324,2016-02-28,Swansea City,81,0.022604,Open Play,Saved
3754324,2016-02-28,Tottenham Hotspur,83,0.005766,Open Play,Off T
3754324,2016-02-28,Tottenham Hotspur,86,0.036140,Open Play,Off T
3754324,2016-02-28,Swansea City,89,0.027064,Free Kick,Blocked
3754324,2016-02-28,Tottenham Hotspur,93,0.041419,Open Play,Off T
3754325,2015-09-12,Southampton,4,0.157154,Open Play,Saved
3754325,2015-09-12,Southampton,11,0.021656,Open Play,Blocked
3754325,2015-09-12,West Bromwich Albion,25,0.158615,Open Play,Off T
3754325,2015-09-12,West Bromwich Albion,29,0.034315,Open Play,Blocked
3754325,2015-09-12,West Bromwich Albion,31,0.026934,Open Play,Saved
3754325,2015-09-12,Southampton,34,0.046589,Open Play,Saved
3754325,2015-09-12,Southampton,36,0.022881,Open Play,Blocked
3754325,2015-09-12,Southampton,36,0.157744,Open Play,Off T
3754325,2015-09-12,Southampton,46,0.131697,Open Play,Wayward
3754325,2015-09-12,Southampton,52,0.042184,Open Play,Blocked
3754325,2015-09-12,Southampton,52,0.062071,Open Play,Saved
3754325,2015-09-12,West Bromwich Albion,53,0.241809,Open Play,Off T
3754325,2015-09-12,West Bromwich Albion,58,0.036676,Open Play,Blocked
3754325,2015-09-12,West Bromwich Albion,59,0.054090,Open Play,Off T
3754325,2015-09-12,Southampton,63,0.042382,Open Play,Off T
3754325,2015-09-12,Southampton,66,0.043783,Open Play,Off T
3754325,2015-09-12,Southampton,70,0.084029,Open Play,Saved
3754325,2015-09-12,Southampton,73,0.101812,Open Play,Off T
3754325,2015-09-12,West Bromwich Albion,77,0.024604,Open Play,Blocked
3754325,2015-09-12,Southampton,81,0.034614,Open Play,Blocked
3754325,2015-09-12,Southampton,86,0.036189,Open Play,Saved
3754325,2015-09-12,West Bromwich Albion,87,0.021673,Open Play,Off T
3754325,2015-09-12,Southampton,90,0.040058,Open Play,Wayward
3754325,2015-09-12,Southampton,90,0.067492,Open Play,Blocked
3754326,2015-12-28,Crystal Palace,18,0.009766,Open Play,Off T
3754326,2015-12-28,Crystal Palace,29,0.046268,Open Play,Off T
3754326,2015-12-28,Crystal Palace,42,0.029067,Open Play,Off T
3754326,2015-12-28,Crystal Palace,47,0.100850,Open Play,Saved
3754326,2015-12-28,Swansea City,48,0.061683,Open Play,Blocked
3754326,2015-12-28,Crystal Palace,50,0.040972,Open Play,Off T
3754326,2015-12-28,Swansea City,62,0.028248,Open Play,Saved
3754326,2015-12-28,Swansea City,63,0.040537,Open Play,Blocked
3754326,2015-12-28,Crystal Palace,73,0.031328,Open Play,Blocked
3754326,2015-12-28,Crystal Palace,73,0.232691,Open Play,Saved
3754326,2015-12-28,Crystal Palace,81,0.029340,Open Play,Off T
3754326,2015-12-28,Crystal Palace,88,0.022950,Free Kick,Blocked
3754326,2015-12-28,Crystal Palace,88,0.104381,Open Play,Off T
3754326,2015-12-28,Swansea City,90,0.019421,Open Play,Saved
3754326,2015-12-28,Swansea City,91,0.036290,Free Kick,Saved
3754327,2016-03-01,Everton,4,0.085060,Open Play,Goal
3754327,2016-03-01,Aston Villa,14,0.029584,Open Play,Blocked
3754327,2016-03-01,Aston Villa,23,0.023254,Open Play,Blocked
3754327,2016-03-01,Aston Villa,23,0.038362,Open Play,Saved
3754327,2016-03-01,Aston Villa,25,0.036291,Open Play,Off T
3754327,2016-03-01,Aston Villa,27,0.021996,Open Play,Saved
3754327,2016-03-01,Everton,29,0.195320,Open Play,Goal
3754327,2016-03-01,Aston Villa,31,0.009245,Open Play,Saved
3754327,2016-03-01,Everton,32,0.016489,Open Play,Saved
3754327,2016-03-01,Everton,32,0.077433,Open Play,Blocked
3754327,2016-03-01,Everton,58,0.085098,Open Play,Saved
3754327,2016-03-01,Everton,59,0.846948,Open Play,Goal
3754327,2016-03-01,Aston Villa,61,0.093886,Open Play,Blocked
3754327,2016-03-01,Aston Villa,62,0.062952,Open Play,Off T
3754327,2016-03-01,Everton,70,0.089392,Open Play,Off T
3754327,2016-03-01,Aston Villa,72,0.022673,Open Play,Off T
3754327,2016-03-01,Aston Villa,78,0.110444,Open Play,Goal
3754327,2016-03-01,Aston Villa,81,0.024365,Open Play,Blocked
3754327,2016-03-01,Aston Villa,85,0.018734,Open Play,Blocked
3754327,2016-03-01,Everton,86,0.102723,Open Play,Blocked
3754327,2016-03-01,Aston Villa,88,0.051324,Open Play,Saved
3754327,2016-03-01,Aston Villa,89,0.085672,Open Play,Off T
3754327,2016-03-01,Everton,93,0.036950,Open Play,Blocked
3754327,2016-03-01,Everton,93,0.335594,Open Play,Saved
3754328,2015-12-12,Swansea City,4,0.429697,Open Play,Saved
3754328,2015-12-12,Manchester City,13,0.079454,Open Play,Saved
3754328,2015-12-12,Swansea City,14,0.123298,Open Play,Saved
3754328,2015-12-12,Manchester City,24,0.042181,Open Play,Blocked
3754328,2015-12-12,Manchester City,25,0.164908,Open Play,Goal
3754328,2015-12-12,Swansea City,28,0.066041,Open Play,Off T
3754328,2015-12-12,Manchester City,39,0.031431,Open Play,Saved
3754328,2015-12-12,Swansea City,48,0.066499,Open Play,Blocked
3754328,2015-12-12,Manchester City,50,0.045667,Free Kick,Saved
3754328,2015-12-12,Manchester City,52,0.031770,Open Play,Off T
3754328,2015-12-12,Swansea City,53,0.141839,Open Play,Saved
3754328,2015-12-12,Swansea City,58,0.076586,Open Play,Blocked
3754328,2015-12-12,Swansea City,60,0.012162,Free Kick,Saved
3754328,2015-12-12,Manchester City,65,0.082924,Open Play,Blocked
3754328,2015-12-12,Manchester City,72,0.016809,Free Kick,Blocked
3754328,2015-12-12,Manchester City,72,0.047983,Open Play,Off T
3754328,2015-12-12,Swansea City,77,0.039883,Open Play,Blocked
3754328,2015-12-12,Swansea City,77,0.060938,Open Play,Blocked
3754328,2015-12-12,Manchester City,78,0.058838,Open Play,Off T
3754328,2015-12-12,Manchester City,81,0.066084,Open Play,Blocked
3754328,2015-12-12,Manchester City,82,0.069629,Open Play,Off T
3754328,2015-12-12,Swansea City,87,0.083517,Open Play,Off T
3754328,2015-12-12,Swansea City,89,0.097681,Open Play,Goal
3754328,2015-12-12,Manchester City,91,0.010474,Open Play,Blocked
3754328,2015-12-12,Manchester City,91,0.034894,Open Play,Goal
3754328,2015-12-12,Swansea City,94,0.009004,Open Play,Blocked
3754328,2015-12-12,Swansea City,94,0.026915,Open Play,Saved
3754329,2015-09-14,West Ham United,8,0.043700,Open Play,Goal
3754329,2015-09-14,Newcastle United,13,0.089899,Open Play,Blocked
3754329,2015-09-14,Newcastle United,13,0.007076,Open Play,Blocked
3754329,2015-09-14,West Ham United,17,0.149857,Open Play,Off T
3754329,2015-09-14,Newcastle United,19,0.257223,Open Play,Saved
3754329,2015-09-14,Newcastle United,20,0.069876,Open Play,Off T
3754329,2015-09-14,West Ham United,22,0.030891,Open Play,Off T
3754329,2015-09-14,West Ham United,24,0.028381,Open Play,Off T
3754329,2015-09-14,Newcastle United,27,0.018588,Open Play,Off T
3754329,2015-09-14,Newcastle United,42,0.021552,Open Play,Blocked
3754329,2015-09-14,West Ham United,42,0.044379,Open Play,Off T
3754329,2015-09-14,West Ham United,44,0.042022,Open Play,Off T
3754329,2015-09-14,West Ham United,47,0.498903,Open Play,Post
3754329,2015-09-14,West Ham United,47,0.251757,Open Play,Goal
3754329,2015-09-14,Newcastle United,51,0.013898,Open Play,Off T
3754329,2015-09-14,West Ham United,51,0.027052,Open Play,Blocked
3754329,2015-09-14,Newcastle United,53,0.078118,Open Play,Off T
3754329,2015-09-14,Newcastle United,59,0.022815,Open Play,Off T
3754329,2015-09-14,Newcastle United,65,0.060319,Open Play,Saved
3754329,2015-09-14,West Ham United,68,0.009053,Free Kick,Off T
3754329,2015-09-14,West Ham United,69,0.031260,Open Play,Blocked
3754329,2015-09-14,West Ham United,70,0.030232,Open Play,Blocked
3754329,2015-09-14,West Ham United,70,0.120310,Open Play,Wayward
3754329,2015-09-14,West Ham United,73,0.094475,Open Play,Blocked
3754329,2015-09-14,Newcastle United,73,0.053084,Open Play,Saved
3754329,2015-09-14,Newcastle United,80,0.027739,Open Play,Blocked
3754329,2015-09-14,Newcastle United,80,0.074729,Open Play,Saved
3754329,2015-09-14,West Ham United,84,0.056388,Open Play,Blocked
3754329,2015-09-14,West Ham United,84,0.600787,Open Play,Saved
3754329,2015-09-14,Newcastle United,89,0.017076,Open Play,Blocked
3754329,2015-09-14,West Ham United,92,0.033048,Open Play,Blocked
3754330,2015-10-03,Stoke City,3,0.212002,Open Play,Blocked
3754330,2015-10-03,Stoke City,4,0.080150,Open Play,Wayward
3754330,2015-10-03,Stoke City,6,0.028069,Open Play,Off T
3754330,2015-10-03,Stoke City,16,0.003487,Open Play,Saved
3754330,2015-10-03,Stoke City,22,0.279458,Open Play,Wayward
3754330,2015-10-03,Stoke City,35,0.090377,Open Play,Blocked
3754330,2015-10-03,Stoke City,36,0.051915,Open Play,Saved
3754330,2015-10-03,Aston Villa,38,0.030329,Open Play,Off T
3754330,2015-10-03,Aston Villa,45,0.026708,Open Play,Saved
3754330,2015-10-03,Stoke City,54,0.420452,Open Play,Goal
3754330,2015-10-03,Aston Villa,55,0.133331,Open Play,Off T
3754330,2015-10-03,Aston Villa,62,0.040674,Free Kick,Blocked
3754330,2015-10-03,Aston Villa,63,0.022386,Open Play,Blocked
3754330,2015-10-03,Stoke City,65,0.126379,Open Play,Wayward
3754330,2015-10-03,Aston Villa,66,0.041613,Open Play,Saved
3754330,2015-10-03,Stoke City,70,0.068989,Open Play,Blocked
3754330,2015-10-03,Aston Villa,76,0.066195,Open Play,Blocked
3754330,2015-10-03,Aston Villa,76,0.079751,Open Play,Blocked
3754330,2015-10-03,Aston Villa,76,0.026187,Open Play,Off T
3754330,2015-10-03,Stoke City,85,0.012704,Open Play,Saved
3754330,2015-10-03,Aston Villa,87,0.037690,Open Play,Off T
3754330,2015-10-03,Stoke City,90,0.034851,Open Play,Saved
3754330,2015-10-03,Aston Villa,91,0.034182,Open Play,Blocked
3754330,2015-10-03,Aston Villa,92,0.057571,Free Kick,Blocked
3754330,2015-10-03,Aston Villa,92,0.026104,Open Play,Blocked
3754331,2016-02-27,West Ham United,18,0.030330,Open Play,Saved
3754331,2016-02-27,West Ham United,18,0.123497,Open Play,Off T
3754331,2016-02-27,Sunderland,22,0.008324,Free Kick,Post
3754331,2016-02-27,West Ham United,29,0.013405,Open Play,Goal
3754331,2016-02-27,Sunderland,30,0.004645,Open Play,Off T
3754331,2016-02-27,Sunderland,33,0.021428,Open Play,Blocked
3754331,2016-02-27,West Ham United,34,0.032865,Open Play,Off T
3754331,2016-02-27,West Ham United,37,0.014630,Open Play,Saved
3754331,2016-02-27,Sunderland,46,0.117579,Open Play,Off T
3754331,2016-02-27,Sunderland,54,0.116945,Open Play,Off T
3754331,2016-02-27,Sunderland,57,0.056776,Free Kick,Blocked
3754331,2016-02-27,Sunderland,59,0.030052,Open Play,Off T
3754331,2016-02-27,West Ham United,67,0.078321,Open Play,Off T
3754331,2016-02-27,West Ham United,68,0.042187,Open Play,Saved Off Target
3754331,2016-02-27,Sunderland,71,0.079782,Free Kick,Saved
3754331,2016-02-27,Sunderland,73,0.417552,Open Play,Saved
3754331,2016-02-27,West Ham United,76,0.453217,Open Play,Post
3754331,2016-02-27,Sunderland,77,0.108166,Open Play,Blocked
3754331,2016-02-27,Sunderland,78,0.043983,Open Play,Off T
3754331,2016-02-27,Sunderland,79,0.018102,Open Play,Saved
3754331,2016-02-27,Sunderland,79,0.107286,Open Play,Saved
3754331,2016-02-27,West Ham United,82,0.076512,Open Play,Off T
3754332,2016-04-25,Tottenham Hotspur,2,0.010337,Open Play,Blocked
3754332,2016-04-25,Tottenham Hotspur,3,0.009006,Free Kick,Saved
3754332,2016-04-25,Tottenham Hotspur,4,0.139150,Open Play,Blocked
3754332,2016-04-25,Tottenham Hotspur,4,0.104662,Open Play,Off T
3754332,2016-04-25,Tottenham Hotspur,6,0.071406,Open Play,Saved to Post
3754332,2016-04-25,Tottenham Hotspur,12,0.050145,Free Kick,Post
3754332,2016-04-25,Tottenham Hotspur,18,0.009411,Open Play,Blocked
3754332,2016-04-25,Tottenham Hotspur,19,0.031994,Open Play,Saved
3754332,2016-04-25,Tottenham Hotspur,20,0.150806,Open Play,Off T
3754332,2016-04-25,West Bromwich Albion,28,0.073628,Open Play,Off T
3754332,2016-04-25,Tottenham Hotspur,33,0.047884,Open Play,Blocked
3754332,2016-04-25,West Bromwich Albion,37,0.011049,Open Play,Blocked
3754332,2016-04-25,West Bromwich Albion,42,0.015858,Open Play,Blocked
3754332,2016-04-25,West Bromwich Albion,43,0.016148,Open Play,Blocked
3754332,2016-04-25,West Bromwich Albion,43,0.038150,Open Play,Blocked
3754332,2016-04-25,West Bromwich Albion,44,0.013493,Open Play,Blocked
3754332,2016-04-25,West Bromwich Albion,45,0.015483,Open Play,Blocked
3754332,2016-04-25,West Bromwich Albion,46,0.161216,Open Play,Off T
3754332,2016-04-25,West Bromwich Albion,52,0.048422,Free Kick,Saved
3754332,2016-04-25,Tottenham Hotspur,55,0.008420,Open Play,Blocked
3754332,2016-04-25,Tottenham Hotspur,57,0.230537,Open Play,Post
3754332,2016-04-25,West Bromwich Albion,62,0.192265,Open Play,Off T
3754332,2016-04-25,Tottenham Hotspur,63,0.053621,Open Play,Off T
3754332,2016-04-25,West Bromwich Albion,64,0.017043,Open Play,Off T
3754332,2016-04-25,Tottenham Hotspur,65,0.082600,Open Play,Blocked
3754332,2016-04-25,Tottenham Hotspur,67,0.015302,Open Play,Off T
3754332,2016-04-25,Tottenham Hotspur,70,0.017216,Open Play,Off T
3754332,2016-04-25,West Bromwich Albion,71,0.059712,Open Play,Blocked
3754332,2016-04-25,West Bromwich Albion,71,0.044546,Open Play,Saved
3754332,2016-04-25,West Bromwich Albion,72,0.108182,Open Play,Goal
3754332,2016-04-25,Tottenham Hotspur,81,0.027808,Free Kick,Off T
3754332,2016-04-25,West Bromwich Albion,81,0.037693,Open Play,Off T
3754332,2016-04-25,West Bromwich Albion,85,0.050620,Open Play,Off T
3754333,2016-05-15,Tottenham Hotspur,1,0.029932,Open Play,Blocked
3754333,2016-05-15,Tottenham Hotspur,2,0.031912,Open Play,Off T
3754333,2016-05-15,Tottenham Hotspur,3,0.045667,Open Play,Off T
3754333,2016-05-15,Newcastle United,7,0.046131,Open Play,Blocked
3754333,2016-05-15,Newcastle United,7,0.115629,Open Play,Saved
3754333,2016-05-15,Newcastle United,9,0.075723,Open Play,Blocked
3754333,2016-05-15,Newcastle United,11,0.040301,Open Play,Off T
3754333,2016-05-15,Newcastle United,15,0.009580,Open Play,Blocked
3754333,2016-05-15,Newcastle United,17,0.039380,Open Play,Blocked
3754333,2016-05-15,Newcastle United,18,0.069652,Open Play,Goal
3754333,2016-05-15,Tottenham Hotspur,21,0.048137,Open Play,Blocked
3754333,2016-05-15,Newcastle United,29,0.008028,Open Play,Off T
3754333,2016-05-15,Newcastle United,31,0.056536,Open Play,Saved
3754333,2016-05-15,Tottenham Hotspur,32,0.008879,Open Play,Saved
3754333,2016-05-15,Newcastle United,34,0.010467,Open Play,Blocked
3754333,2016-05-15,Tottenham Hotspur,35,0.017231,Open Play,Off T
3754333,2016-05-15,Newcastle United,38,0.079352,Open Play,Goal
3754333,2016-05-15,Tottenham Hotspur,44,0.062768,Open Play,Saved
3754333,2016-05-15,Tottenham Hotspur,53,0.062241,Open Play,Blocked
3754333,2016-05-15,Tottenham Hotspur,56,0.078060,Free Kick,Blocked
3754333,2016-05-15,Tottenham Hotspur,58,0.137709,Open Play,Saved
3754333,2016-05-15,Tottenham Hotspur,59,0.014149,Open Play,Goal
3754333,2016-05-15,Newcastle United,62,0.018112,Open Play,Blocked
3754333,2016-05-15,Tottenham Hotspur,64,0.107970,Open Play,Saved
3754333,2016-05-15,Tottenham Hotspur,67,0.033257,Open Play,Off T
3754333,2016-05-15,Newcastle United,72,0.783500,Penalty,Goal
3754333,2016-05-15,Tottenham Hotspur,74,0.034445,Open Play,Blocked
3754333,2016-05-15,Tottenham Hotspur,76,0.032882,Open Play,Off T
3754333,2016-05-15,Newcastle United,78,0.026060,Open Play,Saved
3754333,2016-05-15,Newcastle United,79,0.168335,Open Play,Saved
3754333,2016-05-15,Newcastle United,80,0.047293,Open Play,Off T
3754333,2016-05-15,Newcastle United,81,0.279933,Open Play,Saved
3754333,2016-05-15,Newcastle United,83,0.011854,Open Play,Post
3754333,2016-05-15,Newcastle United,83,0.069070,Open Play,Goal
3754333,2016-05-15,Newcastle United,85,0.123548,Open Play,Goal
3754333,2016-05-15,Tottenham Hotspur,88,0.034786,Open Play,Blocked
3754333,2016-05-15,Tottenham Hotspur,90,0.090332,Open Play,Post
3754334,2016-03-01,AFC Bournemouth,0,0.046404,Open Play,Saved
3754334,2016-03-01,AFC Bournemouth,2,0.110751,Open Play,Blocked
3754334,2016-03-01,Southampton,5,0.124934,Open Play,Off T
3754334,2016-03-01,Southampton,11,0.006277,Open Play,Blocked
3754334,2016-03-01,AFC Bournemouth,13,0.036409,Open Play,Blocked
3754334,2016-03-01,Southampton,16,0.124739,Open Play,Off T
3754334,2016-03-01,Southampton,23,0.039084,Open Play,Blocked
3754334,2016-03-01,AFC Bournemouth,25,0.043036,Open Play,Blocked
3754334,2016-03-01,AFC Bournemouth,30,0.006391,Free Kick,Saved
3754334,2016-03-01,AFC Bournemouth,30,0.239670,Open Play,Goal
3754334,2016-03-01,AFC Bournemouth,33,0.032986,Open Play,Off T
3754334,2016-03-01,Southampton,72,0.024073,Open Play,Off T
3754334,2016-03-01,AFC Bournemouth,78,0.155969,Open Play,Goal
3754334,2016-03-01,AFC Bournemouth,84,0.020507,Open Play,Saved
3754334,2016-03-01,Southampton,86,0.213304,Open Play,Saved
3754334,2016-03-01,AFC Bournemouth,91,0.017482,Open Play,Off T
3754335,2015-10-03,Norwich City,2,0.139287,Open Play,Off T
3754335,2015-10-03,Leicester City,6,0.207982,Open Play,Off T
3754335,2015-10-03,Norwich City,13,0.028765,Open Play,Blocked
3754335,2015-10-03,Norwich City,18,0.011789,Open Play,Wayward
3754335,2015-10-03,Leicester City,19,0.016618,Open Play,Saved
3754335,2015-10-03,Leicester City,23,0.109361,Open Play,Blocked
3754335,2015-10-03,Leicester City,24,0.181459,Open Play,Saved
3754335,2015-10-03,Leicester City,24,0.045465,Open Play,Blocked
3754335,2015-10-03,Leicester City,27,0.783500,Penalty,Goal
3754335,2015-10-03,Leicester City,29,0.836231,Open Play,Wayward
3754335,2015-10-03,Norwich City,39,0.022768,Open Play,Off T
3754335,2015-10-03,Leicester City,40,0.210896,Open Play,Off T
3754335,2015-10-03,Leicester City,42,0.100171,Open Play,Off T
3754335,2015-10-03,Leicester City,45,0.020952,Open Play,Off T
3754335,2015-10-03,Norwich City,45,0.082484,Open Play,Blocked
3754335,2015-10-03,Leicester City,46,0.216924,Open Play,Goal
3754335,2015-10-03,Norwich City,59,0.093462,Open Play,Wayward
3754335,2015-10-03,Norwich City,62,0.028322,Open Play,Off T
3754335,2015-10-03,Norwich City,66,0.154320,Open Play,Post
3754335,2015-10-03,Norwich City,67,0.064918,Open Play,Blocked
3754335,2015-10-03,Norwich City,67,0.362293,Open Play,Goal
3754335,2015-10-03,Norwich City,72,0.069908,Open Play,Blocked
3754335,2015-10-03,Leicester City,75,0.029739,Open Play,Off T
3754335,2015-10-03,Norwich City,78,0.023219,Open Play,Blocked
3754335,2015-10-03,Leicester City,82,0.073189,Open Play,Off T
3754335,2015-10-03,Norwich City,85,0.010022,Open Play,Saved
3754335,2015-10-03,Norwich City,85,0.062368,Open Play,Off T
3754335,2015-10-03,Leicester City,87,0.142749,Open Play,Off T
3754335,2015-10-03,Leicester City,89,0.200899,Open Play,Blocked
3754335,2015-10-03,Norwich City,91,0.012578,Open Play,Blocked
3754335,2015-10-03,Norwich City,91,0.080680,Open Play,Off T
3754335,2015-10-03,Leicester City,94,0.342974,Open Play,Saved
3754335,2015-10-03,Norwich City,94,0.041413,Open Play,Blocked
3754336,2015-09-12,Everton,7,0.033941,Open Play,Off T
3754336,2015-09-12,Chelsea,10,0.062782,Open Play,Off T
3754336,2015-09-12,Everton,16,0.507802,Open Play,Goal
3754336,2015-09-12,Everton,18,0.129292,Open Play,Saved
3754336,2015-09-12,Everton,19,0.025027,Open Play,Saved
3754336,2015-09-12,Everton,21,0.040460,Open Play,Goal
3754336,2015-09-12,Chelsea,23,0.026284,Open Play,Off T
3754336,2015-09-12,Chelsea,25,0.093902,Open Play,Blocked
3754336,2015-09-12,Chelsea,35,0.016638,Open Play,Goal
3754336,2015-09-12,Chelsea,37,0.057217,Open Play,Blocked
3754336,2015-09-12,Chelsea,38,0.078713,Open Play,Off T
3754336,2015-09-12,Chelsea,39,0.012008,Open Play,Blocked
3754336,2015-09-12,Chelsea,41,0.039079,Open Play,Blocked
3754336,2015-09-12,Chelsea,42,0.022232,Open Play,Blocked
3754336,2015-09-12,Chelsea,42,0.127544,Open Play,Off T
3754336,2015-09-12,Chelsea,44,0.026054,Open Play,Off T
3754336,2015-09-12,Everton,46,0.068912,Open Play,Off T
3754336,2015-09-12,Chelsea,50,0.056744,Open Play,Blocked
3754336,2015-09-12,Everton,54,0.037001,Open Play,Off T
3754336,2015-09-12,Everton,57,0.110613,Open Play,Saved
3754336,2015-09-12,Chelsea,59,0.010201,Open Play,Off T
3754336,2015-09-12,Everton,60,0.013452,Open Play,Off T
3754336,2015-09-12,Everton,62,0.027134,Open Play,Saved
3754336,2015-09-12,Everton,67,0.067203,Open Play,Saved
3754336,2015-09-12,Everton,74,0.010753,Open Play,Off T
3754336,2015-09-12,Chelsea,79,0.022147,Open Play,Blocked
3754336,2015-09-12,Everton,81,0.103562,Open Play,Goal
3754336,2015-09-12,Chelsea,84,0.144248,Open Play,Saved
3754336,2015-09-12,Everton,85,0.034882,Free Kick,Saved
3754337,2015-08-30,Southampton,1,0.032776,Free Kick,Saved
3754337,2015-08-30,Southampton,1,0.052692,Open Play,Off T
3754337,2015-08-30,Southampton,3,0.061865,Open Play,Off T
3754337,2015-08-30,Southampton,8,0.111540,Open Play,Off T
3754337,2015-08-30,Southampton,12,0.045490,Open Play,Saved
3754337,2015-08-30,Southampton,18,0.036482,Open Play,Off T
3754337,2015-08-30,Norwich City,19,0.507117,Open Play,Off T
3754337,2015-08-30,Norwich City,23,0.038744,Open Play,Blocked
3754337,2015-08-30,Southampton,25,0.126014,Open Play,Blocked
3754337,2015-08-30,Southampton,29,0.042322,Open Play,Off T
3754337,2015-08-30,Southampton,43,0.022660,Open Play,Blocked
3754337,2015-08-30,Southampton,45,0.225059,Open Play,Goal
3754337,2015-08-30,Southampton,47,0.074123,Open Play,Wayward
3754337,2015-08-30,Southampton,51,0.052950,Open Play,Blocked
3754337,2015-08-30,Southampton,55,0.110656,Open Play,Saved
3754337,2015-08-30,Southampton,56,0.043630,Open Play,Saved
3754337,2015-08-30,Southampton,57,0.027883,Open Play,Off T
3754337,2015-08-30,Southampton,58,0.057285,Open Play,Off T
3754337,2015-08-30,Norwich City,59,0.053818,Open Play,Blocked
3754337,2015-08-30,Southampton,61,0.127712,Open Play,Off T
3754337,2015-08-30,Southampton,63,0.252590,Open Play,Goal
3754337,2015-08-30,Southampton,66,0.166964,Open Play,Saved
3754337,2015-08-30,Southampton,66,0.820904,Open Play,Goal
3754337,2015-08-30,Southampton,71,0.031784,Open Play,Off T
3754337,2015-08-30,Southampton,73,0.010044,Open Play,Off T
3754337,2015-08-30,Southampton,80,0.052268,Free Kick,Off T
3754337,2015-08-30,Norwich City,84,0.018604,Open Play,Off T
3754337,2015-08-30,Norwich City,92,0.028297,Open Play,Saved
3754337,2015-08-30,Norwich City,92,0.133127,Open Play,Off T
3754338,2016-01-16,Newcastle United,4,0.123040,Open Play,Saved
3754338,2016-01-16,Newcastle United,5,0.075579,Open Play,Goal
3754338,2016-01-16,Newcastle United,6,0.007578,Open Play,Saved
3754338,2016-01-16,West Ham United,12,0.043477,Open Play,Off T
3754338,2016-01-16,Newcastle United,14,0.652843,Open Play,Goal
3754338,2016-01-16,Newcastle United,18,0.347765,Open Play,Saved
3754338,2016-01-16,West Ham United,27,0.160993,Open Play,Off T
3754338,2016-01-16,Newcastle United,30,0.053373,Open Play,Blocked
3754338,2016-01-16,Newcastle United,32,0.129631,Open Play,Blocked
3754338,2016-01-16,Newcastle United,32,0.090887,Open Play,Blocked
3754338,2016-01-16,West Ham United,36,0.243387,Open Play,Off T
3754338,2016-01-16,West Ham United,42,0.136620,Open Play,Saved
3754338,2016-01-16,West Ham United,42,0.011598,Open Play,Blocked
3754338,2016-01-16,West Ham United,43,0.032994,Open Play,Off T
3754338,2016-01-16,Newcastle United,47,0.117062,Open Play,Off T
3754338,2016-01-16,West Ham United,48,0.713328,Open Play,Goal
3754338,2016-01-16,Newcastle United,57,0.009459,Open Play,Off T
3754338,2016-01-16,Newcastle United,59,0.112846,Open Play,Saved Off Target
3754338,2016-01-16,Newcastle United,64,0.030746,Open Play,Blocked
3754338,2016-01-16,Newcastle United,64,0.101552,Open Play,Saved
3754338,2016-01-16,Newcastle United,65,0.041100,Open Play,Blocked
3754338,2016-01-16,West Ham United,71,0.023729,Open Play,Blocked
3754338,2016-01-16,Newcastle United,75,0.222321,Open Play,Saved
3754338,2016-01-16,Newcastle United,77,0.027301,Open Play,Saved
3754338,2016-01-16,Newcastle United,87,0.022990,Open Play,Off T
3754338,2016-01-16,West Ham United,88,0.173531,Open Play,Saved
3754338,2016-01-16,Newcastle United,88,0.062339,Open Play,Blocked
3754338,2016-01-16,Newcastle United,88,0.063036,Open Play,Off T
3754338,2016-01-16,West Ham United,89,0.035020,Open Play,Off T
3754338,2016-01-16,Newcastle United,90,0.016329,Open Play,Blocked
3754338,2016-01-16,Newcastle United,93,0.017598,Open Play,Saved
3754338,2016-01-16,Newcastle United,93,0.031665,Open Play,Off T
3754338,2016-01-16,Newcastle United,95,0.024742,Open Play,Saved
3754339,2015-09-26,Stoke City,22,0.014575,Open Play,Saved
3754339,2015-09-26,Stoke City,24,0.019115,Open Play,Saved
3754339,2015-09-26,AFC Bournemouth,30,0.016738,Open Play,Saved
3754339,2015-09-26,Stoke City,31,0.290238,Open Play,Goal
3754339,2015-09-26,AFC Bournemouth,34,0.071461,Open Play,Saved
3754339,2015-09-26,AFC Bournemouth,43,0.487240,Open Play,Blocked
3754339,2015-09-26,AFC Bournemouth,50,0.021361,Open Play,Blocked
3754339,2015-09-26,Stoke City,53,0.264304,Open Play,Off T
3754339,2015-09-26,Stoke City,47,0.119578,Open Play,Blocked
3754339,2015-09-26,AFC Bournemouth,59,0.042467,Open Play,Saved
3754339,2015-09-26,AFC Bournemouth,64,0.019509,Open Play,Blocked
3754339,2015-09-26,AFC Bournemouth,75,0.048589,Open Play,Blocked
3754339,2015-09-26,AFC Bournemouth,75,0.082822,Open Play,Goal
3754339,2015-09-26,Stoke City,77,0.040398,Open Play,Saved
3754339,2015-09-26,AFC Bournemouth,80,0.079712,Open Play,Saved
3754339,2015-09-26,Stoke City,82,0.191902,Open Play,Goal
3754339,2015-09-26,AFC Bournemouth,86,0.023093,Open Play,Blocked
3754339,2015-09-26,AFC Bournemouth,86,0.160388,Open Play,Saved
3754339,2015-09-26,Stoke City,92,0.144122,Open Play,Off T
3754340,2016-02-02,West Bromwich Albion,1,0.058354,Open Play,Saved
3754340,2016-02-02,Swansea City,18,0.009201,Open Play,Off T
3754340,2016-02-02,Swansea City,26,0.020709,Open Play,Blocked
3754340,2016-02-02,West Bromwich Albion,29,0.043677,Open Play,Off T
3754340,2016-02-02,Swansea City,32,0.006089,Open Play,Saved
3754340,2016-02-02,Swansea City,33,0.140428,Open Play,Off T
3754340,2016-02-02,Swansea City,35,0.096811,Open Play,Off T
3754340,2016-02-02,West Bromwich Albion,38,0.341389,Open Play,Off T
3754340,2016-02-02,West Bromwich Albion,39,0.115179,Open Play,Off T
3754340,2016-02-02,West Bromwich Albion,41,0.031177,Open Play,Wayward
3754340,2016-02-02,West Bromwich Albion,41,0.250114,Open Play,Off T
3754340,2016-02-02,Swansea City,49,0.234420,Open Play,Saved
3754340,2016-02-02,West Bromwich Albion,51,0.008695,Free Kick,Saved
3754340,2016-02-02,Swansea City,50,0.084224,Open Play,Wayward
3754340,2016-02-02,West Bromwich Albion,54,0.083841,Open Play,Off T
3754340,2016-02-02,West Bromwich Albion,59,0.023653,Open Play,Saved
3754340,2016-02-02,Swansea City,60,0.080811,Open Play,Off T
3754340,2016-02-02,West Bromwich Albion,62,0.041613,Open Play,Blocked
3754340,2016-02-02,Swansea City,63,0.061024,Open Play,Blocked
3754340,2016-02-02,Swansea City,63,0.094804,Open Play,Goal
3754340,2016-02-02,Swansea City,70,0.039808,Open Play,Blocked
3754340,2016-02-02,Swansea City,71,0.054201,Open Play,Saved
3754340,2016-02-02,West Bromwich Albion,71,0.033867,Open Play,Off T
3754340,2016-02-02,Swansea City,73,0.039772,Open Play,Blocked
3754340,2016-02-02,Swansea City,74,0.018953,Open Play,Blocked
3754340,2016-02-02,Swansea City,75,0.014283,Open Play,Off T
3754340,2016-02-02,West Bromwich Albion,76,0.037125,Open Play,Saved
3754340,2016-02-02,Swansea City,86,0.045628,Open Play,Off T
3754340,2016-02-02,Swansea City,87,0.430580,Open Play,Post
3754340,2016-02-02,Swansea City,87,0.024618,Open Play,Off T
3754340,2016-02-02,West Bromwich Albion,88,0.029911,Open Play,Saved
3754340,2016-02-02,West Bromwich Albion,89,0.028352,Open Play,Off T
3754340,2016-02-02,West Bromwich Albion,91,0.146707,Open Play,Blocked
3754340,2016-02-02,West Bromwich Albion,91,0.106810,Open Play,Blocked
3754340,2016-02-02,West Bromwich Albion,91,0.301724,Open Play,Blocked
3754340,2016-02-02,West Bromwich Albion,91,0.509768,Open Play,Goal
3754341,2016-01-23,Leicester City,9,0.029108,Open Play,Saved
3754341,2016-01-23,Leicester City,17,0.057609,Open Play,Saved
3754341,2016-01-23,Leicester City,18,0.169842,Open Play,Off T
3754341,2016-01-23,Leicester City,25,0.017167,Open Play,Off T
3754341,2016-01-23,Leicester City,35,0.088837,Open Play,Off T
3754341,2016-01-23,Leicester City,41,0.026239,Open Play,Goal
3754341,2016-01-23,Leicester City,56,0.122986,Open Play,Blocked
3754341,2016-01-23,Stoke City,60,0.119683,Open Play,Saved
3754341,2016-01-23,Leicester City,65,0.061992,Open Play,Off T
3754341,2016-01-23,Leicester City,65,0.280527,Open Play,Goal
3754341,2016-01-23,Stoke City,67,0.014470,Open Play,Blocked
3754341,2016-01-23,Stoke City,67,0.017792,Open Play,Saved
3754341,2016-01-23,Leicester City,79,0.109877,Open Play,Blocked
3754341,2016-01-23,Leicester City,81,0.080674,Free Kick,Off T
3754341,2016-01-23,Leicester City,84,0.016795,Open Play,Off T
3754341,2016-01-23,Leicester City,86,0.080525,Open Play,Wayward
3754341,2016-01-23,Leicester City,86,0.732457,Open Play,Goal
3754342,2016-05-08,Watford,7,0.007174,Open Play,Off T
3754342,2016-05-08,Watford,9,0.129993,Open Play,Off T
3754342,2016-05-08,Liverpool,11,0.047933,Open Play,Blocked
3754342,2016-05-08,Liverpool,12,0.051947,Open Play,Off T
3754342,2016-05-08,Liverpool,17,0.033511,Open Play,Off T
3754342,2016-05-08,Watford,24,0.045802,Open Play,Off T
3754342,2016-05-08,Liverpool,27,0.025909,Open Play,Off T
3754342,2016-05-08,Watford,29,0.086000,Open Play,Blocked
3754342,2016-05-08,Watford,29,0.038150,Open Play,Blocked
3754342,2016-05-08,Liverpool,33,0.075465,Free Kick,Blocked
3754342,2016-05-08,Liverpool,33,0.024206,Open Play,Blocked
3754342,2016-05-08,Liverpool,34,0.604675,Open Play,Goal
3754342,2016-05-08,Watford,36,0.136794,Open Play,Off T
3754342,2016-05-08,Watford,39,0.044709,Open Play,Blocked
3754342,2016-05-08,Liverpool,40,0.005545,Open Play,Saved Off Target
3754342,2016-05-08,Liverpool,41,0.072787,Open Play,Blocked
3754342,2016-05-08,Liverpool,47,0.489345,Open Play,Off T
3754342,2016-05-08,Liverpool,48,0.053963,Open Play,Saved
3754342,2016-05-08,Watford,54,0.221803,Open Play,Saved
3754342,2016-05-08,Watford,55,0.009915,Open Play,Off T
3754342,2016-05-08,Liverpool,61,0.013506,Open Play,Saved
3754342,2016-05-08,Watford,67,0.088781,Free Kick,Off T
3754342,2016-05-08,Watford,71,0.058024,Open Play,Saved
3754342,2016-05-08,Liverpool,75,0.094673,Open Play,Goal
3754342,2016-05-08,Watford,76,0.086967,Open Play,Saved
3754342,2016-05-08,Watford,77,0.116851,Open Play,Off T
3754342,2016-05-08,Watford,80,0.182061,Open Play,Wayward
3754342,2016-05-08,Liverpool,81,0.328525,Open Play,Saved
3754342,2016-05-08,Liverpool,82,0.049318,Open Play,Blocked
3754342,2016-05-08,Liverpool,86,0.396574,Open Play,Wayward
3754342,2016-05-08,Liverpool,86,0.091473,Open Play,Post
3754342,2016-05-08,Liverpool,88,0.065944,Open Play,Blocked
3754342,2016-05-08,Liverpool,91,0.613402,Open Play,Off T
3754343,2015-12-26,Liverpool,2,0.009395,Open Play,Off T
3754343,2015-12-26,Liverpool,9,0.031842,Open Play,Blocked
3754343,2015-12-26,Liverpool,10,0.039187,Open Play,Blocked
3754343,2015-12-26,Liverpool,10,0.033574,Open Play,Blocked
3754343,2015-12-26,Liverpool,11,0.023985,Open Play,Blocked
3754343,2015-12-26,Liverpool,11,0.035647,Open Play,Wayward
3754343,2015-12-26,Leicester City,14,0.153458,Open Play,Wayward
3754343,2015-12-26,Liverpool,15,0.105201,Open Play,Off T
3754343,2015-12-26,Liverpool,16,0.079930,Open Play,Off T
3754343,2015-12-26,Liverpool,18,0.019151,Open Play,Blocked
3754343,2015-12-26,Liverpool,22,0.036724,Open Play,Saved
3754343,2015-12-26,Liverpool,22,0.021010,Open Play,Blocked
3754343,2015-12-26,Liverpool,23,0.025857,Open Play,Wayward
3754343,2015-12-26,Liverpool,23,0.160470,Open Play,Off T
3754343,2015-12-26,Liverpool,24,0.072045,Open Play,Saved
3754343,2015-12-26,Liverpool,26,0.058426,Open Play,Off T
3754343,2015-12-26,Leicester City,27,0.105575,Open Play,Off T
3754343,2015-12-26,Liverpool,32,0.064883,Open Play,Saved
3754343,2015-12-26,Liverpool,33,0.035656,Open Play,Blocked
3754343,2015-12-26,Liverpool,34,0.034578,Open Play,Blocked
3754343,2015-12-26,Liverpool,35,0.026633,Open Play,Blocked
3754343,2015-12-26,Liverpool,39,0.022989,Open Play,Blocked
3754343,2015-12-26,Leicester City,41,0.056684,Open Play,Saved
3754343,2015-12-26,Leicester City,45,0.067840,Open Play,Saved
3754343,2015-12-26,Liverpool,59,0.079099,Open Play,Off T
3754343,2015-12-26,Liverpool,62,0.128074,Open Play,Goal
3754343,2015-12-26,Leicester City,73,0.232501,Open Play,Saved
3754343,2015-12-26,Liverpool,77,0.032619,Open Play,Off T
3754343,2015-12-26,Liverpool,83,0.024573,Open Play,Off T
3754343,2015-12-26,Liverpool,86,0.070290,Open Play,Off T
3754343,2015-12-26,Leicester City,88,0.125190,Open Play,Blocked
3754343,2015-12-26,Liverpool,94,0.505459,Open Play,Blocked
3754343,2015-12-26,Leicester City,95,0.060220,Open Play,Off T
3754344,2015-08-15,Swansea City,2,0.025165,Open Play,Wayward
3754344,2015-08-15,Swansea City,2,0.075420,Open Play,Blocked
3754344,2015-08-15,Swansea City,2,0.030804,Open Play,Saved
3754344,2015-08-15,Swansea City,6,0.038047,Open Play,Saved
3754344,2015-08-15,Swansea City,8,0.957205,Open Play,Goal
3754344,2015-08-15,Newcastle United,9,0.059786,Open Play,Saved
3754344,2015-08-15,Swansea City,11,0.007546,Open Play,Blocked
3754344,2015-08-15,Newcastle United,15,0.033025,Open Play,Saved
3754344,2015-08-15,Swansea City,28,0.023961,Open Play,Blocked
3754344,2015-08-15,Newcastle United,30,0.027536,Open Play,Off T
3754344,2015-08-15,Swansea City,43,0.030028,Open Play,Post
3754344,2015-08-15,Swansea City,43,0.006892,Open Play,Off T
3754344,2015-08-15,Newcastle United,45,0.008378,Free Kick,Off T
3754344,2015-08-15,Swansea City,47,0.046652,Open Play,Post
3754344,2015-08-15,Swansea City,50,0.036710,Open Play,Off T
3754344,2015-08-15,Swansea City,51,0.078826,Open Play,Goal
3754344,2015-08-15,Swansea City,58,0.032251,Open Play,Blocked
3754344,2015-08-15,Swansea City,62,0.260792,Open Play,Off T
3754344,2015-08-15,Swansea City,78,0.010636,Open Play,Saved
3754344,2015-08-15,Swansea City,88,0.053130,Open Play,Blocked
3754344,2015-08-15,Swansea City,88,0.048903,Open Play,Blocked
3754344,2015-08-15,Swansea City,89,0.024497,Open Play,Saved
3754344,2015-08-15,Swansea City,93,0.019788,Open Play,Blocked
3754345,2016-01-17,Liverpool,9,0.162213,Open Play,Saved
3754345,2016-01-17,Liverpool,9,0.081944,Open Play,Off T
3754345,2016-01-17,Liverpool,11,0.061660,Open Play,Off T
3754345,2016-01-17,Liverpool,16,0.012439,Open Play,Off T
3754345,2016-01-17,Liverpool,27,0.061480,Open Play,Blocked
3754345,2016-01-17,Manchester United,28,0.042350,Open Play,Off T
3754345,2016-01-17,Liverpool,29,0.138179,Open Play,Off T
3754345,2016-01-17,Liverpool,31,0.047432,Open Play,Off T
3754345,2016-01-17,Manchester United,45,0.081060,Open Play,Blocked
3754345,2016-01-17,Liverpool,49,0.171780,Open Play,Saved
3754345,2016-01-17,Liverpool,51,0.036938,Open Play,Blocked
3754345,2016-01-17,Liverpool,51,0.007489,Open Play,Blocked
3754345,2016-01-17,Liverpool,52,0.016811,Open Play,Off T
3754345,2016-01-17,Manchester United,55,0.083866,Open Play,Off T
3754345,2016-01-17,Liverpool,59,0.020282,Open Play,Off T
3754345,2016-01-17,Manchester United,61,0.024353,Open Play,Off T
3754345,2016-01-17,Liverpool,62,0.081707,Open Play,Saved
3754345,2016-01-17,Liverpool,65,0.041999,Open Play,Saved
3754345,2016-01-17,Liverpool,66,0.029139,Open Play,Saved
3754345,2016-01-17,Liverpool,67,0.033111,Open Play,Off T
3754345,2016-01-17,Liverpool,71,0.221694,Open Play,Off T
3754345,2016-01-17,Manchester United,77,0.089861,Open Play,Post
3754345,2016-01-17,Manchester United,77,0.181776,Open Play,Goal
3754345,2016-01-17,Manchester United,84,0.005753,Open Play,Off T
3754345,2016-01-17,Liverpool,85,0.029584,Open Play,Blocked
3754345,2016-01-17,Liverpool,88,0.101294,Open Play,Wayward
3754345,2016-01-17,Liverpool,88,0.061860,Open Play,Wayward
3754346,2016-01-02,Watford,1,0.025119,Open Play,Off T
3754346,2016-01-02,Manchester City,4,0.005000,Open Play,Off T
3754346,2016-01-02,Watford,9,0.040908,Open Play,Blocked
3754346,2016-01-02,Watford,12,0.217785,Open Play,Saved
3754346,2016-01-02,Watford,16,0.039843,Free Kick,Off T
3754346,2016-01-02,Manchester City,18,0.008934,Open Play,Saved
3754346,2016-01-02,Manchester City,25,0.021146,Open Play,Blocked
3754346,2016-01-02,Manchester City,28,0.207059,Open Play,Saved
3754346,2016-01-02,Manchester City,28,0.084162,Open Play,Off T
3754346,2016-01-02,Manchester City,28,0.077823,Open Play,Off T
3754346,2016-01-02,Manchester City,30,0.022100,Open Play,Off T
3754346,2016-01-02,Manchester City,33,0.065533,Open Play,Blocked
3754346,2016-01-02,Watford,39,0.018543,Open Play,Off T
3754346,2016-01-02,Watford,45,0.107106,Open Play,Saved
3754346,2016-01-02,Watford,46,0.017439,Open Play,Saved
3754346,2016-01-02,Manchester City,52,0.024813,Open Play,Blocked
3754346,2016-01-02,Manchester City,53,0.049228,Open Play,Off T
3754346,2016-01-02,Watford,62,0.059965,Open Play,Blocked
3754346,2016-01-02,Manchester City,67,0.069677,Open Play,Off T
3754346,2016-01-02,Manchester City,68,0.050848,Open Play,Saved
3754346,2016-01-02,Manchester City,69,0.083559,Open Play,Blocked
3754346,2016-01-02,Manchester City,72,0.022186,Open Play,Off T
3754346,2016-01-02,Watford,73,0.019287,Open Play,Off T
3754346,2016-01-02,Watford,78,0.415396,Open Play,Off T
3754346,2016-01-02,Manchester City,81,0.081619,Open Play,Goal
3754346,2016-01-02,Manchester City,83,0.069533,Open Play,Goal
3754346,2016-01-02,Watford,87,0.120015,Open Play,Saved
3754347,2015-12-05,Manchester United,1,0.008246,Open Play,Off T
3754347,2015-12-05,Manchester United,4,0.032893,Open Play,Off T
3754347,2015-12-05,Manchester United,8,0.062928,Open Play,Off T
3754347,2015-12-05,West Ham United,11,0.167803,Open Play,Saved
3754347,2015-12-05,West Ham United,11,0.045970,Open Play,Off T
3754347,2015-12-05,Manchester United,15,0.263522,Open Play,Blocked
3754347,2015-12-05,Manchester United,15,0.034178,Open Play,Wayward
3754347,2015-12-05,West Ham United,21,0.016901,Open Play,Blocked
3754347,2015-12-05,West Ham United,22,0.080766,Open Play,Post
3754347,2015-12-05,Manchester United,22,0.036126,Open Play,Off T
3754347,2015-12-05,Manchester United,24,0.050091,Open Play,Blocked
3754347,2015-12-05,Manchester United,31,0.038559,Open Play,Blocked
3754347,2015-12-05,Manchester United,38,0.074832,Open Play,Blocked
3754347,2015-12-05,West Ham United,40,0.019877,Open Play,Off T
3754347,2015-12-05,Manchester United,48,0.023708,Open Play,Blocked
3754347,2015-12-05,Manchester United,49,0.025913,Open Play,Off T
3754347,2015-12-05,West Ham United,53,0.034516,Open Play,Saved
3754347,2015-12-05,West Ham United,55,0.161975,Open Play,Off T
3754347,2015-12-05,Manchester United,59,0.453601,Open Play,Saved
3754347,2015-12-05,Manchester United,62,0.020328,Open Play,Off T
3754347,2015-12-05,Manchester United,65,0.096614,Open Play,Off T
3754347,2015-12-05,Manchester United,68,0.034726,Open Play,Blocked
3754347,2015-12-05,Manchester United,70,0.114001,Open Play,Off T
3754347,2015-12-05,Manchester United,73,0.045777,Open Play,Off T
3754347,2015-12-05,Manchester United,79,0.232376,Open Play,Off T
3754347,2015-12-05,Manchester United,81,0.052469,Open Play,Off T
3754347,2015-12-05,West Ham United,87,0.062899,Open Play,Off T
3754347,2015-12-05,West Ham United,91,0.034766,Open Play,Blocked
3754347,2015-12-05,Manchester United,91,0.197802,Open Play,Blocked
3754347,2015-12-05,Manchester United,92,0.026563,Open Play,Blocked
3754348,2016-01-23,Norwich City,14,0.007671,Open Play,Blocked
3754348,2016-01-23,Liverpool,15,0.120800,Open Play,Off T
3754348,2016-01-23,Liverpool,17,0.143042,Open Play,Goal
3754348,2016-01-23,Liverpool,22,0.039385,Open Play,Blocked
3754348,2016-01-23,Liverpool,24,0.037097,Open Play,Off T
3754348,2016-01-23,Norwich City,28,0.266998,Open Play,Goal
3754348,2016-01-23,Liverpool,29,0.006707,Open Play,Blocked
3754348,2016-01-23,Norwich City,35,0.054556,Open Play,Blocked
3754348,2016-01-23,Norwich City,40,0.053692,Open Play,Goal
3754348,2016-01-23,Norwich City,53,0.783500,Penalty,Goal
3754348,2016-01-23,Liverpool,54,0.242254,Open Play,Goal
3754348,2016-01-23,Liverpool,62,0.309368,Open Play,Goal
3754348,2016-01-23,Norwich City,68,0.029369,Open Play,Saved
3754348,2016-01-23,Liverpool,72,0.010402,Open Play,Saved
3754348,2016-01-23,Liverpool,74,0.471411,Open Play,Goal
3754348,2016-01-23,Liverpool,84,0.030451,Open Play,Saved
3754348,2016-01-23,Liverpool,90,0.041195,Open Play,Blocked
3754348,2016-01-23,Liverpool,91,0.014359,Open Play,Blocked
3754348,2016-01-23,Norwich City,91,0.033605,Open Play,Goal
3754348,2016-01-23,Liverpool,94,0.077738,Open Play,Blocked
3754348,2016-01-23,Liverpool,94,0.077894,Open Play,Goal
3754349,2016-03-02,West Ham United,6,0.035029,Open Play,Goal
3754349,2016-03-02,West Ham United,15,0.022778,Open Play,Saved to Post
3754349,2016-03-02,West Ham United,30,0.029070,Free Kick,Saved
3754349,2016-03-02,West Ham United,35,0.038823,Open Play,Blocked
3754349,2016-03-02,West Ham United,35,0.082166,Open Play,Blocked
3754349,2016-03-02,West Ham United,35,0.096931,Open Play,Off T
3754349,2016-03-02,West Ham United,41,0.026150,Open Play,Blocked
3754349,2016-03-02,West Ham United,41,0.029598,Open Play,Blocked
3754349,2016-03-02,Tottenham Hotspur,48,0.028847,Open Play,Off T
3754349,2016-03-02,Tottenham Hotspur,52,0.111221,Open Play,Off T
3754349,2016-03-02,Tottenham Hotspur,53,0.014930,Open Play,Off T
3754349,2016-03-02,West Ham United,54,0.066401,Open Play,Off T
3754349,2016-03-02,West Ham United,55,0.047184,Open Play,Off T
3754349,2016-03-02,Tottenham Hotspur,60,0.008331,Open Play,Saved
3754349,2016-03-02,Tottenham Hotspur,60,0.537623,Open Play,Blocked
3754349,2016-03-02,Tottenham Hotspur,61,0.005455,Open Play,Off T
3754349,2016-03-02,Tottenham Hotspur,63,0.029147,Open Play,Saved
3754349,2016-03-02,West Ham United,65,0.256552,Open Play,Off T
3754349,2016-03-02,Tottenham Hotspur,66,0.375459,Open Play,Off T
3754349,2016-03-02,Tottenham Hotspur,69,0.021606,Open Play,Off T
3754349,2016-03-02,West Ham United,71,0.043394,Open Play,Off T
3754349,2016-03-02,West Ham United,77,0.007548,Open Play,Blocked
3754349,2016-03-02,West Ham United,87,0.024433,Open Play,Blocked
3754350,2016-02-13,Everton,1,0.122913,Open Play,Blocked
3754350,2016-02-13,West Bromwich Albion,13,0.787219,Open Play,Goal
3754350,2016-02-13,West Bromwich Albion,17,0.032360,Open Play,Off T
3754350,2016-02-13,West Bromwich Albion,19,0.024192,Open Play,Wayward
3754350,2016-02-13,Everton,22,0.033525,Open Play,Blocked
3754350,2016-02-13,Everton,26,0.060458,Open Play,Off T
3754350,2016-02-13,Everton,29,0.051878,Open Play,Blocked
3754350,2016-02-13,Everton,30,0.022984,Open Play,Off T
3754350,2016-02-13,Everton,31,0.027318,Open Play,Blocked
3754350,2016-02-13,Everton,32,0.099971,Open Play,Blocked
3754350,2016-02-13,Everton,32,0.020023,Open Play,Blocked
3754350,2016-02-13,Everton,33,0.044003,Open Play,Blocked
3754350,2016-02-13,Everton,34,0.068542,Open Play,Saved
3754350,2016-02-13,Everton,34,0.036151,Open Play,Off T
3754350,2016-02-13,West Bromwich Albion,36,0.031558,Open Play,Off T
3754350,2016-02-13,Everton,36,0.058403,Open Play,Post
3754350,2016-02-13,Everton,37,0.038432,Open Play,Blocked
3754350,2016-02-13,Everton,39,0.048364,Open Play,Blocked
3754350,2016-02-13,Everton,40,0.013521,Open Play,Off T
3754350,2016-02-13,Everton,46,0.079501,Open Play,Blocked
3754350,2016-02-13,Everton,47,0.028404,Open Play,Blocked
3754350,2016-02-13,Everton,49,0.044443,Open Play,Blocked
3754350,2016-02-13,Everton,53,0.026766,Open Play,Saved
3754350,2016-02-13,Everton,54,0.081962,Open Play,Blocked
3754350,2016-02-13,Everton,55,0.047634,Open Play,Saved
3754350,2016-02-13,Everton,59,0.036710,Open Play,Off T
3754350,2016-02-13,Everton,61,0.040625,Open Play,Blocked
3754350,2016-02-13,West Bromwich Albion,61,0.062841,Open Play,Off T
3754350,2016-02-13,Everton,67,0.023632,Open Play,Saved
3754350,2016-02-13,Everton,68,0.037955,Open Play,Off T
3754350,2016-02-13,Everton,72,0.015779,Open Play,Saved
3754350,2016-02-13,Everton,76,0.025698,Open Play,Off T
3754350,2016-02-13,Everton,76,0.090191,Open Play,Blocked
3754350,2016-02-13,Everton,78,0.114040,Open Play,Blocked
3754350,2016-02-13,Everton,86,0.133967,Open Play,Off T
3754350,2016-02-13,Everton,89,0.037638,Open Play,Off T
3754350,2016-02-13,West Bromwich Albion,90,0.048934,Open Play,Blocked
3754350,2016-02-13,Everton,93,0.183157,Open Play,Off T
3754351,2015-11-08,Liverpool,15,0.022300,Open Play,Off T
3754351,2015-11-08,Crystal Palace,19,0.008174,Open Play,Off T
3754351,2015-11-08,Crystal Palace,20,0.090700,Open Play,Goal
3754351,2015-11-08,Liverpool,24,0.029685,Open Play,Blocked
3754351,2015-11-08,Liverpool,25,0.117841,Open Play,Blocked
3754351,2015-11-08,Liverpool,25,0.008841,Open Play,Blocked
3754351,2015-11-08,Liverpool,26,0.031216,Open Play,Off T
3754351,2015-11-08,Liverpool,28,0.046678,Open Play,Saved
3754351,2015-11-08,Liverpool,31,0.124379,Open Play,Wayward
3754351,2015-11-08,Liverpool,32,0.092575,Open Play,Off T
3754351,2015-11-08,Liverpool,38,0.076923,Open Play,Off T
3754351,2015-11-08,Liverpool,41,0.208919,Open Play,Goal
3754351,2015-11-08,Liverpool,43,0.030807,Open Play,Saved
3754351,2015-11-08,Liverpool,48,0.058505,Open Play,Blocked
3754351,2015-11-08,Liverpool,48,0.066083,Open Play,Blocked
3754351,2015-11-08,Liverpool,47,0.087232,Open Play,Off T
3754351,2015-11-08,Crystal Palace,52,0.033446,Open Play,Wayward
3754351,2015-11-08,Crystal Palace,58,0.032327,Open Play,Blocked
3754351,2015-11-08,Crystal Palace,61,0.215730,Open Play,Off T
3754351,2015-11-08,Liverpool,61,0.421287,Open Play,Off T
3754351,2015-11-08,Liverpool,69,0.060859,Open Play,Off T
3754351,2015-11-08,Crystal Palace,72,0.029981,Open Play,Saved
3754351,2015-11-08,Liverpool,73,0.045771,Open Play,Blocked
3754351,2015-11-08,Liverpool,73,0.067605,Open Play,Blocked
3754351,2015-11-08,Liverpool,74,0.123981,Open Play,Blocked
3754351,2015-11-08,Crystal Palace,76,0.010087,Open Play,Off T
3754351,2015-11-08,Crystal Palace,81,0.058376,Open Play,Saved
3754351,2015-11-08,Crystal Palace,81,0.096784,Open Play,Goal
3754351,2015-11-08,Liverpool,83,0.026947,Open Play,Blocked
3754351,2015-11-08,Liverpool,85,0.040421,Open Play,Saved
3754351,2015-11-08,Liverpool,89,0.006425,Open Play,Off T
